식품명,식품대분류명,대표식품명,영양성분함량기준량,에너지(kcal),단백질(g),지방(g),탄수화물(g),식품중량
피자_점보스테이크불갈비 피자 (L),빵 및 과자류,피자,100g,240,12.47,,,1640g
피자_치폴레쉬림프 피자,빵 및 과자류,피자,100g,267,12.82,,,930g
피자_치폴레쉬림프디트로이트,빵 및 과자류,피자,100g,267,12.82,15.38,21.79,930g
피자_칠리불갈비 피자 골드스윗 (L),빵 및 과자류,피자,100g,279,14.41,,,886g
피자_칠리불갈비 피자 골드스윗 (R),빵 및 과자류,피자,100g,279,14.37,,,695g
피자_칠리불갈비 피자 리코타링 (L),빵 및 과자류,피자,100g,280,15,,,796g
피자_칠리불갈비 피자 리코타링 (R),빵 및 과자류,피자,100g,281,15.19,,,630g
피자_칠리불갈비 피자 석쇠 (L),빵 및 과자류,피자,100g,276,14.94,,,696g
피자_칠리불갈비 피자 석쇠 (R),빵 및 과자류,피자,100g,276,15.22,,,550g
피자_칠리불갈비 피자 씬도우 (L),빵 및 과자류,피자,100g,303,16.35,,,634g
피자_칠리불갈비 피자 씬도우 (R),빵 및 과자류,피자,100g,307,14.02,,,427g
피자_칠리불갈비 피자 씬바샤삭 (L),빵 및 과자류,피자,100g,303,16.35,,,634g
피자_칠리불갈비 피자 씬바샤삭 (R),빵 및 과자류,피자,100g,307,14.02,,,427g
피자_칠리불갈비 피자 치즈링 (L),빵 및 과자류,피자,100g,271,15.69,,,816g
피자_칠리불갈비 피자 치즈링 (R),빵 및 과자류,피자,100g,271,15.95,,,650g
피자_칠리새우 피자 골드스윗 (L),빵 및 과자류,피자,100g,275,13.24,,,1086g
피자_칠리새우 피자 골드스윗 (R),빵 및 과자류,피자,100g,274,12.77,,,751g
피자_칠리새우 피자 리코타링 (L),빵 및 과자류,피자,100g,275,13.6,,,996g
피자_칠리새우 피자 리코타링 (R),빵 및 과자류,피자,100g,276,13.37,,,686g
피자_점보불고기피자,빵 및 과자류,피자,100g,221,16.29,,,1560g
피자_치킨할라피뇨 피자 골드스윗 (G),빵 및 과자류,피자,100g,279,12.5,,,1355g
피자_치킨할라피뇨 피자 골드스윗 (L),빵 및 과자류,피자,100g,276,15.18,,,898g
피자_치킨할라피뇨 피자 골드스윗 (R),빵 및 과자류,피자,100g,272,14.57,,,604g
피자_치킨할라피뇨 피자 리코타링 (G),빵 및 과자류,피자,100g,283,12.5,,,1200g
피자_치킨할라피뇨 피자 리코타링 (L),빵 및 과자류,피자,100g,276,15.84,,,808g
피자_치킨할라피뇨 피자 리코타링 (R),빵 및 과자류,피자,100g,274,15.56,,,539g
피자_치킨할라피뇨 피자 석쇠 (G),빵 및 과자류,피자,100g,276,12.75,,,1020g
피자_치킨할라피뇨 피자 석쇠 (L),빵 및 과자류,피자,100g,269,15.82,,,708g
피자_치킨할라피뇨 피자 석쇠 (R),빵 및 과자류,피자,100g,267,15.65,,,459g
피자_치킨할라피뇨 피자 씬도우 (L),빵 및 과자류,피자,100g,317,17.36,,,483g
피자_치킨할라피뇨 피자 씬도우 (R),빵 및 과자류,피자,100g,309,16.55,,,370g
피자_치킨할라피뇨 피자 씬바샤삭 (L),빵 및 과자류,피자,100g,317,17.36,,,483g
피자_치킨할라피뇨 피자 씬바샤삭 (R),빵 및 과자류,피자,100g,309,16.55,,,370g
피자_치킨할라피뇨 피자 치즈링 (G),빵 및 과자류,피자,100g,270,14.52,,,1240g
피자_치킨할라피뇨 피자 치즈링 (L),빵 및 과자류,피자,100g,264,16.35,,,828g
피자_치킨할라피뇨 피자 치즈링 (R),빵 및 과자류,피자,100g,262,16.43,,,559g
피자_치폴레미트피자오리지널,빵 및 과자류,피자,100g,252,14,,,600g
피자_치폴레쉬림프 (L),빵 및 과자류,피자,100g,235,10.35,,,932g
달걀말이_햄_김,전·적 및 부침류,달걀말이,100ml,193,12.6,13.3,4.97,45.2
달걀부침(달걀후라이),전·적 및 부침류,달걀부침(달걀후라이),100ml,178,10.97,12.76,3.05,60ml
달걀부침(달걀후라이),전·적 및 부침류,달걀부침(달걀후라이),100ml,184,11.04,13.46,3.07,70ml
달걀부침(달걀후라이),전·적 및 부침류,달걀부침(달걀후라이),100g,208,15.73,13.78,5.15,60g
달걀부침(달걀후라이),전·적 및 부침류,달걀부침(달걀후라이),100ml,156,9.95,11.07,2.76,85ml
달걀부침(달걀후라이)_햄,전·적 및 부침류,달걀부침(달걀후라이),100g,277,12.71,21.59,8.06,100g
달걀조림,조림류,달걀조림,100ml,84,7,3.92,4.36,94.6
달걀조림,조림류,달걀조림,100ml,84,6.9,3.9,4.63,79.7
달걀조림,조림류,달걀조림,100ml,84,6.7,3.48,5.87,79.7
달걀조림,조림류,달걀조림,100ml,109,9.01,4.79,6.53,80ml
달걀찜,찜류,달걀찜,100ml,119,11.1,7.01,1.66,110ml
달걀찜,찜류,달걀찜,100ml,119,11.1,7.01,1.66,110ml
달걀찜,찜류,달걀찜,100ml,119,11.1,7.01,1.66,110ml
달걀찜,찜류,달걀찜,100ml,119,11.1,7.01,1.66,110ml
달걀찜_달걀만,찜류,달걀찜,100g,108,9.01,7.5,1.03,100g
피자_치킨퀘사디아피자,빵 및 과자류,피자,100g,232,12.1,,,802g
피자_치킨텐더 피자 (L),빵 및 과자류,피자,100g,218,12.75,,,949g
피자_치킨텐더 피자 (M),빵 및 과자류,피자,100g,217,13.08,,,691g
달걀국,국 및 탕류,달걀국,100g,39,3.25,2.38,1.12,100g
달걀국,국 및 탕류,달걀국,100ml,22,2.07,0.98,1.12,150ml
달걀국,국 및 탕류,달걀국,100ml,19,1.67,0.9,0.87,260ml
달걀국,국 및 탕류,달걀국,100ml,19,1.5,1.19,0.37,300ml
달걀말이,전·적 및 부침류,달걀말이,100g,193,17.21,13.21,1.45,100g
달걀말이,전·적 및 부침류,달걀말이,100ml,169,10.6,12.78,1.31,49.2
달걀말이,전·적 및 부침류,달걀말이,100ml,176,11.2,13.06,1.77,82.4
달걀말이,전·적 및 부침류,달걀말이,100ml,169,10.6,12.78,1.31,49.2
달걀말이_달걀만,전·적 및 부침류,달걀말이,100g,210,13.3,15.31,4.83,100g
달걀말이_부추,전·적 및 부침류,달걀말이,100ml,102,6.7,6.93,2.3,50ml
달걀말이_부추,전·적 및 부침류,달걀말이,100ml,102,6.7,6.93,2.3,50ml
달걀말이_부추,전·적 및 부침류,달걀말이,100ml,102,6.7,6.93,2.3,50ml
달걀말이_부추,전·적 및 부침류,달걀말이,100ml,102,7,7.4,0.9,50ml
달걀말이_채소,전·적 및 부침류,달걀말이,100g,183,11.15,13.31,4.62,100g
달걀말이_채소,전·적 및 부침류,달걀말이,100ml,161,10.66,10.83,3.76,120ml
달걀말이_채소,전·적 및 부침류,달걀말이,100ml,181,11.53,12.41,4.35,50ml
달걀말이_채소,전·적 및 부침류,달걀말이,100ml,167,11.03,11.17,4.09,80ml
달걀말이_채소,전·적 및 부침류,달걀말이,100ml,95,6.4,6.92,0.94,50ml
단무지무침,생채·무침류,단무지무침,100ml,33,0.82,1.27,4.78,40ml
단무지무침,생채·무침류,단무지무침,100g,40,1,1.6,5.6,50g
단무지무침,생채·무침류,단무지무침,100ml,41,1.02,1.78,5.51,60ml
단무지무침,생채·무침류,단무지무침,100ml,34,0.9,1.67,3.97,30ml
단무지무침,생채·무침류,단무지무침,100ml,16,0.4,0.57,2.5,25ml
단호박 샐러드,생채·무침류,단호박 샐러드,100ml,125,1.2,9.28,10.27,50ml
단호박조림,조림류,단호박조림,100ml,99,3.1,1.29,21.41,65.4
단호박조림,조림류,단호박조림,100ml,71,2.2,0.94,15.18,100ml
단호박조림,조림류,단호박조림,100ml,71,2.2,0.94,15.15,100ml
단호박찜,찜류,단호박찜,100ml,41,0.93,0.16,10.04,90ml
달걀 샐러드,생채·무침류,달걀 샐러드,100ml,96,5,6.09,5.16,76.8
달걀 샐러드,생채·무침류,달걀 샐러드,100ml,165,6,13.17,5.49,159.5
달걀 샐러드,생채·무침류,달걀 샐러드,100ml,158,5.9,11.89,6.48,159.5
달걀_삶은것,수·조·어·육류,달걀,100g,150,12.8,10.65,0.63,100g
달걀_삶은것_노른자,수·조·어·육류,달걀,100g,358,15.66,32.31,1.17,100g
달걀_삶은것_흰자,수·조·어·육류,달걀,100g,48,11.42,0.29,0.01,100g
달걀국,국 및 탕류,달걀국,100ml,16,1.53,0.68,1.01,150ml
달걀국,국 및 탕류,달걀국,100g,13,0.93,0.74,0.69,400g
느타리버섯튀김,튀김류,느타리버섯튀김,100ml,227,6.4,13.64,19.17,60.3
느타리버섯튀김,튀김류,느타리버섯튀김,100ml,182,5,10.88,15.5,32.8
느타리버섯튀김,튀김류,느타리버섯튀김,100ml,227,6.4,13.64,19.17,60.3
다슬기 된장국,국 및 탕류,다슬기 된장국,100ml,22,2.1,0.67,2.48,300ml
다슬기 된장국,국 및 탕류,다슬기 된장국,100ml,23,2.1,0.68,2.6,300ml
다슬기 된장국,국 및 탕류,다슬기 된장국,100ml,23,2.1,0.68,2.6,300ml
다시마무침,생채·무침류,다시마무침,100g,48,2.57,1.18,6.8,90g
다시마무침,생채·무침류,다시마무침,100ml,60,3.1,3.35,6.96,64.2
다시마무침,생채·무침류,다시마무침,100ml,61,3.1,3.39,7.02,30.9
다시마무침,생채·무침류,다시마무침,100ml,60,3.1,3.35,6.96,64.2
다시마조림,조림류,다시마조림,100ml,60,3.1,3.35,6.96,64.2
다시마조림,조림류,다시마조림,100ml,61,3.1,3.39,7.02,30.9
다시마튀각,튀김류,다시마튀각,100ml,232,1.4,18.32,20.02,22.1
다시마튀각,튀김류,다시마튀각,100g,462,8.44,26.52,47.32,50g
다시마튀각,튀김류,다시마튀각,100ml,246,1.1,23.61,9.97,100ml
다식_송화,빵 및 과자류,다식,100g,369,8.3,4.48,73.97,30g
다쿠아즈,빵 및 과자류,다쿠아즈,100g,447,8.33,26.65,43.39,100g
단무지,장아찌·절임류,단무지,100g,13,0.33,0.2,2.4,30g
녹차_프레시그린티 아이스(ICED),음료 및 차류,녹차,100g,1,0,,,414g
녹차_프레시그린티 핫(HOT),음료 및 차류,녹차,100g,1,0,,,414g
녹차_프루티 하동 아이스(ICED) (L),음료 및 차류,녹차,100g,1,0,,,350g
녹차_프루티 하동 핫(HOT) (L),음료 및 차류,녹차,100g,1,0,,,350g
녹차_하동 녹차 아이스(ICED),음료 및 차류,녹차,100g,0,0,,,473g
녹차_하동 녹차 핫(HOT),음료 및 차류,녹차,100g,0,0,,,473g
녹차_해남 녹차 아이스(ICED),음료 및 차류,녹차,100ml,1,0,,,354ml
녹차_해남 녹차 핫(HOT),음료 및 차류,녹차,100ml,1,0,,,354ml
누룽지,밥류,누룽지,100ml,87,1.5,0.06,19.17,600ml
누룽지_뜨거운물첨가,밥류,누룽지,100g,69,1.32,0.1,15.06,100g
느타리버섯 구이,구이류,느타리버섯 구이,100ml,60,2.1,4.44,5.75,90.9
느타리버섯볶음,볶음류,느타리버섯볶음,100ml,56,1.4,4.8,3.18,75.4
느타리버섯볶음,볶음류,느타리버섯볶음,100ml,56,1.4,4.8,3.18,75.4
느타리버섯볶음,볶음류,느타리버섯볶음,100g,87,3.61,4.66,7.69,100g
느타리버섯볶음_느타리버섯,볶음류,느타리버섯볶음,100ml,21,1.25,1.42,2.36,90ml
느타리버섯볶음_느타리버섯_채소,볶음류,느타리버섯볶음,100ml,37,1.62,2.41,4.15,70ml
느타리버섯볶음_느타리버섯_채소,볶음류,느타리버섯볶음,100ml,40,1.78,2.69,4.28,120ml
느타리버섯볶음_느타리버섯_채소,볶음류,느타리버섯볶음,100ml,46,1.91,3.1,4.52,50ml
녹차_그린티 아이스(ICED) (R),음료 및 차류,녹차,100g,2,0.19,,,400g
녹차_그린티 핫(HOT) (R),음료 및 차류,녹차,100g,1,0.11,,,340g
녹차_녹차,음료 및 차류,녹차,100g,0,0.03,,,360g
녹차_녹차 아이스(ICED),음료 및 차류,녹차,100g,0,0,,,595g
녹차_녹차 아이스(ICED),음료 및 차류,녹차,100ml,0,0.04,0,0,710ml
녹차_녹차 아이스(ICED),음료 및 차류,녹차,100g,0,0,,,452g
녹차_녹차 핫(HOT),음료 및 차류,녹차,100g,1,0,,,322g
녹차_녹차 핫(HOT),음료 및 차류,녹차,100ml,0,0.03,0,0,591ml
녹차_녹차 핫(HOT),음료 및 차류,녹차,100g,0,0,,,505g
녹차_자스민 그린티 아이스(ICED),음료 및 차류,녹차,100g,4,0.03,,,586.6
녹차_자스민 그린티 아이스(ICED) (J),음료 및 차류,녹차,100g,2,0.15,,,651g
녹차_자스민 그린티 아이스(ICED) (L),음료 및 차류,녹차,100g,2,0.21,,,473g
녹차_자스민 그린티 핫(HOT),음료 및 차류,녹차,100g,6,0.05,,,406.6
녹차_자스민 그린티 핫(HOT) (J),음료 및 차류,녹차,100g,2,0.21,,,473g
녹차_자스민 그린티 핫(HOT) (L),음료 및 차류,녹차,100g,2,0.24,,,414g
녹차_제주 유기 녹차 아이스(ICED) (Tall),음료 및 차류,녹차,100g,0,0,,,355g
녹차_제주 유기 녹차 핫(HOT) (Tall),음료 및 차류,녹차,100g,0,0,,,355g
녹차_제주유기농녹차 아이스(ICED) (L),음료 및 차류,녹차,100g,1,0.21,,,473g
녹차_제주유기농녹차 핫(HOT) (L),음료 및 차류,녹차,100g,0,0,,,473g
노각무침,생채·무침류,노각무침,100ml,20,0.9,0.43,3.98,85ml
노각무침,생채·무침류,노각무침,100ml,20,0.9,0.43,3.98,85ml
노각무침,생채·무침류,노각무침,100g,56,1.73,1.2,9.53,150g
녹두빈대떡,전·적 및 부침류,녹두빈대떡,100ml,176,9.4,5.68,21.43,210ml
녹두빈대떡,전·적 및 부침류,녹두빈대떡,100ml,176,9.4,5.68,21.43,210ml
녹두빈대떡,전·적 및 부침류,녹두빈대떡,100ml,193,10.2,5.71,24.55,79.5
녹두빈대떡,전·적 및 부침류,녹두빈대떡,100g,208,7.94,10.27,20.93,100g
녹두빈대떡,전·적 및 부침류,녹두빈대떡,100ml,249,13.4,7.48,31.36,109.7
녹두빈대떡_돼지고기,전·적 및 부침류,녹두빈대떡,100ml,175,9.41,5.64,21.4,210ml
녹두빈대떡_채소,전·적 및 부침류,녹두빈대떡,100ml,100,4.3,1.98,16.57,157ml
녹두빈대떡_해물,전·적 및 부침류,녹두빈대떡,100ml,86,6,2.02,10.95,157ml
녹두빈대떡_해물_돼지고기,전·적 및 부침류,녹두빈대떡,100ml,103,9,2.58,10.63,157ml
녹두빈대떡_해물_돼지고기,전·적 및 부침류,녹두빈대떡,100ml,103,9,2.58,10.63,157ml
녹두전,전·적 및 부침류,녹두전,100ml,92,5,4.27,8.41,158.9
녹두전,전·적 및 부침류,녹두전,100ml,92,5,4.2,8.41,158.9
녹두전,전·적 및 부침류,녹두전,100ml,92,5,4.2,8.41,158.9
녹차_그린티,음료 및 차류,녹차,100ml,0,0,,,360ml
녹차_그린티 아이스(ICED),음료 및 차류,녹차,100g,0,0,,,355g
냉면_비빔냉면,면 및 만두류,냉면,100g,100,5.67,2.64,13.35,500g
냉면_열무냉면,면 및 만두류,냉면,100g,66,2.61,0.72,12.19,800g
냉면_회냉면_홍어,면 및 만두류,냉면,100g,148,5.81,4.02,22.21,500g
냉이 된장국,국 및 탕류,냉이 된장국,100ml,15,1.3,0.42,1.72,170ml
냉이 된장국,국 및 탕류,냉이 된장국,100ml,16,1.4,0.4,2.11,300ml
냉이 된장국,국 및 탕류,냉이 된장국,100ml,20,2.1,0.43,2.46,320ml
냉이 된장국,국 및 탕류,냉이 된장국,100ml,15,1.3,0.42,1.72,170ml
냉이나물,나물·숙채류,냉이나물,100g,111,5.02,3.07,15.7,60g
냉이나물,나물·숙채류,냉이나물,100ml,33,2.4,0.86,5.44,75ml
냉이초나물,나물·숙채류,냉이초나물,100ml,77,4.2,2.47,12.32,100ml
냉이초나물,나물·숙채류,냉이초나물,100ml,77,4.2,2.47,12.32,100ml
냉채_닭고기,생채·무침류,냉채,100g,90,13.08,1.95,5,240g
냉채_해파리,생채·무침류,냉채,100g,61,4.13,0.93,8.93,150g
넙치(광어)회덮밥_양념장,밥류,넙치(광어)회덮밥,100ml,77,4.27,1.06,12.64,510ml
넙치구이,구이류,넙치구이,100ml,116,13.6,6.33,0.03,114.8
넙치구이,구이류,넙치구이,100ml,116,13.6,6.33,0.03,114.8
노각무침,생채·무침류,노각무침,100ml,66,2.2,2.85,9.58,46.5
노각무침,생채·무침류,노각무침,100ml,66,2.2,2.85,9.58,46.5
낙지전골,찌개 및 전골류,낙지전골,100ml,35,4.19,0.6,3.56,430ml
낙지전골_간편조리세트_낙곱새,찌개 및 전골류,낙지전골,100g,88,5.47,1.64,12.88,923g
낙지찜,찜류,낙지찜,100ml,74,5.47,4.31,3.81,600ml
낙지탕,국 및 탕류,낙지탕,100g,31,4.9,0.53,1.73,600g
낙지탕(맑은탕),국 및 탕류,낙지탕(맑은탕),100ml,16,3,0.16,0.8,600ml
낙지탕(맑은탕),국 및 탕류,낙지탕(맑은탕),100ml,16,3,0.16,0.8,600ml
난자완스,튀김류,난자완스,100ml,198,7.9,13.51,10.16,200ml
난자완스,튀김류,난자완스,100g,173,10.81,10.17,9.57,200g
난자완스,튀김류,난자완스,100ml,194,7.8,13.47,10.36,200ml
내장전골,찌개 및 전골류,내장전골,100ml,58,5.41,2.88,2.89,470ml
내장탕,국 및 탕류,내장탕,100ml,33,2.2,1.98,1.59,609ml
내장탕,국 및 탕류,내장탕,100g,71,5.82,4.52,1.68,600g
냉국_미역,국 및 탕류,냉국,100g,37,0.19,0.67,7.51,350g
냉국_미역_오이,국 및 탕류,냉국,100g,6,0.37,0.15,0.85,350g
냉면_물냉면,면 및 만두류,냉면,100g,66,1.99,0.63,13.12,100g
냉면_물냉면,면 및 만두류,냉면,100ml,96,3.64,0.68,18.29,780ml
냉면_물냉면,면 및 만두류,냉면,100g,55,1.96,0.64,10.31,700g
냉면_비빔냉면,면 및 만두류,냉면,100g,131,3.43,3.61,21.1,100g
낙지 덮밥,밥류,낙지 덮밥,100ml,92,3.8,1.23,16.1,900ml
낙지 덮밥,밥류,낙지 덮밥,100ml,92,3.8,1.23,16.1,900ml
낙지 덮밥,밥류,낙지 덮밥,100ml,92,4.5,1.28,15.44,900ml
낙지 비빔밥,밥류,낙지 비빔밥,100ml,88,4.3,1.31,14.72,900ml
낙지 비빔밥,밥류,낙지 비빔밥,100ml,88,4.3,1.31,14.72,900ml
낙지 비빔밥,밥류,낙지 비빔밥,100ml,88,4.3,1.31,14.72,900ml
낙지 삼겹살 볶음,볶음류,낙지 삼겹살 볶음,100ml,151,9.1,10.55,3.73,255ml
낙지무침,생채·무침류,낙지무침,100ml,59,9.6,0.37,4.5,150ml
낙지무침,생채·무침류,낙지무침,100ml,59,9.6,0.37,4.5,150ml
낙지무침,생채·무침류,낙지무침,100g,77,12.41,1.24,3.96,180g
낙지볶음,볶음류,낙지볶음,100g,91,5.77,3.77,8.6,200g
낙지볶음,볶음류,낙지볶음,100ml,73,6.9,2.54,5.93,251.6
낙지볶음,볶음류,낙지볶음,100ml,136,12.6,4.79,11.29,80.5
낙지볶음,볶음류,낙지볶음,100ml,74,6.2,2.24,7.79,256ml
낙지볶음,볶음류,낙지볶음,100ml,136,12.6,4.79,11.29,80.5
낙지볶음_떡,볶음류,낙지볶음,100ml,105,16.1,0.75,8.21,110ml
낙지볶음_채소,볶음류,낙지볶음,100ml,67,5.42,1.59,8.11,140ml
낙지전골,찌개 및 전골류,낙지전골,100g,51,6.5,1.14,3.72,300g
꽈리고추볶음_잔멸치,볶음류,꽈리고추볶음,100ml,64,7.6,2.23,3.1,70ml
꽈리고추볶음_잔멸치_호두,볶음류,꽈리고추볶음,100ml,72,6.5,3.21,4.34,110ml
꽈리고추볶음_잔멸치_호두,볶음류,꽈리고추볶음,100ml,72,6.5,3.21,4.34,110ml
꽈리고추조림_멸치,조림류,꽈리고추조림,100ml,57,7.1,1.21,4.7,80ml
꽈리고추찜,찜류,꽈리고추찜,100ml,36,1.3,0.68,6.55,110ml
꽈리고추찜,찜류,꽈리고추찜,100ml,41,1.48,0.76,7.51,100ml
꽈리고추찜,찜류,꽈리고추찜,100g,104,3.59,2.09,17.69,100g
꿀떡,빵 및 과자류,꿀떡,100g,228,3.74,1.73,49.48,100g
꿀차_꿀과실차 대추,음료 및 차류,꿀차,100g,22,0,,,355g
꿀차_꿀과실차 레몬,음료 및 차류,꿀차,100g,21,0,,,355g
꿀차_꿀과실차 모과,음료 및 차류,꿀차,100g,22,0,,,355g
꿀차_꿀과실차 생강,음료 및 차류,꿀차,100g,23,0,,,355g
꿀차_꿀과실차 유자,음료 및 차류,꿀차,100g,21,0,,,355g
꿀차_꿀과실차 자몽,음료 및 차류,꿀차,100g,22,0.08,,,355g
꿩불고기,구이류,꿩불고기,100g,74,6.7,1.7,7.94,500g
나박김치,김치류,나박김치,100g,10,0.46,0.38,1.15,100g
나베_간편조리세트_통등심가스나베,찌개 및 전골류,나베,100g,170,5.41,9.52,15.71,1166g
나폴리탄 스파게티,면 및 만두류,나폴리탄 스파게티,100ml,116,3.6,1.38,22.5,360ml
꽃게 매운탕,찌개 및 전골류,꽃게 매운탕,100ml,31,5.7,0.27,1.3,232.9
꽃게장_간장,젓갈류,꽃게장,100g,62,7.02,1.1,6.04,250g
꽃게장_양념,젓갈류,꽃게장,100ml,98,12.7,1.31,9.66,50.9
꽃게장_양념,젓갈류,꽃게장,100g,97,10.23,0.61,12.61,200g
꽃게찜,찜류,꽃게찜,100ml,52,5.9,1.33,5.1,800ml
꽃게콩나물찜,찜류,꽃게콩나물찜,100ml,52,5.86,1.34,5.1,800ml
꽃게탕,찌개 및 전골류,꽃게탕,100ml,31,4.9,0.28,2.12,296ml
꽃게탕,찌개 및 전골류,꽃게탕,100ml,23,3.1,0.41,1.83,809.1
꽃게탕,찌개 및 전골류,꽃게탕,100ml,18,2.3,0.29,1.65,200ml
꽃게탕,찌개 및 전골류,꽃게탕,100ml,23,2.8,0.41,2.25,230ml
꽃게탕,찌개 및 전골류,꽃게탕,100g,17,1.86,0.41,1.44,600g
꽃게탕_간편조리세트_3마리꽃게탕,찌개 및 전골류,꽃게탕,100g,26,2.58,0.62,2.47,1226g
꽈리고추 오징어조림,조림류,꽈리고추 오징어조림,100ml,135,14.3,5.67,6.39,87.7
꽈리고추볶음,볶음류,꽈리고추볶음,100ml,145,2.4,9.86,12.59,78.6
꽈리고추볶음,볶음류,꽈리고추볶음,100ml,145,2.4,9.86,12.59,78.6
꽈리고추볶음_멸치,볶음류,꽈리고추볶음,100ml,79,8,2.74,5.6,90ml
꽈리고추볶음_잔멸치,볶음류,꽈리고추볶음,100ml,152,12.2,6.33,11.91,40.6
꽈리고추볶음_잔멸치,볶음류,꽈리고추볶음,100ml,154,12.3,6.44,11.94,73ml
꼬치구치_낙지,전·적 및 부침류,꼬치구치,100g,94,16.43,1.59,3.53,80g
꽁치구이,구이류,꽁치구이,100ml,215,25.4,10.72,2.18,54.2
꽁치구이,구이류,꽁치구이,100ml,196,21.64,10.1,2.81,100ml
꽁치구이,구이류,꽁치구이,100ml,80,9.39,3.97,0.79,205ml
꽁치조림,조림류,꽁치조림,100g,244,15.52,17.87,5.14,100g
꽁치조림,조림류,꽁치조림,100ml,129,18,3.57,4.25,78.7
꽁치조림,조림류,꽁치조림,100ml,131,18.1,3.58,4.51,78.7
꽁치조림_김치,조림류,꽁치조림,100ml,61,6,2.63,3.57,80ml
꽁치조림_무,조림류,꽁치조림,100ml,83,9.1,2.54,5.73,95ml
꽁치조림_무,조림류,꽁치조림,100ml,83,9.1,2.54,5.73,95ml
꽁치조림_배추김치,조림류,꽁치조림,100ml,81,7.25,3.25,5.52,160ml
꽁치조림_배추김치,조림류,꽁치조림,100ml,88,10.29,2.52,5.79,210ml
꽁치조림_채소,조림류,꽁치조림,100ml,88,10.59,2.6,5.36,220ml
꽁치조림_채소,조림류,꽁치조림,100ml,72,8.85,1.9,4.75,190ml
꽁치찌개,찌개 및 전골류,꽁치찌개,100g,118,8,7.77,4.07,300g
꽁치찌개_김치,찌개 및 전골류,꽁치찌개,100ml,60,6.2,2.6,2.86,240ml
꽁치튀김,튀김류,꽁치튀김,100ml,105,5.3,7.84,2.41,100ml
꽁치튀김,튀김류,꽁치튀김,100ml,105,5.3,7.84,2.39,100ml
깻잎튀김,튀김류,깻잎튀김,100ml,191,5.4,10.76,17.33,32.8
깻잎튀김,튀김류,깻잎튀김,100ml,191,5.4,10.76,17.33,32.8
껍질콩볶음_맛살,볶음류,껍질콩볶음,100ml,98,3.3,5.08,9.35,150ml
꼬리곰탕,국 및 탕류,꼬리곰탕,100ml,113,6.9,6.15,6.99,217.6
꼬리곰탕,국 및 탕류,꼬리곰탕,100ml,40,2.3,2.17,2.29,800ml
꼬리곰탕_당면,국 및 탕류,꼬리곰탕,100ml,67,3.9,4.11,2.96,585ml
꼬막무침,찜류,꼬막무침,100g,107,8.34,4.72,7.69,100g
꼬막찜,찜류,꼬막찜,100g,96,12.03,2.28,6.97,200g
꼬막찜,찜류,꼬막찜,100ml,121,13.3,2.13,12.33,98.9
꼬막찜,찜류,꼬막찜,100ml,30,4.01,0.54,2.19,100ml
꼬막찜_참꼬막,찜류,꼬막찜,100g,113,15.59,3.13,5.74,80g
꼬치구이_닭고기,구이류,꼬치구이,100ml,115,23.4,1.36,0.75,240ml
꼬치구이_닭고기,구이류,꼬치구이,100g,252,16.52,12.24,19.07,70g
꼬치구이_닭고기,구이류,꼬치구이,100ml,115,23.4,1.36,0.75,240ml
꼬치구이_닭고기,구이류,꼬치구이,100ml,115,23.4,1.36,0.75,240ml
꼬치구이_닭고기_대파,구이류,꼬치구이,100g,245,17.85,14.7,10.35,170g
꼬치구이_닭모래집_간장,구이류,꼬치구이,100ml,160,27.8,2.29,5.58,75ml
꼬치구이_닭모래집_고추장,구이류,꼬치구이,100ml,122,22.6,2.38,1.33,126ml
깻잎나물,나물·숙채류,깻잎나물,100g,78,2.68,5.18,5.04,50g
깻잎나물,나물·숙채류,깻잎나물,100ml,47,2.8,1.91,6.25,70ml
깻잎나물,나물·숙채류,깻잎나물,100ml,47,2.8,1.91,6.25,70ml
깻잎나물,나물·숙채류,깻잎나물,100ml,63,2.7,3.7,6,88.4
깻잎나물_깻잎,나물·숙채류,깻잎나물,100ml,33,2.12,1.33,4.36,50ml
깻잎나물볶음,나물·숙채류,깻잎나물볶음,100g,103,3.75,7.2,5.75,200g
깻잎장아찌,장아찌·절임류,깻잎장아찌,100ml,65,3.7,0.72,12.9,82.9
깻잎전,전·적 및 부침류,깻잎전,100ml,215,12,10.42,16.92,72.8
깻잎전,전·적 및 부침류,깻잎전,100g,241,11.82,17.18,9.7,150g
깻잎전,전·적 및 부침류,깻잎전,100ml,215,11.9,10.21,17.53,72.8
깻잎전,전·적 및 부침류,깻잎전,100ml,71,3.9,3.3,5.87,146.1
깻잎찜,찜류,깻잎찜,100ml,48,3.04,1.02,8.1,40ml
깻잎찜,찜류,깻잎찜,100g,112,3.96,4.6,13.6,100g
깻잎찜,찜류,깻잎찜,100ml,30,1.7,0.91,4.59,50ml
깻잎찜,찜류,깻잎찜,100ml,59,4,1.82,8.23,32.1
깻잎찜,찜류,깻잎찜,100ml,60,2.98,1.87,9.07,30ml
깻잎찜,찜류,깻잎찜,100g,97,5.21,5.86,5.96,100g
깻잎튀김,튀김류,깻잎튀김,100ml,238,7,13.75,20.56,60.3
깐풍기,튀김류,깐풍기,100ml,156,16.1,6.23,6.93,164.2
깐풍새우,튀김류,깐풍새우,100g,240,8.15,13.86,20.56,100g
깨죽,죽 및 스프류,깨죽,100g,64,1.71,1.99,9.91,800g
깨찰빵_깨찰빵,빵 및 과자류,깨찰빵,100g,375,4.17,,,48g
깨찰빵_깨찰빵,빵 및 과자류,깨찰빵,100g,302,4,,,50g
깨찰빵_씨앗찰빵,빵 및 과자류,깨찰빵,100g,366,6,,,100g
깨찰빵_우리찹쌀모카찰떡빵,빵 및 과자류,깨찰빵,100g,285,7,,,210g
깨찰빵_쫀득고소한 추억의 찰깨빵,빵 및 과자류,깨찰빵,100g,329,2.86,,,70g
깨찰빵_쫀득쫀득한찰깨빵,빵 및 과자류,깨찰빵,100g,373,3.64,12.73,63.64,55g
깨찰빵_쫀득쫀득한찰깨빵 (2개입),빵 및 과자류,깨찰빵,100g,373,3.64,12.73,63.64,110g
깨찰빵_쫀득한모카찰깨빵,빵 및 과자류,깨찰빵,100g,357,4.29,,,70g
깻잎김치,김치류,깻잎김치,100g,62,2.82,1.72,8.92,50g
깻잎김치,김치류,깻잎김치,100ml,45,3.1,1.19,7.35,115.3
깻잎김치,김치류,깻잎김치,100ml,41,3.2,0.79,7.13,46.3
깻잎김치,김치류,깻잎김치,100ml,45,3.1,1.19,7.35,115.3
깻잎김치,김치류,깻잎김치,100g,83,3.44,2.44,11.77,100g
깻잎나물,나물·숙채류,깻잎나물,100ml,33,2.1,1.33,4.21,50ml
깻잎나물,나물·숙채류,깻잎나물,100g,146,4.23,11.49,6.42,100g
김치찌개_햄,찌개 및 전골류,김치찌개,100ml,37,2.6,1.66,2.92,201.7
김치찌개_햄,찌개 및 전골류,김치찌개,100g,31,1.47,1.39,3.17,300g
김치찌개_햄,찌개 및 전골류,김치찌개,100ml,39,2.8,1.74,3.27,201.7
김치찜_간편조리세트_돼지고기 김치찜,찜류,김치찜,100g,97,10.14,3.67,5.75,700g
김치찜_간편조리세트_돼지고기 묵은지찜,찜류,김치찜,100g,52,4.9,2.26,2.99,670g
김치찜_돼지고기,찜류,김치찜,100ml,88,6.54,4.7,4.62,350ml
김치찜_돼지고기,찜류,김치찜,100ml,63,4.8,2.7,4.78,350ml
김치찜_돼지고기,찜류,김치찜,100ml,77,7.11,4.05,2.63,150ml
김치찜_돼지고기,찜류,김치찜,100ml,82,5.8,5,3.17,170ml
김치찜_돼지고기_두부,찜류,김치찜,100ml,44,3.8,1.91,2.86,270ml
김튀김,튀김류,김튀김,100g,522,11,28.9,54.36,50g
깍두기,김치류,깍두기,100g,33,1.56,1.06,4.24,50g
깍두기,김치류,깍두기,100ml,23,1.1,0.27,4.59,47.4
깍두기,김치류,깍두기,100g,40,1.36,0.21,8.27,
깐쇼새우,튀김류,깐쇼새우,100ml,150,7.9,6.28,14.7,330ml
깐풍기,튀김류,깐풍기,100ml,190,13.3,7.7,16.42,180ml
깐풍기,튀김류,깐풍기,100ml,156,16,6.22,7.07,75.3
깐풍기,튀김류,깐풍기,100ml,156,16,6.22,7.07,75.3
김치찌개_돼지고기,찌개 및 전골류,김치찌개,100ml,61,4.75,2.63,4.5,350ml
김치찌개_돼지고기_두부,찌개 및 전골류,김치찌개,100ml,41,4.1,1.62,2.35,165.4
김치찌개_돼지고기_두부,찌개 및 전골류,김치찌개,100ml,35,3.3,1.33,2.36,290ml
김치찌개_돼지고기_두부,찌개 및 전골류,김치찌개,100ml,30,3.4,0.92,1.81,365ml
김치찌개_돼지고기_두부,찌개 및 전골류,김치찌개,100ml,42,4.2,1.67,2.34,124.7
김치찌개_삼겹살,찌개 및 전골류,김치찌개,100ml,78,3.5,5.56,2.98,240ml
김치찌개_삼겹살,찌개 및 전골류,김치찌개,100ml,74,3.4,5.47,2.59,240ml
김치찌개_삼겹살,찌개 및 전골류,김치찌개,100ml,78,3.5,5.56,2.98,240ml
김치찌개_어묵,찌개 및 전골류,김치찌개,100ml,43,2.9,1.6,4.28,313.8
김치찌개_어묵,찌개 및 전골류,김치찌개,100g,38,1.82,0.59,6.31,260g
김치찌개_참치,찌개 및 전골류,김치찌개,100ml,36,4.61,0.98,2.28,190ml
김치찌개_참치,찌개 및 전골류,김치찌개,100ml,44,3.9,2.02,2.52,240ml
김치찌개_참치,찌개 및 전골류,김치찌개,100ml,37,4.78,1.01,2.16,150ml
김치찌개_참치,찌개 및 전골류,김치찌개,100g,51,3.59,2.82,2.9,300g
김치찌개_참치,찌개 및 전골류,김치찌개,100ml,39,4.69,1.12,2.44,270ml
김치찌개_햄,찌개 및 전골류,김치찌개,100ml,37,3.9,1.27,2.47,240ml
김치찌개_햄,찌개 및 전골류,김치찌개,100ml,44,2.7,1.68,4.65,297.5
김치찌개_햄,찌개 및 전골류,김치찌개,100g,63,3.7,3.47,4.23,300g
김치전_오징어,전·적 및 부침류,김치전,100ml,162,5.5,5.81,20.48,65ml
김치전_해물,전·적 및 부침류,김치전,100ml,68,2.9,2.62,7.52,240ml
김치전_해물,전·적 및 부침류,김치전,100ml,96,4.32,3.5,10.88,120ml
김치전골,찌개 및 전골류,김치전골,100ml,40,3,1.02,4.91,550ml
김치전골,찌개 및 전골류,김치전골,100g,73,3.12,4.23,5.68,270g
김치찌개,찌개 및 전골류,김치찌개,100ml,19,1.2,0.53,2.33,200ml
김치찌개,찌개 및 전골류,김치찌개,100ml,19,1.2,0.53,2.33,200ml
김치찌개,찌개 및 전골류,김치찌개,100ml,19,1.2,0.53,2.33,200ml
김치찌개,찌개 및 전골류,김치찌개,100ml,19,1.2,0.53,2.33,200ml
김치찌개,찌개 및 전골류,김치찌개,100g,61,3.77,3.75,2.98,400g
김치찌개_김치만,찌개 및 전골류,김치찌개,100g,46,1.55,3.09,2.95,100g
김치찌개_꽁치,찌개 및 전골류,김치찌개,100ml,45,4.1,2.21,2.06,240ml
김치찌개_꽁치,찌개 및 전골류,김치찌개,100ml,45,4.1,2.21,2.06,240ml
김치찌개_꽁치,찌개 및 전골류,김치찌개,100ml,47,4.3,2.3,2.44,240ml
김치찌개_꽁치,찌개 및 전골류,김치찌개,100g,89,7.14,5.18,3.54,270g
김치찌개_돼지고기,찌개 및 전골류,김치찌개,100g,45,4.25,2.71,1.04,200g
김치찌개_돼지고기,찌개 및 전골류,김치찌개,100ml,41,3.74,1.77,2.6,270ml
김치찌개_돼지고기,찌개 및 전골류,김치찌개,100ml,38,3.87,1.48,2.17,150ml
김치볶음_참치,볶음류,김치볶음,100g,122,8.33,6.68,7.12,100g
김치볶음_참치,볶음류,김치볶음,100ml,64,5,2.85,4.73,150ml
김치볶음_햄,볶음류,김치볶음,100ml,188,11.2,11.4,9.47,28.2
김치볶음_햄,볶음류,김치볶음,100ml,91,4.2,6.81,3.23,157.4
김치순두부,찌개 및 전골류,김치순두부,100ml,42,4.7,1.8,1.54,100ml
김치순두부,찌개 및 전골류,김치순두부,100ml,42,4.7,1.8,1.54,100ml
김치순두부,찌개 및 전골류,김치순두부,100ml,42,4.7,1.8,1.54,100ml
김치순두부,찌개 및 전골류,김치순두부,100ml,42,4.7,1.8,1.54,100ml
김치순두부_돼지고기,찌개 및 전골류,김치순두부,100ml,26,3,0.89,1.48,270ml
김치순두부_바지락,찌개 및 전골류,김치순두부,100ml,50,5.7,1.78,2.48,166.4
김치순두부_바지락,찌개 및 전골류,김치순두부,100ml,37,4.2,1.39,1.58,480ml
김치순두부_해물,찌개 및 전골류,김치순두부,100ml,35,4,1.36,1.65,270ml
김치순두부_해물,찌개 및 전골류,김치순두부,100ml,35,4,1.36,1.65,270ml
김치순두부_해물,찌개 및 전골류,김치순두부,100ml,35,4,1.36,1.65,270ml
김치전,전·적 및 부침류,김치전,100g,134,5.05,4.2,19.01,150g
김치전,전·적 및 부침류,김치전,100ml,122,3.03,3.1,19.35,180ml
김치전,전·적 및 부침류,김치전,100ml,164,5.1,7.4,18.09,40ml
김치전,전·적 및 부침류,김치전,100ml,126,3.6,5.03,15.56,70ml
김치만두,면 및 만두류,김치만두,100ml,130,8.7,3.3,15.15,315ml
김치볶음,볶음류,김치볶음,100g,106,1.38,7.94,7.27,100g
김치볶음,볶음류,김치볶음,100ml,38,1.2,1.74,4.34,80ml
김치볶음,볶음류,김치볶음,100ml,38,1.2,1.74,4.34,80ml
김치볶음,볶음류,김치볶음,100ml,38,1.2,1.74,4.34,80ml
김치볶음,볶음류,김치볶음,100ml,60,1.6,3.16,6.28,80ml
김치볶음_김치,볶음류,김치볶음,100ml,54,1.39,3,5.51,80ml
김치볶음_김치,볶음류,김치볶음,100ml,34,0.98,1.62,3.76,80ml
김치볶음_김치_참치,볶음류,김치볶음,100ml,66,5.93,2.4,4.95,210ml
김치볶음_김치_참치,볶음류,김치볶음,100ml,57,5.95,1.75,4.28,150ml
김치볶음_김치만,볶음류,김치볶음,100g,132,2.63,10.35,7.17,100g
김치볶음_돼지고기,볶음류,김치볶음,100ml,58,2.4,3.34,4.6,100ml
김치볶음_돼지고기,볶음류,김치볶음,100ml,161,8.8,10.42,7.34,35.8
김치볶음_돼지고기,볶음류,김치볶음,100ml,167,8.8,10.42,8.74,35.8
김치볶음_돼지고기,볶음류,김치볶음,100ml,58,2.4,3.34,4.6,100ml
김치볶음_참치,볶음류,김치볶음,100ml,72,5,3.47,5.44,210ml
김치볶음_참치,볶음류,김치볶음,100ml,72,5,3.47,5.44,210ml
김치볶음_참치,볶음류,김치볶음,100ml,239,16.9,16.18,6.21,30.2
김치국,국 및 탕류,김치국,100ml,14,0.9,0.41,1.73,270ml
김치국,국 및 탕류,김치국,100g,20,1.2,0.62,2.33,450g
김치국,국 및 탕류,김치국,100ml,14,0.9,0.41,1.73,270ml
김치국,국 및 탕류,김치국,100g,23,1.34,0.76,2.63,400g
김치국_김치,국 및 탕류,김치국,100ml,12,0.67,0.15,2.15,200ml
김치국_김치_두부,국 및 탕류,김치국,100ml,18,1.52,0.59,1.86,270ml
김치국_김치_콩나물,국 및 탕류,김치국,100ml,10,0.94,0.27,1.38,180ml
김치국_김치_콩나물,국 및 탕류,김치국,100ml,12,1.09,0.31,1.65,210ml
김치국_두부,국 및 탕류,김치국,100ml,18,1.6,0.51,1.7,187.7
김치국_두부,국 및 탕류,김치국,100ml,18,1.6,0.51,1.7,187.7
김치국_콩나물,국 및 탕류,김치국,100g,12,0.82,0.47,1.15,400g
김치국_콩나물,국 및 탕류,김치국,100ml,8,0.6,0.18,1.08,170ml
김치국_콩나물,국 및 탕류,김치국,100ml,8,0.6,0.18,1.08,170ml
김치국_콩나물,국 및 탕류,김치국,100ml,8,0.6,0.18,1.08,170ml
김치국_콩나물,국 및 탕류,김치국,100ml,8,0.6,0.18,1.08,170ml
김치만두,면 및 만두류,김치만두,100ml,76,5.9,2.05,7.9,325.4
김치만두,면 및 만두류,김치만두,100ml,61,4.1,1.53,7.05,325.4
김치만두,면 및 만두류,김치만두,100ml,28,1.8,0.72,3.4,1211
김치 고기만두,면 및 만두류,김치 고기만두,100ml,294,16.2,5.23,42.4,118.2
김치 고기만두,면 및 만두류,김치 고기만두,100ml,294,16.2,5.26,42.38,82ml
김치 고기만두,면 및 만두류,김치 고기만두,100ml,294,16.2,5.26,42.38,82ml
김치 돼지고기볶음,볶음류,김치 돼지고기볶음,100ml,113,8.1,6.61,4.26,50ml
김치 돼지고기볶음,볶음류,김치 돼지고기볶음,100ml,113,8.1,6.61,4.26,50ml
김치 돼지고기볶음,볶음류,김치 돼지고기볶음,100ml,113,8.1,6.61,4.26,50ml
김치 된장국,국 및 탕류,김치 된장국,100ml,15,1.1,0.38,1.97,280ml
김치 된장국,국 및 탕류,김치 된장국,100ml,15,1.1,0.38,1.97,280ml
김치 볶음밥_모듬,밥류,김치 볶음밥,100ml,129,3.8,2.69,21.49,320ml
김치 볶음밥_모듬,밥류,김치 볶음밥,100ml,130,3.8,2.79,21.5,320ml
김치 볶음밥_치즈오븐김치볶음밥,밥류,김치 볶음밥,100g,160,8.29,6.36,16.5,322g
김치 볶음밥_치즈오븐김치볶음밥,밥류,김치 볶음밥,100g,196,7.87,,,356g
김치 청국장찌개,찌개 및 전골류,김치 청국장찌개,100ml,29,2.6,0.72,3.04,340ml
김치 청국장찌개,찌개 및 전골류,김치 청국장찌개,100ml,30,2.6,0.9,3.2,210ml
김치 콩나물국,국 및 탕류,김치 콩나물국,100ml,10,1.2,0.24,1.12,320ml
김치 콩나물국,국 및 탕류,김치 콩나물국,100ml,10,1.1,0.19,1.28,205.2
김치 콩나물국,국 및 탕류,김치 콩나물국,100ml,11,0.9,0.28,1.41,300ml
김치 콩나물국,국 및 탕류,김치 콩나물국,100ml,10,1.1,0.19,1.28,205.2
김밥_소고기,밥류,김밥,100g,179,6.46,5.56,25.78,250g
김밥_참치,밥류,김밥,100g,170,6.44,5.89,22.73,100g
김밥_참치,밥류,김밥,100ml,128,5.3,3.93,17.49,400ml
김밥_참치,밥류,김밥,100g,174,7,7.22,20.26,250g
김밥_참치,밥류,김밥,100ml,128,5.3,3.93,17.49,400ml
김밥_참치,밥류,김밥,100ml,129,6,3.31,18.06,400ml
김밥_참치_고추,밥류,김밥,100ml,119,4.4,3.76,16.42,400ml
김밥_참치_김치,밥류,김밥,100ml,125,5.4,4.45,15.45,400ml
김밥_채소,밥류,김밥,100ml,105,3.3,1.96,18.08,400ml
김밥_채소,밥류,김밥,100ml,102,3.5,1.58,18.05,400ml
김밥_채소,밥류,김밥,100ml,102,3.5,1.58,18.05,400ml
김밥_채소,밥류,김밥,100ml,102,3.5,1.58,18.05,400ml
김밥_채소,밥류,김밥,100g,158,4.6,3.65,26.65,280g
김밥_치즈,밥류,김밥,100g,177,6.24,7.03,22.1,270g
김밥_치즈,밥류,김밥,100ml,122,4.6,2.96,18.66,400ml
김밥_풋고추,밥류,김밥,100g,169,4.88,4.41,27.52,290g
김부각,튀김류,김부각,100ml,158,5.7,7.3,20.73,27.9
김부각,튀김류,김부각,100ml,415,14.9,18.8,55.06,19ml
김부각,튀김류,김부각,100ml,415,14.9,18.8,55.06,19ml
김밥,밥류,김밥,100g,140,4.84,4.55,19.98,230g
김밥,밥류,김밥,100ml,157,4.7,1.83,29.79,330ml
김밥,밥류,김밥,100ml,185,5.8,2.63,33.81,168.3
김밥_계란,밥류,김밥,100ml,97,4.3,2.34,14.22,400ml
김밥_계란,밥류,김밥,100ml,99,4.3,2.1,15.13,400ml
김밥_고추,밥류,김밥,100ml,94,3.2,1.63,16.5,400ml
김밥_김치,밥류,김밥,100ml,109,3.6,1.69,19.29,400ml
김밥_김치,밥류,김밥,100g,130,4.3,4.03,19.17,270g
김밥_날치알,밥류,김밥,100g,177,6.1,4.26,28.66,260g
김밥_날치알,밥류,김밥,100ml,104,4.2,1.9,17.28,400ml
김밥_돈가스,밥류,김밥,100ml,148,4.4,5.63,19.4,400ml
김밥_돈가스,밥류,김밥,100g,202,5.77,5.81,31.64,320g
김밥_멸치_고추,밥류,김밥,100ml,122,5.6,1.79,20.5,400ml
김밥_샐러드,밥류,김밥,100g,162,3.85,5.41,24.58,250g
김밥_샐러드,밥류,김밥,100ml,117,3.4,3.3,18.14,400ml
김밥_샐러리,밥류,김밥,100ml,130,2.8,4.2,19.75,392ml
김밥_소고기,밥류,김밥,100ml,108,4,2.47,16.88,400ml
김밥_소고기,밥류,김밥,100ml,110,4.1,2.3,17.46,400ml
김밥_소고기,밥류,김밥,100g,160,6.39,3.85,25.01,250g
기타차_허니 캐모마일 핫(HOT),음료 및 차류,기타차,100ml,1,0,,,473ml
기타차_화이트 템플티 아이스(ICED),음료 및 차류,기타차,100g,0,0,,,473g
기타차_화이트 템플티 핫(HOT),음료 및 차류,기타차,100g,0,0,,,473g
기타차_히비스커스 유자티 아이스(ICED),음료 및 차류,기타차,100g,38,0.02,,,591g
기타차_히비스커스 유자티 아이스(ICED),음료 및 차류,기타차,100ml,38,0.02,,,591ml
기타차_히비스커스 유자티 핫(HOT),음료 및 차류,기타차,100g,48,0.06,,,473g
기타차_히비스커스 유자티 핫(HOT),음료 및 차류,기타차,100ml,48,0.06,,,473ml
기피편,빵 및 과자류,기피편,100g,220,5.45,0.25,48.99,100g
김구이_조미김,구이류,김구이,100g,470,20.4,30.2,29,5g
김국,국 및 탕류,김국,100ml,13,0.9,0.25,2.34,320ml
김국,국 및 탕류,김국,100ml,14,0.9,0.29,2.27,214.5
김말이튀김,튀김류,김말이튀김,100ml,132,1.1,5.42,19.56,100ml
김말이튀김,튀김류,김말이튀김,100ml,132,1.1,5.42,19.56,100ml
김말이튀김,튀김류,김말이튀김,100g,195,2.05,7.2,30.51,
김말이튀김,튀김류,김말이튀김,100g,245,2.28,11.46,33.11,100g
김말이튀김,튀김류,김말이튀김,100ml,132,1.1,5.42,19.56,100ml
김말이튀김,튀김류,김말이튀김,100ml,132,1.1,5.42,19.56,100ml
김무침,생채·무침류,김무침,100g,259,21.17,10.73,19.33,30g
기타차_청포도 그린티 (L),음료 및 차류,기타차,100g,29,0.21,,,473g
기타차_청포도 그린티+알로에 (J),음료 및 차류,기타차,100g,35,0.15,,,651g
기타차_청포도 그린티+알로에 (L),음료 및 차류,기타차,100g,35,0.21,,,473g
기타차_청포도 자스민티 아이스(ICED) (J),음료 및 차류,기타차,100ml,20,0,,,651ml
기타차_청포도 자스민티 아이스(ICED) (L),음료 및 차류,기타차,100ml,21,0,,,473ml
기타차_청포도 자스민티 핫(HOT) (J),음료 및 차류,기타차,100ml,28,0,,,473ml
기타차_청포도 자스민티 핫(HOT) (L),음료 및 차류,기타차,100ml,24,0,,,414ml
기타차_체리 히비스커스티 아이스(ICED) (L),음료 및 차류,기타차,100g,24,0,,5.81,946g
기타차_체리 히비스커스티 아이스(ICED) (ML),음료 및 차류,기타차,100g,21,0,,5.21,710g
기타차_체리 히비스커스티 핫(HOT) (ML),음료 및 차류,기타차,100g,25,0,,6.26,591g
기타차_체리석류 (L),음료 및 차류,기타차,100g,3,0,,,946g
기타차_한라봉 티 핫(HOT),음료 및 차류,기타차,100ml,45,0.13,,,473ml
기타차_한라봉차,음료 및 차류,기타차,100g,51,0.21,0,,360g
기타차_한라봉차 (L),음료 및 차류,기타차,100g,35,0.05,,,450g
기타차_한라봉차 (R),음료 및 차류,기타차,100g,45,0.08,,,400g
기타차_한라봉차 아이스(ICED),음료 및 차류,기타차,100ml,46,0.12,,,415ml
기타차_한라봉티 아이스(ICED),음료 및 차류,기타차,100g,55,0.08,,,591g
기타차_한라봉티 핫(HOT),음료 및 차류,기타차,100g,45,0.13,,,473g
기타차_허니 캐모마일 아이스(ICED),음료 및 차류,기타차,100ml,1,0,,,473ml
기타차_저칼로리 콜라겐 퀸즈베리 히비스커스티 노슈거 (Venti),음료 및 차류,기타차,100ml,9,0.24,,,650ml
기타차_저칼로리 퀸즈베리 히비스커스티 노슈거 (Tall),음료 및 차류,기타차,100ml,8,0.05,,,360ml
기타차_제로칼로리 깔라만시 캐모마일티 (Venti),음료 및 차류,기타차,100ml,2,0.04,,,650ml
기타차_제로칼로리 레몬 블랙티 제로슈거 (Venti),음료 및 차류,기타차,100ml,2,0.05,,,650ml
기타차_제로칼로리 복숭아 아이스티 노슈거 (초대용량),음료 및 차류,기타차,100ml,1,0.07,,,850ml
기타차_제로칼로리 청사과 캐모마일티 제로슈거 (Venti),음료 및 차류,기타차,100ml,2,0.02,,,650ml
기타차_제로칼로리 청포도 캐모마일티 제로슈거 (Venti),음료 및 차류,기타차,100ml,3,0.03,,,650ml
기타차_제로칼로리 청포도 캐모마일티 제로슈거 (초대용량),음료 및 차류,기타차,100ml,3,0.03,,,850ml
기타차_제주 그린티 브리즈 (Grande),음료 및 차류,기타차,100g,47,0,,,473g
기타차_제주 레몬 애플티 아이스(ICED),음료 및 차류,기타차,100ml,64,0,,,354ml
기타차_제주 레몬 애플티 핫(HOT),음료 및 차류,기타차,100ml,64,0,,,354ml
기타차_제주 키위 오션 그린티 (Grande),음료 및 차류,기타차,100g,41,0,,,473g
기타차_제주 한라봉 블랙티 아이스(ICED),음료 및 차류,기타차,100g,41,0,,,416g
기타차_제주 한라봉차 핫(HOT),음료 및 차류,기타차,100ml,46,0.12,,,415ml
기타차_제주당근오렌지티플레저 아이스(ICED),음료 및 차류,기타차,100g,38,0.1,,,591g
기타차_진저 배 티 아이스(ICED),음료 및 차류,기타차,100ml,33,0.21,,,473ml
기타차_진저 배 티 핫(HOT),음료 및 차류,기타차,100ml,41,0,,,473ml
기타차_청포도 그린티 (J),음료 및 차류,기타차,100g,29,0.15,,,651g
기타차_유자캐모마일 아이스(ICED),음료 및 차류,기타차,100ml,51,0.17,,,600ml
기타차_유자캐모마일 아이스(ICED) (더벤티),음료 및 차류,기타차,100ml,53,0.1,,,960ml
기타차_유자캐모마일 핫(HOT),음료 및 차류,기타차,100ml,51,0.17,,,600ml
기타차_인디안 차이티 아이스(ICED),음료 및 차류,기타차,100g,0,0,,,473g
기타차_인디안 차이티 핫(HOT),음료 및 차류,기타차,100g,0,0,,,473g
기타차_자몽 그린티 (J),음료 및 차류,기타차,100g,12,0.15,,,651g
기타차_자몽 그린티 (L),음료 및 차류,기타차,100g,12,0.21,,,473g
기타차_자몽 블랙 프룻티,음료 및 차류,기타차,100g,37,0.1,,,498g
기타차_자몽 블랙 프룻티 아이스(ICED),음료 및 차류,기타차,100g,37,0.1,,,498g
기타차_자몽 블랙 프룻티 핫(HOT),음료 및 차류,기타차,100g,52,0.15,,,394.3
기타차_자몽 얼그레이티 아이스(ICED),음료 및 차류,기타차,100g,53,0,,,473g
기타차_자몽 자스민티 아이스(ICED) (J),음료 및 차류,기타차,100ml,13,0,,,651ml
기타차_자몽 자스민티 아이스(ICED) (L),음료 및 차류,기타차,100ml,13,0,,,473ml
기타차_자몽 자스민티 핫(HOT) (J),음료 및 차류,기타차,100ml,17,0,,,473ml
기타차_자몽 자스민티 핫(HOT) (L),음료 및 차류,기타차,100ml,15,0,,,414ml
기타차_자몽히비스커스티 아이스(ICED),음료 및 차류,기타차,100g,19,0.1,0.01,4.71,650g
기타차_자몽히비스커스티 핫(HOT),음료 및 차류,기타차,100g,25,0.13,0.01,6.12,500g
기타차_작설차,음료 및 차류,기타차,100g,1,0.17,,,100g
기타차_저칼로리 망고 캐모마일티 제로슈거 (Venti),음료 및 차류,기타차,100ml,5,0.05,,,650ml
기타차_스트로베리 릴렉싱티,음료 및 차류,기타차,100g,133,0.36,,,137g
기타차_스트로베리 프룻티,음료 및 차류,기타차,100g,44,0.11,,,458g
기타차_슬림 딸기 레몬 캐모마일티,음료 및 차류,기타차,100g,0,0.06,,,100g
기타차_슬림 망고 레몬 캐모마일티,음료 및 차류,기타차,100g,0,0.06,,,100g
기타차_슬림 망고 리치 히비스커스티,음료 및 차류,기타차,100g,0,0.09,,,100g
기타차_슬림 청포도 레몬 캐모마일티,음료 및 차류,기타차,100g,0,0.06,,,100g
기타차_슬림 청포도 리치 히비스커스티,음료 및 차류,기타차,100g,0,0.07,,,100g
기타차_아임파인 민트티 아이스(ICED),음료 및 차류,기타차,100ml,7,0.01,,,710ml
기타차_아임파인 민트티 핫(HOT),음료 및 차류,기타차,100ml,12,0.06,,,473ml
기타차_엘더베리 아이스(ICED),음료 및 차류,기타차,100g,0,0,,,355g
기타차_엘더베리 핫(HOT),음료 및 차류,기타차,100g,0,0,,,355g
기타차_유스베리 로즈티 브리즈 아이스(ICED) (Grande),음료 및 차류,기타차,100g,25,0,,,473g
기타차_유스베리 로즈티 브리즈 핫(HOT) (Grande),음료 및 차류,기타차,100g,35,0,,,473g
기타차_유자 민트 티 아이스(ICED),음료 및 차류,기타차,100ml,43,0,,,473ml
기타차_유자 민트 티 핫(HOT),음료 및 차류,기타차,100ml,62,0,,,473ml
기타차_유자 엘더베리 아이스(ICED),음료 및 차류,기타차,100g,41,0.21,,,473g
기타차_유자 엘더베리 핫(HOT),음료 및 차류,기타차,100g,41,0.21,,,473g
기타차_유자레몬티 아이스(ICED),음료 및 차류,기타차,100ml,48,0.17,,,591ml
기타차_유자레몬티 핫(HOT),음료 및 차류,기타차,100ml,48,0.15,,,651ml
기타차_빨간 코 루돌프의 상큼 리치티 핫(HOT),음료 및 차류,기타차,100ml,46,0.12,0.05,11.4,591ml
기타차_사과유자차 아이스(ICED),음료 및 차류,기타차,100ml,34,0.04,0.01,8.46,710ml
기타차_사과유자차 핫(HOT),음료 및 차류,기타차,100ml,38,0.05,0.02,9.54,591ml
기타차_삼라봉티 아이스(ICED),음료 및 차류,기타차,100g,43,0.48,,,625g
기타차_삼라봉티 핫(HOT),음료 및 차류,기타차,100g,61,0.25,,,393g
기타차_상그리아티,음료 및 차류,기타차,100ml,44,0.03,,,360ml
기타차_상그리아티 아이스(ICED),음료 및 차류,기타차,100g,44,0.03,,,360g
기타차_상그리아티 핫(HOT),음료 및 차류,기타차,100g,44,0.03,,,360g
기타차_샤인머스캣 티플레저,음료 및 차류,기타차,100g,29,0.07,,,591g
기타차_샹그리아 프루티 아이스(ICED),음료 및 차류,기타차,100g,38,0.06,,,473g
기타차_샹그리아 프루티 핫(HOT),음료 및 차류,기타차,100g,44,0.08,,,473g
기타차_석류 애플라임 아이스(ICED),음료 및 차류,기타차,100ml,51,0,,,680ml
기타차_석류 애플라임 핫(HOT),음료 및 차류,기타차,100ml,57,0.26,,,384ml
기타차_석류 오리지널 핫(HOT),음료 및 차류,기타차,100ml,55,0,,,384ml
기타차_스노우코코 아이스(ICED) (L),음료 및 차류,기타차,100g,0,0,,,946g
기타차_스노우코코 아이스(ICED) (M),음료 및 차류,기타차,100g,0,0,,,591g
기타차_스노우코코 핫(HOT) (L),음료 및 차류,기타차,100g,0,0,,,946g
기타차_스노우코코 핫(HOT) (M),음료 및 차류,기타차,100g,0,0,,,591g
기타차_스위트 피치 아이스(ICED),음료 및 차류,기타차,100g,46,0,,11.35,467g
기타차_리치 캐모마일티 아이스(ICED) (ML),음료 및 차류,기타차,100g,37,0,,9.3,710g
기타차_리치 캐모마일티 핫(HOT) (ML),음료 및 차류,기타차,100g,45,0,,11.17,591g
기타차_망고 히비스커스티 아이스(ICED),음료 및 차류,기타차,100ml,35,0.07,,,415ml
기타차_망고 히비스커스티 핫(HOT) (R),음료 및 차류,기타차,100ml,44,0.1,,,415ml
기타차_망고사고 프룻티,음료 및 차류,기타차,100g,61,0.06,,,478.2
기타차_매실차 아이스(ICED) (L),음료 및 차류,기타차,100g,30,0,,,946g
기타차_매실차 아이스(ICED) (M),음료 및 차류,기타차,100g,29,0,,,591g
기타차_매실차 핫(HOT) (L),음료 및 차류,기타차,100g,30,0,,,946g
기타차_매실차 핫(HOT) (M),음료 및 차류,기타차,100g,29,0,,,591g
기타차_배 모과차 아이스(ICED) (EX),음료 및 차류,기타차,100ml,42,0,,,680ml
기타차_배 모과차 아이스(ICED) (R),음료 및 차류,기타차,100ml,36,0,,,414ml
기타차_배 모과차 핫(HOT) (EX),음료 및 차류,기타차,100ml,44,0,,,651ml
기타차_배 모과차 핫(HOT) (R),음료 및 차류,기타차,100ml,39,0,,,384ml
기타차_배도라지차 아이스(ICED),음료 및 차류,기타차,100g,41,0,0,10.15,650g
기타차_배도라지차 핫(HOT),음료 및 차류,기타차,100g,53,0,0,13.2,500g
기타차_베리 히비스커스 아이스(ICED),음료 및 차류,기타차,100ml,2,0,,,473ml
기타차_베리 히비스커스 핫(HOT),음료 및 차류,기타차,100ml,2,0,,,473ml
기타차_빨간 코 루돌프의 상큼 리치티 아이스(ICED),음료 및 차류,기타차,100ml,37,0.1,0.04,8.97,710ml
기타차_레몬 자스민티 핫(HOT) (J),음료 및 차류,기타차,100ml,30,0,,,473ml
기타차_레몬 자스민티 핫(HOT) (L),음료 및 차류,기타차,100ml,27,0,,,414ml
기타차_레몬&오렌지 홍차티 아이스(ICED),음료 및 차류,기타차,100ml,1,0.07,0,0,591ml
기타차_레몬&오렌지 홍차티 핫(HOT),음료 및 차류,기타차,100ml,2,0.11,,,473ml
기타차_레몬&오렌지홍차티 아이스(ICED),음료 및 차류,기타차,100g,1,0.07,,,591g
기타차_레몬&오렌지홍차티 핫(HOT),음료 및 차류,기타차,100g,2,0.11,,,473g
기타차_레몬민트 아이스(ICED),음료 및 차류,기타차,100ml,40,0.17,,,600ml
기타차_레몬민트 아이스(ICED) (더벤티),음료 및 차류,기타차,100ml,41,0.1,,,960ml
기타차_레몬민트 핫(HOT),음료 및 차류,기타차,100ml,40,0.17,,,600ml
기타차_레몬진저 캐모마일 아이스(ICED),음료 및 차류,기타차,100g,21,0.21,,,473g
기타차_레몬진저 캐모마일 핫(HOT),음료 및 차류,기타차,100g,21,0.21,,,473g
기타차_레몬페퍼민트티 아이스(ICED),음료 및 차류,기타차,100g,25,0.05,0.02,5.54,650g
기타차_레몬페퍼민트티 핫(HOT),음료 및 차류,기타차,100g,33,0.07,0.03,7.2,500g
기타차_레몬허니블랙티 아이스(ICED),음료 및 차류,기타차,100g,34,0.1,0.01,8.13,650g
기타차_레몬허니블랙티 핫(HOT),음료 및 차류,기타차,100g,44,0.14,0.01,10.57,500g
기타차_루이보스 바닐라티 아이스(ICED),음료 및 차류,기타차,100g,0,0,,,473g
기타차_루이보스 바닐라티 핫(HOT),음료 및 차류,기타차,100g,0,0,,,473g
기타차_리치 캐모마일티 아이스(ICED) (L),음료 및 차류,기타차,100g,28,0,,6.98,946g
기타차_깔라봉 차 (L),음료 및 차류,기타차,100g,45,0.04,,,495g
기타차_깔라봉 차 (R),음료 및 차류,기타차,100g,47,0.03,,,310g
기타차_나주 배숙차 아이스(ICED),음료 및 차류,기타차,100ml,28,0.03,,,591ml
기타차_나주 배숙차 핫(HOT),음료 및 차류,기타차,100ml,35,0.04,,,473ml
기타차_딸기 히비스커스 티 아이스(ICED),음료 및 차류,기타차,100ml,29,0.07,,,591ml
기타차_딸기 히비스커스 티 핫(HOT),음료 및 차류,기타차,100ml,32,0.06,,,473ml
기타차_딸기둥둥상큼티,음료 및 차류,기타차,100g,43,0.09,,,469g
기타차_딸기오렌지바나나 (L),음료 및 차류,기타차,100g,1,0,,,946g
기타차_딸기오렌지바나나 (M),음료 및 차류,기타차,100g,1,0,,,591g
기타차_딸기차 아이스(ICED) (L),음료 및 차류,기타차,100g,32,0.06,,,946g
기타차_딸기차 아이스(ICED) (M),음료 및 차류,기타차,100g,32,0.07,,,591g
기타차_딸기차 핫(HOT) (L),음료 및 차류,기타차,100g,32,0.06,,,946g
기타차_딸기차 핫(HOT) (M),음료 및 차류,기타차,100g,32,0.07,,,591g
기타차_딸기티 아이스(ICED),음료 및 차류,기타차,100g,82,0.06,,,355g
기타차_딸기티 핫(HOT),음료 및 차류,기타차,100g,82,0.06,,,355g
기타차_라임티 아이스(ICED),음료 및 차류,기타차,100ml,25,0,,,360ml
기타차_라임티 핫(HOT),음료 및 차류,기타차,100ml,25,0,,,360ml
기타차_레몬 자스민티 아이스(ICED) (J),음료 및 차류,기타차,100ml,22,0,,,651ml
기타차_레몬 자스민티 아이스(ICED) (L),음료 및 차류,기타차,100ml,24,0,,,473ml
기타음료_사고 피치 YO,음료 및 차류,기타음료,100g,60,0.38,,,449g
기타음료_스타벅스 슬래머 (Grande),음료 및 차류,기타음료,100g,50,0,,,473g
기타음료_아삭 피치 YO,음료 및 차류,기타음료,100g,57,0.76,,,459g
기타음료_인크레드불 화이트 아이스(ICED),음료 및 차류,기타음료,100g,34,0.02,,,591g
기타음료_자몽 모히또,음료 및 차류,기타음료,100g,38,0.11,,,710g
기타음료_청포도 모히또,음료 및 차류,기타음료,100g,39,0.07,,,710g
기타음료_청포도플라워 아이스(ICED),음료 및 차류,기타음료,100ml,31,0,,,710ml
기타음료_코코 커피젤리 워터 아이스(ICED) (Grande),음료 및 차류,기타음료,100ml,53,0.21,,,480ml
기타음료_코코 커피젤리 워터 아이스(ICED) (Mini Venti),음료 및 차류,기타음료,100ml,52,0.35,,,570ml
기타음료_코코 커피젤리 워터 아이스(ICED) (Tall),음료 및 차류,기타음료,100ml,47,0.28,,,360ml
기타음료_코코 커피젤리 워터 아이스(ICED) (Venti),음료 및 차류,기타음료,100ml,50,0.28,,,720ml
기타음료_탐라는감귤요거트드링크,음료 및 차류,기타음료,100ml,68,1.22,1.28,13.18,650ml
기타음료_플레인요거트드링크,음료 및 차류,기타음료,100ml,56,1.68,1.99,7.58,650ml
기타차_골든펄 딸기 캐모마일티,음료 및 차류,기타차,100g,39,0,,,473g
기타차_골든펄 망고 패션프룻 그린티,음료 및 차류,기타차,100g,45,0,,,473g
기타차_깔라만시,음료 및 차류,기타차,100g,32,0,,,355g
기타차_깔라만시티 아이스(ICED),음료 및 차류,기타차,100ml,34,0,,,710ml
기타차_깔라만시티 핫(HOT),음료 및 차류,기타차,100ml,57,0.21,,,473ml
기타음료_기라델리 스윗 바닐라 핫(HOT),음료 및 차류,기타음료,100ml,50,1.27,,6.48,710ml
기타음료_기라델리 클래식 초코 아이스(ICED),음료 및 차류,기타음료,100ml,38,0.99,,6.34,710ml
기타음료_기라델리 클래식 초코 핫(HOT),음료 및 차류,기타음료,100ml,45,1.41,,7.04,710ml
기타음료_논알콜 하이볼,음료 및 차류,기타음료,100g,38,0.08,,,473g
기타음료_딸기요거트드링크,음료 및 차류,기타음료,100ml,62,1.64,1.82,9.55,650ml
기타음료_라임 모히또,음료 및 차류,기타음료,100g,39,0.07,,,710g
기타음료_레드 파워 스매셔 (Grande),음료 및 차류,기타음료,100g,78,0.21,,,473g
기타음료_마시는 요거트 딸기,음료 및 차류,기타음료,100g,134,2.47,,,325g
기타음료_마시는 요거트 망고,음료 및 차류,기타음료,100g,135,2.47,,,325g
기타음료_마시는 요거트 블루베리,음료 및 차류,기타음료,100g,133,2.17,,,325g
기타음료_마시는 요거트 자몽,음료 및 차류,기타음료,100g,119,2.54,,,307g
기타음료_마시는 요거트 청포도,음료 및 차류,기타음료,100g,97,2.52,,,310g
기타음료_마시는 요거트 코코넛,음료 및 차류,기타음료,100g,123,2.72,,,307g
기타음료_미초 아이스(ICED),음료 및 차류,기타음료,100ml,21,0.14,,,710ml
기타음료_복숭아요거트드링크,음료 및 차류,기타음료,100ml,67,1.64,1.95,10.56,650ml
기타음료_비타2000 저칼로리 망고 블랜딩 제로슈거 (초대용량),음료 및 차류,기타음료,100ml,4,0.06,,,850ml
기타음료_비타2000 제로칼로리 레몬 블랜딩 제로슈거 (초대용량),음료 및 차류,기타음료,100ml,1,0.02,,,850ml
기타음료_비타2000 제로칼로리 청포도 블랜딩 제로슈거 (초대용량),음료 및 차류,기타음료,100ml,3,0.02,,,850ml
기타빵_오리지널까눌레,빵 및 과자류,기타빵,100g,222,4.44,,,45g
기타빵_옥수수범벅,빵 및 과자류,기타빵,100g,332,6.52,,,92g
기타빵_우리쌀 막걸리로 만든 초당옥수수빵,빵 및 과자류,기타빵,100g,206,4.85,0.79,44.85,165g
기타빵_잔슨빌스틱,빵 및 과자류,기타빵,100g,325,14.89,,,295g
기타빵_제주쑥오메기빵,빵 및 과자류,기타빵,100g,211,6.32,,,95g
기타빵_진짜고구마빵,빵 및 과자류,기타빵,100g,287,2,10.2,47,100g
기타빵_쫀득 고구마빵,빵 및 과자류,기타빵,100g,290,6,,,100g
기타빵_춘천 감자빵,빵 및 과자류,기타빵,100g,245,5,,,120g
기타빵_카라멜아몬드,빵 및 과자류,기타빵,100g,450,10.7,24.9,45.8,220g
기타빵_코코넛로쉐(낱개),빵 및 과자류,기타빵,100g,304,8.7,,,23g
기타빵_콩팥담뿍브레드,빵 및 과자류,기타빵,100g,286,8.16,,,380g
기타빵_콩팥담뿍브레드(Half),빵 및 과자류,기타빵,100g,287,7.9,,,190g
기타빵_톡톡 초당옥수수빵,빵 및 과자류,기타빵,100g,300,4,,,100g
기타빵_톡톡쫄깃 옥수수빵,빵 및 과자류,기타빵,100g,299,5,,,100g
기타빵_통밀스틱,빵 및 과자류,기타빵,100g,257,9.72,,,313g
기타빵_통통 옥수수빵,빵 및 과자류,기타빵,100g,274,2.86,,,70g
기타빵_흑미브래드스틱,빵 및 과자류,기타빵,100g,310,10.77,,,234g
기타음료_기라델리 스윗 바닐라 아이스(ICED),음료 및 차류,기타음료,100ml,43,0.99,,5.77,710ml
기타빵_까눌레,빵 및 과자류,기타빵,100g,339,6,,,80g
기타빵_달달 고구마빵,빵 및 과자류,기타빵,100g,238,1.11,,,90g
기타빵_달콤촉촉 고구마빵,빵 및 과자류,기타빵,100g,273,1.82,,,110g
기타빵_달콤촉촉고구마빵,빵 및 과자류,기타빵,100g,273,1.82,,,110g
기타빵_달콩찹쌀브레드,빵 및 과자류,기타빵,100g,336,7.14,,,210g
기타빵_롤링넛츠,빵 및 과자류,기타빵,100g,329,6,15.9,40.4,162g
기타빵_마늘단짝고구마,빵 및 과자류,기타빵,100g,332,6.63,,,196g
기타빵_밤이랑고구마랑,빵 및 과자류,기타빵,100g,315,7,,,270g
기타빵_별님고구마,빵 및 과자류,기타빵,100g,258,6,,,121g
기타빵_슈크림치즈스틱,빵 및 과자류,기타빵,100g,318,12.14,,,286g
기타빵_스트링치즈스틱,빵 및 과자류,기타빵,100g,303,16.93,,,310g
기타빵_씨앗가득고소함이찰떡,빵 및 과자류,기타빵,100g,358,8,,,250g
기타빵_씨앗깜파뉴(Half),빵 및 과자류,기타빵,100g,291,12.06,,,199g
기타빵_씨앗깜파뉴(대),빵 및 과자류,기타빵,100g,291,12.03,,,399g
기타빵_씨앗깜파뉴(소),빵 및 과자류,기타빵,100g,291,12.06,,,199g
기타빵_얼그레이 까눌레,빵 및 과자류,기타빵,100g,222,4.44,,,45g
기타빵_얼그레이까눌레,빵 및 과자류,기타빵,100g,222,4.44,,,45g
기타빵_연유버터라우겐,빵 및 과자류,기타빵,100g,239,4.02,,,199g
기타빵_오리지널 까눌레,빵 및 과자류,기타빵,100g,222,4.44,,,45g
근대 된장국,국 및 탕류,근대 된장국,100ml,12,0.9,0.29,1.66,320ml
근대 된장국,국 및 탕류,근대 된장국,100ml,14,1,0.36,1.92,200ml
근대나물,나물·숙채류,근대나물,100ml,50,2.5,2.87,4.49,45.9
근대나물,나물·숙채류,근대나물,100ml,56,2.5,2.85,6.4,100ml
근대나물,나물·숙채류,근대나물,100ml,56,2.5,2.85,6.4,100ml
근대나물,나물·숙채류,근대나물,100ml,50,2.5,2.87,4.49,45.9
기름장,"장류, 양념류",기름장,100ml,640,0.2,69.06,0.92,10ml
기스면,면 및 만두류,기스면,100g,61,3.78,1.07,8.98,1000g
기장밥,밥류,기장밥,100ml,129,2.5,0.39,27.57,254.9
기장밥,밥류,기장밥,100g,166,3.44,0.57,36.77,200g
기장밥,밥류,기장밥,100ml,118,2.25,0.18,25.75,450ml
기장밥,밥류,기장밥,100ml,121,2.23,0.16,26.3,250.1
기장밥,밥류,기장밥,100ml,118,2.22,0.16,25.77,186.4
기장밥_찹쌀,밥류,기장밥,100ml,119,2.4,0.37,25.52,370ml
기장밥_찹쌀,밥류,기장밥,100ml,118,2.3,0.36,25.4,190ml
기장밥_찹쌀,밥류,기장밥,100ml,121,2.3,0.36,25.97,280ml
기타빵_고구마빵,빵 및 과자류,기타빵,100g,272,2.22,,51.11,90g
기타빵_고구마스틱,빵 및 과자류,기타빵,100g,258,10.11,,,354g
귤차_제주청귤티 핫(HOT),음료 및 차류,귤차,100ml,48,0.15,,,651ml
귤차_청귤 티 핫(HOT),음료 및 차류,귤차,100ml,36,0.06,,,473ml
귤차_청귤블랙티 아이스(ICED) (L),음료 및 차류,귤차,100g,25,0.07,,,946g
귤차_청귤블랙티 아이스(ICED) (M),음료 및 차류,귤차,100g,27,0.08,,,591g
귤차_청귤블랙티 핫(HOT) (L),음료 및 차류,귤차,100g,25,0.07,,,946g
귤차_청귤블랙티 핫(HOT) (M),음료 및 차류,귤차,100g,27,0.08,,,591g
귤차_청귤차 아이스(ICED) (L),음료 및 차류,귤차,100g,25,0.07,,,946g
귤차_청귤차 아이스(ICED) (M),음료 및 차류,귤차,100g,27,0.08,,,591g
귤차_청귤차 핫(HOT) (L),음료 및 차류,귤차,100g,25,0.07,,,946g
귤차_청귤차 핫(HOT) (M),음료 및 차류,귤차,100g,27,0.08,,,591g
귤차_청귤티 아이스(ICED),음료 및 차류,귤차,100g,56,0.05,,,591g
귤차_청귤티 핫(HOT),음료 및 차류,귤차,100g,36,0.06,,,473g
귤차_탐라는감귤티 아이스(ICED),음료 및 차류,귤차,100ml,42,0.12,0.18,10.03,650ml
귤차_탐라는감귤티 핫(HOT),음료 및 차류,귤차,100ml,54,0.16,0.23,13.04,500ml
그라탕_오지치즈그라탕,구이류,그라탕,100g,231,9.38,,,373g
그라탕_콘치즈그라탕 (L),구이류,그라탕,100g,387,14.19,,,322g
그라탕_콘치즈그라탕 (R),구이류,그라탕,100g,549,20.15,,,142g
근대 된장국,국 및 탕류,근대 된장국,100ml,10,0.9,0.25,1.36,300ml
근대 된장국,국 및 탕류,근대 된장국,100ml,12,0.9,0.34,1.71,180ml
굴비구이,구이류,굴비구이,100ml,530,59.2,29.72,0.6,52.5
굴비구이,구이류,굴비구이,100ml,524,59.2,29.72,0.6,52.5
굴전,전·적 및 부침류,굴전,100g,195,10.6,10.5,14.5,100g
굴전,전·적 및 부침류,굴전,100ml,123,6.25,6.27,9.54,200ml
굴전,전·적 및 부침류,굴전,100ml,213,11.9,11.55,13.98,74.2
굴죽,죽 및 스프류,굴죽,100ml,107,2.4,2.99,16.76,259ml
굴찜,찜류,굴찜,100ml,142,11.3,4.04,15.7,98.9
귀리밥,밥류,귀리밥,100g,162,3.9,0.87,34.54,100g
귤차_제주 청귤 그린티 아이스(ICED),음료 및 차류,귤차,100g,184,0,,,83g
귤차_제주 한라봉 감귤차 아이스(ICED),음료 및 차류,귤차,100ml,56,0.28,,,354ml
귤차_제주 한라봉 감귤차 핫(HOT),음료 및 차류,귤차,100ml,56,0.28,,,354ml
귤차_제주 한라봉감귤차 아이스(ICED),음료 및 차류,귤차,100g,56,0.28,,,354g
귤차_제주 한라봉감귤차 핫(HOT),음료 및 차류,귤차,100g,56,0.28,,,354g
귤차_제주청귤 블라썸 핫(HOT),음료 및 차류,귤차,100g,49,0.14,,,414g
귤차_제주청귤 오리지널 핫(HOT),음료 및 차류,귤차,100g,53,0.11,,,414g
귤차_제주청귤차,음료 및 차류,귤차,100g,35,0.17,,,100g
귤차_제주청귤티 아이스(ICED),음료 및 차류,귤차,100ml,38,0.06,0,9.26,650ml
귤차_제주청귤티 아이스(ICED),음료 및 차류,귤차,100ml,48,0.17,,,591ml
귤차_제주청귤티 핫(HOT),음료 및 차류,귤차,100ml,49,0.08,0,12.04,500ml
국수전골,찌개 및 전골류,국수전골,100ml,88,3.4,1.83,14.56,457.7
군만두,면 및 만두류,군만두,100ml,219,8.5,9.25,25.22,257.3
군만두,면 및 만두류,군만두,100ml,219,8.5,9.25,25.22,257.3
군만두,면 및 만두류,군만두,100ml,219,8.5,9.25,25.22,257.3
군만두,면 및 만두류,군만두,100ml,219,8.5,9.25,25.22,257.3
굴 국밥,밥류,굴 국밥,100ml,63,1.6,0.32,12.79,809ml
굴 두부찌개,찌개 및 전골류,굴 두부찌개,100ml,21,2.2,0.66,1.48,326.7
굴 미역국,국 및 탕류,굴 미역국,100ml,16,1.9,0.47,1.9,280ml
굴 미역국,국 및 탕류,굴 미역국,100ml,16,1.9,0.47,1.9,280ml
굴국_두부,국 및 탕류,굴국,100ml,18,2,0.65,0.98,320ml
굴국_두부,국 및 탕류,굴국,100ml,19,2,0.68,0.97,203.3
굴국_두부,국 및 탕류,굴국,100ml,18,2,0.65,0.98,320ml
굴국_무,국 및 탕류,굴국,100g,25,2.41,0.36,2.93,500g
굴무침,생채·무침류,굴무침,100g,77,6.68,2.31,7.3,80g
굴무침_무,생채·무침류,굴무침,100ml,29,2.2,0.62,3.71,50ml
굴무침_채소,생채·무침류,굴무침,100ml,41,3.3,1.23,4.46,50ml
굴밥,밥류,굴밥,100ml,122,4.3,1.95,21.44,500ml
굴비구이,구이류,굴비구이,100ml,122,11.83,7.4,0.98,75ml
국밥_돼지고기,밥류,국밥,100g,76,5.53,3.22,6.23,1200g
국밥_돼지머리,밥류,국밥,100g,137,6.7,5.16,15.94,900g
국밥_소고기,밥류,국밥,100g,47,3.11,1.16,6.09,700g
국밥_순대국밥,밥류,국밥,100g,75,3.17,2.28,10.38,900g
국밥_콩나물,밥류,국밥,100g,52,1.45,0.24,10.93,780g
국수,면 및 만두류,국수,100ml,77,3.8,1.05,12.43,235.4
국수,면 및 만두류,국수,100ml,54,2.2,0.75,8.94,806.2
국수,면 및 만두류,국수,100ml,56,2.5,0.96,8.87,894ml
국수_김치말이국수,면 및 만두류,국수,100g,50,2.15,0.8,8.67,600g
국수_막국수,면 및 만두류,국수,100g,57,2,0.58,10.98,1000g
국수_막국수,면 및 만두류,국수,100g,133,5.8,1.61,23.9,600g
국수_비빔국수,면 및 만두류,국수,100g,102,3.01,0.95,20.47,500g
국수_열무김치,면 및 만두류,국수,100g,54,1.88,1.28,8.7,800g
국수_열무김치,면 및 만두류,국수,100ml,120,3.8,2.13,20.39,278.5
국수_열무김치,면 및 만두류,국수,100ml,59,2.2,0.99,9.79,800ml
국수_열무김치,면 및 만두류,국수,100ml,69,2.2,1.22,11.72,697.7
국수_잔치국수,면 및 만두류,국수,100g,44,1.93,0.49,8.05,700g
국수_쟁반막국수,면 및 만두류,국수,100g,119,6.68,4.56,12.81,450g
과ㆍ채주스_해독주스_착즙형,음료 및 차류,과ㆍ채주스,100g,44,0.47,0.04,10.51,100g
과ㆍ채주스_햇사과 주스 병음료,음료 및 차류,과ㆍ채주스,100g,59,0.11,,,190g
과ㆍ채주스_혼합과일주스,음료 및 차류,과ㆍ채주스,100g,59,0.77,0.37,13.19,100g
과ㆍ채주스_홍시 주스,음료 및 차류,과ㆍ채주스,100g,57,0.12,,,414g
과ㆍ채주스_홍시 주스 (L),음료 및 차류,과ㆍ채주스,100g,35,0.11,,3.49,946g
과ㆍ채주스_홍시 주스 (ML),음료 및 차류,과ㆍ채주스,100g,39,0.14,,3.8,710g
과ㆍ채주스_홍시 주스 (R),음료 및 차류,과ㆍ채주스,100g,46,0.14,,,360g
과ㆍ채주스_홍시 쥬스,음료 및 차류,과ㆍ채주스,100ml,33,0.17,0.06,8.59,650ml
과ㆍ채주스_홍시주스,음료 및 차류,과ㆍ채주스,100ml,60,0.24,,,414ml
과일_하루 한 컵 RED,과일류,과일,100g,43,0.47,,,150g
과일샐러드,생채·무침류,과일샐러드,100ml,102,0.9,6.52,11.19,70ml
과일샐러드,생채·무침류,과일샐러드,100ml,75,0.38,5.49,6.74,150ml
과일샐러드,생채·무침류,과일샐러드,100ml,108,0.5,5.67,15.1,135.7
과일샐러드,생채·무침류,과일샐러드,100ml,65,0.53,3.8,7.84,110ml
광어 매운탕,찌개 및 전골류,광어 매운탕,100ml,62,9,1.74,2.6,600ml
광어 매운탕,찌개 및 전골류,광어 매운탕,100ml,63,8.9,1.74,2.94,600ml
국밥,밥류,국밥,100g,52,3.45,1.03,7.33,800g
국밥_굴,밥류,국밥,100g,105,6.52,2.74,13.6,650g
과ㆍ채주스_토마토 생과일 주스,음료 및 차류,과ㆍ채주스,100ml,31,0.64,,,472ml
과ㆍ채주스_토마토 생과일 주스,음료 및 차류,과ㆍ채주스,100g,22,0.28,,,360g
과ㆍ채주스_토마토 주스,음료 및 차류,과ㆍ채주스,100ml,21,0.56,,,360ml
과ㆍ채주스_토마토 주스,음료 및 차류,과ㆍ채주스,100g,25,0.73,,,455g
과ㆍ채주스_토마토 주스,음료 및 차류,과ㆍ채주스,100g,21,0.61,,,100g
과ㆍ채주스_토마토 주스 (R),음료 및 차류,과ㆍ채주스,100g,37,0.76,,,395g
과ㆍ채주스_토마토 주스 병음료,음료 및 차류,과ㆍ채주스,100g,37,0.53,,,190g
과ㆍ채주스_토마토 쥬스 (L),음료 및 차류,과ㆍ채주스,100g,27,0.64,,,575g
과ㆍ채주스_토마토 쥬스 (R),음료 및 차류,과ㆍ채주스,100g,27,0.59,,,370g
과ㆍ채주스_파이팅 청귤 병음료,음료 및 차류,과ㆍ채주스,100g,50,0.53,,,190g
과ㆍ채주스_파인 자몽 주스,음료 및 차류,과ㆍ채주스,100g,25,0.24,,,415g
과ㆍ채주스_파인애플 주스,음료 및 차류,과ㆍ채주스,100g,25,5.08,,,591g
과ㆍ채주스_파인애플 주스,음료 및 차류,과ㆍ채주스,100g,37,0.21,,8.94,470g
과ㆍ채주스_포멜로 크림 주스,음료 및 차류,과ㆍ채주스,100ml,45,0.28,,,710ml
과ㆍ채주스_포블마 포도/블루베리/고구마,음료 및 차류,과ㆍ채주스,100g,32,0.17,,,591g
과ㆍ채주스_한라봉 주스 (R),음료 및 차류,과ㆍ채주스,100g,45,0.08,,,400g
과ㆍ채주스_한라봉주스 병음료,음료 및 차류,과ㆍ채주스,100g,41,0.26,,,190g
과ㆍ채주스_한방에 쭉 감당 병음료,음료 및 차류,과ㆍ채주스,100g,53,0.53,,,190g
과ㆍ채주스_청포도케일 착즙 주스,음료 및 차류,과ㆍ채주스,100ml,36,0.28,,,354ml
과ㆍ채주스_초코바나나,음료 및 차류,과ㆍ채주스,100g,63,1.45,1.28,11.4,100g
과ㆍ채주스_초코바나나 주스,음료 및 차류,과ㆍ채주스,100g,62,1.37,,,591g
과ㆍ채주스_케일 캐롯 주스,음료 및 차류,과ㆍ채주스,100ml,33,0.28,,,354ml
과ㆍ채주스_크러쉬 블루베리 주스 블루베리,음료 및 차류,과ㆍ채주스,100ml,38,0.29,,,415ml
과ㆍ채주스_키위 생과일 주스,음료 및 차류,과ㆍ채주스,100g,53,0.28,,,360g
과ㆍ채주스_키위 주스,음료 및 차류,과ㆍ채주스,100g,32,0.52,,,100g
과ㆍ채주스_키위 주스,음료 및 차류,과ㆍ채주스,100ml,41,0,,,360ml
과ㆍ채주스_키위 주스,음료 및 차류,과ㆍ채주스,100ml,35,0,,,420ml
과ㆍ채주스_키위 주스,음료 및 차류,과ㆍ채주스,100g,61,0.23,,,430g
과ㆍ채주스_키위 주스 (L),음료 및 차류,과ㆍ채주스,100g,32,0.32,,4.86,946g
과ㆍ채주스_키위 주스 (ML),음료 및 차류,과ㆍ채주스,100g,30,0.28,,4.37,710g
과ㆍ채주스_키위 주스 (R),음료 및 차류,과ㆍ채주스,100g,60,0.46,,,435g
과ㆍ채주스_키위 주스 (R),음료 및 차류,과ㆍ채주스,100g,92,0.35,,,400g
과ㆍ채주스_키위 주스 (R),음료 및 차류,과ㆍ채주스,100g,43,0.28,,,360g
과ㆍ채주스_키위 쥬스 (L),음료 및 차류,과ㆍ채주스,100g,45,0.58,,,590g
과ㆍ채주스_키위 쥬스 (R),음료 및 차류,과ㆍ채주스,100g,43,0.56,,,410g
과ㆍ채주스_탐라는감귤 생과일 쥬스,음료 및 차류,과ㆍ채주스,100ml,41,0.5,0.19,10.21,650ml
과ㆍ채주스_완전블루베리 주스,음료 및 차류,과ㆍ채주스,100g,40,0.51,,,584g
과ㆍ채주스_완전성주참외 주스,음료 및 차류,과ㆍ채주스,100g,38,0.51,,,591g
과ㆍ채주스_완전수박 주스,음료 및 차류,과ㆍ채주스,100g,40,0.46,,,650g
과ㆍ채주스_완전토마토 주스,음료 및 차류,과ㆍ채주스,100g,29,0.55,,,543g
과ㆍ채주스_자몽 주스,음료 및 차류,과ㆍ채주스,100g,24,0,,,355g
과ㆍ채주스_자몽 주스 (J),음료 및 차류,과ㆍ채주스,100g,13,0.15,,,651g
과ㆍ채주스_자몽 주스 (L),음료 및 차류,과ㆍ채주스,100g,14,0.21,,,473g
과ㆍ채주스_자몽 주스 (L),음료 및 차류,과ㆍ채주스,100g,34,0.21,,,946g
과ㆍ채주스_자몽 주스 (ML),음료 및 차류,과ㆍ채주스,100g,37,0.28,,,710g
과ㆍ채주스_자몽 주스 (R),음료 및 차류,과ㆍ채주스,100g,26,0.13,,,400g
과ㆍ채주스_자몽 주스 (R),음료 및 차류,과ㆍ채주스,100g,33,0.56,,,360g
과ㆍ채주스_자몽 주스 아이스(ICED),음료 및 차류,과ㆍ채주스,100g,53,0,,,380g
과ㆍ채주스_자몽 주스 핫(HOT),음료 및 차류,과ㆍ채주스,100g,69,0,,,290g
과ㆍ채주스_자몽 후레쉬 주스,음료 및 차류,과ㆍ채주스,100g,21,0.21,,5.11,470g
과ㆍ채주스_제주 한라봉 주스,음료 및 차류,과ㆍ채주스,100ml,32,0.28,,,354ml
과ㆍ채주스_찐수박 100 리얼 수박,음료 및 차류,과ㆍ채주스,100g,20,0.3,,,591g
과ㆍ채주스_청도 홍시 주스,음료 및 차류,과ㆍ채주스,100ml,56,0.19,,,473ml
과ㆍ채주스_청포도 주스 (L),음료 및 차류,과ㆍ채주스,100g,30,0.11,,4.23,946g
과ㆍ채주스_청포도 주스 (ML),음료 및 차류,과ㆍ채주스,100g,28,0.14,,3.8,710g
과ㆍ채주스_오렌지 자몽 주스,음료 및 차류,과ㆍ채주스,100g,27,0.43,,6.38,470g
과ㆍ채주스_오렌지 주스 (L),음료 및 차류,과ㆍ채주스,100g,41,0.32,,4.86,946g
과ㆍ채주스_오렌지 주스 (L),음료 및 차류,과ㆍ채주스,100g,49,0.68,,,575g
과ㆍ채주스_오렌지 주스 (ML),음료 및 차류,과ㆍ채주스,100g,45,0.28,,5.49,710g
과ㆍ채주스_오렌지 주스 (R),음료 및 차류,과ㆍ채주스,100g,46,0.65,,,370g
과ㆍ채주스_오렌지 주스 (R),음료 및 차류,과ㆍ채주스,100g,34,0.56,,,360g
과ㆍ채주스_오렌지 후레쉬 주스,음료 및 차류,과ㆍ채주스,100g,20,0.24,,4.88,410g
과ㆍ채주스_오렌지당근주스,음료 및 차류,과ㆍ채주스,100ml,40,0,0,9.81,591ml
과ㆍ채주스_오리지널 깔라만시 (L),음료 및 차류,과ㆍ채주스,100g,24,0.07,,,590g
과ㆍ채주스_오리지널 깔라만시 (R),음료 및 차류,과ㆍ채주스,100g,23,0.05,,,415g
과ㆍ채주스_오사당,음료 및 차류,과ㆍ채주스,100ml,29,0.33,,,600ml
과ㆍ채주스_오사당 (더벤티),음료 및 차류,과ㆍ채주스,100ml,28,0.31,,,960ml
과ㆍ채주스_오사당 오렌지/사과/당근,음료 및 차류,과ㆍ채주스,100g,29,0.34,,,591g
과ㆍ채주스_완전 딸기 주스,음료 및 차류,과ㆍ채주스,100ml,32,0.28,,,710ml
과ㆍ채주스_완전 망고 주스,음료 및 차류,과ㆍ채주스,100ml,34,0.28,,,710ml
과ㆍ채주스_완전 블루베리 주스,음료 및 차류,과ㆍ채주스,100ml,33,0.42,,,710ml
과ㆍ채주스_완전딸기 주스,음료 및 차류,과ㆍ채주스,100g,36,0.32,,,625g
과ㆍ채주스_완전망고 주스,음료 및 차류,과ㆍ채주스,100g,39,0.32,,,625g
과ㆍ채주스_수박 주스,음료 및 차류,과ㆍ채주스,100g,100,1.45,,,124.1
과ㆍ채주스_수박 주스,음료 및 차류,과ㆍ채주스,100ml,21,0.41,,,591ml
과ㆍ채주스_수박 주스,음료 및 차류,과ㆍ채주스,100g,21,0.41,,,591g
과ㆍ채주스_수박 주스,음료 및 차류,과ㆍ채주스,100g,25,0.24,,,591g
과ㆍ채주스_수박 주스,음료 및 차류,과ㆍ채주스,100g,50,0.53,0,12.11,190g
과ㆍ채주스_수박 주스 (L),음료 및 차류,과ㆍ채주스,100g,25,0.21,,2.75,946g
과ㆍ채주스_수박 주스 (ML),음료 및 차류,과ㆍ채주스,100g,24,0.14,,2.39,710g
과ㆍ채주스_수박머스캣 소다,음료 및 차류,과ㆍ채주스,100g,66,0,,,415g
과ㆍ채주스_수박파인 펀치,음료 및 차류,과ㆍ채주스,100g,73,0.48,,,415g
과ㆍ채주스_스트로베리 주스,음료 및 차류,과ㆍ채주스,100g,53,0.39,0,13.16,190g
과ㆍ채주스_스트로베리 주스,음료 및 차류,과ㆍ채주스,100g,32,0.21,,7.66,470g
과ㆍ채주스_애플망고 주스 (L),음료 및 차류,과ㆍ채주스,100g,34,0.19,,,480g
과ㆍ채주스_옐로우 클렌즈,음료 및 차류,과ㆍ채주스,100ml,29,0.28,,,360ml
과ㆍ채주스_옐로우 펀치,음료 및 차류,과ㆍ채주스,100g,30,0.28,0.03,,420g
과ㆍ채주스_오곡바나나 주스,음료 및 차류,과ㆍ채주스,100g,68,1.91,,,591g
과ㆍ채주스_오렌지 당근 착즙 주스,음료 및 차류,과ㆍ채주스,100ml,34,0.28,,,354ml
과ㆍ채주스_오렌지 썸머,음료 및 차류,과ㆍ채주스,100g,27,0.3,0.01,,420g
과ㆍ채주스_오렌지 자몽 생과일 주스,음료 및 차류,과ㆍ채주스,100ml,40,0.42,,,472ml
과ㆍ채주스_비트 사과 주스,음료 및 차류,과ㆍ채주스,100g,31,0.24,,,415g
과ㆍ채주스_비트파인애플 주스,음료 및 차류,과ㆍ채주스,100g,34,0.21,,8.3,470g
과ㆍ채주스_사과 비트 착즙 주스,음료 및 차류,과ㆍ채주스,100ml,35,0.28,,,354ml
과ㆍ채주스_사과_당근,음료 및 차류,과ㆍ채주스,100g,38,0.23,0.03,9.14,100g
과ㆍ채주스_사딸비,음료 및 차류,과ㆍ채주스,100ml,29,0.17,,,600ml
과ㆍ채주스_사딸비 (더벤티),음료 및 차류,과ㆍ채주스,100ml,29,0.21,,,960ml
과ㆍ채주스_사딸비 사과/딸기/비트,음료 및 차류,과ㆍ채주스,100g,29,0.17,,,591g
과ㆍ채주스_살구 주스 (L),음료 및 차류,과ㆍ채주스,100ml,41,0.2,,8.6,1000m
과ㆍ채주스_살구 주스 (ML),음료 및 차류,과ㆍ채주스,100ml,44,0.14,,9.72,710ml
과ㆍ채주스_생과일 수박 주스,음료 및 차류,과ㆍ채주스,100g,33,0.48,,,414g
과ㆍ채주스_생과일 토마토 주스,음료 및 차류,과ㆍ채주스,100g,31,0.48,,,414g
과ㆍ채주스_생과일주스 딸기,음료 및 차류,과ㆍ채주스,100ml,55,0.23,,,600ml
과ㆍ채주스_샤인머스켓 그린주스,음료 및 차류,과ㆍ채주스,100ml,37,0.14,0.02,9.07,591ml
과ㆍ채주스_샤인머스켓케일주스,음료 및 차류,과ㆍ채주스,100ml,40,0,0,9.81,591ml
과ㆍ채주스_선샤인 애플 주스 사과,음료 및 차류,과ㆍ채주스,100ml,45,0.17,,,415ml
과ㆍ채주스_선셋 복숭아 주스 살구복숭아,음료 및 차류,과ㆍ채주스,100ml,49,0.29,,,415ml
과ㆍ채주스_설향 생딸기 주스,음료 및 차류,과ㆍ채주스,100ml,44,0.28,,,354ml
과ㆍ채주스_수박 주스,음료 및 차류,과ㆍ채주스,100g,29,0.43,0.21,6.38,470g
과ㆍ채주스_배 주스 (Max),음료 및 차류,과ㆍ채주스,100g,51,0.12,,,605g
과ㆍ채주스_배 주스 (R),음료 및 차류,과ㆍ채주스,100g,52,0.18,,,415g
과ㆍ채주스_베리&바나나 주스,음료 및 차류,과ㆍ채주스,100g,44,0.77,,,440g
과ㆍ채주스_봄 딸기 주스,음료 및 차류,과ㆍ채주스,100ml,40,0.27,,,415ml
과ㆍ채주스_블랙베리 주스,음료 및 차류,과ㆍ채주스,100g,34,0.21,,8.3,470g
과ㆍ채주스_블루베리 주스 (L),음료 및 차류,과ㆍ채주스,100g,32,0,,2.64,946g
과ㆍ채주스_블루베리 주스 (ML),음료 및 차류,과ㆍ채주스,100g,35,0,,2.96,710g
과ㆍ채주스_비타민 주스 딸기 (Grande),음료 및 차류,과ㆍ채주스,100ml,53,0.21,,,480ml
과ㆍ채주스_비타민 주스 딸기 (Tall),음료 및 차류,과ㆍ채주스,100ml,53,0.28,,,360ml
과ㆍ채주스_비타민 주스 딸기 (Venti),음료 및 차류,과ㆍ채주스,100ml,44,0.14,,,720ml
과ㆍ채주스_비타민 주스 파인애플 (Grande),음료 및 차류,과ㆍ채주스,100ml,42,0.21,,,480ml
과ㆍ채주스_비타민 주스 파인애플 (Tall),음료 및 차류,과ㆍ채주스,100ml,43,0.28,,,360ml
과ㆍ채주스_비타민 주스 파인애플 (Venti),음료 및 차류,과ㆍ채주스,100ml,35,0.14,,,720ml
과ㆍ채주스_비타민 클린 주스 레몬밀싹,음료 및 차류,과ㆍ채주스,100g,33,0.42,,,473g
과ㆍ채주스_비타민 클린 주스 사과당근,음료 및 차류,과ㆍ채주스,100g,27,0.42,,,473g
과ㆍ채주스_비타민 클린 주스 진저파인,음료 및 차류,과ㆍ채주스,100g,27,0.42,,,473g
과ㆍ채주스_비타민주스 딸기,음료 및 차류,과ㆍ채주스,100g,54,0.15,,,355g
과ㆍ채주스_비타민주스 파인애플,음료 및 차류,과ㆍ채주스,100g,43,0.15,,,355g
피자_치킨 바베큐 피자 치즈롤 (F),빵 및 과자류,피자,100g,259,13.95,,,1319
피자_치킨 바베큐 피자 치즈롤 (L),빵 및 과자류,피자,100g,259,13.71,,,991.6
피자_치킨 바베큐 피자 치즈롤 (P),빵 및 과자류,피자,100g,259,13.85,,,1661
피자_치킨 피자,빵 및 과자류,피자,100g,139,7.86,,,100g
피자_치킨바베큐 (R),빵 및 과자류,피자,100g,228,11.79,,,454.2
피자_치킨바베큐 피자 (F),빵 및 과자류,피자,100g,251,11.9,,,1007g
피자_치킨바베큐 피자 (L),빵 및 과자류,피자,100g,250,12.81,,,1094
피자_치킨바베큐 피자 (L),빵 및 과자류,피자,100g,251,12.3,,,748g
피자_치킨바베큐 피자 (L),빵 및 과자류,피자,100g,228,12.5,,,720g
피자_치킨바베큐 피자 (L),빵 및 과자류,피자,100g,249,18.31,,,1133g
피자_치킨바베큐 피자 (P),빵 및 과자류,피자,100g,251,11.72,,,1280g
피자_치킨바베큐 피자 (R),빵 및 과자류,피자,100g,251,12.32,,,413g
피자_치킨바베큐 피자 (XL),빵 및 과자류,피자,100g,267,15.93,,,1080g
피자_치킨바베큐 피자 밀도우 (L),빵 및 과자류,피자,100g,108,7.72,,,990g
피자_치킨바베큐 피자 밀도우 (R),빵 및 과자류,피자,100g,72,5.16,,,620g
피자_치킨바베큐 피자 씬도우 (L),빵 및 과자류,피자,100g,108,7.73,,,780g
피자_치킨바베큐 피자 씬도우 (R),빵 및 과자류,피자,100g,72,5.15,,,520g
피자_치킨바베큐 피자밀도우(L),빵 및 과자류,피자,100g,108,7.72,,,990g
피자_치킨바베큐 피자밀도우(R),빵 및 과자류,피자,100g,72,5.16,,,620g
피자_점보페퍼로니피자,빵 및 과자류,피자,100g,274,14.39,,,1304g
피자_치킨 바베큐 골드링 씬,빵 및 과자류,피자,100g,253,12.36,,,1066
피자_치킨 바베큐 스파이시 갈릭 치즈롤 (F),빵 및 과자류,피자,100g,241,13.69,,,1279
피자_치킨 바베큐 스파이시 갈릭 치즈롤 (L),빵 및 과자류,피자,100g,241,13.69,,,924.6
피자_치킨 바베큐 스파이시 갈릭 치즈롤 (P),빵 및 과자류,피자,100g,241,13.69,,,1722
피자_치킨 바베큐 씬,빵 및 과자류,피자,100g,255,13.06,,,804.8
피자_치킨 바베큐 치즈롤 (F),빵 및 과자류,피자,100g,236,13.53,,,1284
피자_치킨 바베큐 치즈롤 (L),빵 및 과자류,피자,100g,236,13.53,,,928.3
피자_치킨 바베큐 치즈롤 (P),빵 및 과자류,피자,100g,236,13.53,,,1728
피자_치킨 바베큐 크루아상,빵 및 과자류,피자,100g,272,12.06,,,717.6
피자_치킨 바베큐 피자 골드링 (F),빵 및 과자류,피자,100g,266,14.09,,,1305
피자_치킨 바베큐 피자 골드링 (L),빵 및 과자류,피자,100g,266,13.74,,,873.7
피자_치킨 바베큐 피자 골드링 (P),빵 및 과자류,피자,100g,266,13.59,,,1765
피자_치킨 바베큐 피자 골드링씬 (F),빵 및 과자류,피자,100g,278,12.41,,,1289
피자_치킨 바베큐 피자 씬 (F),빵 및 과자류,피자,100g,280,13.73,,,990.4
피자_치킨 바베큐 피자 오리지널 (F),빵 및 과자류,피자,100g,251,11.92,,,1006
피자_치킨 바베큐 피자 오리지널 (L),빵 및 과자류,피자,100g,251,12.3,,,748g
피자_치킨 바베큐 피자 오리지널 (P),빵 및 과자류,피자,100g,251,11.72,,,1279
피자_치킨 바베큐 피자 오리지널 (R),빵 및 과자류,피자,100g,251,12.34,,,413.3
라떼_영암 고구마 라떼 핫(HOT),음료 및 차류,라떼,100ml,76,1.69,,,473ml
라떼_영암고구마 라떼 아이스(ICED),음료 및 차류,라떼,100ml,61,1.32,1.6,10.24,650ml
라떼_영암고구마 라떼 핫(HOT),음료 및 차류,라떼,100ml,92,2.25,2.81,14.22,500ml
라떼_오곡 라떼,음료 및 차류,라떼,100ml,81,2.78,,,360ml
라떼_오곡 라떼,음료 및 차류,라떼,100g,65,1.65,2.15,9.79,100g
라떼_오곡 라떼 아이스(ICED),음료 및 차류,라떼,100g,69,2.22,,,360g
라떼_오곡 라떼 아이스(ICED),음료 및 차류,라떼,100ml,92,3.55,,,591ml
라떼_오곡 라떼 아이스(ICED) (L),음료 및 차류,라떼,100g,90,2.14,,,523g
라떼_오곡 라떼 아이스(ICED) (L),음료 및 차류,라떼,100g,54,2.22,,,450g
라떼_오곡 라떼 아이스(ICED) (R),음료 및 차류,라떼,100g,53,2.22,,,360g
라떼_오곡 라떼 아이스(ICED) (R),음료 및 차류,라떼,100g,63,1.5,,,468g
라떼_오곡 라떼 저당 라떼 핫(HOT),음료 및 차류,라떼,100ml,65,2.46,,,651ml
라떼_오곡 라떼 저당 아이스(ICED),음료 및 차류,라떼,100ml,48,1.86,,,591ml
라떼_오곡 라떼 핫(HOT),음료 및 차류,라떼,100g,81,2.78,,,360g
라떼_오곡 라떼 핫(HOT),음료 및 차류,라떼,100ml,96,3.53,,,651ml
라떼_오곡 라떼 핫(HOT) (L),음료 및 차류,라떼,100g,83,3.33,,,450g
라떼_오곡 라떼 핫(HOT) (L),음료 및 차류,라떼,100g,129,3.67,,,368g
피자_치킨 바베큐 골드링 (L),빵 및 과자류,피자,100g,242,13.54,,,968.7
피자_치킨 바베큐 골드링 (P),빵 및 과자류,피자,100g,242,13.54,,,1804
라떼_아이스버블 밀크티 라떼 아이스(ICED) (L),음료 및 차류,라떼,100g,82,1.69,,,473g
라떼_아이스버블 밀크티 라떼 아이스(ICED) (R),음료 및 차류,라떼,100g,74,1.45,,,414g
라떼_아이스크림 딸기 라떼,음료 및 차류,라떼,100g,75,2.5,,,360g
라떼_아이스크림 라떼 아이스(ICED),음료 및 차류,라떼,100ml,70,1.46,,,473ml
라떼_아이스크림 라떼 아이스(ICED) (더벤티),음료 및 차류,라떼,100ml,74,1.04,,,960ml
라떼_아이스크림 망고 라떼,음료 및 차류,라떼,100g,75,1.67,,,360g
라떼_아이스크림 콜드브루 라떼,음료 및 차류,라떼,100g,67,2.21,2.09,,420g
라떼_앙버터 라떼,음료 및 차류,라떼,100g,135,1.86,3.41,,360g
라떼_애플망고 아이스볼 라떼,음료 및 차류,라떼,100g,47,0.67,,,550g
라떼_약과 오트라떼 아이스(ICED),음료 및 차류,라떼,100g,73,0.34,,,591g
라떼_약과 오트라떼 핫(HOT),음료 및 차류,라떼,100g,82,0.51,,,591g
라떼_얼그레이 밀크티 라떼 아이스(ICED),음료 및 차류,라떼,100ml,70,2.54,,,355ml
라떼_얼그레이 밀크티 라떼 아이스(ICED) (L),음료 및 차류,라떼,100g,48,1.56,,,450g
라떼_얼그레이 밀크티 라떼 아이스(ICED) (R),음료 및 차류,라떼,100g,48,1.67,,,360g
라떼_얼그레이 밀크티 라떼 핫(HOT),음료 및 차류,라떼,100g,70,2.54,,,355g
라떼_얼그레이 밀크티 라떼 핫(HOT) (L),음료 및 차류,라떼,100g,59,1.78,,,450g
라떼_얼그레이 밀크티 라떼 핫(HOT) (R),음료 및 차류,라떼,100g,59,1.67,,,360g
라떼_얼그레이 크림 라떼 아이스(ICED),음료 및 차류,라떼,100ml,85,2.03,,,237ml
라떼_영암 고구마 라떼 아이스(ICED),음료 및 차류,라떼,100ml,61,1.48,,,473ml
라떼_시나몬크림초코 아이스(ICED) (R),음료 및 차류,라떼,100g,57,1.29,,,241g
라떼_쌍화 라떼,음료 및 차류,라떼,100g,93,3.1,,,355g
라떼_쌍화 라떼 아이스(ICED),음료 및 차류,라떼,100ml,49,1.27,,,710ml
라떼_쌍화 라떼 핫(HOT),음료 및 차류,라떼,100ml,80,1.69,,,473ml
라떼_쌍화라떼 아이스(ICED),음료 및 차류,라떼,100g,83,1.33,,,360g
라떼_쌍화라떼 핫(HOT),음료 및 차류,라떼,100g,109,2.42,,,360g
라떼_쑥 라떼 아이스(ICED) (L),음료 및 차류,라떼,100g,80,2.54,,,473g
라떼_쑥 라떼 아이스(ICED) (Max),음료 및 차류,라떼,100g,72,2.2,,,591g
라떼_쑥 라떼 아이스(ICED) (R),음료 및 차류,라떼,100g,69,2.17,,,414g
라떼_쑥 라떼 핫(HOT) (L),음료 및 차류,라떼,100g,75,1.9,,,473g
라떼_쑥 라떼 핫(HOT) (R),음료 및 차류,라떼,100g,80,1.97,,,355g
라떼_아몬드코코넛 라떼 아이스(ICED) (Grande),음료 및 차류,라떼,100ml,76,2.08,,,480ml
라떼_아몬드코코넛 라떼 아이스(ICED) (Mini Venti),음료 및 차류,라떼,100ml,70,1.93,,,570ml
라떼_아몬드코코넛 라떼 아이스(ICED) (Tall),음료 및 차류,라떼,100ml,70,1.95,,,360ml
라떼_아몬드코코넛 라떼 아이스(ICED) (Venti),음료 및 차류,라떼,100ml,66,1.67,,,720ml
라떼_아몬드코코넛 라떼 핫(HOT) (Grande),음료 및 차류,라떼,100ml,75,2.29,,,480ml
라떼_아몬드코코넛 라떼 핫(HOT) (Mini Venti),음료 및 차류,라떼,100ml,73,2.11,,,570ml
라떼_아몬드코코넛 라떼 핫(HOT) (Tall),음료 및 차류,라떼,100ml,82,2.5,,,360ml
라떼_아몬드코코넛 라떼 핫(HOT) (Venti),음료 및 차류,라떼,100ml,66,1.81,,,720ml
기타차_피치 아삭 오로라티,음료 및 차류,기타차,100g,50,0.06,,,477g
라떼_스트로베리 라떼 아이스(ICED) (L),음료 및 차류,라떼,100ml,53,1.69,,,473ml
라떼_스트로베리 라떼 아이스(ICED) (Mini Venti),음료 및 차류,라떼,100ml,85,1.58,,,570ml
라떼_스트로베리 라떼 아이스(ICED) (R),음료 및 차류,라떼,100ml,52,1.69,,,355ml
라떼_스트로베리 라떼 아이스(ICED) (Tall),음료 및 차류,라떼,100ml,92,1.67,,,360ml
라떼_스트로베리 라떼 아이스(ICED) (Venti),음료 및 차류,라떼,100ml,76,1.53,,,720ml
라떼_스트로베리 바나나 라떼 아이스(ICED) (ML),음료 및 차류,라떼,100g,54,0.99,,6.9,710g
라떼_스트로베리 바나나크림 아이스(ICED),음료 및 차류,라떼,100ml,102,1.67,,,480ml
라떼_슬림 딸기 라떼 아이스(ICED),음료 및 차류,라떼,100g,27,1.33,,,100g
라떼_슬림 딸기 요거트 라떼 아이스(ICED),음료 및 차류,라떼,100g,25,1.34,,,100g
라떼_슬림 리얼 생 초코 라떼 아이스(ICED),음료 및 차류,라떼,100g,31,1.96,,,100g
라떼_슬림 리얼 생초코 라떼 (Venti),음료 및 차류,라떼,100ml,31,1.96,,,650ml
라떼_슬림 망고 라떼 아이스(ICED),음료 및 차류,라떼,100g,33,1.17,,,100g
라떼_슬림 타로 라떼 (Venti),음료 및 차류,라떼,100ml,31,1.56,,,650ml
라떼_슬림 타로 라떼 (초대용량),음료 및 차류,라떼,100ml,31,1.56,,,850ml
라떼_시그리처 라떼 아이스(ICED) (L),음료 및 차류,라떼,100ml,71,1.13,,,532ml
라떼_시나몬 크림 초코 핫(HOT) (L),음료 및 차류,라떼,100g,88,2.84,,,324g
라떼_시나몬 크림 초코 핫(HOT) (R),음료 및 차류,라떼,100g,105,3.32,,,211g
라떼_시나몬크림초코 아이스(ICED) (L),음료 및 차류,라떼,100g,54,1.46,,,384g
라떼_생딸기 라떼,음료 및 차류,라떼,100g,52,1.21,,,414g
라떼_샤이닝 슈가 아이스(ICED) (L),음료 및 차류,라떼,100g,48,1.27,,6.34,946g
라떼_샤이닝 슈가 아이스(ICED) (ML),음료 및 차류,라떼,100g,44,1.13,,5.49,710g
라떼_설향 딸기 라떼 아이스(ICED),음료 및 차류,라떼,100ml,45,0.99,,,473ml
라떼_설향 생딸기 라떼,음료 및 차류,라떼,100ml,99,1.7,,,354ml
라떼_솔티드 카라멜 마키아토 아이스(ICED),음료 및 차류,라떼,100ml,55,1.39,,,591ml
라떼_솔티드 카라멜 마키아토 핫(HOT),음료 및 차류,라떼,100ml,79,2.24,,,473ml
라떼_순수 딸기 바나나 우유,음료 및 차류,라떼,100g,67,1.39,,,360g
라떼_순수 딸기 우유,음료 및 차류,라떼,100g,74,1.39,,,360g
라떼_순수 우유 보틀 딸기,음료 및 차류,라떼,100g,141,1.33,,,300g
라떼_순수 우유 보틀 딸기바나나,음료 및 차류,라떼,100g,229,5,,,300g
라떼_순수 우유 보틀 딸기바나나 요거트,음료 및 차류,라떼,100g,124,2.67,,,300g
라떼_순수 우유 보틀 딸기요거트,음료 및 차류,라떼,100g,110,2.33,,,300g
라떼_순수우유 딸기,음료 및 차류,라떼,100ml,74,1.39,,,360ml
라떼_순수우유 딸기바나나,음료 및 차류,라떼,100ml,67,1.39,,,360ml
라떼_슈파티 라떼,음료 및 차류,라떼,100g,127,2.54,,,591g
라떼_스트로베리 그린티 치즈크림 아이스(ICED),음료 및 차류,라떼,100ml,121,1.88,,,480ml
라떼_스트로베리 라떼,음료 및 차류,라떼,100g,192,2.25,,,355g
라떼_스트로베리 라떼 아이스(ICED) (Grande),음료 및 차류,라떼,100ml,87,1.67,,,480ml
기타차_피치 보이 핫(HOT),음료 및 차류,기타차,100ml,0,11.44,,,473ml
라떼_브라운슈가버블 라떼 아이스(ICED),음료 및 차류,라떼,100ml,60,1.35,,,591ml
라떼_브라운슈가버블 라떼 핫(HOT),음료 및 차류,라떼,100ml,54,1.23,,,651ml
라떼_블랙 슈가 밀크,음료 및 차류,라떼,100g,65,1.41,0.96,,420g
라떼_블랙 슈가 카페 라떼,음료 및 차류,라떼,100g,61,1.23,0.76,,420g
라떼_블랙 타이거 라떼 아이스(ICED),음료 및 차류,라떼,100g,181,5.59,6.75,24.3,200g
라떼_블랙 타이거 라떼 핫(HOT),음료 및 차류,라떼,100g,170,5.79,7.26,20.21,285g
라떼_블랙빈 라떼 아이스(ICED),음료 및 차류,라떼,100ml,57,1.65,2.01,7.88,650ml
라떼_블랙빈 라떼 핫(HOT),음료 및 차류,라떼,100ml,87,2.68,3.34,11.14,500ml
라떼_블랙슈가 버블 밀크 아이스(ICED),음료 및 차류,라떼,100ml,65,1.42,,,473ml
라떼_블랙펄 라떼 아이스(ICED),음료 및 차류,라떼,100ml,56,1.13,,,710ml
라떼_블루베리 라떼,음료 및 차류,라떼,100g,65,1.42,1.51,11.45,100g
라떼_블루베리라떼 아이스(ICED),음료 및 차류,라떼,100ml,91,0.81,2.3,16.58,591ml
라떼_빅바나 리얼초코 아이스(ICED),음료 및 차류,라떼,100ml,53,1.72,1.93,8.09,940ml
라떼_빅바나 미숫가루 라떼 아이스(ICED),음료 및 차류,라떼,100ml,73,3.51,3.16,11.36,650ml
라떼_산타 코코넛 애플티 라떼 아이스(ICED),음료 및 차류,라떼,100ml,52,1.15,1.22,9.04,591ml
라떼_생강 라떼,음료 및 차류,라떼,100g,60,2.82,,,355g
라떼_생강 라떼,음료 및 차류,라떼,100g,132,2.14,,,100g
피자_치킨 바베큐 골드링 (F),빵 및 과자류,피자,100g,242,13.54,,,1340
라떼_밤 라떼 아이스(ICED) (Tall),음료 및 차류,라떼,100ml,60,1.95,,,360ml
라떼_밤 라떼 아이스(ICED) (Venti),음료 및 차류,라떼,100ml,45,1.39,,,720ml
라떼_밤 라떼 핫(HOT),음료 및 차류,라떼,100g,62,3.1,,,355g
라떼_밤 라떼 핫(HOT) (Grande),음료 및 차류,라떼,100ml,58,1.88,,,480ml
라떼_밤 라떼 핫(HOT) (Mini Venti),음료 및 차류,라떼,100ml,55,1.58,,,570ml
라떼_밤 라떼 핫(HOT) (Tall),음료 및 차류,라떼,100ml,64,1.95,,,360ml
라떼_밤 라떼 핫(HOT) (Venti),음료 및 차류,라떼,100ml,48,1.39,,,720ml
라떼_밤고구마 라떼 아이스(ICED) (L),음료 및 차류,라떼,100ml,61,1.21,,,473ml
라떼_밤고구마 라떼 아이스(ICED) (R),음료 및 차류,라떼,100ml,56,1.16,,,415ml
라떼_밤고구마 라떼 핫(HOT) (L),음료 및 차류,라떼,100ml,77,1.99,,,473ml
라떼_밤고구마 라떼 핫(HOT) (R),음료 및 차류,라떼,100ml,67,1.71,,,415ml
라떼_버블 흑당 라떼 아이스(ICED) (EX),음료 및 차류,라떼,100ml,86,1.32,,,680ml
라떼_버블 흑당 라떼 아이스(ICED) (R),음료 및 차류,라떼,100ml,74,1.21,,,414ml
라떼_버블흑당 라떼,음료 및 차류,라떼,100g,64,0.97,,,414g
라떼_베리큐브 아이스(ICED) (L),음료 및 차류,라떼,100ml,74,2.54,,,473ml
라떼_베리큐브 아이스(ICED) (R),음료 및 차류,라떼,100ml,67,1.97,,,355ml
라떼_봄 딸기 아이스크림 라떼 아이스(ICED),음료 및 차류,라떼,100ml,66,1.23,,,415ml
라떼_브라운샷버블 라떼 아이스(ICED),음료 및 차류,라떼,100g,62,1.35,,,591g
라떼_브라운샷버블 라떼 핫(HOT),음료 및 차류,라떼,100g,56,1.23,,,650g
기타차_피치 보이 아이스(ICED),음료 및 차류,기타차,100ml,0,11.44,,,473ml
라떼_밀크폼 홍시 라떼,음료 및 차류,라떼,100g,101,1.11,,,360g
라떼_밀크폼 흑임자 버블 라떼,음료 및 차류,라떼,100g,70,1.08,,,463g
라떼_바나나 라떼 아이스(ICED),음료 및 차류,라떼,100ml,42,1.27,,,710ml
라떼_바나나 라떼 아이스(ICED) (R),음료 및 차류,라떼,100ml,86,1.5,,,393ml
라떼_바나나 라떼 핫(HOT),음료 및 차류,라떼,100ml,64,1.9,,,473ml
라떼_바나나듬뿍 아이스(ICED) (L),음료 및 차류,라떼,100g,83,1.16,,7.29,946g
라떼_바닐라,음료 및 차류,라떼,100g,72,2.58,3.17,8.38,100g
라떼_바닐라 크럼블 아이스크림 라떼 아이스(ICED),음료 및 차류,라떼,100g,92,1.64,,,414g
라떼_바닐라 크럼블 아이스크림 라떼 아이스(ICED),음료 및 차류,라떼,100ml,112,2.03,,,414ml
라떼_바닐라라떼 아이스(ICED),음료 및 차류,라떼,100ml,34,0.86,1.15,4.83,591ml
라떼_바닐라라떼 핫(HOT),음료 및 차류,라떼,100ml,44,1.27,1.69,5.51,591ml
라떼_바닐라볼 밀크티 라떼 아이스(ICED) (Grande),음료 및 차류,라떼,100ml,68,1.25,,,480ml
라떼_바닐라볼 밀크티 라떼 아이스(ICED) (Mini Venti),음료 및 차류,라떼,100ml,71,1.23,,,570ml
라떼_바닐라볼 밀크티 라떼 아이스(ICED) (Tall),음료 및 차류,라떼,100ml,76,1.39,,,360ml
라떼_바닐라볼 밀크티 라떼 아이스(ICED) (Venti),음료 및 차류,라떼,100ml,68,1.11,,,720ml
라떼_밤 라떼 아이스(ICED),음료 및 차류,라떼,100g,58,2.82,,,355g
라떼_밤 라떼 아이스(ICED) (Grande),음료 및 차류,라떼,100ml,56,1.67,,,480ml
라떼_밤 라떼 아이스(ICED) (Mini Venti),음료 및 차류,라떼,100ml,52,1.58,,,570ml
라떼_밀크티 라떼 핫(HOT),음료 및 차류,라떼,100ml,84,2.77,,,651ml
라떼_밀크티 라떼 핫(HOT),음료 및 차류,라떼,100g,90,2.5,,,360g
라떼_밀크티 라떼 핫(HOT) (Grande),음료 및 차류,라떼,100ml,75,29.16,,,480ml
라떼_밀크티 라떼 핫(HOT) (L),음료 및 차류,라떼,100g,60,2.4,,,400g
라떼_밀크티 라떼 핫(HOT) (Mini Venti),음료 및 차류,라떼,100ml,72,28.24,,,570ml
라떼_밀크티 라떼 핫(HOT) (R),음료 및 차류,라떼,100g,60,2.42,,,340g
라떼_밀크티 라떼 핫(HOT) (Tall),음료 및 차류,라떼,100ml,79,32.5,,,360ml
라떼_밀크티 라떼 핫(HOT) (Venti),음료 및 차류,라떼,100ml,64,25.28,,,720ml
라떼_밀크티 버블 라떼,음료 및 차류,라떼,100g,55,1.52,,,100g
라떼_밀크티 버블 라떼 (L),음료 및 차류,라떼,100g,67,1.11,,,450g
라떼_밀크티 브라운 슈가 버블 라떼 (R),음료 및 차류,라떼,100g,80,1.11,,,360g
라떼_밀크폼 그린티 버블 라떼,음료 및 차류,라떼,100g,64,1.04,,,480g
라떼_밀크폼 단호박 라떼,음료 및 차류,라떼,100g,52,1.11,,,360g
라떼_밀크폼 달고나 버블 라떼,음료 및 차류,라떼,100g,83,1.3,,,463g
라떼_밀크폼 달고나 카페 버블 라떼,음료 및 차류,라떼,100g,70,1.08,,,463g
라떼_밀크폼 쑥 버블 라떼,음료 및 차류,라떼,100g,63,0.65,,,463g
라떼_밀크폼 쑥임자 버블 라떼,음료 및 차류,라떼,100g,72,0.86,,,463g
라떼_밀크폼 자색고구마 라떼,음료 및 차류,라떼,100g,73,1.67,,,360g
라떼_밀크폼 초코 버블 라떼,음료 및 차류,라떼,100g,63,1.25,,,480g
라떼_민트쵸코 라떼 아이스(ICED),음료 및 차류,라떼,100g,31,1.36,,,420g
라떼_민트쵸코 라떼 핫(HOT),음료 및 차류,라떼,100g,56,1.79,,,420g
라떼_민트쿠키 라떼 아이스(ICED),음료 및 차류,라떼,100g,108,3.38,,,591g
라떼_민트쿠키 라떼 핫(HOT),음료 및 차류,라떼,100g,104,3.23,,,650g
라떼_민트크림초코,음료 및 차류,라떼,100g,67,1.25,2.17,10.5,100g
라떼_민트크림초코 라떼 아이스(ICED),음료 및 차류,라떼,100g,60,1.18,,,591g
라떼_민트크림초코 라떼 핫(HOT),음료 및 차류,라떼,100g,67,1.57,,,591g
라떼_밀크티,음료 및 차류,라떼,100g,61,1.65,1.83,9.47,100g
라떼_밀크티 라떼,음료 및 차류,라떼,100ml,90,2.5,,,360ml
라떼_밀크티 라떼 아이스(ICED),음료 및 차류,라떼,100ml,91,3.05,,,591ml
라떼_밀크티 라떼 아이스(ICED),음료 및 차류,라떼,100g,66,1.67,,,360g
라떼_밀크티 라떼 아이스(ICED),음료 및 차류,라떼,100g,56,1.69,,,354g
라떼_밀크티 라떼 아이스(ICED) (Grande),음료 및 차류,라떼,100ml,67,1.25,,,480ml
라떼_밀크티 라떼 아이스(ICED) (L),음료 및 차류,라떼,100g,27,0.87,,,450g
라떼_밀크티 라떼 아이스(ICED) (Mini Venti),음료 및 차류,라떼,100ml,63,1.23,,,570ml
라떼_밀크티 라떼 아이스(ICED) (R),음료 및 차류,라떼,100g,27,0.86,,,400g
라떼_밀크티 라떼 아이스(ICED) (Tall),음료 및 차류,라떼,100ml,72,1.67,,,360ml
라떼_밀크티 라떼 아이스(ICED) (Venti),음료 및 차류,라떼,100ml,57,1.11,,,720ml
라떼_밀크티 라떼 핫(HOT),음료 및 차류,라떼,100g,72,2.54,,,354g
라떼_민트초코 라떼 핫(HOT),음료 및 차류,라떼,100g,84,1.57,,13.9,446g
라떼_민트초코 라떼 핫(HOT),음료 및 차류,라떼,100ml,133,2.83,,,354ml
라떼_민트초코 라떼 핫(HOT),음료 및 차류,라떼,100g,127,3.38,,,325g
라떼_민트초코 라떼 핫(HOT) (Grande),음료 및 차류,라떼,100ml,73,2.08,,,480ml
라떼_민트초코 라떼 핫(HOT) (L),음료 및 차류,라떼,100g,70,1.79,,,946g
라떼_민트초코 라떼 핫(HOT) (L),음료 및 차류,라떼,100g,113,2.7,,,400g
라떼_민트초코 라떼 핫(HOT) (L),음료 및 차류,라떼,100g,118,2.59,,,436g
라떼_민트초코 라떼 핫(HOT) (M),음료 및 차류,라떼,100g,68,1.96,,,591g
라떼_민트초코 라떼 핫(HOT) (ML),음료 및 차류,라떼,100ml,52,1.55,,7.04,710ml
라떼_민트초코 라떼 핫(HOT) (Mini Venti),음료 및 차류,라떼,100ml,68,1.75,,,570ml
라떼_민트초코 라떼 핫(HOT) (R),음료 및 차류,라떼,100g,113,2.71,,,340g
라떼_민트초코 라떼 핫(HOT) (R),음료 및 차류,라떼,100g,132,2.84,,,339g
라떼_민트초코 라떼 핫(HOT) (Tall),음료 및 차류,라떼,100ml,79,2.22,,,360ml
라떼_민트초코 라떼 핫(HOT) (Venti),음료 및 차류,라떼,100ml,61,1.53,,,720ml
라떼_민트초코 아이스(ICED),음료 및 차류,라떼,100g,89,1.41,,,354g
라떼_민트초코 핫(HOT),음료 및 차류,라떼,100g,118,2.54,,,354g
라떼_민트초코오레오라떼 아이스(ICED),음료 및 차류,라떼,100ml,88,1.57,3.86,9.56,591ml
라떼_민트초콜릿 아이스(ICED),음료 및 차류,라떼,100g,84,1.58,,,414g
라떼_민트초콜릿 핫(HOT),음료 및 차류,라떼,100g,90,2.07,,,414g
라떼_민트모히또 라떼 핫(HOT) (L),음료 및 차류,라떼,100ml,103,1.32,,,532ml
라떼_민트초코 라떼 아이스(ICED),음료 및 차류,라떼,100g,71,1.86,,,700g
라떼_민트초코 라떼 아이스(ICED),음료 및 차류,라떼,100g,109,2.33,,17.1,386g
라떼_민트초코 라떼 아이스(ICED),음료 및 차류,라떼,100g,70,2.82,,,355g
라떼_민트초코 라떼 아이스(ICED),음료 및 차류,라떼,100ml,31,1.36,,,420ml
라떼_민트초코 라떼 아이스(ICED),음료 및 차류,라떼,100ml,107,1.41,,,354ml
라떼_민트초코 라떼 아이스(ICED) (Grande),음료 및 차류,라떼,100ml,69,1.88,,,480ml
라떼_민트초코 라떼 아이스(ICED) (L),음료 및 차류,라떼,100g,78,1.4,,,450g
라떼_민트초코 라떼 아이스(ICED) (L),음료 및 차류,라떼,100g,84,1.45,,,531g
라떼_민트초코 라떼 아이스(ICED) (L),음료 및 차류,라떼,100g,66,1.49,,,946g
라떼_민트초코 라떼 아이스(ICED) (L),음료 및 차류,라떼,100ml,49,1.3,,7,1000m
라떼_민트초코 라떼 아이스(ICED) (M),음료 및 차류,라떼,100g,56,1.24,,,591g
라떼_민트초코 라떼 아이스(ICED) (ML),음료 및 차류,라떼,100ml,46,1.27,,6.62,710ml
라떼_민트초코 라떼 아이스(ICED) (Mini Venti),음료 및 차류,라떼,100ml,65,1.75,,,570ml
라떼_민트초코 라떼 아이스(ICED) (R),음료 및 차류,라떼,100g,74,1.2,,,499g
라떼_민트초코 라떼 아이스(ICED) (R),음료 및 차류,라떼,100g,78,1.4,,,400g
라떼_민트초코 라떼 아이스(ICED) (Tall),음료 및 차류,라떼,100ml,72,1.95,,,360ml
라떼_민트초코 라떼 아이스(ICED) (Venti),음료 및 차류,라떼,100ml,59,1.53,,,720ml
라떼_민트초코 라떼 핫(HOT),음료 및 차류,라떼,100g,77,3.38,,,355g
라떼_미숫가루 라떼 아이스(ICED) (L),음료 및 차류,라떼,100g,81,2.68,,,946g
라떼_미숫가루 라떼 아이스(ICED) (R),음료 및 차류,라떼,100g,66,2.43,,,400g
라떼_미숫가루 라떼 핫(HOT),음료 및 차류,라떼,100ml,88,3,,,600ml
라떼_미숫가루 라떼 핫(HOT) (L),음료 및 차류,라떼,100g,58,2.14,,,946g
라떼_미숫가루 라떼 핫(HOT) (M),음료 및 차류,라떼,100g,60,2.18,,,591g
라떼_미숫가루 아이스(ICED) (L),음료 및 차류,라떼,100g,43,1.28,,,450g
라떼_미숫가루 아이스(ICED) (R),음료 및 차류,라떼,100g,39,1.08,,,400g
라떼_민트 초코 라떼 아이스(ICED),음료 및 차류,라떼,100ml,70,1.83,,,710ml
라떼_민트 초코 라떼 핫(HOT),음료 및 차류,라떼,100ml,87,2.33,,,473ml
라떼_민트 초콜릿 라떼 아이스(ICED),음료 및 차류,라떼,100g,60,0.97,,,515g
라떼_민트 초콜릿 라떼 핫(HOT),음료 및 차류,라떼,100g,131,2.12,,,245g
라떼_민트 초콜릿 아이스(ICED),음료 및 차류,라떼,100ml,83,1.69,,,414ml
라떼_민트 초콜릿 아이스(ICED),음료 및 차류,라떼,100g,74,2.41,,,415g
라떼_민트 초콜릿 핫(HOT),음료 및 차류,라떼,100ml,83,1.69,,,414ml
라떼_민트 초콜릿 핫(HOT),음료 및 차류,라떼,100g,80,2.6,,,385g
라떼_민트 쵸코 라떼 핫(HOT),음료 및 차류,라떼,100ml,56,1.79,,,420ml
라떼_민트모히또 라떼 아이스(ICED) (EX),음료 및 차류,라떼,100ml,83,1.03,,,680ml
라떼_민트모히또 라떼 아이스(ICED) (L),음료 및 차류,라떼,100ml,84,0.94,,,532ml
라떼_민트모히또 라떼 핫(HOT) (EX),음료 및 차류,라떼,100ml,105,1.38,,,651ml
라떼_망고라떼,음료 및 차류,라떼,100g,49,1.39,,,360g
라떼_망고라떼 아이스(ICED),음료 및 차류,라떼,100ml,94,0.81,2.3,17.43,591ml
라떼_망고큐브 아이스(ICED) (L),음료 및 차류,라떼,100ml,76,2.33,,,473ml
라떼_망고큐브 아이스(ICED) (R),음료 및 차류,라떼,100ml,70,1.97,,,355ml
라떼_머스캣 밀크티 라떼 아이스(ICED) (L),음료 및 차류,라떼,100g,46,1.56,,,450g
라떼_머스캣 밀크티 라떼 아이스(ICED) (R),음료 및 차류,라떼,100g,46,1.67,,,360g
라떼_머스캣 밀크티 라떼 핫(HOT) (L),음료 및 차류,라떼,100g,67,2.22,,,450g
라떼_머스캣 밀크티 라떼 핫(HOT) (R),음료 및 차류,라떼,100g,67,2.22,,,360g
라떼_메가초코 라떼 아이스(ICED),음료 및 차류,라떼,100g,67,1.27,,,591g
라떼_메가초코 라떼 핫(HOT),음료 및 차류,라떼,100g,86,2.01,,,591g
라떼_멜팅초코 아이스(ICED),음료 및 차류,라떼,100ml,84,1.5,,,600ml
라떼_멜팅초코 아이스(ICED) (더벤티),음료 및 차류,라떼,100ml,83,1.46,,,960ml
라떼_멜팅초코 핫(HOT),음료 및 차류,라떼,100ml,98,2.17,,,600ml
라떼_무안 군고구마 라떼 아이스(ICED) (L),음료 및 차류,라떼,100ml,55,1.2,,8.7,1000m
라떼_무안 군고구마 라떼 아이스(ICED) (ML),음료 및 차류,라떼,100ml,55,1.13,,9.01,710ml
라떼_무안 군고구마 라떼 핫(HOT) (ML),음료 및 차류,라떼,100ml,61,1.41,,9.43,710ml
라떼_미숫가루 라떼 아이스(ICED),음료 및 차류,라떼,100ml,77,2.5,,,600ml
라떼_미숫가루 라떼 아이스(ICED),음료 및 차류,라떼,100ml,50,2.43,2.13,8.05,650ml
라떼_미숫가루 라떼 아이스(ICED) (L),음료 및 차류,라떼,100g,85,2.61,,,450g
라떼_리얼프리미엄 바닐라 (R),음료 및 차류,라떼,100g,139,2.68,,,243g
라떼_리얼프리미엄 초코 (L),음료 및 차류,라떼,100g,159,3.75,,,451g
라떼_리얼프리미엄 초코 (R),음료 및 차류,라떼,100g,159,3.75,,,301g
라떼_마스카포네치즈 라떼,음료 및 차류,라떼,100g,64,1.26,,,100g
라떼_마카롱파티 라떼,음료 및 차류,라떼,100g,229,2.54,,,591g
라떼_말차 라떼 아이스(ICED),음료 및 차류,라떼,100ml,63,1.33,,,600ml
라떼_말차 라떼 아이스(ICED) (L),음료 및 차류,라떼,100g,52,1.44,,,946g
라떼_말차 라떼 아이스(ICED) (L),음료 및 차류,라떼,100ml,47,1.5,,7.2,1000m
라떼_말차 라떼 아이스(ICED) (M),음료 및 차류,라떼,100g,52,1.29,,,591g
라떼_말차 라떼 아이스(ICED) (ML),음료 및 차류,라떼,100ml,44,1.41,,6.76,710ml
라떼_말차 라떼 아이스(ICED) (더벤티),음료 및 차류,라떼,100ml,75,1.46,,,960ml
라떼_말차 라떼 핫(HOT),음료 및 차류,라떼,100ml,71,1.67,,,600ml
라떼_말차 라떼 핫(HOT) (L),음료 및 차류,라떼,100g,59,1.75,,,946g
라떼_말차 라떼 핫(HOT) (M),음료 및 차류,라떼,100g,68,2.05,,,591g
라떼_말차 라떼 핫(HOT) (ML),음료 및 차류,라떼,100ml,50,1.69,,7.32,710ml
라떼_말차베리 라떼,음료 및 차류,라떼,100g,75,1.89,0.49,,360g
라떼_망고 라떼 아이스(ICED),음료 및 차류,라떼,100ml,54,1.18,,,473ml
라떼_망고 사고 펄 블랜딩 (Tall),음료 및 차류,라떼,100ml,79,0.71,,,360ml
라떼_망고 청사과 사고 펄 블랜딩 (Tall),음료 및 차류,라떼,100ml,33,0.18,,,360ml
라떼_로얄 밀크티 라떼 핫(HOT),음료 및 차류,라떼,100g,39,1.4,,,591g
라떼_로얄 밀크티 아이스(ICED),음료 및 차류,라떼,100ml,43,1.12,1.15,7.06,591ml
라떼_로얄 밀크티 핫(HOT),음료 및 차류,라떼,100ml,39,1.4,1.22,5.65,591ml
라떼_리얼 단호박 라떼,음료 및 차류,라떼,100g,68,4,2,8.77,375g
라떼_리얼 생초코 라떼 (초대용량),음료 및 차류,라떼,100ml,50,1.76,,,850ml
라떼_리얼 쇼콜라 아이스(ICED),음료 및 차류,라떼,100ml,104,2.28,,,473ml
라떼_리얼 쇼콜라 핫(HOT),음료 및 차류,라떼,100ml,116,2.75,,,473ml
라떼_리얼 초코 아이스(ICED),음료 및 차류,라떼,100g,104,2.28,,,473g
라떼_리얼 초코 핫(HOT),음료 및 차류,라떼,100g,116,2.75,,,473g
라떼_리얼 홍시라떼,음료 및 차류,라떼,100g,96,0.83,,,360g
라떼_리얼군고구마 라떼,음료 및 차류,라떼,100g,60,1.56,,,100g
라떼_리얼딸기우유,음료 및 차류,라떼,100ml,65,0.73,,,600ml
라떼_리얼초코 라떼 아이스(ICED),음료 및 차류,라떼,100ml,115,3.72,,,591ml
라떼_리얼초코 라떼 핫(HOT),음료 및 차류,라떼,100ml,110,3.53,,,651ml
라떼_리얼초코 아이스(ICED),음료 및 차류,라떼,100ml,50,1.66,1.89,7.28,650ml
라떼_리얼초코 핫(HOT),음료 및 차류,라떼,100ml,76,2.6,3.05,10.22,500ml
라떼_리얼프리미엄 모카 (L),음료 및 차류,라떼,100g,168,3,,,424g
라떼_리얼프리미엄 모카 (R),음료 및 차류,라떼,100g,169,2.92,,,274g
라떼_리얼프리미엄 바닐라 (L),음료 및 차류,라떼,100g,143,3.15,,,355g
기타차_핑크 리치 프룻티,음료 및 차류,기타차,100g,51,0.04,,,458g
라떼_딸기 망고 라떼 아이스(ICED) (Venti),음료 및 차류,라떼,100ml,65,0.97,,,720ml
라떼_딸기 슈페너 아이스(ICED) (Grande),음료 및 차류,라떼,100ml,53,1.04,,,480ml
라떼_딸기 슈페너 아이스(ICED) (Mini Venti),음료 및 차류,라떼,100ml,54,1.05,,,570ml
라떼_딸기 슈페너 아이스(ICED) (Tall),음료 및 차류,라떼,100ml,58,1.39,,,360ml
라떼_딸기 초코 라떼,음료 및 차류,라떼,100g,80,2.17,,,415g
라떼_딸기 크리미 라떼 아이스(ICED),음료 및 차류,라떼,100ml,70,1.29,3.31,8.48,650ml
라떼_딸기꾹꾹 라떼 아이스(ICED),음료 및 차류,라떼,100g,95,1.03,,,453g
라떼_딸기꾹꾹 라떼 아이스(ICED) 빅사이즈,음료 및 차류,라떼,100g,95,1.03,,,630g
라떼_딸기라떼 아이스(ICED),음료 및 차류,라떼,100ml,71,0.88,2.3,11.17,591ml
라떼_딸기버블 라떼 아이스(ICED),음료 및 차류,라떼,100g,85,1.18,,,591g
라떼_딸기쏙쏙 아이스(ICED) (L),음료 및 차류,라떼,100g,42,0.85,,3.07,946g
라떼_라이트 슬림 망고 라떼 노슈거 (Venti),음료 및 차류,라떼,100ml,27,0.78,,,650ml
라떼_라이트 슬림 망고 라떼 노슈거 (초대용량),음료 및 차류,라떼,100ml,27,0.78,,,850ml
라떼_레드벨벳 라떼 아이스(ICED),음료 및 차류,라떼,100ml,57,1.56,,,360ml
라떼_레드벨벳 라떼 핫(HOT),음료 및 차류,라떼,100ml,82,2.64,,,360ml
라떼_로얄 밀크티 라떼 아이스(ICED),음료 및 차류,라떼,100g,43,1.12,,,591g
라떼_로얄 밀크티 라떼 아이스(ICED),음료 및 차류,라떼,100ml,65,1.7,,,354ml
라떼_로얄 밀크티 라떼 핫(HOT),음료 및 차류,라떼,100ml,81,2.54,,,354ml
라떼_딸기 라떼 아이스(ICED),음료 및 차류,라떼,100ml,46,1.17,1.36,6.94,650ml
라떼_딸기 라떼 아이스(ICED),음료 및 차류,라떼,100ml,47,1.13,,,710ml
라떼_딸기 라떼 아이스(ICED),음료 및 차류,라떼,100g,50,1,,9.8,500g
라떼_딸기 라떼 아이스(ICED),음료 및 차류,라떼,100ml,62,0.98,0.93,12.44,591ml
라떼_딸기 라떼 아이스(ICED),음료 및 차류,라떼,100ml,102,2.54,,,591ml
라떼_딸기 라떼 아이스(ICED) (Grande),음료 및 차류,라떼,100ml,58,1.25,,,480ml
라떼_딸기 라떼 아이스(ICED) (L),음료 및 차류,라떼,100ml,42,0.8,,1.8,1000m
라떼_딸기 라떼 아이스(ICED) (L),음료 및 차류,라떼,100ml,55,1.29,,,473ml
라떼_딸기 라떼 아이스(ICED) (L),음료 및 차류,라떼,100g,58,1.33,,,946g
라떼_딸기 라떼 아이스(ICED) (M),음료 및 차류,라떼,100g,51,1.22,,,591g
라떼_딸기 라떼 아이스(ICED) (ML),음료 및 차류,라떼,100ml,39,0.85,,1.69,710ml
라떼_딸기 라떼 아이스(ICED) (Mini Venti),음료 및 차류,라떼,100ml,57,1.23,,,570ml
라떼_딸기 라떼 아이스(ICED) (R),음료 및 차류,라떼,100ml,55,1.28,,,415ml
라떼_딸기 라떼 아이스(ICED) (Tall),음료 및 차류,라떼,100ml,63,1.39,,,360ml
라떼_딸기 라떼 아이스(ICED) (Venti),음료 및 차류,라떼,100ml,57,1.25,,,720ml
라떼_딸기 라떼 아이스(ICED) (더벤티),음료 및 차류,라떼,100ml,54,1.15,,,960ml
라떼_딸기 망고 라떼 아이스(ICED) (Grande),음료 및 차류,라떼,100ml,67,1.04,,,480ml
라떼_딸기 망고 라떼 아이스(ICED) (Mini Venti),음료 및 차류,라떼,100ml,64,1.05,,,570ml
라떼_딸기 망고 라떼 아이스(ICED) (Tall),음료 및 차류,라떼,100ml,73,1.11,,,360ml
라떼_딸기 (R),음료 및 차류,라떼,100g,56,1.19,,,377g
라떼_딸기 그린티 라떼,음료 및 차류,라떼,100g,60,1.93,,,415g
라떼_딸기 두유 슈페너 아이스(ICED) (Grande),음료 및 차류,라떼,100ml,48,1.67,,,480ml
라떼_딸기 두유 슈페너 아이스(ICED) (Tall),음료 및 차류,라떼,100ml,52,1.95,,,360ml
라떼_딸기 두유 슈페너 아이스(ICED) (Venti),음료 및 차류,라떼,100ml,39,1.25,,,720ml
라떼_딸기 듬뿍 라떼,음료 및 차류,라떼,100ml,69,0.84,,,560ml
라떼_딸기 듬뿍 라떼 (EX),음료 및 차류,라떼,100ml,43,1.03,,,680ml
라떼_딸기 듬뿍 라떼 (L),음료 및 차류,라떼,100g,60,1.39,,,455.2
라떼_딸기 듬뿍 라떼 (R),음료 및 차류,라떼,100ml,52,1.21,,,414ml
라떼_딸기 듬뿍 라떼 (XL),음료 및 차류,라떼,100g,61,1.3,,,612.8
라떼_딸기 라떼,음료 및 차류,라떼,100g,48,2.5,,,360g
라떼_딸기 라떼,음료 및 차류,라떼,100g,106,1.2,4.7,14.7,375g
라떼_딸기 라떼,음료 및 차류,라떼,100g,45,1.28,,,470g
라떼_딸기 라떼,음료 및 차류,라떼,100g,65,1.36,2.21,9.87,100g
라떼_딸기 라떼 (L),음료 및 차류,라떼,100g,56,1,,,500g
라떼_딸기 라떼 (R),음료 및 차류,라떼,100g,71,1.63,0.72,,360g
라떼_딸기 라떼 (R),음료 및 차류,라떼,100g,53,0.79,,,380g
라떼_딸기 라떼 (초대용량),음료 및 차류,라떼,100ml,52,1.04,,,850ml
라떼_딸기 라떼 아이스(ICED),음료 및 차류,라떼,100ml,51,1,,,600ml
기타차_피치우롱스위티 핫(HOT),음료 및 차류,기타차,100ml,32,0.21,,,473ml
라떼_돌체 민트초콜릿 라떼 아이스(ICED) (R),음료 및 차류,라떼,100ml,62,1.71,,,415ml
라떼_돌체 민트초콜릿 라떼 핫(HOT) (L),음료 및 차류,라떼,100ml,87,2.85,,,473ml
라떼_돌체 민트초콜릿 라떼 핫(HOT) (R),음료 및 차류,라떼,100ml,75,2.43,,,415ml
라떼_디카페인 민트 모카 아이스(ICED),음료 및 차류,라떼,100ml,78,1.5,,,532ml
라떼_디카페인 민트 모카 핫(HOT),음료 및 차류,라떼,100ml,90,2.07,,,532ml
라떼_디카페인 민트 모히또 라떼 아이스(ICED) (EX),음료 및 차류,라떼,100ml,82,0.88,,,680ml
라떼_디카페인 민트 모히또 라떼 아이스(ICED) (L),음료 및 차류,라떼,100ml,83,0.94,,,532ml
라떼_디카페인 민트 모히또 라떼 핫(HOT) (EX),음료 및 차류,라떼,100ml,104,1.23,,,651ml
라떼_디카페인 민트 모히또 라떼 핫(HOT) (L),음료 및 차류,라떼,100ml,102,1.13,,,532ml
라떼_디카페인 바닐라 크럼블 아이스크림 라떼 아이스(ICED),음료 및 차류,라떼,100g,92,1.59,,,414g
라떼_디카페인 바닐라 크럼블 아이스크림 라떼 아이스(ICED),음료 및 차류,라떼,100ml,110,1.88,,,414ml
라떼_딥 화이트초코 딸기 라떼 아이스(ICED),음료 및 차류,라떼,100ml,65,1.02,,,591ml
라떼_딥초코 라떼 아이스(ICED) (L),음료 및 차류,라떼,100g,46,1.37,,6.34,946g
라떼_딥초코 라떼 아이스(ICED) (ML),음료 및 차류,라떼,100g,41,1.27,,5.63,710g
라떼_딥초코 라떼 핫(HOT) (ML),음료 및 차류,라떼,100g,59,1.86,,7.45,591g
라떼_딥초코버블 라떼 아이스(ICED),음료 및 차류,라떼,100g,70,2.03,,,591g
라떼_딥초코버블 라떼 핫(HOT),음료 및 차류,라떼,100g,67,2,,,650g
라떼_딸기 (L),음료 및 차류,라떼,100g,61,0.93,,,473g
라떼_달고나 크림밀크 아이스(ICED),음료 및 차류,라떼,100g,176,1.48,,,473g
라떼_달고나밀크,음료 및 차류,라떼,100g,48,1.39,,,433g
라떼_달달한 밤 말차크림 라떼 아이스(ICED) (R),음료 및 차류,라떼,100ml,90,0.75,,,415ml
라떼_달달한 밤 말차크림 라떼 핫(HOT) (R),음료 및 차류,라떼,100ml,103,0.89,,,415ml
라떼_달콤 구름 라떼,음료 및 차류,라떼,100g,44,1.2,,,415g
라떼_대추 라떼 아이스(ICED),음료 및 차류,라떼,100ml,52,1.41,,,710ml
라떼_대추 라떼 핫(HOT),음료 및 차류,라떼,100ml,81,1.69,,,473ml
라떼_더블 초코라떼 아이스(ICED),음료 및 차류,라떼,100ml,67,1.9,,,473ml
라떼_더블 초코라떼 핫(HOT),음료 및 차류,라떼,100ml,106,2.75,,,473ml
라떼_더블 초콜릿 라떼 아이스(ICED) (L),음료 및 차류,라떼,100ml,105,3.81,,,473ml
라떼_더블 초콜릿 라떼 아이스(ICED) (R),음료 및 차류,라떼,100ml,112,3.94,,,355ml
라떼_더블 초콜릿 라떼 핫(HOT) (L),음료 및 차류,라떼,100g,105,3.81,,,473g
라떼_더블 초콜릿 라떼 핫(HOT) (R),음료 및 차류,라떼,100g,112,3.94,,,355g
라떼_더블 토피넛 라떼 아이스(ICED),음료 및 차류,라떼,100g,113,1.45,,,414g
라떼_더블 토피넛 라떼 핫(HOT),음료 및 차류,라떼,100g,123,1.93,,,414g
라떼_더블초코라떼 아이스(ICED),음료 및 차류,라떼,100ml,62,1.34,3.06,8.32,591ml
라떼_더블초코라떼 핫(HOT),음료 및 차류,라떼,100ml,66,1.47,3.23,8.93,591ml
라떼_도넛파티 라떼,음료 및 차류,라떼,100g,181,2.03,,,591g
라떼_돌체 민트초콜릿 라떼 아이스(ICED) (L),음료 및 차류,라떼,100ml,72,2.01,,,473ml
라떼_단호박 라떼 핫(HOT) (Tall),음료 및 차류,라떼,100ml,60,2.22,,,360ml
라떼_단호박 라떼 핫(HOT) (Venti),음료 및 차류,라떼,100ml,44,1.53,,,720ml
라떼_달고나 라떼,음료 및 차류,라떼,100g,71,1.33,,,100g
라떼_달고나 라떼,음료 및 차류,라떼,100ml,102,1.25,,,360ml
라떼_달고나 라떼,음료 및 차류,라떼,100g,46,1.27,,,473g
라떼_달고나 라떼 아이스(ICED),음료 및 차류,라떼,100g,64,1.45,,,651g
라떼_달고나 라떼 아이스(ICED),음료 및 차류,라떼,100ml,57,1.22,,,591ml
라떼_달고나 라떼 아이스(ICED),음료 및 차류,라떼,100g,64,1.57,,9.56,650g
라떼_달고나 라떼 아이스(ICED),음료 및 차류,라떼,100g,57,1.22,,,591g
라떼_달고나 라떼 아이스(ICED) (EX),음료 및 차류,라떼,100ml,63,1.47,,,680ml
라떼_달고나 라떼 아이스(ICED) (R),음료 및 차류,라떼,100ml,69,1.45,,,414ml
라떼_달고나 라떼 핫(HOT),음료 및 차류,라떼,100g,82,2.03,,,473g
라떼_달고나 라떼 핫(HOT),음료 및 차류,라떼,100g,86,2.14,,12.58,500g
라떼_달고나 라떼 핫(HOT),음료 및 차류,라떼,100g,67,1.45,,,414g
라떼_달고나 라떼 핫(HOT),음료 및 차류,라떼,100ml,82,2.03,,,473ml
라떼_달고나 버블 라떼,음료 및 차류,라떼,100g,69,0.26,,,100g
라떼_달고나 카페 라떼,음료 및 차류,라떼,100g,69,1.39,,,100g
라떼_달고나 카페 버블 라떼,음료 및 차류,라떼,100ml,80,1.25,,,480ml
라떼_달고나 크림 밀크 아이스(ICED),음료 및 차류,라떼,100ml,119,1.04,,,480ml
라떼_녹차 라떼 핫(HOT),음료 및 차류,라떼,100g,68,1.69,,,591g
라떼_녹차 라떼 핫(HOT),음료 및 차류,라떼,100ml,47,1.54,1.2,7.63,591ml
라떼_녹차 라떼 핫(HOT) (EX),음료 및 차류,라떼,100ml,72,2.46,,,651ml
라떼_녹차 라떼 핫(HOT) (L),음료 및 차류,라떼,100g,95,2.91,,,330g
라떼_녹차 라떼 핫(HOT) (ML),음료 및 차류,라떼,100g,60,2.03,,9.14,591g
라떼_녹차 라떼 핫(HOT) (R),음료 및 차류,라떼,100g,93,2.93,,,263g
라떼_다크 쇼콜라 아이스(ICED),음료 및 차류,라떼,100g,77,1.83,,,360g
라떼_다크 쇼콜라 핫(HOT),음료 및 차류,라떼,100g,101,3.08,,,360g
라떼_다크초코 라떼 아이스(ICED),음료 및 차류,라떼,100g,52,0.85,,,508g
라떼_다크초코 라떼 핫(HOT),음료 및 차류,라떼,100g,117,1.93,,,238g
라떼_단호박 라떼,음료 및 차류,라떼,100g,59,1.59,,,100g
라떼_단호박 라떼 아이스(ICED),음료 및 차류,라떼,100g,54,2.82,,,355g
라떼_단호박 라떼 아이스(ICED) (Grande),음료 및 차류,라떼,100ml,52,1.88,,,480ml
라떼_단호박 라떼 아이스(ICED) (Mini Venti),음료 및 차류,라떼,100ml,50,1.75,,,570ml
라떼_단호박 라떼 아이스(ICED) (Tall),음료 및 차류,라떼,100ml,56,1.95,,,360ml
라떼_단호박 라떼 아이스(ICED) (Venti),음료 및 차류,라떼,100ml,44,1.53,,,720ml
라떼_단호박 라떼 핫(HOT),음료 및 차류,라떼,100g,58,3.1,,,355g
라떼_단호박 라떼 핫(HOT) (Grande),음료 및 차류,라떼,100ml,54,1.88,,,480ml
라떼_단호박 라떼 핫(HOT) (Mini Venti),음료 및 차류,라떼,100ml,45,1.58,,,570ml
라떼_넛츠 크림 라떼 아이스(ICED),음료 및 차류,라떼,100ml,81,1.69,,,532ml
라떼_녹차 라떼,음료 및 차류,라떼,100g,56,1.51,,,100g
라떼_녹차 라떼,음료 및 차류,라떼,100g,57,1.59,1.4,9.61,100g
라떼_녹차 라떼 아이스(ICED),음료 및 차류,라떼,100g,48,1.45,,,415g
라떼_녹차 라떼 아이스(ICED),음료 및 차류,라떼,100g,57,1.39,,,591g
라떼_녹차 라떼 아이스(ICED),음료 및 차류,라떼,100ml,49,1.44,1.3,7.83,591ml
라떼_녹차 라떼 아이스(ICED),음료 및 차류,라떼,100ml,46,1.45,,,414ml
라떼_녹차 라떼 아이스(ICED),음료 및 차류,라떼,100ml,61,1.45,1.66,10,650ml
라떼_녹차 라떼 아이스(ICED),음료 및 차류,라떼,100ml,55,1.48,,,420ml
라떼_녹차 라떼 아이스(ICED),음료 및 차류,라떼,100ml,51,1.27,,,710ml
라떼_녹차 라떼 아이스(ICED),음료 및 차류,라떼,100g,59,1.35,,,591g
라떼_녹차 라떼 아이스(ICED) (EX),음료 및 차류,라떼,100ml,50,1.47,,,680ml
라떼_녹차 라떼 아이스(ICED) (L),음료 및 차류,라떼,100g,49,1.48,,7.93,946g
라떼_녹차 라떼 아이스(ICED) (ML),음료 및 차류,라떼,100g,44,1.27,,7.04,710g
라떼_녹차 라떼 핫(HOT),음료 및 차류,라떼,100ml,102,2.54,,,473ml
라떼_녹차 라떼 핫(HOT),음료 및 차류,라떼,100ml,92,2.4,2.83,13.85,500ml
라떼_녹차 라떼 핫(HOT),음료 및 차류,라떼,100g,51,1.56,,,385g
라떼_녹차 라떼 핫(HOT),음료 및 차류,라떼,100g,82,2.24,,,473g
라떼_녹차 라떼 핫(HOT),음료 및 차류,라떼,100ml,66,2.34,,,384ml
라떼_그린티 라떼 핫(HOT) (R),음료 및 차류,라떼,100g,98,3.11,,,225g
라떼_그린티 라떼 핫(HOT) (R),음료 및 차류,라떼,100g,77,2.82,,,355g
라떼_그린티 라떼 핫(HOT) (R),음료 및 차류,라떼,100g,84,3,,,340g
라떼_그린티 라떼 핫(HOT) (Tall),음료 및 차류,라떼,100ml,68,2.22,,,360ml
라떼_그린티 라떼 핫(HOT) (Venti),음료 및 차류,라떼,100ml,54,1.39,,,720ml
라떼_그린티라떼 아이스(ICED),음료 및 차류,라떼,100ml,55,1.27,1.96,8.02,591ml
라떼_그린티라떼 핫(HOT),음료 및 차류,라떼,100ml,67,1.78,2.63,8.87,591ml
라떼_꿀 딸기 라떼,음료 및 차류,라떼,100g,49,1.18,,,595g
라떼_꿀 망고 라떼,음료 및 차류,라떼,100g,57,0.84,,,595g
라떼_꿀 복숭아 라떼,음료 및 차류,라떼,100g,54,0.84,,,595g
라떼_꿀 자몽 라떼,음료 및 차류,라떼,100g,66,0.84,,,595g
라떼_꿀밤 라떼 아이스(ICED),음료 및 차류,라떼,100ml,61,1.27,,,710ml
라떼_꿀밤 라떼 핫(HOT),음료 및 차류,라떼,100ml,108,2.54,,,473ml
라떼_꿀호떡 in절미 라떼,음료 및 차류,라떼,100g,70,1.67,,,360g
라떼_꿀호떡 in절미 크림라떼,음료 및 차류,라떼,100g,82,1.46,,,480g
라떼_꿀호떡 밀크폼 버블라떼,음료 및 차류,라떼,100g,57,1.04,,,480g
라떼_낭만 달고나 라떼 아이스(ICED),음료 및 차류,라떼,100g,102,1.25,,,360g
라떼_낭만 달고나 라떼 핫(HOT),음료 및 차류,라떼,100g,110,1.25,,,360g
피자_치킨바베큐 피자씬도우(L),빵 및 과자류,피자,100g,108,7.73,,,780g
라떼_그린티 라떼 아이스(ICED) (R),음료 및 차류,라떼,100g,57,1.82,,,385g
라떼_그린티 라떼 아이스(ICED) (R),음료 및 차류,라떼,100g,52,1.58,,,400g
라떼_그린티 라떼 아이스(ICED) (R),음료 및 차류,라떼,100ml,70,2.25,,,355ml
라떼_그린티 라떼 아이스(ICED) (R),음료 및 차류,라떼,100g,56,1.32,,,385g
라떼_그린티 라떼 아이스(ICED) (R),음료 및 차류,라떼,100g,58,1.21,,,414g
라떼_그린티 라떼 아이스(ICED) (Tall),음료 및 차류,라떼,100ml,61,1.67,,,360ml
라떼_그린티 라떼 아이스(ICED) (Venti),음료 및 차류,라떼,100ml,52,1.39,,,720ml
라떼_그린티 라떼 핫(HOT),음료 및 차류,라떼,100g,121,1.25,,,240g
라떼_그린티 라떼 핫(HOT),음료 및 차류,라떼,100g,93,2.5,,,360g
라떼_그린티 라떼 핫(HOT),음료 및 차류,라떼,100g,65,3.1,,,355g
라떼_그린티 라떼 핫(HOT),음료 및 차류,라떼,100g,112,1.57,,,230g
라떼_그린티 라떼 핫(HOT),음료 및 차류,라떼,100ml,79,2.24,,,473ml
라떼_그린티 라떼 핫(HOT),음료 및 차류,라떼,100ml,78,2.31,,,360ml
라떼_그린티 라떼 핫(HOT),음료 및 차류,라떼,100g,73,2.54,,,354g
라떼_그린티 라떼 핫(HOT) (Grande),음료 및 차류,라떼,100ml,63,1.88,,,480ml
라떼_그린티 라떼 핫(HOT) (L),음료 및 차류,라떼,100g,98,2.97,,,337g
라떼_그린티 라떼 핫(HOT) (L),음료 및 차류,라떼,100g,71,2.54,,,473g
라떼_그린티 라떼 핫(HOT) (L),음료 및 차류,라떼,100g,97,3.3,,,400g
라떼_그린티 라떼 핫(HOT) (Mini Venti),음료 및 차류,라떼,100ml,61,1.75,,,570ml
라떼_그린민트 초콜릿 핫(HOT),음료 및 차류,라떼,100g,140,3.23,6.77,16.45,310g
라떼_그린애플 요거트 라떼,음료 및 차류,라떼,100ml,51,0.4,,,600ml
라떼_그린티,음료 및 차류,라떼,100g,76,2.97,2.56,10.33,100g
라떼_그린티 라떼,음료 및 차류,라떼,100ml,93,2.5,,,360ml
라떼_그린티 라떼 아이스(ICED),음료 및 차류,라떼,100g,56,1.69,,,354g
라떼_그린티 라떼 아이스(ICED),음료 및 차류,라떼,100ml,55,1.39,,,591ml
라떼_그린티 라떼 아이스(ICED),음료 및 차류,라떼,100g,59,2.54,,,355g
라떼_그린티 라떼 아이스(ICED),음료 및 차류,라떼,100ml,64,1.72,,,360ml
라떼_그린티 라떼 아이스(ICED),음료 및 차류,라떼,100g,66,1.36,,,440g
라떼_그린티 라떼 아이스(ICED),음료 및 차류,라떼,100g,66,1.67,,,360g
라떼_그린티 라떼 아이스(ICED),음료 및 차류,라떼,100g,52,0.72,,,473g
라떼_그린티 라떼 아이스(ICED) (Grande),음료 및 차류,라떼,100ml,59,1.67,,,480ml
라떼_그린티 라떼 아이스(ICED) (L),음료 및 차류,라떼,100g,63,1.8,,,450g
라떼_그린티 라떼 아이스(ICED) (L),음료 및 차류,라떼,100g,66,2.01,,,497g
라떼_그린티 라떼 아이스(ICED) (L),음료 및 차류,라떼,100ml,70,2.33,,,473ml
라떼_그린티 라떼 아이스(ICED) (L),음료 및 차류,라떼,100g,63,1.53,,,530g
라떼_그린티 라떼 아이스(ICED) (L),음료 및 차류,라떼,100g,66,1.48,,,473g
라떼_그린티 라떼 아이스(ICED) (Max),음료 및 차류,라떼,100g,62,1.35,,,591g
라떼_그린티 라떼 아이스(ICED) (Mini Venti),음료 및 차류,라떼,100ml,57,1.58,,,570ml
라떼_곶감 라떼 아이스(ICED),음료 및 차류,라떼,100g,48,2.25,,,355g
라떼_곶감 라떼 핫(HOT),음료 및 차류,라떼,100g,52,2.25,,,355g
라떼_군고구마 라떼 아이스(ICED),음료 및 차류,라떼,100g,97,2.34,2.77,15.96,470g
라떼_군고구마 라떼 아이스(ICED),음료 및 차류,라떼,100g,97,1.16,,,481g
라떼_군고구마 라떼 아이스(ICED),음료 및 차류,라떼,100ml,52,1.29,,,420ml
라떼_군고구마 라떼 아이스(ICED),음료 및 차류,라떼,100ml,46,1.17,,,600ml
라떼_군고구마 라떼 아이스(ICED) (더벤티),음료 및 차류,라떼,100ml,54,1.36,,,960ml
라떼_군고구마 라떼 아이스(ICED) 빅사이즈,음료 및 차류,라떼,100g,96,1.16,,,648g
라떼_군고구마 라떼 핫(HOT),음료 및 차류,라떼,100g,121,3.26,3.72,18.37,430g
라떼_군고구마 라떼 핫(HOT),음료 및 차류,라떼,100ml,74,2.08,,,360ml
라떼_군고구마 라떼 핫(HOT),음료 및 차류,라떼,100ml,54,1.5,,,600ml
라떼_귀리 미숫가루 라떼,음료 및 차류,라떼,100g,73,2.15,1.35,,420g
라떼_귀리 미숫가루 라떼 아이스(ICED) (L),음료 및 차류,라떼,100ml,65,1.9,,,473ml
라떼_귀리 미숫가루 라떼 아이스(ICED) (R),음료 및 차류,라떼,100ml,65,1.9,,,415ml
라떼_귀리 미숫가루 라떼 핫(HOT) (L),음료 및 차류,라떼,100ml,102,3.11,,,473ml
라떼_귀리 미숫가루 라떼 핫(HOT) (R),음료 및 차류,라떼,100ml,93,2.82,,,415ml
라떼_그린 라떼,음료 및 차류,라떼,100g,90,2.9,3.87,10.97,310g
라떼_그린 라떼 아이스(ICED),음료 및 차류,라떼,100g,54,1.46,1.95,7.8,410g
라떼_그린민트 초콜릿 아이스(ICED),음료 및 차류,라떼,100g,88,1.71,4.15,11.22,410g
라떼_고구마 라떼 핫(HOT) (Mini Venti),음료 및 차류,라떼,100ml,53,1.75,,,570ml
라떼_고구마 라떼 핫(HOT) (R),음료 및 차류,라떼,100g,92,2.74,,,340g
라떼_고구마 라떼 핫(HOT) (R),음료 및 차류,라떼,100g,92,1.97,,,355g
라떼_고구마 라떼 핫(HOT) (R),음료 및 차류,라떼,100g,109,2.11,,,350g
라떼_고구마 라떼 핫(HOT) (R),음료 및 차류,라떼,100g,103,2.22,,,360g
라떼_고구마 라떼 핫(HOT) (Tall),음료 및 차류,라떼,100ml,64,2.22,,,360ml
라떼_고구마 라떼 핫(HOT) (Venti),음료 및 차류,라떼,100ml,46,1.53,,,720ml
라떼_고구마라떼 아이스(ICED),음료 및 차류,라떼,100ml,61,1.18,1.51,10.66,591ml
라떼_고구마라떼 핫(HOT),음료 및 차류,라떼,100ml,70,1.44,1.84,11.64,591ml
라떼_곡물 라떼 아이스(ICED),음료 및 차류,라떼,100ml,60,2.66,,,591ml
라떼_곡물 라떼 아이스(ICED),음료 및 차류,라떼,100ml,66,2.93,2.44,8.07,591ml
라떼_곡물 라떼 핫(HOT),음료 및 차류,라떼,100ml,80,3.72,,,473ml
라떼_곡물 라떼 핫(HOT),음료 및 차류,라떼,100ml,79,3.06,2.56,10.95,591ml
라떼_곡물라떼 아이스(ICED),음료 및 차류,라떼,100ml,76,2.3,2.56,10.82,591ml
라떼_곡물라떼 핫(HOT),음료 및 차류,라떼,100ml,82,2.55,2.9,11.25,591ml
라떼_골드 고구마 라떼 아이스(ICED),음료 및 차류,라떼,100ml,105,2.96,,,304ml
라떼_골드 고구마 라떼 핫(HOT),음료 및 차류,라떼,100g,105,2.96,,,304g
라떼_공주밤 라떼 아이스(ICED),음료 및 차류,라떼,100ml,69,1.35,1.91,11.5,650ml
라떼_공주밤 라떼 핫(HOT),음료 및 차류,라떼,100ml,100,2.18,3.04,15.65,500ml
라떼_고구마 라떼 핫(HOT),음료 및 차류,라떼,100g,69,1.52,,,591g
라떼_고구마 라떼 핫(HOT),음료 및 차류,라떼,100ml,93,2.92,,,651ml
라떼_고구마 라떼 핫(HOT),음료 및 차류,라떼,100g,105,2.69,,,260g
라떼_고구마 라떼 핫(HOT),음료 및 차류,라떼,100ml,53,1.61,1.35,8.49,591ml
라떼_고구마 라떼 핫(HOT),음료 및 차류,라떼,100ml,90,2.22,,,473ml
라떼_고구마 라떼 핫(HOT),음료 및 차류,라떼,100g,61,3.1,,,355g
라떼_고구마 라떼 핫(HOT),음료 및 차류,라떼,100g,72,1.39,,,360g
라떼_고구마 라떼 핫(HOT),음료 및 차류,라떼,100g,88,1.82,,,385g
라떼_고구마 라떼 핫(HOT),음료 및 차류,라떼,100ml,90,2.08,,,384ml
라떼_고구마 라떼 핫(HOT),음료 및 차류,라떼,100g,94,9.73,,,473g
라떼_고구마 라떼 핫(HOT),음료 및 차류,라떼,100ml,98,2.11,,,473ml
라떼_고구마 라떼 핫(HOT),음료 및 차류,라떼,100ml,74,2.45,,,360ml
라떼_고구마 라떼 핫(HOT) (Grande),음료 및 차류,라떼,100ml,57,1.88,,,480ml
라떼_고구마 라떼 핫(HOT) (L),음료 및 차류,라떼,100g,53,1.31,,,946g
라떼_고구마 라떼 핫(HOT) (L),음료 및 차류,라떼,100g,88,1.9,,,473g
라떼_고구마 라떼 핫(HOT) (L),음료 및 차류,라떼,100g,118,2.5,,,440g
라떼_고구마 라떼 핫(HOT) (L),음료 및 차류,라떼,100g,105,2.22,,,450g
라떼_고구마 라떼 핫(HOT) (L),음료 및 차류,라떼,100g,109,3.08,,,400g
라떼_고구마 라떼 핫(HOT) (M),음료 및 차류,라떼,100g,60,1.56,,,591g
라떼_고구마 라떼 아이스(ICED),음료 및 차류,라떼,100ml,58,1.41,,,710ml
라떼_고구마 라떼 아이스(ICED),음료 및 차류,라떼,100ml,55,1.61,,,360ml
라떼_고구마 라떼 아이스(ICED),음료 및 차류,라떼,100g,54,1.39,,,360g
라떼_고구마 라떼 아이스(ICED),음료 및 차류,라떼,100g,81,1.69,,,415g
라떼_고구마 라떼 아이스(ICED),음료 및 차류,라떼,100g,58,2.82,,,355g
라떼_고구마 라떼 아이스(ICED) (Grande),음료 및 차류,라떼,100ml,56,1.88,,,480ml
라떼_고구마 라떼 아이스(ICED) (L),음료 및 차류,라떼,100g,78,1.48,,,473g
라떼_고구마 라떼 아이스(ICED) (L),음료 및 차류,라떼,100g,73,1.28,,,545g
라떼_고구마 라떼 아이스(ICED) (L),음료 및 차류,라떼,100g,57,1.51,,,946g
라떼_고구마 라떼 아이스(ICED) (L),음료 및 차류,라떼,100g,75,2.53,,,450g
라떼_고구마 라떼 아이스(ICED) (L),음료 및 차류,라떼,100g,77,1.33,,,450g
라떼_고구마 라떼 아이스(ICED) (M),음료 및 차류,라떼,100g,50,1.39,,,591g
라떼_고구마 라떼 아이스(ICED) (Mini Venti),음료 및 차류,라떼,100ml,52,1.58,,,570ml
라떼_고구마 라떼 아이스(ICED) (R),음료 및 차류,라떼,100g,52,0.94,,,490g
라떼_고구마 라떼 아이스(ICED) (R),음료 및 차류,라떼,100g,57,1.28,,,400g
라떼_고구마 라떼 아이스(ICED) (R),음료 및 차류,라떼,100g,71,1.45,,,414g
라떼_고구마 라떼 아이스(ICED) (R),음료 및 차류,라떼,100g,75,1.39,,,360g
라떼_고구마 라떼 아이스(ICED) (Tall),음료 및 차류,라떼,100ml,60,1.95,,,360ml
라떼_고구마 라떼 아이스(ICED) (Venti),음료 및 차류,라떼,100ml,46,1.53,,,720ml
라떼_검은콩 라떼 아이스(ICED) (Grande),음료 및 차류,라떼,100ml,57,1.88,,,480ml
라떼_검은콩 라떼 아이스(ICED) (Mini Venti),음료 및 차류,라떼,100ml,55,1.75,,,570ml
라떼_검은콩 라떼 아이스(ICED) (Tall),음료 및 차류,라떼,100ml,58,1.95,,,360ml
라떼_검은콩 라떼 아이스(ICED) (Venti),음료 및 차류,라떼,100ml,50,1.67,,,720ml
라떼_검은콩 라떼 핫(HOT),음료 및 차류,라떼,100g,63,3.38,,,355g
라떼_검은콩 라떼 핫(HOT) (Grande),음료 및 차류,라떼,100ml,61,2.08,,,480ml
라떼_검은콩 라떼 핫(HOT) (Mini Venti),음료 및 차류,라떼,100ml,58,1.93,,,570ml
라떼_검은콩 라떼 핫(HOT) (Tall),음료 및 차류,라떼,100ml,66,2.22,,,360ml
라떼_검은콩 라떼 핫(HOT) (Venti),음료 및 차류,라떼,100ml,52,1.67,,,720ml
라떼_고구마 라떼,음료 및 차류,라떼,100ml,72,1.39,,,360ml
라떼_고구마 라떼,음료 및 차류,라떼,100g,74,1.24,1.68,13.4,100g
라떼_고구마 라떼 아이스(ICED),음료 및 차류,라떼,100ml,95,2.88,,,591ml
라떼_고구마 라떼 아이스(ICED),음료 및 차류,라떼,100g,66,1.37,,,591g
라떼_고구마 라떼 아이스(ICED),음료 및 차류,라떼,100g,60,1.18,,,591g
라떼_고구마 라떼 아이스(ICED),음료 및 차류,라떼,100g,59,1.52,,,460g
라떼_고구마 라떼 아이스(ICED),음료 및 차류,라떼,100ml,42,1.1,1.05,7.06,591ml
라떼_고구마 라떼 아이스(ICED),음료 및 차류,라떼,100ml,83,1.93,,,414ml
라떼_고구마 라떼 아이스(ICED),음료 및 차류,라떼,100g,73,1,,,500g
라떼_고구마 라떼 아이스(ICED),음료 및 차류,라떼,100ml,64,1.37,,,591ml
또띠아_치킨 브리또,빵 및 과자류,또띠아,100g,220,9.66,,,145g
또띠아_치킨 치즈 브리또,빵 및 과자류,또띠아,100g,259,11.49,11.49,27.59,174g
또띠아_크리스퍼랩,빵 및 과자류,또띠아,100g,270,9.02,,,133g
또띠아_트위스터,빵 및 과자류,또띠아,100g,202,9.84,10.77,18.69,183g
또띠아_핫치킨 부리또,빵 및 과자류,또띠아,100g,257,9.82,9.2,33.74,163g
또띠아_핫치킨 브리또,빵 및 과자류,또띠아,100g,248,11.25,,,160g
또띠아_핫치킨 브리또,빵 및 과자류,또띠아,100g,228,11,8,28,180g
또띠아_핫칠리치킨 브리또,빵 및 과자류,또띠아,100g,214,15,,,140g
라떼_12곡 라떼 아이스(ICED),음료 및 차류,라떼,100ml,58,2.17,,,414ml
라떼_12곡 라떼 핫(HOT),음료 및 차류,라떼,100ml,76,2.86,,,384ml
라떼_12곡물 라떼 아이스(ICED),음료 및 차류,라떼,100g,105,1.93,,,497g
라떼_12곡물 라떼 아이스(ICED) 빅사이즈,음료 및 차류,라떼,100g,102,1.86,,,668.2
라떼_12곡물 라떼 핫(HOT),음료 및 차류,라떼,100g,137,2.78,,,438.2
라떼_12곡물 라떼 핫(HOT) 빅사이즈,음료 및 차류,라떼,100g,128,2.67,,,629.8
라떼_17곡 라떼 아이스(ICED) (L),음료 및 차류,라떼,100ml,55,2,,6.5,1000m
라떼_17곡 라떼 아이스(ICED) (ML),음료 및 차류,라떼,100ml,53,1.83,,6.2,710ml
라떼_17곡 라떼 핫(HOT) (ML),음료 및 차류,라떼,100ml,59,2.25,,6.62,710ml
라떼_검은콩 라떼 아이스(ICED),음료 및 차류,라떼,100g,56,2.82,,,355g
피자_치킨바베큐 피자씬도우(R),빵 및 과자류,피자,100g,72,5.15,,,520g
기타차_하동매실피치티 아이스(ICED),음료 및 차류,기타차,100g,41,0.09,0.12,9.67,650g
떡산적_소고기,전·적 및 부침류,떡산적,100ml,157,9,5.16,18.95,146.8
또띠아_김치 부리또,빵 및 과자류,또띠아,100g,262,10.32,11.61,29.03,155g
또띠아_뉴비프 브리또,빵 및 과자류,또띠아,100g,253,8.89,,,180g
또띠아_또띠아 (L),빵 및 과자류,또띠아,100g,234,15.64,9.45,21.09,275g
또띠아_또띠아 (S),빵 및 과자류,또띠아,100g,375,20.5,16.77,35.4,161g
또띠아_라구듬뿍치즈 브리또,빵 및 과자류,또띠아,100g,211,7.23,,,235g
또띠아_매콤치킨랩,빵 및 과자류,또띠아,100g,166,8,,,250g
또띠아_머스타드치킨 브리또,빵 및 과자류,또띠아,100g,244,11.05,,,172g
또띠아_미트살사소시지 브리또,빵 및 과자류,또띠아,100g,220,16.38,,,177g
또띠아_바삭 불고기 & 트리플 치즈 치킨 퀘사디아,빵 및 과자류,또띠아,100g,245,11.05,,,181g
또띠아_바삭 불고기&트리플 치즈 치킨 퀘사디아,빵 및 과자류,또띠아,100g,218,13.89,,,180g
또띠아_베지텐더밸런스랩,빵 및 과자류,또띠아,100g,196,4.25,,,212g
또띠아_불고기 베이크,빵 및 과자류,또띠아,100g,196,10.33,4.42,28.67,120g
또띠아_불고기 브리또,빵 및 과자류,또띠아,100g,216,7.59,,,145g
또띠아_불고기 브리또,빵 및 과자류,또띠아,100g,299,9.29,,,140g
또띠아_불닭 베이크,빵 및 과자류,또띠아,100g,198,10.75,2.92,32,120g
또띠아_소고기 브리또,빵 및 과자류,또띠아,100g,263,8.13,,,160g
또띠아_싱그러운치킨텐더그린랩,빵 및 과자류,또띠아,100g,185,7.04,,,270g
기타차_핑크 파인 캐모마일티,음료 및 차류,기타차,100ml,52,0,,,354ml
떡볶이_소고기,볶음류,떡볶이,100ml,157,4.1,4.46,25.28,114.5
떡볶이_소고기_버섯,볶음류,떡볶이,100ml,77,1.9,1.61,14.17,412ml
떡볶이_양배추,볶음류,떡볶이,100ml,60,1.3,0.36,13.36,380.4
떡볶이_양배추,볶음류,떡볶이,100ml,60,1.3,0.36,13.36,380.4
떡볶이_어묵,볶음류,떡볶이,100ml,130,3.2,1.3,27.18,100ml
떡볶이_어묵,볶음류,떡볶이,100ml,130,3.2,1.3,27.18,100ml
떡볶이_어묵,볶음류,떡볶이,100ml,130,3.2,1.3,27.18,100ml
떡볶이_채소,볶음류,떡볶이,100g,258,3.12,1.88,57.06,200g
떡볶이_치즈,볶음류,떡볶이,100g,164,5.54,2.69,29.31,100g
떡볶이_치즈가 펑펑 눈꽃 떡볶이,볶음류,떡볶이,100g,177,5.04,1.86,35.29,377g
떡볶이_치즈떡볶이,볶음류,떡볶이,100g,196,7.6,,,520g
떡볶이_치즈로제떡볶이,볶음류,떡볶이,100g,158,7.62,,,670g
떡볶이_치즈마떡,볶음류,떡볶이,100g,157,6.51,,,600g
떡볶이_카레,볶음류,떡볶이,100ml,91,2.3,3.75,11.64,235.4
떡볶이_호로록떡볶이,볶음류,떡볶이,100g,114,4.13,,,100g
떡산적_소고기,전·적 및 부침류,떡산적,100ml,156,8.7,5.35,18.37,146.8
떡산적_소고기,전·적 및 부침류,떡산적,100ml,255,6.3,12.73,28.64,64ml
떡산적_소고기,전·적 및 부침류,떡산적,100ml,157,9,5.14,18.96,103.5
떡볶이_고추장_어묵,볶음류,떡볶이,100ml,154,3.65,1.46,32.47,100ml
떡볶이_고추장_어묵,볶음류,떡볶이,100ml,161,3.94,1.25,34.59,150ml
떡볶이_국물떡볶이,볶음류,떡볶이,100g,145,5,,,415g
떡볶이_국물맵떡,볶음류,떡볶이,100g,139,4.09,,,100g
떡볶이_까르보떡볶이,볶음류,떡볶이,100g,180,4.3,,,100g
떡볶이_로제닭볶이,볶음류,떡볶이,100g,176,7.57,,,100g
떡볶이_로제떡볶이,볶음류,떡볶이,100g,187,5.03,,,100g
떡볶이_로제떡볶이,볶음류,떡볶이,100g,147,3.45,,,570g
떡볶이_로제떡볶이,볶음류,떡볶이,100g,186,5,,,415g
떡볶이_로제비엔나 떡볶이,볶음류,떡볶이,100g,175,4.6,,31.4,100g
떡볶이_마늘 떡볶이,볶음류,떡볶이,100g,147,3.7,,31.3,100g
떡볶이_마떡,볶음류,떡볶이,100g,137,3.89,,,520g
떡볶이_매콤 떡볶이,볶음류,떡볶이,100g,191,4.28,,,304g
떡볶이_매콤 치즈 떡볶이,볶음류,떡볶이,100g,200,6.5,,,369g
떡볶이_모듬,볶음류,떡볶이,100ml,125,3.2,1.63,24.89,70ml
떡볶이_모듬,볶음류,떡볶이,100ml,125,3.2,1.63,24.89,70ml
떡볶이_소고기,볶음류,떡볶이,100ml,87,2,2.19,15.1,335.6
떡볶이_소고기,볶음류,떡볶이,100ml,87,2,2.19,15.1,335.6
떡볶이_소고기,볶음류,떡볶이,100ml,157,4.1,4.46,25.28,114.5
떡만두국,면 및 만두류,떡만두국,100g,89,2.87,1.62,15.82,700g
떡만두국_고기만두,면 및 만두류,떡만두국,100ml,90,3.4,1.74,15.12,600ml
떡만두국_고기만두,면 및 만두류,떡만두국,100ml,67,2.67,1.59,10.7,340ml
떡만두국_고기만두,면 및 만두류,떡만두국,100ml,61,2.46,1.43,9.69,250ml
떡만두국_고기만두,면 및 만두류,떡만두국,100ml,69,2.46,1.34,11.89,540ml
떡만두국_김치만두,면 및 만두류,떡만두국,100ml,86,3.1,1.72,14.7,600ml
떡만두국_김치만두,면 및 만두류,떡만두국,100ml,87,3.1,1.85,14.56,600ml
떡볶이,볶음류,떡볶이,100g,144,3.51,2.96,25.96,180g
떡볶이,볶음류,떡볶이,100ml,258,4.3,3.62,53.39,74.8
떡볶이_간장,볶음류,떡볶이,100ml,107,3.26,1.78,19.93,230ml
떡볶이_간장,볶음류,떡볶이,100ml,145,4.52,2.09,27.33,150ml
떡볶이_간장,볶음류,떡볶이,100ml,168,4.81,2.93,30.93,80ml
떡볶이_간편조리세트_달콤짭짤 궁중식 떡볶이,볶음류,떡볶이,100g,167,5.27,5.54,24,866g
떡볶이_간편조리세트_떡볶이 보통맛,볶음류,떡볶이,100g,161,3.9,4.36,26.45,965g
떡볶이_간편조리세트_소불고기궁중떡볶이,볶음류,떡볶이,100g,118,5.46,1.7,20.2,806g
떡볶이_간편조리세트_호로록 로제 떡볶이,볶음류,떡볶이,100g,184,4.37,5.1,30.25,1100g
떡볶이_고추장_메추리알,볶음류,떡볶이,100ml,100,3.11,1.48,19.23,260ml
떡볶이_고추장_어묵,볶음류,떡볶이,100ml,150,3.82,1.45,31.64,190ml
떡국_굴,면 및 만두류,떡국,100ml,90,4,1.33,16.69,600ml
떡국_굴,면 및 만두류,떡국,100ml,90,4,1.33,16.69,600ml
떡국_달걀,면 및 만두류,떡국,100ml,85,2.1,0.62,17.9,600ml
떡국_달걀,면 및 만두류,떡국,100ml,85,2.1,0.62,17.9,600ml
떡국_달걀,면 및 만두류,떡국,100ml,85,2.1,0.62,17.9,600ml
떡국_달걀,면 및 만두류,떡국,100ml,43,1.19,0.4,8.78,600ml
떡국_모듬,면 및 만두류,떡국,100ml,86,2.7,0.87,17.14,600ml
떡국_소고기,면 및 만두류,떡국,100ml,99,3.44,1.8,17.72,260.2
떡국_소고기,면 및 만두류,떡국,100ml,76,2.74,1.34,13.5,203.2
떡국_소고기,면 및 만두류,떡국,100ml,108,2.9,1.24,21.14,420ml
떡국_소고기_달걀,면 및 만두류,떡국,100ml,99,3.4,1.8,17.72,210ml
떡국_소고기_달걀,면 및 만두류,떡국,100ml,87,3.3,1.16,15.87,600ml
떡국_소고기_달걀,면 및 만두류,떡국,100ml,87,3.3,1.16,15.87,600ml
떡국_소고기_달걀,면 및 만두류,떡국,100ml,76,2.8,1.37,13.33,190ml
떡만두국,면 및 만두류,떡만두국,100g,111,3.53,3.91,15.47,600g
떡만두국,면 및 만두류,떡만두국,100ml,49,1.9,1.14,7.71,1007
떡만두국,면 및 만두류,떡만두국,100ml,86,2.5,1.07,16.74,257.8
떡만두국,면 및 만두류,떡만두국,100ml,76,3,1.73,12.06,180ml
기타차_피치우롱스위티 아이스(ICED),음료 및 차류,기타차,100ml,21,0.14,,,710ml
딸기바나나 스무디,음료 및 차류,딸기바나나 스무디,100ml,54,1.1,0.68,11.75,355ml
땅콩조림,조림류,땅콩조림,100ml,258,11.9,18.15,16.02,95ml
땅콩조림,조림류,땅콩조림,100ml,268,12,19.42,15.91,15ml
땅콩조림,조림류,땅콩조림,100ml,268,12,19.42,15.91,15ml
땅콩조림,조림류,땅콩조림,100g,483,18.75,36.4,19.95,20g
땅콩죽,죽 및 스프류,땅콩죽,100ml,147,3.9,3.29,24.97,145ml
땅콩죽,죽 및 스프류,땅콩죽,100ml,116,3.4,3.38,18.08,259ml
땅콩죽,죽 및 스프류,땅콩죽,100ml,146,3.9,3.31,24.78,198.1
떡갈비,구이류,떡갈비,100g,202,21.38,11.82,2.46,200g
떡강정,튀김류,떡강정,100ml,202,2.5,5.09,36.43,103.1
떡강정,튀김류,떡강정,100ml,225,2.8,5.72,40.75,232.2
떡강정,튀김류,떡강정,100g,249,3.79,4.72,47.89,200g
떡강정,튀김류,떡강정,100ml,202,2.5,5.09,36.43,103.1
떡강정_BBQ 소떡,튀김류,떡강정,100g,232,7.71,,,100g
떡강정_매콤 떡강정,튀김류,떡강정,100g,145,3.43,,,175g
떡강정_매콤치즈 소떡소떡,튀김류,떡강정,100g,229,9.03,,31,100g
떡강정_못난이소떡소떡,튀김류,떡강정,100g,260,7.9,,,100g
떡국,면 및 만두류,떡국,100g,84,3.43,0.53,16.37,700g
두부튀김,튀김류,두부튀김,100ml,122,6.4,6.22,9.65,85.4
두부튀김,튀김류,두부튀김,100ml,128,6.7,6.5,10.08,146.8
두부튀김,튀김류,두부튀김,100ml,128,6.7,6.5,10.08,146.8
두부튀김,튀김류,두부튀김,100ml,122,6.4,6.16,9.82,85.4
두유 카페라떼,음료 및 차류,두유 카페라떼,100ml,30,1.4,1.76,2.12,355ml
두유 카페라떼_시럽,음료 및 차류,두유 카페라떼,100ml,44,1.4,1.76,5.79,355ml
들깨국,국 및 탕류,들깨국,100ml,14,0.58,0.76,1.42,190ml
들깨국,국 및 탕류,들깨국,100ml,15,0.63,0.76,1.66,270ml
들깨국,국 및 탕류,들깨국,100ml,15,0.68,0.77,1.68,190ml
들깨죽,죽 및 스프류,들깨죽,100ml,152,3.7,5.83,21.16,213.7
들깨죽,죽 및 스프류,들깨죽,100ml,155,3.8,5.9,21.49,128ml
들깻잎장아찌,장아찌·절임류,들깻잎장아찌,100g,124,4.03,0.42,26,100g
등심돈가스,튀김류,등심돈가스,100ml,174,13.8,5.89,14.56,108.9
등심돈가스,튀김류,등심돈가스,100ml,190,14.3,7.7,13.9,213ml
등심돈가스,튀김류,등심돈가스,100ml,174,13.8,5.89,14.56,108.9
딸기넥타,음료 및 차류,딸기넥타,100ml,31,0.4,0.09,7.96,355ml
딸기바나나 스무디,음료 및 차류,딸기바나나 스무디,100ml,54,1.1,0.68,11.75,355ml
딸기바나나 스무디,음료 및 차류,딸기바나나 스무디,100ml,54,1.1,0.68,11.75,355ml
두부전골,찌개 및 전골류,두부전골,100ml,41,3.79,1.76,2.87,370ml
두부조림,조림류,두부조림,100ml,142,11.5,6.18,10.26,120ml
두부조림,조림류,두부조림,100ml,138,10.51,6.73,8.66,90ml
두부조림,조림류,두부조림,100ml,133,9.39,6.87,8.15,60ml
두부조림,조림류,두부조림,100g,143,9.64,9.66,4.4,50g
두부조림,조림류,두부조림,100ml,142,11.5,6.18,10.25,120ml
두부조림_돼지고기,조림류,두부조림,100ml,175,14.7,9.37,7.09,74.8
두부조림_돼지고기,조림류,두부조림,100ml,175,14.7,9.37,7.09,74.8
두부찌개,찌개 및 전골류,두부찌개,100ml,30,2.3,0.79,3.75,222.8
두부찌개_고추장,찌개 및 전골류,두부찌개,100g,52,4.01,2.63,3.18,500g
두부찌개_굴,찌개 및 전골류,두부찌개,100ml,21,2.1,0.7,1.51,259.8
두부찌개_굴,찌개 및 전골류,두부찌개,100ml,21,2.1,0.7,1.5,259.8
두부찌개_바지락,찌개 및 전골류,두부찌개,100ml,34,3.3,0.99,3.18,211.1
두부찌개_새우젓,찌개 및 전골류,두부찌개,100ml,45,4.8,1.63,2.67,166.4
두부찌개_새우젓,찌개 및 전골류,두부찌개,100g,55,5.4,2.7,2.4,300g
두부찌개_소고기,찌개 및 전골류,두부찌개,100ml,80,6,3.7,5.62,216.4
두부찌개_소고기_고추장,찌개 및 전골류,두부찌개,100g,58,4.56,1.42,6.73,280g
두부찌개_소고기_된장,찌개 및 전골류,두부찌개,100g,55,5.71,1.98,3.5,300g
두부냉채,생채·무침류,두부냉채,100ml,77,8.7,2.81,4.39,150ml
두부냉채,생채·무침류,두부냉채,100ml,94,7.9,5,4.57,150ml
두부냉채,생채·무침류,두부냉채,100ml,78,8.9,2.84,4.41,76.2
두부볶음_돼지고기,볶음류,두부볶음,100ml,197,12.4,10.52,13.12,113.4
두부볶음_돼지고기,볶음류,두부볶음,100ml,197,12.4,10.52,13.12,113.4
두부부침,전·적 및 부침류,두부부침,100ml,147,10.5,9.56,4.12,110ml
두부부침,전·적 및 부침류,두부부침,100ml,180,13,11.62,5.1,37.01
두부부침,전·적 및 부침류,두부부침,100ml,152,12.8,8.68,5,100ml
두부부침,전·적 및 부침류,두부부침,100ml,187,12.9,12.38,5.08,48.38
두부부침,전·적 및 부침류,두부부침,100g,140,10.92,9.77,2.07,100g
두부부침,전·적 및 부침류,두부부침,100g,144,12.13,9.4,2.69,100g
두부전,전·적 및 부침류,두부전,100ml,161,9.8,9.14,8.66,65.6
두부전,전·적 및 부침류,두부전,100ml,151,10.13,9.83,4.56,160ml
두부전,전·적 및 부침류,두부전,100ml,151,10.2,9.91,4.34,160ml
두부전,전·적 및 부침류,두부전,100g,170,13.64,10.58,5,150g
두부전,전·적 및 부침류,두부전,100ml,161,9.8,9.14,8.66,65.6
두부전골,찌개 및 전골류,두부전골,100g,63,5.12,3.22,3.42,500g
피자_치킨바베큐(R),빵 및 과자류,피자,100g,202,12.04,,,713g
두부 청국장찌개,찌개 및 전골류,두부 청국장찌개,100ml,39,3.5,0.95,4.34,240ml
두부 청국장찌개,찌개 및 전골류,두부 청국장찌개,100ml,39,3.5,0.95,4.34,240ml
두부 청국장찌개,찌개 및 전골류,두부 청국장찌개,100ml,39,3.5,0.95,4.34,240ml
두부 청국장찌개_김치,찌개 및 전골류,두부 청국장찌개,100ml,44,4.7,1.4,3.01,170.2
두부 청국장찌개_김치,찌개 및 전골류,두부 청국장찌개,100ml,34,2.8,1.12,3.09,150ml
두부 청국장찌개_김치,찌개 및 전골류,두부 청국장찌개,100ml,33,3.1,0.86,3.32,270ml
두부 탕수,튀김류,두부 탕수,100ml,123,4.5,4.82,15.13,100.4
두부 탕수,튀김류,두부 탕수,100ml,113,4.2,4.35,14.02,200ml
두부 탕수,튀김류,두부 탕수,100ml,123,4.5,4.82,15.13,100.4
두부국,국 및 탕류,두부국,100ml,31,2.5,1.64,1.25,223.9
두부국,국 및 탕류,두부국,100ml,19,1.8,0.83,1.25,270ml
두부국,국 및 탕류,두부국,100ml,19,1.8,0.83,1.25,270ml
두부국,국 및 탕류,두부국,100ml,31,2.5,1.64,1.25,223.9
두부김치,볶음류,두부김치,100ml,108,7.8,6.13,5.11,224.1
두부김치,볶음류,두부김치,100ml,66,3.8,3.96,3.6,400ml
두부김치,볶음류,두부김치,100ml,108,7.8,6.07,5.11,91.8
두부김치,볶음류,두부김치,100g,115,7.79,6.85,5.63,250g
두부김치_돼지고기,볶음류,두부김치,100ml,84,6.76,4.44,4.06,430ml
된장찌개_호박,찌개 및 전골류,된장찌개,100ml,39,3.8,1.01,3.8,222ml
두릅무침,생채·무침류,두릅무침,100ml,74,3.4,2.58,11.6,85.2
두릅무침_초고추장,생채·무침류,두릅무침,100g,67,2.16,3.01,7.89,90g
두부 달걀찜,찜류,두부 달걀찜,100ml,74,6.3,4.19,2.56,125ml
두부 달걀찜,찜류,두부 달걀찜,100ml,75,6.2,4.06,3.05,125ml
두부 달걀찜,찜류,두부 달걀찜,100ml,115,9.7,6.49,4.01,75.6
두부 달걀탕,국 및 탕류,두부 달걀탕,100ml,45,4.7,2.11,1.58,320ml
두부 달걀탕,국 및 탕류,두부 달걀탕,100ml,37,3.7,1.68,1.73,235.3
두부 달걀탕,국 및 탕류,두부 달걀탕,100ml,37,3.7,1.68,1.73,235.3
두부 된장국,국 및 탕류,두부 된장국,100ml,26,2.3,0.99,2.12,260ml
두부 된장국,국 및 탕류,두부 된장국,100ml,26,2.3,0.99,2.12,260ml
두부 된장국,국 및 탕류,두부 된장국,100ml,25,2.5,0.92,1.78,229.3
두부 된장국,국 및 탕류,두부 된장국,100ml,26,2.3,0.99,2.12,260ml
두부 된장국_바지락,국 및 탕류,두부 된장국,100ml,21,2,0.67,1.64,300ml
두부 된장국_유부,국 및 탕류,두부 된장국,100ml,25,1.8,1.33,1.54,300ml
두부 된장국_유부,국 및 탕류,두부 된장국,100ml,25,1.8,1.33,1.54,300ml
두부 명란찌개,찌개 및 전골류,두부 명란찌개,100ml,33,3.5,1.07,2.72,170.6
두부 애호박찌개,찌개 및 전골류,두부 애호박찌개,100ml,27,2,0.62,3.6,234.6
된장찌개_모듬해물,찌개 및 전골류,된장찌개,100ml,28,2.1,0.65,3.73,150ml
된장찌개_미더덕,찌개 및 전골류,된장찌개,100ml,53,5.3,1.59,4.42,163.2
된장찌개_미더덕,찌개 및 전골류,된장찌개,100ml,53,5.3,1.59,4.36,163.2
된장찌개_바지락,찌개 및 전골류,된장찌개,100g,23,2.88,0.72,1.18,300g
된장찌개_바지락,찌개 및 전골류,된장찌개,100ml,45,3.7,1.22,4.88,415ml
된장찌개_바지락,찌개 및 전골류,된장찌개,100ml,45,3.7,1.22,4.88,415ml
된장찌개_소고기,찌개 및 전골류,된장찌개,100ml,44,2.7,1.52,5.13,180ml
된장찌개_소고기,찌개 및 전골류,된장찌개,100ml,58,4.2,2.6,4.32,240ml
된장찌개_소고기,찌개 및 전골류,된장찌개,100ml,44,2.7,1.52,4.95,180ml
된장찌개_소고기,찌개 및 전골류,된장찌개,100ml,44,2.7,1.52,4.94,258.6
된장찌개_우렁,찌개 및 전골류,된장찌개,100ml,41,4,1.36,3.44,262ml
된장찌개_우렁,찌개 및 전골류,된장찌개,100ml,41,4,1.35,3.54,184.2
된장찌개_우렁,찌개 및 전골류,된장찌개,100ml,41,4,1.35,3.54,184.2
된장찌개_우렁_강된장,찌개 및 전골류,된장찌개,100g,136,7.28,4.74,16.09,100g
된장찌개_콩나물,찌개 및 전골류,된장찌개,100ml,55,5.5,1.9,5.01,159.8
된장찌개_콩나물,찌개 및 전골류,된장찌개,100ml,55,5.5,1.9,5.01,159.8
된장찌개_호박,찌개 및 전골류,된장찌개,100ml,38,3.7,0.91,3.88,305ml
된장찌개_호박,찌개 및 전골류,된장찌개,100ml,39,3.7,1.04,3.79,222ml
된장국_해물,국 및 탕류,된장국,100g,28,2.1,0.98,2.68,400g
된장국_호박,국 및 탕류,된장국,100g,31,3.34,1.31,1.41,400g
된장국_호박잎,국 및 탕류,된장국,100g,7,0.4,0.32,0.54,350g
된장국_호박잎,국 및 탕류,된장국,100ml,17,1.33,0.37,2.54,180ml
된장찌개,찌개 및 전골류,된장찌개,100g,46,3.38,1.63,4.44,200g
된장찌개,찌개 및 전골류,된장찌개,100ml,46,3.6,1.2,5.63,167.7
된장찌개_간편조리세트_고깃집 된장찌개,찌개 및 전골류,된장찌개,100g,110,7.71,6.33,5.44,695g
된장찌개_간편조리세트_구수한 버섯된장찌개,찌개 및 전골류,된장찌개,100g,26,1.79,0.4,3.88,465g
된장찌개_냉이,찌개 및 전골류,된장찌개,100ml,19,1.7,0.33,2.69,400ml
된장찌개_냉이,찌개 및 전골류,된장찌개,100g,19,1.17,0.31,2.91,350g
된장찌개_달래,찌개 및 전골류,된장찌개,100g,35,3.18,0.79,3.81,350g
된장찌개_달래,찌개 및 전골류,된장찌개,100ml,40,3.4,2.13,1.63,400ml
된장찌개_달래,찌개 및 전골류,된장찌개,100ml,26,2,0.85,2.96,248.2
된장찌개_두부,찌개 및 전골류,된장찌개,100g,41,3.25,1.96,2.56,270g
된장찌개_두부_호박,찌개 및 전골류,된장찌개,100ml,32,3.1,1.04,2.73,380ml
된장찌개_모듬채소,찌개 및 전골류,된장찌개,100ml,37,2.6,0.99,4.68,270ml
된장찌개_모듬채소,찌개 및 전골류,된장찌개,100ml,37,2.6,0.99,4.68,270ml
된장찌개_모듬채소,찌개 및 전골류,된장찌개,100ml,37,2.6,0.99,4.68,270ml
된장국_시래기,국 및 탕류,된장국,100g,15,1.31,0.22,2.03,400g
된장국_시래기,국 및 탕류,된장국,100ml,13,0.92,0.3,1.89,300ml
된장국_시래기,국 및 탕류,된장국,100ml,17,1.14,0.5,2.39,190ml
된장국_쑥,국 및 탕류,된장국,100g,15,1.22,0.47,1.52,400g
된장국_아욱,국 및 탕류,된장국,100ml,16,1.18,0.33,2.46,190ml
된장국_아욱,국 및 탕류,된장국,100ml,15,1.07,0.26,2.47,190ml
된장국_아욱,국 및 탕류,된장국,100g,20,2.28,0.56,1.59,400g
된장국_아욱,국 및 탕류,된장국,100ml,19,1.51,0.4,2.9,230ml
된장국_얼갈이배추,국 및 탕류,된장국,100ml,13,0.94,0.45,1.72,180ml
된장국_얼갈이배추,국 및 탕류,된장국,100g,9,0.5,0.41,0.85,400g
된장국_얼갈이배추,국 및 탕류,된장국,100ml,11,0.87,0.29,1.57,320ml
된장국_얼갈이배추,국 및 탕류,된장국,100ml,14,1.02,0.42,1.76,200ml
된장국_우거지,국 및 탕류,된장국,100g,20,2.77,0.59,0.82,400g
된장국_우렁,국 및 탕류,된장국,100g,49,4.92,1.54,3.84,500g
된장국_유부,국 및 탕류,된장국,100ml,26,1.72,1.3,2.03,200ml
된장국_유부,국 및 탕류,된장국,100ml,22,1.46,1.23,1.5,170ml
된장국_유부,국 및 탕류,된장국,100ml,25,1.76,1.33,1.53,300ml
된장국_콩나물,국 및 탕류,된장국,100g,31,2.58,1.11,2.62,400g
된장국_근대,국 및 탕류,된장국,100ml,12,0.9,0.34,1.71,180ml
된장국_근대,국 및 탕류,된장국,100ml,14,1.02,0.36,1.92,200ml
된장국_냉이,국 및 탕류,된장국,100g,22,1.71,0.66,2.2,400g
된장국_냉이_두부,국 및 탕류,된장국,100ml,20,1.82,0.63,2,200ml
된장국_두부,국 및 탕류,된장국,100ml,26,2.29,0.99,2.14,260ml
된장국_무,국 및 탕류,된장국,100g,23,1.36,0.53,3.27,450g
된장국_미역,국 및 탕류,된장국,100ml,12,1.21,0.42,1.43,170ml
된장국_미역,국 및 탕류,된장국,100g,24,1.56,0.97,2.28,400g
된장국_미역,국 및 탕류,된장국,100ml,16,1.35,0.61,1.72,180ml
된장국_배추,국 및 탕류,된장국,100ml,17,1.33,0.47,2.22,260ml
된장국_배추,국 및 탕류,된장국,100g,20,1.46,0.4,2.58,400g
된장국_시금치,국 및 탕류,된장국,100ml,15,1.14,0.32,2.45,150ml
된장국_시금치,국 및 탕류,된장국,100ml,15,1.18,0.33,2.2,190ml
된장국_시금치,국 및 탕류,된장국,100g,21,1.69,0.84,1.54,100g
된장국_시금치,국 및 탕류,된장국,100g,9,1.02,0.17,0.98,400g
된장국_시금치,국 및 탕류,된장국,100ml,14,1.18,0.33,2.11,270ml
된장국_시래기,국 및 탕류,된장국,100ml,17,1.09,0.6,2.33,170ml
된장국_시래기,국 및 탕류,된장국,100g,22,1.49,0.69,2.44,450g
돼지불고기_간장,구이류,돼지불고기,100ml,84,8.44,3.6,4.34,160ml
돼지불고기_간편조리세트_기사식당 돼지불고기,구이류,돼지불고기,100g,155,10.25,9.08,8.08,433g
돼지불고기_간편조리세트_대파고추장불고기,구이류,돼지불고기,100g,165,11.79,7.66,12.17,755g
돼지불고기_간편조리세트_매콤 콩나물불고기,구이류,돼지불고기,100g,191,10.62,10.31,13.82,522g
돼지불고기_고추장,구이류,돼지불고기,100ml,83,8.98,2.88,5.48,300ml
돼지불고기_고추장,구이류,돼지불고기,100ml,90,8.36,3.85,5.65,160ml
돼지불고기_고추장,구이류,돼지불고기,100ml,146,15.8,4.75,9.62,127.3
돼지불고기_고추장,구이류,돼지불고기,100ml,85,8.52,3.17,5.79,320ml
돼지불고기_버섯,구이류,돼지불고기,100ml,82,8.8,3.17,4.14,300ml
돼지불고기_버섯,구이류,돼지불고기,100ml,86,8.4,3.75,4.34,160ml
돼지불고기_삼겹살_오징어,구이류,돼지불고기,100g,182,12.8,9.95,10.25,200g
돼지사태찜,찜류,돼지사태찜,100ml,132,12.1,4.21,11.08,76ml
돼지사태찜,찜류,돼지사태찜,100ml,84,7.6,2.65,7.02,177.3
돼지사태찜,찜류,돼지사태찜,100ml,109,10.8,3.25,8.89,250ml
돼지사태찜,찜류,돼지사태찜,100ml,83,7.6,2.65,7.02,177.3
된장국_감자,국 및 탕류,된장국,100g,25,1.09,0.6,3.7,400g
된장국_감자,국 및 탕류,된장국,100g,40,1.63,1.04,6.11,100g
된장국_근대,국 및 탕류,된장국,100ml,12,0.93,0.29,1.65,320ml
돼지고기볶음_케찹,볶음류,돼지고기볶음,100ml,173,19.1,6.88,7.13,123.9
돼지고기볶음_케찹,볶음류,돼지고기볶음,100ml,166,19.6,6.06,7.18,55ml
돼지고기찌개,찌개 및 전골류,돼지고기찌개,100ml,57,4.1,3.14,2.74,360ml
돼지고기찌개,찌개 및 전골류,돼지고기찌개,100ml,56,4.1,3.14,2.85,360ml
돼지고기찌개,찌개 및 전골류,돼지고기찌개,100g,48,6.25,1.51,2.26,300g
돼지고기찌개,찌개 및 전골류,돼지고기찌개,100ml,56,4.08,3.14,2.85,360ml
돼지고기찌개_간편조리세트_돼지고기 짜글이,찌개 및 전골류,돼지고기찌개,100g,108,10.46,4.64,6.04,702g
돼지고기찌개_간편조리세트_돼지고기고추장찌개,찌개 및 전골류,돼지고기찌개,100g,49,4.32,1.13,5.28,553g
돼지고기찜,찜류,돼지고기찜,100ml,109,10.82,3.25,8.89,250ml
돼지고기튀김,튀김류,돼지고기튀김,100ml,222,20.9,11.67,6.24,73.4
돼지껍데기구이,구이류,돼지껍데기구이,100g,348,23.74,26.64,3.37,100g
돼지등갈비찜,찜류,돼지등갈비찜,100g,214,16.02,10.93,12.76,450g
돼지등심 장조림,조림류,돼지등심 장조림,100ml,111,16,2.38,4.75,77.3
돼지등심 장조림,조림류,돼지등심 장조림,100ml,117,15.4,2.95,5.24,98.8
돼지머리국밥,밥류,돼지머리국밥,100ml,72,2.1,1.16,12.55,809ml
돼지머리국밥,밥류,돼지머리국밥,100ml,68,2.2,1.48,11.03,932.1
돼지불고기_간장,구이류,돼지불고기,100ml,85,8.75,3.5,4.3,300ml
돼지불고기_간장,구이류,돼지불고기,100ml,79,8.88,2.89,4.15,300ml
기타차_폼폼 유스베리티 (Grande),음료 및 차류,기타차,100g,44,0,,,473g
돼지고기볶음_돼지고기_버섯,볶음류,돼지고기볶음,100ml,99,11.07,3.63,5.66,200ml
돼지고기볶음_돼지고기_버섯,볶음류,돼지고기볶음,100ml,121,11.58,5.1,7.51,110ml
돼지고기볶음_돼지고기_버섯,볶음류,돼지고기볶음,100ml,102,8.41,4.87,6.51,460ml
돼지고기볶음_돼지고기_오징어,볶음류,돼지고기볶음,100ml,113,9.89,5.36,6.49,290ml
돼지고기볶음_돼지고기_오징어,볶음류,돼지고기볶음,100ml,145,11.22,7.96,7.13,110ml
돼지고기볶음_돼지고기_오징어,볶음류,돼지고기볶음,100ml,136,8.77,8.22,6.89,410ml
돼지고기볶음_돼지고기_오징어,볶음류,돼지고기볶음,100ml,94,9.21,3.88,5.65,260ml
돼지고기볶음_돼지고기_짜장,볶음류,돼지고기볶음,100ml,112,12.01,4.09,6.37,210ml
돼지고기볶음_돼지고기_채소,볶음류,돼지고기볶음,100ml,117,11.47,5.04,6.51,110ml
돼지고기볶음_돼지고기_채소,볶음류,돼지고기볶음,100ml,104,11.45,3.66,6.4,210ml
돼지고기볶음_돼지고기_채소,볶음류,돼지고기볶음,100ml,111,9.88,5.06,6.54,250ml
돼지고기볶음_돼지고기_채소,볶음류,돼지고기볶음,100ml,106,7.77,5.85,5.65,430ml
돼지고기볶음_짜장,볶음류,돼지고기볶음,100ml,116,11.9,4.45,6.38,210ml
돼지고기볶음_짜장,볶음류,돼지고기볶음,100ml,199,14,8.47,16.27,185.4
돼지고기볶음_짜장,볶음류,돼지고기볶음,100ml,203,13.6,8.96,16.3,79.9
돼지고기볶음_채소,볶음류,돼지고기볶음,100g,169,16.57,7.59,8.63,230g
피자_치킨바베큐(XL),빵 및 과자류,피자,100g,267,15.93,,,1080g
돼지고기_허파,찜류,돼지고기,100g,91,17.27,2.41,0.02,100g
돼지고기강정,튀김류,돼지고기강정,100ml,174,14.7,8.47,8.36,163.5
돼지고기강정,튀김류,돼지고기강정,100ml,174,14.8,8.44,8.41,76.2
돼지고기강정,튀김류,돼지고기강정,100ml,178,14.4,9.09,8.12,163.5
돼지고기강정,튀김류,돼지고기강정,100ml,174,14.8,8.44,8.41,76.2
돼지고기덮밥,밥류,돼지고기덮밥,100ml,165,7.92,2.72,26.17,330ml
돼지고기볶음,볶음류,돼지고기볶음,100g,175,11.48,10.33,9.11,200g
돼지고기볶음(제육볶음),볶음류,돼지고기볶음(제육볶음),100g,195,12.15,14.19,4.73,250g
돼지고기볶음_간편조리세트_돼지고기 숙주 볶음,볶음류,돼지고기볶음,100g,145,7.46,8.78,9.05,650g
돼지고기볶음_김치,볶음류,돼지고기볶음,100ml,109,9.5,4.69,6.81,200ml
돼지고기볶음_김치,볶음류,돼지고기볶음,100ml,95,7.3,5.18,4.25,130ml
돼지고기볶음_김치,볶음류,돼지고기볶음,100ml,99,9.1,4.74,4.45,200ml
돼지고기볶음_김치,볶음류,돼지고기볶음,100g,161,11.81,10.05,5.93,230g
돼지고기볶음_김치,볶음류,돼지고기볶음,100ml,109,9.5,4.69,6.81,200ml
돼지고기볶음_돼지고기,볶음류,돼지고기볶음,100ml,134,9.53,7.88,6.43,400ml
돼지고기볶음_돼지고기_배추김치,볶음류,돼지고기볶음,100ml,94,9.13,4.38,4.14,200ml
돼지고기볶음_돼지고기_배추김치,볶음류,돼지고기볶음,100ml,103,9.43,4.32,6.41,200ml
돼지고기볶음_돼지고기_배추김치,볶음류,돼지고기볶음,100ml,91,7.21,5.07,3.98,130ml
기타차_폼폼 민트티 (Grande),음료 및 차류,기타차,100g,44,0,,,473g
돼지고기 꼬치구이,구이류,돼지고기 꼬치구이,100ml,171,27.7,4.74,2.89,105ml
돼지고기 꼬치구이,구이류,돼지고기 꼬치구이,100ml,179,26.9,5.86,2.75,105ml
돼지고기 덮밥,밥류,돼지고기 덮밥,100ml,168,8,3.12,25.91,330ml
돼지고기 스테이크,구이류,돼지고기 스테이크,100ml,109,13.8,3.08,5.6,111.2
돼지고기 스테이크,구이류,돼지고기 스테이크,100ml,183,21.8,5.85,8.99,68.7
돼지고기 스테이크,구이류,돼지고기 스테이크,100ml,113,13.5,3.61,5.55,111.2
돼지고기 스테이크,구이류,돼지고기 스테이크,100ml,183,21.8,5.85,8.99,68.7
돼지고기 장조림,조림류,돼지고기 장조림,100ml,150,16.3,5.6,7.25,50ml
돼지고기 장조림,조림류,돼지고기 장조림,100ml,150,16.3,5.6,7.25,50ml
돼지고기 장조림,조림류,돼지고기 장조림,100ml,133,15.4,4.84,5.93,60ml
돼지고기 장조림,조림류,돼지고기 장조림,100ml,133,15.4,4.84,5.93,60ml
돼지고기 장조림_메추리알,조림류,돼지고기 장조림,100ml,127,13.6,5.01,5.74,60ml
돼지고기 장조림_메추리알,조림류,돼지고기 장조림,100ml,143,14.5,6.12,6.02,50ml
돼지고기 피망잡채,볶음류,돼지고기 피망잡채,100ml,95,9.5,3.95,5.09,170ml
돼지고기 피망잡채,볶음류,돼지고기 피망잡채,100ml,91,9.7,3.5,5.1,170ml
돼지고기_간,찜류,돼지고기,100g,164,29.36,4.44,1.56,100g
돼지고기_머리고기,찜류,돼지고기,100g,325,21.2,26,1.75,200g
돼지갈비구이_폭립,구이류,돼지갈비구이,100g,295,24.03,,7.31,100g
돼지갈비전골,찌개 및 전골류,돼지갈비전골,100ml,227,16.6,15.14,5.07,85.8
돼지갈비찜,찜류,돼지갈비찜,100ml,139,10.5,8.15,4.79,340ml
돼지갈비찜,찜류,돼지갈비찜,100ml,142,10.3,8.01,6.28,120ml
돼지갈비찜,찜류,돼지갈비찜,100g,194,13.29,12.32,7.44,300g
돼지갈비찜,찜류,돼지갈비찜,100ml,140,10.7,7.71,5.91,220ml
돼지갈비찜,찜류,돼지갈비찜,100ml,139,10.5,8.15,4.79,340ml
돼지갈비찜_간편조리세트_국내산순살돼지갈비찜,찜류,돼지갈비찜,100g,120,10.12,4.91,8.8,895g
돼지갈비찜_매운양념_채소,찜류,돼지갈비찜,100ml,130,10.22,6.6,7.41,220ml
돼지갈비찜_매운양념_채소,찜류,돼지갈비찜,100ml,136,9.44,7.59,7.5,130ml
돼지갈비찜_매운양념_채소_떡,찜류,돼지갈비찜,100ml,143,9.8,6.3,11.58,270ml
돼지갈비찜_배추김치,찜류,돼지갈비찜,100ml,89,5.86,4.89,5.36,450ml
돼지갈비찜_채소,찜류,돼지갈비찜,100ml,137,10.75,7.64,5.92,220ml
돼지갈비찜_채소,찜류,돼지갈비찜,100ml,139,10.26,7.97,6.28,120ml
돼지갈비찜_채소,찜류,돼지갈비찜,100ml,136,10.49,8.06,4.79,340ml
돼지갈비찜_채소_떡,찜류,돼지갈비찜,100ml,143,10.28,6.66,10.12,250ml
돼지갈비찜_채소_떡,찜류,돼지갈비찜,100ml,142,8.99,6.82,10.95,140ml
돼지고기 꼬치구이,구이류,돼지고기 꼬치구이,100ml,179,26.9,5.86,2.75,105ml
동태찌개,찌개 및 전골류,동태찌개,100ml,24,3.2,0.19,2.61,221ml
동태찌개,찌개 및 전골류,동태찌개,100ml,24,3.2,0.19,2.61,221ml
동태찌개,찌개 및 전골류,동태찌개,100g,44,6.11,1.37,1.72,200g
동태찌개,찌개 및 전골류,동태찌개,100ml,25,3.25,0.51,2.05,610ml
동태찜,찜류,동태찜,100ml,50,7.6,1.03,2.75,232.3
동태찜,찜류,동태찜,100g,79,10.18,1.94,5.16,500g
동태튀김,튀김류,동태튀김,100ml,147,10.7,7.15,8.41,120.9
동태튀김,튀김류,동태튀김,100ml,146,10.7,7.22,8.19,120.9
동파육,찜류,동파육,100g,191,8.99,15.41,4.15,100g
돼지갈비강정,튀김류,돼지갈비강정,100ml,382,25.8,19.89,20.7,90.4
돼지갈비강정,튀김류,돼지갈비강정,100ml,244,13,11.52,20.4,86.1
돼지갈비구이,구이류,돼지갈비구이,100ml,132,8,7.78,6.57,180ml
돼지갈비구이,구이류,돼지갈비구이,100ml,130,9,7.85,4.64,150ml
돼지갈비구이,구이류,돼지갈비구이,100ml,202,13.4,12.29,8.82,141.4
돼지갈비구이,구이류,돼지갈비구이,100ml,132,8,7.78,6.57,180ml
돼지갈비구이_간장,구이류,돼지갈비구이,100ml,129,7.96,7.78,6.56,180ml
돼지갈비구이_간장,구이류,돼지갈비구이,100ml,128,9.02,7.88,4.62,150ml
돼지갈비구이_간장,구이류,돼지갈비구이,100g,240,19.5,14.4,8.1,100g
동태 매운탕,찌개 및 전골류,동태 매운탕,100ml,25,3.3,0.5,1.98,610ml
동태 매운탕,찌개 및 전골류,동태 매운탕,100ml,25,3.3,0.5,1.98,610ml
동태국,국 및 탕류,동태국,100ml,26,4,0.26,2.13,212ml
동태국,국 및 탕류,동태국,100ml,21,3.4,0.18,1.36,212ml
동태국,국 및 탕류,동태국,100g,17,2.42,0.16,1.4,400g
동태국,국 및 탕류,동태국,100ml,29,4.2,0.62,1.56,320ml
동태국,국 및 탕류,동태국,100ml,17,2.7,0.15,1.31,298.4
동태까스_소스,튀김류,동태까스,100ml,273,11.6,15.64,19.42,90ml
동태양념구이,구이류,동태양념구이,100ml,130,21.7,3.56,1.59,75.2
동태전,전·적 및 부침류,동태전,100ml,115,8.9,6.02,5.15,70ml
동태전,전·적 및 부침류,동태전,100ml,236,16.9,13.72,8.94,45.07
동태전,전·적 및 부침류,동태전,100g,195,16.48,11.63,6.11,100g
동태전,전·적 및 부침류,동태전,100ml,109,9.74,4.99,5.08,190ml
동태전,전·적 및 부침류,동태전,100ml,239,16.8,14.08,9.14,52.99
동태조림,조림류,동태조림,100ml,64,10.06,0.51,4.5,230ml
동태조림,조림류,동태조림,100ml,116,18.8,2.36,4.86,61.8
동태조림,조림류,동태조림,100g,110,16.32,1.88,6.96,250g
동태찌개,찌개 및 전골류,동태찌개,100ml,44,5.5,0.81,3.91,327.8
돈가스_간편조리세트_부타이로스카츠 (통등심돈가스),튀김류,돈가스,100g,262,14.46,17.97,10.71,319g
돈가스_고구마,튀김류,돈가스,100g,317,12.34,19.51,23.05,100g
돈가스_돼지등심,튀김류,돈가스,100g,312,16.5,18.77,19.24,200g
돈가스_돼지안심,튀김류,돈가스,100g,326,16.64,21.2,17.13,200g
돈가스_제주카츠볼,튀김류,돈가스,100g,316,13.7,,,100g
돈가스_치즈,튀김류,돈가스,100g,302,16.81,18.68,16.71,250g
돌나물,생채·무침류,돌나물,100ml,24,0.64,0.39,5.23,90ml
돌나물,생채·무침류,돌나물,100ml,44,1.16,1.04,8.68,90ml
돌나물,생채·무침류,돌나물,100ml,42,0.96,0.92,8.47,60ml
돌나물무침,생채·무침류,돌나물무침,100ml,41,1.4,0.53,8.81,45.1
돌나물무침,생채·무침류,돌나물무침,100ml,44,1.2,1.03,8.69,90ml
돌나물무침,생채·무침류,돌나물무침,100g,69,1.66,3.18,8.3,50g
돌나물무침,생채·무침류,돌나물무침,100ml,24,0.6,0.39,5.23,90ml
돌솥 비빔밥,밥류,돌솥 비빔밥,100ml,101,3.4,1.78,17.46,575ml
돌솥 비빔밥,밥류,돌솥 비빔밥,100ml,101,3.4,1.78,17.46,575ml
돌솥비빔밥_양념장,밥류,돌솥비빔밥,100ml,86,2.81,2.07,13.99,550ml
동치미,김치류,동치미,100g,14,0.29,0.37,2.28,200g
동치미,김치류,동치미,100g,11,0.49,0.07,2.08,100g
도라지튀김,튀김류,도라지튀김,100ml,179,5.7,8.61,19.21,42.8
도루묵조림,조림류,도루묵조림,100ml,101,11.2,3.08,5.51,123.2
도루묵조림,조림류,도루묵조림,100ml,103,11.3,3.09,5.73,123.2
도루묵찌개,찌개 및 전골류,도루묵찌개,100ml,63,6.8,2.31,4.04,494ml
도미 매운탕,찌개 및 전골류,도미 매운탕,100ml,47,5.9,1.13,3.37,297ml
도미찜,찜류,도미찜,100ml,52,7.9,0.91,3.22,226.7
도미튀김,튀김류,도미튀김,100ml,301,25.9,12.22,18.9,61.8
도토리묵무침,생채·무침류,도토리묵무침,100ml,56,0.6,0.59,12.04,100ml
도토리묵무침,생채·무침류,도토리묵무침,100ml,56,0.6,0.59,12.04,100ml
도토리묵무침,생채·무침류,도토리묵무침,100ml,56,0.6,0.59,12.04,100ml
도토리묵무침,생채·무침류,도토리묵무침,100ml,53,0.5,0.67,11.27,100ml
도토리묵무침_채소,생채·무침류,도토리묵무침,100ml,60,1.28,1.2,11.66,131.2
도토리묵무침_채소,생채·무침류,도토리묵무침,100ml,62,1.44,1.62,11.13,40ml
도토리묵무침_채소,생채·무침류,도토리묵무침,100ml,61,1.37,1.24,11.77,69ml
돈가스,튀김류,돈가스,100ml,148,9.1,7.61,9.47,100ml
돈가스,튀김류,돈가스,100ml,149,8.9,7.89,9.33,100ml
돈가스,튀김류,돈가스,100g,280,13.85,17.94,15.89,100g
돈가스,튀김류,돈가스,100ml,148,9.1,7.61,9.47,100ml
도라지나물,나물·숙채류,도라지나물,100ml,39,0.7,2.09,4.76,101.1
도라지나물,나물·숙채류,도라지나물,100ml,39,0.7,2.09,4.76,101.1
도라지나물,나물·숙채류,도라지나물,100ml,36,0.8,1.47,5.35,60ml
도라지나물,나물·숙채류,도라지나물,100ml,117,2,6.74,12.85,75.6
도라지나물무침,나물·숙채류,도라지나물무침,100g,130,2.48,7.52,13.12,50g
도라지생채,생채·무침류,도라지생채,100ml,67,1.5,0.97,14.51,85ml
도라지생채,생채·무침류,도라지생채,100ml,78,2,0.77,17.75,41.6
도라지생채,생채·무침류,도라지생채,100ml,78,2,0.77,17.75,41.6
도라지생채,생채·무침류,도라지생채,100ml,67,1.5,0.97,14.51,85ml
도라지생채,생채·무침류,도라지생채,100g,77,2.06,0.51,16.15,160g
도라지생채,생채·무침류,도라지생채,100g,119,2.75,1.11,24.52,100g
도라지생채_북어,생채·무침류,도라지생채,100ml,140,17.1,2.38,12.39,69.8
도라지생채_북어,생채·무침류,도라지생채,100ml,152,20.1,2.38,12.47,69.8
도라지생채_오이,생채·무침류,도라지생채,100ml,42,1.32,0.53,9.3,70ml
도라지생채_오이,생채·무침류,도라지생채,100ml,40,1.11,0.42,8.9,50ml
도라지생채_오이,생채·무침류,도라지생채,100ml,41,1.3,0.52,8.79,130ml
도라지생채_오징어채,생채·무침류,도라지생채,100ml,92,9.61,1.4,10.58,40ml
도라지튀김,튀김류,도라지튀김,100ml,161,5.2,7.87,16.74,86ml
도넛_하이 카카오 도넛,빵 및 과자류,도넛,100g,439,4.88,,,123g
도넛_해피버스데이 도넛,빵 및 과자류,도넛,100g,458,6.59,,,91g
도넛_허니 올드훼션드,빵 및 과자류,도넛,100g,457,3.18,,,63g
도넛_허니 올드훼션드 도넛,빵 및 과자류,도넛,100g,457,3.17,25.4,53.97,63g
도넛_허니 찹쌀스틱,빵 및 과자류,도넛,100g,355,4.26,,,47g
도넛_허니 후리터,빵 및 과자류,도넛,100g,439,5.41,,,74g
도넛_허니찹쌀스틱,빵 및 과자류,도넛,100g,355,4.26,,,47g
도넛_허니찹쌀스틱,빵 및 과자류,도넛,100g,355,4.26,10.21,61.7,47g
도넛_허니후리터,빵 및 과자류,도넛,100g,449,5.41,24.32,48.65,74g
도넛_헤이즐넛 로쉐,빵 및 과자류,도넛,100g,445,6.25,,,64g
도넛_화이트유니버스 도넛,빵 및 과자류,도넛,100g,392,5.77,,,52g
도넛_화이트초코링 도넛,빵 및 과자류,도넛,100g,462,6.15,,,65g
도넛_화이트초코츄잉스타 도넛,빵 및 과자류,도넛,100g,444,3.7,,,54g
도넛_후플푸프,빵 및 과자류,도넛,100g,393,6.1,,,82g
도넛_흑미고구마찹쌀 도넛,빵 및 과자류,도넛,100g,350,4,,,50g
도넛_흑미찹쌀 도넛,빵 및 과자류,도넛,100g,350,4,,,50g
도넛_흑임자 카스텔라 도넛,빵 및 과자류,도넛,100g,460,6,,,100g
도넛_흑임자크림찹쌀 도넛,빵 및 과자류,도넛,100g,314,2.86,,,35g
도다리구이,구이류,도다리구이,100ml,153,23.7,5.5,0.71,79.2
도넛_크로넛 글레이즈드 도넛,빵 및 과자류,도넛,100g,455,5.38,,,93g
도넛_크리스탈슈가 도넛,빵 및 과자류,도넛,100g,367,6.12,,,49g
도넛_크림치즈 찹쌀도넛,빵 및 과자류,도넛,100g,364,5.45,,,55g
도넛_크림치즈 찹쌀도넛 (2개입),빵 및 과자류,도넛,100g,359,6.36,,,110g
도넛_크림치즈꽈배기,빵 및 과자류,도넛,100g,350,4.19,,,167g
도넛_킷캣 초코 스트로베리,빵 및 과자류,도넛,100g,397,4.11,,,73g
도넛_통밀꽈배기,빵 및 과자류,도넛,100g,422,11.39,,,79g
도넛_트러플 크림 듬뿍 도넛,빵 및 과자류,도넛,100g,410,5.95,,,84g
도넛_트위스트 글레이즈드 도넛,빵 및 과자류,도넛,100g,380,6.1,,,82g
도넛_팥도너츠,빵 및 과자류,도넛,100g,292,6.47,,,85g
도넛_팥도넛,빵 및 과자류,도넛,100g,323,8,,,75g
도넛_팥빙수맛 크림도넛,빵 및 과자류,도넛,100g,362,5.36,,,112g
도넛_팥이팅 소보루 도넛,빵 및 과자류,도넛,100g,321,6.32,,,95g
도넛_페이머스 글레이즈드 도넛,빵 및 과자류,도넛,100g,433,4.35,23.91,50,46g
도넛_퐁신퐁신우유 도넛,빵 및 과자류,도넛,100g,348,4.9,,,102g
도넛_프리미엄 스트로베리 필드,빵 및 과자류,도넛,100g,366,5.71,,,70g
도넛_프리미엄 스트로베리 필드 도넛,빵 및 과자류,도넛,100g,361,5.71,,,70g
도넛_플라밍고 도넛,빵 및 과자류,도넛,100g,405,5.45,,,55g
도넛_핑크 블라썸 듀얼하트,빵 및 과자류,도넛,100g,414,3.95,,,76g
기타차_패션 프룻 히비스커스 핫(HOT) (L),음료 및 차류,기타차,100ml,24,0,,,414ml
도넛_카카오후로스티드 도넛,빵 및 과자류,도넛,100g,413,6.25,20.83,50,48g
도넛_카푸치노 츄이스티,빵 및 과자류,도넛,100g,400,2,,,50g
도넛_카푸치노츄이스티 도넛,빵 및 과자류,도넛,100g,406,1.92,21.15,51.92,52g
도넛_커스터드 도넛,빵 및 과자류,도넛,100g,325,5,13.33,45,60g
도넛_케익꽈배기 도넛,빵 및 과자류,도넛,100g,376,7.06,20,41.18,85g
도넛_케익꽈배기도넛,빵 및 과자류,도넛,100g,396,5.56,,,72g
도넛_켈로그우유 도넛,빵 및 과자류,도넛,100g,458,3.08,,,65g
도넛_콘버터 꽈배기 with 에쉬레 버터,빵 및 과자류,도넛,100g,390,5.09,,,59g
도넛_콘버터 바이츠 with 에쉬레 버터,빵 및 과자류,도넛,100g,413,5.33,,,75g
도넛_콘버터 브륄레 with 에쉬레 버터,빵 및 과자류,도넛,100g,307,4.72,,,106g
도넛_콘크림 브륄레,빵 및 과자류,도넛,100g,289,4.9,,,102g
도넛_쿠키 앤 화이트 크림,빵 및 과자류,도넛,100g,489,4.6,,,87g
도넛_쿠키&다크초코링도넛,빵 및 과자류,도넛,100g,473,5.33,24,52,75g
도넛_쿠키&화이트초코링도넛,빵 및 과자류,도넛,100g,473,5.33,26.67,52,75g
도넛_쿠키밤 원더볼,빵 및 과자류,도넛,100g,509,3.57,,,56g
도넛_쿠키앤 크림 도넛,빵 및 과자류,도넛,100g,389,6.25,,,96g
도넛_쿠키앤크림 도넛,빵 및 과자류,도넛,100g,404,7.8,,,50g
도넛_크런치피넛버터,빵 및 과자류,도넛,100g,489,9.23,,,65g
기타차_패션 프룻 히비스커스 핫(HOT) (J),음료 및 차류,기타차,100ml,27,0,,,473ml
도넛_추억의 생도나스,빵 및 과자류,도넛,100g,450,7.5,,,40g
도넛_추억의 옥수수 꽈배기 도넛,빵 및 과자류,도넛,100g,407,8.2,19.67,49.18,61g
도넛_추억의생도나스,빵 및 과자류,도넛,100g,430,8.98,,,78g
도넛_추억의생도나스 (2개입),빵 및 과자류,도넛,100g,426,17.31,22.44,54.49,156g
도넛_추억의생도나스 (3개입),빵 및 과자류,도넛,100g,427,17.52,22.22,54.7,234g
도넛_츄러스 꽈배기,빵 및 과자류,도넛,100g,363,5.98,,,117g
도넛_츄러스꽈배기,빵 및 과자류,도넛,100g,466,7.69,,,117g
도넛_카라멜 아이스드 도넛,빵 및 과자류,도넛,100g,372,4.69,,,64g
도넛_카스테라생크림도넛(1개입),빵 및 과자류,도넛,100g,413,4.35,,,69g
도넛_카스테라크림 꽈배기,빵 및 과자류,도넛,100g,308,6.67,,,120g
도넛_카스텔라 꽈배기,빵 및 과자류,도넛,100g,312,6.23,,,130g
도넛_카스텔라 도넛,빵 및 과자류,도넛,100g,442,4.81,,,104g
도넛_카카오 파운드 케이크,빵 및 과자류,도넛,100g,536,4.17,,,96g
도넛_카카오 하니딥,빵 및 과자류,도넛,100g,377,3.51,,,57g
도넛_카카오 후로스티드,빵 및 과자류,도넛,100g,490,4.17,,,48g
도넛_카카오하니딥 도넛,빵 및 과자류,도넛,100g,393,3.51,21.05,47.37,57g
도넛_카카오하니딥 먼치킨,빵 및 과자류,도넛,100g,423,4.62,,,13g
도넛_카카오하니딥먼치킨 도넛,빵 및 과자류,도넛,100g,369,4.62,15.38,53.85,13g
도넛_찹쌀도너츠,빵 및 과자류,도넛,100g,324,4.67,,,45g
도넛_찹쌀도넛,빵 및 과자류,도넛,100g,333,5.38,,,93g
도넛_찹쌀페스츄리 도넛,빵 및 과자류,도넛,100g,427,7.27,,,55g
도넛_초당옥수수크림찹쌀 도넛,빵 및 과자류,도넛,100g,300,2.86,,,35g
도넛_초코 도넛,빵 및 과자류,도넛,100g,404,7.8,,,50g
도넛_초코 마카롱 도넛,빵 및 과자류,도넛,100g,418,5.88,,,51g
도넛_초코 올드훼션드,빵 및 과자류,도넛,100g,542,5,,,60g
도넛_초코 와플넛 도넛,빵 및 과자류,도넛,100g,437,6.35,,,126g
도넛_초코 우유크림 듬뿍 도넛,빵 및 과자류,도넛,100g,415,5.95,,,84g
도넛_초코 크러쉬 도넛,빵 및 과자류,도넛,100g,493,4.29,,,70g
도넛_초코마카롱 도넛,빵 및 과자류,도넛,100g,413,7.69,,,52g
도넛_초코마카롱도넛,빵 및 과자류,도넛,100g,413,7.69,,,52g
도넛_초코밤 원더볼,빵 및 과자류,도넛,100g,500,3.18,,,63g
도넛_초코베리듀얼하트 도넛,빵 및 과자류,도넛,100g,330,2.63,,,76g
도넛_초코크런치 도넛,빵 및 과자류,도넛,100g,400,5.45,,,55g
도넛_초코홀릭,빵 및 과자류,도넛,100g,496,5.88,,,85g
도넛_초코홀릭 도넛,빵 및 과자류,도넛,100g,489,7.27,,,55g
도넛_초콜릿 아이스드 글레이즈드,빵 및 과자류,도넛,100g,457,5.36,,,56g
도넛_초콜릿 아이스드 글레이즈드 도넛,빵 및 과자류,도넛,100g,441,7.14,,,56g
도넛_우유크림 듬뿍 도넛,빵 및 과자류,도넛,100g,395,5.75,,,87g
도넛_제주말차 우유 도넛,빵 및 과자류,도넛,100g,453,4.69,28.13,45.31,64g
도넛_젠틀 머스태쉬 도넛,빵 및 과자류,도넛,100g,415,5.66,,,106g
도넛_조청 유과 도넛,빵 및 과자류,도넛,100g,385,1.92,,,52g
도넛_조청왕꽈배기,빵 및 과자류,도넛,100g,371,5.83,,,120g
도넛_쫀드칸꽈배기 시나몬슈가,빵 및 과자류,도넛,100g,385,2.25,,,100g
도넛_쫄깃한 왕꽈배기,빵 및 과자류,도넛,100g,373,5.45,,,110g
도넛_쫄깃한찹쌀 도넛,빵 및 과자류,도넛,100g,340,6.17,,,81g
도넛_쫄깃한찹쌀도넛,빵 및 과자류,도넛,100g,344,6.49,,,77g
도넛_쫄깃한찹쌀스틱 시나몬,빵 및 과자류,도넛,100g,400,1.8,,,50g
도넛_찹쌀,빵 및 과자류,도넛,100g,296,5.04,5.26,57.07,70g
도넛_찹쌀,빵 및 과자류,도넛,100g,288,6,4.64,55.56,70g
도넛_찹쌀 꽈배기,빵 및 과자류,도넛,100g,366,6.15,,,65g
도넛_찹쌀 도넛,빵 및 과자류,도넛,100g,333,5.38,9.68,56.99,93g
도넛_찹쌀 도넛,빵 및 과자류,도넛,100g,336,6,,,50g
도넛_찹쌀꽈배기,빵 및 과자류,도넛,100g,329,7,,,50g
도넛_찹쌀꽈배기도너츠,빵 및 과자류,도넛,100g,462,8,,,50g
도넛_찹쌀도너츠,빵 및 과자류,도넛,100g,380,4,,,75g
피자_치킨바비큐 피자 (L),빵 및 과자류,피자,100g,236,17.48,,,800g
기타차_패션 프룻 히비스커스 아이스(ICED) (L),음료 및 차류,기타차,100ml,21,0,,,473ml
도넛_오리지널 바이츠 도넛,빵 및 과자류,도넛,100g,436,7.14,,,112g
도넛_오리지널 우유 크림 필드,빵 및 과자류,도넛,100g,416,4.84,,,62g
도넛_오리지널 우유 크림 필드 도넛,빵 및 과자류,도넛,100g,403,6.45,,,62g
도넛_오리지널 초콜릿 필드,빵 및 과자류,도넛,100g,471,6.45,,,62g
도넛_오리지널 초콜릿 필드 도넛,빵 및 과자류,도넛,100g,456,6.45,,,62g
도넛_오리지널 케이크 먼치킨,빵 및 과자류,도넛,100g,375,5,,,12g
도넛_옥수수꽈배기 도넛,빵 및 과자류,도넛,100g,404,7.89,,,76g
도넛_옥수수찹쌀 도넛,빵 및 과자류,도넛,100g,332,4,,,50g
도넛_올드훼션드먼치킨,빵 및 과자류,도넛,100g,471,3.57,25.71,57.14,14g
도넛_올리브 츄이스티,빵 및 과자류,도넛,100g,404,2.04,,,49g
도넛_올리브츄이스티 도넛,빵 및 과자류,도넛,100g,404,2.04,20.41,53.06,49g
도넛_왕크림 도넛,빵 및 과자류,도넛,100g,335,6.15,20,33.85,130g
도넛_요거트올드훼션드 도넛,빵 및 과자류,도넛,100g,457,4.62,,,65g
도넛_용감한 쿠키 도넛,빵 및 과자류,도넛,100g,446,5.26,24.56,50.88,57g
도넛_우리찹쌀 왕꽈배기,빵 및 과자류,도넛,100g,383,6.09,18.26,48.7,115g
도넛_우리찹쌀왕꽈배기,빵 및 과자류,도넛,100g,383,6.09,,,115g
도넛_우유 도넛,빵 및 과자류,도넛,100g,404,7.8,,,50g
도넛_우유크림 듬뿍,빵 및 과자류,도넛,100g,393,5.95,,,84g
도넛_슬리데린,빵 및 과자류,도넛,100g,457,5.56,,,72g
도넛_시나몬 츄로넛,빵 및 과자류,도넛,100g,298,2.38,,,42g
도넛_시나몬슈가링 도넛,빵 및 과자류,도넛,100g,420,6,,,50g
도넛_시나몬피칸 크럼블도넛,빵 및 과자류,도넛,100g,482,7.25,,,138g
도넛_시크릿블랙,빵 및 과자류,도넛,100g,467,4.17,,,72g
도넛_시크릿코랄핑크,빵 및 과자류,도넛,100g,385,6.67,,,75g
도넛_시크릿화이트,빵 및 과자류,도넛,100g,408,5.33,,,75g
도넛_아몬드초코링 도넛,빵 및 과자류,도넛,100g,468,8.06,,,62g
도넛_아이스크림 레몬파운드 도넛,빵 및 과자류,도넛,100g,349,9.63,,,218g
도넛_아임 파인,빵 및 과자류,도넛,100g,430,4.23,,,71g
도넛_아침햇살 쌀꽈배기 도넛,빵 및 과자류,도넛,100g,375,4.69,12.5,60.94,64g
도넛_앙버터 도넛,빵 및 과자류,도넛,100g,408,8,,,100g
도넛_애플시나몬 파이필드,빵 및 과자류,도넛,100g,374,5.26,,,95g
도넛_엄마랑장볼때먹던그때그도나쓰,빵 및 과자류,도넛,100g,322,3.7,,,135g
도넛_옛날꽈배기도넛,빵 및 과자류,도넛,100g,407,6.78,,,59g
도넛_옛날단팥도넛,빵 및 과자류,도넛,100g,386,7.92,,,101g
도넛_옛날왕슈크림도넛,빵 및 과자류,도넛,100g,332,6.32,,,95g
도넛_오리지널 글레이즈드,빵 및 과자류,도넛,100g,447,6.38,,,47g
도넛_오리지널 글레이즈드 도넛,빵 및 과자류,도넛,100g,428,6.38,,,47g
도넛_소금 우유도넛,빵 및 과자류,도넛,100g,445,3.33,,,60g
도넛_소금우유 도넛,빵 및 과자류,도넛,100g,460,3.33,25,51.67,60g
도넛_소보로만난 앙넛,빵 및 과자류,도넛,100g,391,7.27,,,55g
도넛_솔티드 쿠키도우 도넛,빵 및 과자류,도넛,100g,459,3.47,,,144g
도넛_솔티연유 퍼프,빵 및 과자류,도넛,100g,365,6.74,,,89g
도넛_솔티카라멜바이츠 도넛,빵 및 과자류,도넛,100g,392,5.41,,,74g
도넛_송사부 꽈배기,빵 및 과자류,도넛,100g,382,7.89,,,38g
도넛_슈거글레이즈도넛,빵 및 과자류,도넛,100g,370,8,,,50g
도넛_슈거코티드,빵 및 과자류,도넛,100g,444,6.67,,,45g
도넛_슈거코티드 도넛,빵 및 과자류,도넛,100g,444,6.67,,,45g
도넛_슈크림브륄레,빵 및 과자류,도넛,100g,336,4.69,,,64g
도넛_슈크림카스테라,빵 및 과자류,도넛,100g,370,6.82,,,88g
도넛_스노우 원더볼,빵 및 과자류,도넛,100g,475,3.33,,,60g
도넛_스노우링 도넛,빵 및 과자류,도넛,100g,420,6,,,50g
도넛_스리라차 에그베네딕트,빵 및 과자류,도넛,100g,297,8.91,,,101g
도넛_스트라이크,빵 및 과자류,도넛,100g,445,4.11,,,73g
도넛_스트로베리 먼치킨,빵 및 과자류,도넛,100g,380,5,,,10g
도넛_스트로베리 먼치킨 도넛,빵 및 과자류,도넛,100g,380,5,18,50,10g
도넛_스트로베리 필드 도넛,빵 및 과자류,도넛,100g,372,5,18.33,46.67,60g
도넛_바닐라초코볼 도넛,빵 및 과자류,도넛,100g,326,5.88,,,68g
도넛_바바리안 먼치킨,빵 및 과자류,도넛,100g,400,6,,,10g
도넛_바바리안 먼치킨 도넛,빵 및 과자류,도넛,100g,400,6,20,50,10g
도넛_바바리안 필드,빵 및 과자류,도넛,100g,358,3.33,,,60g
도넛_바바리안필드 도넛,빵 및 과자류,도넛,100g,378,5,18.33,48.33,60g
도넛_바삭64겹 꽈배기,빵 및 과자류,도넛,100g,443,8,,,75g
도넛_바질 에그베네딕트,빵 및 과자류,도넛,100g,312,9.9,,,101g
도넛_밤티라미수 퍼프,빵 및 과자류,도넛,100g,348,5.71,,,105g
도넛_베리머치 퍼프,빵 및 과자류,도넛,100g,329,4.71,,,85g
도넛_베리베리크림 도넛,빵 및 과자류,도넛,100g,365,5,,,100g
도넛_베이크드 헤이즐넛 쇼콜라넛,빵 및 과자류,도넛,100g,435,6.92,,,130g
도넛_벨지안초코 도넛,빵 및 과자류,도넛,100g,418,7.35,,,68g
도넛_보스톤 크림,빵 및 과자류,도넛,100g,373,4.48,,,67g
도넛_보스톤크림 도넛,빵 및 과자류,도넛,100g,364,4.48,17.91,46.27,67g
도넛_생도넛,빵 및 과자류,도넛,100g,450,7.5,,,40g
도넛_생도넛,빵 및 과자류,도넛,100g,496,5.71,,,70g
도넛_생크림폭탄 도넛,빵 및 과자류,도넛,100g,364,5.45,21.82,34.55,55g
도넛_생크림폭탄 도넛 (3개입),빵 및 과자류,도넛,100g,364,6.06,22.42,34.55,165g
도넛_서울우유 크림도넛,빵 및 과자류,도넛,100g,321,5.36,,,56g
기타차_패션 프룻 히비스커스 아이스(ICED) (J),음료 및 차류,기타차,100ml,20,0,,,651ml
도넛_못난이찹쌀팥도넛,빵 및 과자류,도넛,100g,279,7,,,70g
도넛_미니 오리지널 글레이즈드,빵 및 과자류,도넛,100g,435,8.7,,,23g
도넛_미니 오리지널 글레이즈드 도넛,빵 및 과자류,도넛,100g,439,8.7,,,23g
도넛_미니찹쌀 도넛,빵 및 과자류,도넛,100g,400,5.71,9.14,71.43,35g
도넛_미니찹쌀 도넛,빵 및 과자류,도넛,100g,366,4,,,100g
도넛_미니찹쌀 도넛 (3개입),빵 및 과자류,도넛,100g,395,4.76,9.52,72.38,105g
도넛_미니찹쌀 도넛 (4개입),빵 및 과자류,도넛,100g,393,5,9.29,72.14,140g
도넛_미니찹쌀 도넛 (5개입),빵 및 과자류,도넛,100g,394,5.14,9.14,72,175g
도넛_미니찹쌀도너츠,빵 및 과자류,도넛,100g,466,5.26,,,38g
도넛_미니찹쌀도넛,빵 및 과자류,도넛,100g,400,5.71,,,35g
도넛_미니찹쌀도넛(3개입),빵 및 과자류,도넛,100g,395,4.76,,,105g
도넛_미니찹쌀도넛(4개입),빵 및 과자류,도넛,100g,393,5,,,140g
도넛_미니찹쌀도넛(5개입),빵 및 과자류,도넛,100g,397,5.14,,,175g
도넛_밀크크림 플라워 도넛,빵 및 과자류,도넛,100g,415,5.63,,,71g
도넛_바나나크림도넛(1개입),빵 및 과자류,도넛,100g,402,5.36,,,56g
도넛_바닐라 도넛,빵 및 과자류,도넛,100g,404,7.8,,,50g
도넛_바닐라 슈크림도넛,빵 및 과자류,도넛,100g,310,5.17,,,58g
도넛_바닐라빈 바이츠 도넛,빵 및 과자류,도넛,100g,404,7.04,15.49,59.15,71g
도넛_로투스 비스코프 도넛,빵 및 과자류,도넛,100g,456,6.1,,,82g
도넛_루비초코 블라썸 도넛,빵 및 과자류,도넛,100g,400,5.19,,,77g
도넛_링도넛,빵 및 과자류,도넛,100g,515,7.85,33.17,46.16,100g
도넛_마이볼,빵 및 과자류,도넛,100g,393,5.33,,,75g
도넛_마쵸 머스태쉬 도넛,빵 및 과자류,도넛,100g,420,5.66,,,106g
도넛_맘모스 듀얼필드,빵 및 과자류,도넛,100g,414,5.26,,,76g
도넛_메이플링 도넛,빵 및 과자류,도넛,100g,478,10.2,,,49g
도넛_모카무스 초코퍼프,빵 및 과자류,도넛,100g,427,6.8,,,103g
도넛_못난이찹쌀 꽈배기,빵 및 과자류,도넛,100g,291,7.27,,,55g
도넛_못난이찹쌀고구마크림치즈 도넛,빵 및 과자류,도넛,100g,293,6.81,,,69g
도넛_못난이찹쌀고구마크림치즈도넛,빵 및 과자류,도넛,100g,293,6.81,,,69g
도넛_못난이찹쌀깨찰 도넛,빵 및 과자류,도넛,100g,560,1,,,32g
도넛_못난이찹쌀깨찰도넛,빵 및 과자류,도넛,100g,560,1,,,32g
도넛_못난이찹쌀꽈배기,빵 및 과자류,도넛,100g,291,7.27,,,55g
도넛_못난이찹쌀모짜렐라치즈 도넛,빵 및 과자류,도넛,100g,276,10.71,,,70g
도넛_못난이찹쌀모짜렐라치즈도넛,빵 및 과자류,도넛,100g,276,10.72,,,70g
도넛_못난이찹쌀유자 도넛,빵 및 과자류,도넛,100g,271,6.57,,,70g
도넛_못난이찹쌀유자도넛,빵 및 과자류,도넛,100g,271,6.57,,,70g
도넛_못난이찹쌀팥 도넛,빵 및 과자류,도넛,100g,279,7,,,70g
도넛_딸기 우유크림 듬뿍 도넛,빵 및 과자류,도넛,100g,405,5.75,,,87g
도넛_딸기 크림 가득 수줍은 스마일,빵 및 과자류,도넛,100g,437,5.26,,,95g
도넛_딸기마카롱 도넛,빵 및 과자류,도넛,100g,433,7.69,,,52g
도넛_딸기츄이스티 도넛,빵 및 과자류,도넛,100g,450,1.92,,,52g
도넛_딸기필링 듬뿍 생도넛,빵 및 과자류,도넛,100g,337,4.82,,,83g
도넛_또르체티 이탈리아 꽈배기과자,빵 및 과자류,도넛,100g,463,7.5,,,40g
도넛_라이브 글레이즈드,빵 및 과자류,도넛,100g,415,6.06,,,66g
도넛_라즈베리 치즈케이크 퍼프,빵 및 과자류,도넛,100g,379,6.25,,,112g
도넛_라즈베리블라썸 도넛,빵 및 과자류,도넛,100g,338,4.41,,,68g
도넛_래번클로,빵 및 과자류,도넛,100g,388,5.17,,,58g
도넛_러블리듀얼하트 도넛,빵 및 과자류,도넛,100g,353,4.05,,,74g
도넛_레드벨벳 먼치킨 도넛,빵 및 과자류,도넛,100g,486,3.57,27.14,57.14,14g
도넛_레몬 도넛,빵 및 과자류,도넛,100g,404,7.8,,,50g
도넛_레몬 크림도넛,빵 및 과자류,도넛,100g,319,5.17,,,58g
도넛_레몬 크림브륄레 도넛,빵 및 과자류,도넛,100g,333,4.55,,,66g
도넛_레몬 파운드 도넛,빵 및 과자류,도넛,100g,446,4.17,,,120g
도넛_레이디버그 도넛,빵 및 과자류,도넛,100g,481,6.49,,,77g
도넛_레인보우 원더볼,빵 및 과자류,도넛,100g,484,3.18,,,63g
도넛_로우슈가 초코링,빵 및 과자류,도넛,100g,453,5.66,,,53g
기타차_패션 프룻 히비스커스 (L),음료 및 차류,기타차,100g,22,0,,,473g
도넛_달콤한 우리찹쌀 왕꽈배기,빵 및 과자류,도넛,100g,378,6.09,,,115g
도넛_달콤한꿀도넛 (3개입),빵 및 과자류,도넛,100g,348,4.76,10.48,59.05,105g
도넛_달콤한꿀도넛 (4개입),빵 및 과자류,도넛,100g,350,5,10,59.29,140g
도넛_달콤한꿀도넛 (5개입),빵 및 과자류,도넛,100g,349,5.14,10.29,59.43,175g
도넛_더블카라멜 도넛,빵 및 과자류,도넛,100g,362,5.63,,,71g
도넛_더쫄깃해진그때그도나쓰(5개입),빵 및 과자류,도넛,100g,294,4.58,,,131g
도넛_던킨 카페모카롤,빵 및 과자류,도넛,100g,441,5.26,,,76g
도넛_던킨카페모카롤,빵 및 과자류,도넛,100g,433,5.26,22.37,52.63,76g
도넛_데니쉬 꽈배기,빵 및 과자류,도넛,100g,442,8,,,50g
도넛_돌돌말린소시지 도넛,빵 및 과자류,도넛,100g,341,7.06,15.29,45.88,85g
도넛_돌돌말린소시지도넛,빵 및 과자류,도넛,100g,347,7.06,,,85g
도넛_동글아기찹쌀 도넛,빵 및 과자류,도넛,100g,357,4.76,,,126g
도넛_두바이 스타일 초코,빵 및 과자류,도넛,100g,497,6.94,,,144g
도넛_두바이 스타일 초콜릿 도넛,빵 및 과자류,도넛,100g,478,8.62,,,116g
도넛_디어 마이 러브 도넛,빵 및 과자류,도넛,100g,458,3.9,27.27,49.35,77g
도넛_딸기 도넛,빵 및 과자류,도넛,100g,404,7.8,,,50g
도넛_딸기 와플넛,빵 및 과자류,도넛,100g,416,5.56,,,126g
도넛_딸기 요거트 크림도넛,빵 및 과자류,도넛,100g,353,5.17,,,58g
도넛_글레이즈드 사워크림,빵 및 과자류,도넛,100g,420,2.5,,,80g
도넛_글레이즈드 사워크림 도넛,빵 및 과자류,도넛,100g,426,2.5,,,80g
도넛_글레이즈드 초콜릿 케익 도넛,빵 및 과자류,도넛,100g,416,3.75,,,80g
도넛_글레이즈츄잉스타,빵 및 과자류,도넛,100g,404,1.92,,,52g
도넛_기라델리민트초코링 도넛,빵 및 과자류,도넛,100g,388,5.56,,,72g
도넛_깨찰 도넛,빵 및 과자류,도넛,100g,384,3.57,,,56g
도넛_깨찰 도넛,빵 및 과자류,도넛,100g,444,4.44,,,45g
도넛_꿀고구마 브륄레 도넛,빵 및 과자류,도넛,100g,304,3.7,,,135g
도넛_꿀고구마 츄이스티,빵 및 과자류,도넛,100g,440,2,,,50g
도넛_남해마늘로만든버터갈릭 꽈배기,빵 및 과자류,도넛,100g,420,8.04,,,112g
도넛_뉴욕 치즈케익 도넛,빵 및 과자류,도넛,100g,369,5.56,,,90g
도넛_뉴패스트리 도넛,빵 및 과자류,도넛,100g,408,6.12,,,49g
도넛_다크초코링도넛,빵 및 과자류,도넛,100g,469,6.15,24.62,46.15,65g
도넛_다크초코츄잉스타,빵 및 과자류,도넛,100g,444,3.7,,,54g
도넛_단팥 도넛,빵 및 과자류,도넛,100g,310,6.67,9.52,44.76,105g
도넛_단팥도너츠,빵 및 과자류,도넛,100g,304,8.75,,,80g
도넛_단팥품은 꽈배기,빵 및 과자류,도넛,100g,330,6.09,,,115g
도넛_달콤한 꿀도넛,빵 및 과자류,도넛,100g,343,5.71,10.29,60,35g
도넛_달콤한 왕꽈배기,빵 및 과자류,도넛,100g,377,5.45,,,110g
더덕장아찌,장아찌·절임류,더덕장아찌,100g,141,4.47,0.89,28.9,90g
덮밥_낙지,밥류,덮밥,100g,150,5.88,3.34,24.12,350g
덮밥_닭고기,밥류,덮밥,100g,125,11.4,2.18,14.82,410g
덮밥_돼지고기(제육),밥류,덮밥,100g,202,9.43,10.77,16.86,470g
덮밥_불고기,밥류,덮밥,100g,182,6.6,5.31,26.96,400g
덮밥_송이버섯,밥류,덮밥,100g,97,3.04,2.34,15.93,600g
덮밥_오징어,밥류,덮밥,100g,135,7.18,2.01,21.94,360g
덮밥_유산슬,밥류,덮밥,100g,105,4.9,3.46,13.44,550g
덮밥_장어,밥류,덮밥,100g,179,7.52,5.74,24.34,400g
덮밥_참치,밥류,덮밥,100g,136,5.84,3.35,20.59,500g
덮밥_해물,밥류,덮밥,100g,110,6.01,3.21,14.35,700g
도가니탕,국 및 탕류,도가니탕,100g,40,8.35,0.33,0.82,500g
도넛_BEURRE 버터넛,빵 및 과자류,도넛,100g,425,4.11,19.18,58.9,73g
도넛_BEURRE 헤이즐넛&바닐라 도넛,빵 및 과자류,도넛,100g,451,4.41,27.94,45.59,68g
도넛_가을 밤 필드,빵 및 과자류,도넛,100g,358,5,,,60g
도넛_고구마품은 꽈배기,빵 및 과자류,도넛,100g,339,5.71,,,140g
도넛_골드초코 허니비 도넛,빵 및 과자류,도넛,100g,479,6.41,,,78g
도넛_골든 카레 초코 퍼프,빵 및 과자류,도넛,100g,321,5.26,,,95g
도넛_그리핀도르,빵 및 과자류,도넛,100g,454,5.75,,,87g
대추차_대추차 아이스(ICED) (M),음료 및 차류,대추차,100g,56,0,,,591g
대추차_대추차 핫(HOT),음료 및 차류,대추차,100ml,44,0.21,,,473ml
대추차_대추차 핫(HOT) (L),음료 및 차류,대추차,100g,53,0,,,946g
대추차_대추차 핫(HOT) (M),음료 및 차류,대추차,100g,56,0,,,591g
대추차_사과 대추차,음료 및 차류,대추차,100g,30,0,,,385g
대합 미역국,국 및 탕류,대합 미역국,100ml,7,0.7,0.22,0.67,320ml
대합 미역국,국 및 탕류,대합 미역국,100ml,7,0.8,0.24,0.57,227.7
대합죽,죽 및 스프류,대합죽,100ml,136,3.2,3.49,21.76,200ml
대합죽,죽 및 스프류,대합죽,100ml,106,2.5,2.89,16.61,259ml
더덕구이,구이류,더덕구이,100ml,108,1.86,2.14,22.34,180ml
더덕구이,구이류,더덕구이,100ml,161,3.7,3.34,31.56,60.2
더덕구이,구이류,더덕구이,100g,184,3.1,5.2,31.1,100g
더덕무침,생채·무침류,더덕무침,100ml,111,2.3,2.76,20.64,42.8
더덕무침,생채·무침류,더덕무침,100ml,65,1.29,0.65,14.72,70ml
더덕무침,생채·무침류,더덕무침,100ml,111,2.3,2.76,20.64,42.8
더덕무침,생채·무침류,더덕무침,100g,144,2.87,1.87,28.93,150g
더덕장아찌,장아찌·절임류,더덕장아찌,100ml,118,2,5.07,17.5,50ml
피자_치킨인볼케이노 피자 (L),빵 및 과자류,피자,100g,224,16,,,997g
대구 매운탕,찌개 및 전골류,대구 매운탕,100ml,54,9.2,0.8,2.62,292.8
대구 매운탕,찌개 및 전골류,대구 매운탕,100ml,52,7.8,1.08,2.85,219.2
대구 매운탕_내장,찌개 및 전골류,대구 매운탕,100ml,39,6.6,0.48,2.32,300ml
대구 매운탕_내장_알,찌개 및 전골류,대구 매운탕,100ml,41,6.7,0.53,2.72,300ml
대구볼찜,찜류,대구볼찜,100ml,45,4.23,1.23,5.37,640ml
대구지리,찌개 및 전골류,대구지리,100ml,16,2.7,0.21,0.86,600ml
대구지리,찌개 및 전골류,대구지리,100ml,19,3.4,0.26,1.06,343ml
대구지리,찌개 및 전골류,대구지리,100ml,37,6.5,0.49,1.98,250.7
대구지리,찌개 및 전골류,대구지리,100ml,19,3.4,0.25,1.02,343ml
대구찜,찜류,대구찜,100ml,57,8.3,1.18,3.32,191ml
대구찜,찜류,대구찜,100g,75,10.34,1.58,4.94,500g
대구찜,찜류,대구찜,100ml,57,8.3,1.18,3.32,191ml
대구탕,찌개 및 전골류,대구탕,100ml,45,4.7,0.89,5.03,760.5
대구튀김,튀김류,대구튀김,100ml,285,27,12.5,13.28,82.9
대구포,수·조·어·육류,대구포,100g,141,31.97,0.4,2.33,100g
대창구이_소고기,구이류,대창구이,100g,595,9.11,60.25,4.05,100g
대추차_대추차 아이스(ICED),음료 및 차류,대추차,100ml,37,0.14,,,710ml
대추차_대추차 아이스(ICED) (L),음료 및 차류,대추차,100g,53,0,,,946g
닭튀김_황금올리브 치킨 블랙페퍼,튀김류,닭튀김,100g,304,20.85,,,100g
닭튀김_황금올리브 치킨 블랙페퍼 반마리,튀김류,닭튀김,100g,304,20.85,,,100g
닭튀김_황금올리브 치킨 속안심,튀김류,닭튀김,100g,269,23.94,,,100g
닭튀김_황금올리브 치킨 콤보,튀김류,닭튀김,100g,288,20.94,,,100g
닭튀김_황금올리브 치킨 크런치 버터,튀김류,닭튀김,100g,301,19.78,,,100g
닭튀김_황금올리브 치킨 핫윙,튀김류,닭튀김,100g,313,17.09,,,100g
닭튀김_황금올리브 치킨 핫윙 냉장,튀김류,닭튀김,100g,313,17.09,,,100g
닭튀김_황올 반+매운양념 반 치킨,튀김류,닭튀김,100g,275,17.76,,,100g
닭튀김_황올 반+양념 반 치킨,튀김류,닭튀김,100g,254,18.77,,,100g
닭튀김_황올 반+양념 반 콤보 치킨,튀김류,닭튀김,100g,280,17.42,,,100g
닭튀김_황올 반+크리스피 반 치킨,튀김류,닭튀김,100g,288,19.14,,,100g
닭튀김_황올한 깐풍 치킨,튀김류,닭튀김,100g,257,15.71,,,100g
닭튀김_황올한 깐풍 치킨 반마리,튀김류,닭튀김,100g,257,15.71,,,100g
닭튀김_후라이드 치킨,튀김류,닭튀김,100g,282,23,,,100g
닭튀김_후라이드 치킨,튀김류,닭튀김,100g,270,24.67,,6.86,100g
닭튀김_후라이드 치킨,튀김류,닭튀김,100g,287,28.93,,8.1,100g
닭튀김_훈제치킨,튀김류,닭튀김,100g,140,22,,,630g
당근볶음,볶음류,당근볶음,100g,95,0.93,6.63,7.79,90g
대구 매운탕,찌개 및 전골류,대구 매운탕,100ml,31,5.1,0.35,2.09,300ml
닭튀김_프라임핫쵸킹 치킨,튀김류,닭튀김,100g,278,18.95,,,100g
닭튀김_핫쵸킹 치킨,튀김류,닭튀김,100g,287,21.16,,,100g
닭튀김_핫황금올리브 치킨 크리스피,튀김류,닭튀김,100g,323,19.5,,,100g
닭튀김_핫황금올리브 치킨 크리스피 반마리,튀김류,닭튀김,100g,323,19.5,,,100g
닭튀김_핫후라이드 치킨,튀김류,닭튀김,100g,263,23,,,100g
닭튀김_핫훈제치킨,튀김류,닭튀김,100g,140,22,,,630g
닭튀김_허니멜로 치킨,튀김류,닭튀김,100g,216,26,,4.34,100g
닭튀김_허니순살 치킨,튀김류,닭튀김,100g,346,19.08,,,100g
닭튀김_허니순살 치킨 (S),튀김류,닭튀김,100g,346,19.08,,,100g
닭튀김_허니오리지날 치킨,튀김류,닭튀김,100g,329,21.24,,,100g
닭튀김_허니점보윙 치킨,튀김류,닭튀김,100g,356,23.65,,,100g
닭튀김_허니콤보 치킨,튀김류,닭튀김,100g,319,18.59,,,100g
닭튀김_호식이 안심텐더,튀김류,닭튀김,100g,244,17.03,,18.33,100g
닭튀김_화이어윙 (2조각),튀김류,닭튀김,100g,209,10.12,,,85g
닭튀김_화이어윙 (4조각),튀김류,닭튀김,100g,210,10.12,,,170g
닭튀김_황금올리브 치킨,튀김류,닭튀김,100g,254,18.77,,,100g
닭튀김_황금올리브 치킨 레드착착,튀김류,닭튀김,100g,308,20.91,,,100g
닭튀김_황금올리브 치킨 레드착착 반마리,튀김류,닭튀김,100g,154,10.46,,,100g
닭튀김_황금올리브 치킨 반마리,튀김류,닭튀김,100g,254,18.77,,,100g
닭튀김_치킨텐더 (6조각),튀김류,닭튀김,100g,214,18.78,,,255g
닭튀김_치킨휠레 (2조각),튀김류,닭튀김,100g,238,18.88,,,77g
닭튀김_치킨휠레 (4조각),튀김류,닭튀김,100g,239,19,,,153g
닭튀김_크런치 순살크래커 치킨,튀김류,닭튀김,100g,263,18.49,,,100g
닭튀김_크런치 올치팝,튀김류,닭튀김,100g,274,13.03,,,100g
닭튀김_크리미양파 치킨,튀김류,닭튀김,100g,236,20,,,100g
닭튀김_크리미어니언 치킨,튀김류,닭튀김,100g,261,12.79,,,100g
닭튀김_크리스피 반+레드착착 반 치킨,튀김류,닭튀김,100g,315,20.21,,,100g
닭튀김_크리스피 반+블랙페퍼 반 치킨,튀김류,닭튀김,100g,314,20.18,,,100g
닭튀김_크리스피 빠삭치킨,튀김류,닭튀김,100g,305,10.91,,,275g
닭튀김_크리스피 후라이드 치킨,튀김류,닭튀김,100g,314,22.55,,,100g
닭튀김_타코마요 치킨,튀김류,닭튀김,100g,290,20.08,,11.08,100g
닭튀김_텐더 치킨(10조각),튀김류,닭튀김,100g,255,13.85,,,350g
닭튀김_텐더 치킨(2조각),튀김류,닭튀김,100g,255,9.57,,,70g
닭튀김_텐더 치킨(6조각),튀김류,닭튀김,100g,255,13.85,,,210g
닭튀김_티키타코 순살 치킨,튀김류,닭튀김,100g,303,17,,,100g
닭튀김_파닭 치킨,튀김류,닭튀김,100g,224,20,,,100g
닭튀김_파더’s 치킨,튀김류,닭튀김,100g,220,22.52,,,100g
닭튀김_파채소이살살 치킨,튀김류,닭튀김,100g,204,8.53,,,100g
닭튀김_요거치즈닝치킨 안심 순살,튀김류,닭튀김,100g,206,16.76,,18.76,100g
닭튀김_윙 (5조각),튀김류,닭튀김,100g,225,26.72,,,125g
닭튀김_윙+다리 치킨,튀김류,닭튀김,100g,282,23.59,,9.88,100g
닭튀김_윙봉스 치킨,튀김류,닭튀김,100g,289,22,,,100g
닭튀김_윙봉스간장 치킨,튀김류,닭튀김,100g,266,23,,,100g
닭튀김_윙봉스마늘 치킨,튀김류,닭튀김,100g,284,23,,,100g
닭튀김_자메이카 소떡만나 치킨,튀김류,닭튀김,100g,287,17.43,,,100g
닭튀김_자메이카 소떡만나 치킨 콤보,튀김류,닭튀김,100g,272,16.23,,,100g
닭튀김_자메이카 소떡만나치 킨 순살,튀김류,닭튀김,100g,275,19.01,,,100g
닭튀김_조선레드 치킨,튀김류,닭튀김,100g,270,23.41,,,100g
닭튀김_지파이 고소한맛(S),튀김류,닭튀김,100g,310,14.4,,,128g
닭튀김_지파이 하바네로(L),튀김류,닭튀김,100g,266,17.38,,,160g
닭튀김_착착갈릭 치킨,튀김류,닭튀김,100g,322,16.23,,,100g
닭튀김_청양고추마요 치킨,튀김류,닭튀김,100g,314,16.7,,16,100g
닭튀김_치요링 치킨,튀김류,닭튀김,100g,257,22,,,100g
닭튀김_치즈바사삭 치킨,튀김류,닭튀김,100g,228,24.47,,9.82,100g
닭튀김_치킨 스틱&윙,튀김류,닭튀김,100g,231,22.94,,,170g
닭튀김_치킨텐더,튀김류,닭튀김,100g,213,18.61,,,172g
닭튀김_치킨텐더 (4조각),튀김류,닭튀김,100g,201,19.79,,,140g
닭튀김_시그니처순살 치킨 세트,튀김류,닭튀김,100g,374,25.54,,,100g
닭튀김_아빠의제주깜슐랭 치킨,튀김류,닭튀김,100g,273,18.67,,,100g
닭튀김_양념,튀김류,닭튀김,100g,276,17.75,13.4,21.15,200g
닭튀김_양념,튀김류,닭튀김,100ml,125,10.7,6.16,6.3,359.3
닭튀김_양념,튀김류,닭튀김,100ml,128,10.8,3.66,12.56,124ml
닭튀김_양념,튀김류,닭튀김,100ml,183,8,9.79,14.94,80ml
닭튀김_양념,튀김류,닭튀김,100ml,222,20.6,5.36,21.96,143.2
닭튀김_양념 치킨,튀김류,닭튀김,100g,248,21.04,,14.62,100g
닭튀김_양념 치킨,튀김류,닭튀김,100g,248,19.44,,18.7,100g
닭튀김_양념 치킨,튀김류,닭튀김,100g,284,23,,,100g
닭튀김_양념너겟 어니언,튀김류,닭튀김,100g,239,15.55,,,119g
닭튀김_양념너겟 치즈,튀김류,닭튀김,100g,242,16.02,,,118g
닭튀김_양념너겟 칠리,튀김류,닭튀김,100g,238,15.81,,,117g
닭튀김_양념히어로 치킨,튀김류,닭튀김,100g,221,21.56,,13.9,100g
닭튀김_오리지날 양념 치킨,튀김류,닭튀김,100g,270,16.34,,,100g
닭튀김_오리지날 양념 치킨 반마리,튀김류,닭튀김,100g,270,16.34,,,100g
닭튀김_오븐 바사삭 윙 치킨,튀김류,닭튀김,100g,230,26.29,,7.14,100g
닭튀김_오븐 바사삭 치킨,튀김류,닭튀김,100g,230,26.29,,7.14,100g
닭튀김_오븐훈제치킨,튀김류,닭튀김,100g,184,27.45,,,555g
닭튀김_블랙페퍼 반+레드착착 반 치킨,튀김류,닭튀김,100g,306,20.88,,,100g
닭튀김_살살후라이드 미니 치킨,튀김류,닭튀김,100g,325,18.88,,,100g
닭튀김_살살후라이드 치킨,튀김류,닭튀김,100g,325,18.88,,,100g
닭튀김_살코기,튀김류,닭튀김,100g,289,22.54,17.35,9.42,100g
닭튀김_생그라나 치킨,튀김류,닭튀김,100g,265,24,,,100g
닭튀김_소보로 치킨,튀김류,닭튀김,100g,282,18,,,100g
닭튀김_소이갈릭스 치킨,튀김류,닭튀김,100g,309,21.44,,,100g
닭튀김_순살 뿌리고 치킨 매콤달콤한맛,튀김류,닭튀김,100g,315,20.59,,17.08,100g
닭튀김_순살 뿌리고 치킨 오리지날,튀김류,닭튀김,100g,258,21.19,,12.92,100g
닭튀김_순살치킨,튀김류,닭튀김,100g,243,16,,,150g
닭튀김_순살치킨 앤 프라이,튀김류,닭튀김,100g,255,11.54,,,130g
닭튀김_순살치킨 풀팩,튀김류,닭튀김,100g,271,15.81,,,487g
닭튀김_순살치킨 하프팩,튀김류,닭튀김,100g,270,15.84,,,244g
닭튀김_쉑쉑양꼬치킨,튀김류,닭튀김,100g,300,23.96,,,100g
닭튀김_스리라차 치킨,튀김류,닭튀김,100g,239,19,,,100g
닭튀김_스모크 치킨,튀김류,닭튀김,100g,271,22.13,,,100g
닭튀김_스모크 치킨 반마리,튀김류,닭튀김,100g,136,11.07,,,100g
닭튀김_스윗츠갈릭 치킨,튀김류,닭튀김,100g,279,20.76,,19.74,100g
닭튀김_스파이시그릴스테이크,튀김류,닭튀김,100g,218,18,,,270g
닭튀김_반반콤보 치킨,튀김류,닭튀김,100g,311,27.33,,,100g
닭튀김_버팔로 윙/봉 (10개),튀김류,닭튀김,100g,213,15.39,,,455g
닭튀김_버팔로 윙/봉 (2개),튀김류,닭튀김,100g,244,20,,,70g
닭튀김_버팔로 윙/봉 (4개),튀김류,닭튀김,100g,244,20,,,140g
닭튀김_버팔로스틱,튀김류,닭튀김,100g,165,17,,,175g
닭튀김_버팔로윙,튀김류,닭튀김,100g,210,18,,,150g
닭튀김_버팔로윙&봉 (10조각),튀김류,닭튀김,100g,207,22.98,,,350g
닭튀김_버팔로윙&봉 (4조각),튀김류,닭튀김,100g,207,22.98,,,140g
닭튀김_버팔로윙(10개),튀김류,닭튀김,100g,200,12,11,13,350g
닭튀김_버팔로윙(4개),튀김류,닭튀김,100g,200,12,11,13,140g
닭튀김_볼케이노 치킨,튀김류,닭튀김,100g,196,24,,6,100g
닭튀김_불금 치킨,튀김류,닭튀김,100g,228,22.94,,9.18,100g
닭튀김_불짬뽕 치킨,튀김류,닭튀김,100g,280,18.11,,19.11,100g
닭튀김_불패 치킨,튀김류,닭튀김,100g,250,23,,,100g
닭튀김_블랙시크릿 순살 치킨,튀김류,닭튀김,100g,362,21.13,,,100g
닭튀김_블랙시크릿 순살 치킨 (S),튀김류,닭튀김,100g,362,21.13,,,100g
닭튀김_블랙시크릿 오리지날 치킨,튀김류,닭튀김,100g,313,22.47,,,100g
닭튀김_블랙시크릿 콤보 치킨,튀김류,닭튀김,100g,332,22.3,,,100g
닭튀김_블랙시크릿 콤보 치킨 (S),튀김류,닭튀김,100g,332,22.3,,,100g
닭튀김_마늘 치킨,튀김류,닭튀김,100g,240,27,,,100g
닭튀김_마늘스태미나 치킨,튀김류,닭튀김,100g,260,19.04,,,100g
닭튀김_마늘알마니 치킨,튀김류,닭튀김,100g,233,17.96,,14.5,100g
닭튀김_마라윙&봉 (10조각),튀김류,닭튀김,100g,184,12,,,500g
닭튀김_마라윙&봉 (4조각),튀김류,닭튀김,100g,230,22.5,,,160g
닭튀김_매달구 치킨,튀김류,닭튀김,100g,250,23.92,,,100g
닭튀김_매운 간장 치킨,튀김류,닭튀김,100g,358,26.99,,13.37,100g
닭튀김_매운 양념 치킨,튀김류,닭튀김,100g,278,23.64,,15.49,100g
닭튀김_매운양념 치킨,튀김류,닭튀김,100g,297,16.75,,,100g
닭튀김_매운양념 치킨 반마리,튀김류,닭튀김,100g,130,8.38,,,100g
닭튀김_맵소이닭 치킨,튀김류,닭튀김,100g,232,24,,,100g
닭튀김_맵슐랭 치킨 오리지널,튀김류,닭튀김,100g,259,24,,,100g
닭튀김_모두의마요 치킨,튀김류,닭튀김,100g,256,25.43,,9.65,100g
닭튀김_목,튀김류,닭튀김,100g,330,19.82,23.52,8.7,100g
닭튀김_바삭갈릭 치킨,튀김류,닭튀김,100g,311,18.29,,,100g
닭튀김_바삭담백한 후라이드 치킨,튀김류,닭튀김,100g,293,25.3,,,100g
닭튀김_반반순살 치킨,튀김류,닭튀김,100g,396,26,,,100g
닭튀김_반반오리지날 치킨,튀김류,닭튀김,100g,323,27.6,,,100g
닭튀김_반반윙 치킨,튀김류,닭튀김,100g,366,29,,,100g
닭튀김_두마리같은한마리치킨주세요,튀김류,닭튀김,100g,282,23.88,,,100g
닭튀김_땡초 치킨,튀김류,닭튀김,100g,266,21.84,,12.15,100g
닭튀김_땡초불꽃 치킨,튀김류,닭튀김,100g,243,20.7,,15.15,100g
닭튀김_레드순살 치킨,튀김류,닭튀김,100g,381,28.83,,,100g
닭튀김_레드순살 치킨 (S),튀김류,닭튀김,100g,381,28.83,,,100g
닭튀김_레드오리지날 치킨,튀김류,닭튀김,100g,332,26.53,,,100g
닭튀김_레드윙 치킨,튀김류,닭튀김,100g,355,28.87,,,100g
닭튀김_레드윙 치킨 (S),튀김류,닭튀김,100g,355,28.87,,,100g
닭튀김_레드콤보 치킨,튀김류,닭튀김,100g,303,26.29,,,100g
닭튀김_레드콤보 치킨 (S),튀김류,닭튀김,100g,303,26.29,,,100g
닭튀김_레몬크림탕슈 안심 순살,튀김류,닭튀김,100g,633,13.3,,58.1,100g
닭튀김_레블반반콤보 치킨,튀김류,닭튀김,100g,318,24.29,,,100g
닭튀김_레허반반순살 치킨,튀김류,닭튀김,100g,364,23.95,,,100g
닭튀김_로스트 치킨 윙/봉(10조각),튀김류,닭튀김,100g,191,19.25,,,370g
닭튀김_로스트 치킨 윙/봉(2조각),튀김류,닭튀김,100g,191,19.24,,,74g
닭튀김_로스트 치킨 윙/봉(6조각),튀김류,닭튀김,100g,191,19.25,,,222g
닭튀김_리얼 치킨 꿔바로우,튀김류,닭튀김,100g,198,10.84,,24.83,100g
닭튀김_리얼후라이드 치킨,튀김류,닭튀김,100g,268,22.91,,,100g
피자_치킨인볼케이노 피자 (M),빵 및 과자류,피자,100g,235,18.3,,,614g
닭튀김_교촌윙 치킨,튀김류,닭튀김,100g,377,29.14,,,100g
닭튀김_교촌윙 치킨 (S),튀김류,닭튀김,100g,377,29.14,,,100g
닭튀김_교촌콤보 치킨,튀김류,닭튀김,100g,319,28.37,,,100g
닭튀김_교촌콤보 치킨 (S),튀김류,닭튀김,100g,319,28.37,,,100g
닭튀김_극장판치킨 고추치즈편,튀김류,닭튀김,100g,398,27.93,,,100g
닭튀김_극한왕갈비 치킨,튀김류,닭튀김,100g,322,15.8,,,100g
닭튀김_깐풍요리 치킨,튀김류,닭튀김,100g,287,22.61,,14.38,100g
닭튀김_꿀잼 치킨,튀김류,닭튀김,100g,286,21.6,,,100g
닭튀김_꿔바로우 치킨,튀김류,닭튀김,100g,257,19.08,,,100g
닭튀김_날개,튀김류,닭튀김,100g,257,17.17,16.27,10.49,200g
닭튀김_날다닭 치킨,튀김류,닭튀김,100g,271,20,,,100g
닭튀김_날다닭간장 치킨,튀김류,닭튀김,100g,235,24,,,100g
닭튀김_날다닭마늘 치킨,튀김류,닭튀김,100g,233,29,,,100g
닭튀김_너겟,튀김류,닭튀김,100g,332,15.3,22.7,16.63,
닭튀김_눈맞은 치킨,튀김류,닭튀김,100g,292,22.16,,,100g
닭튀김_다리(넓적다리),튀김류,닭튀김,100g,277,21.61,16.53,9.08,100g
닭튀김_다리(아랫다리),튀김류,닭튀김,100g,268,21.95,15.75,8.28,100g
닭튀김_단짠갈릭 치킨,튀김류,닭튀김,100g,309,15.79,,,100g
닭튀김_닭가슴살,튀김류,닭튀김,100g,252,21,9.7,20.2,100g
기타차_하동매실피치티 핫(HOT),음료 및 차류,기타차,100g,53,0.12,0.15,12.57,500g
닭튀김,튀김류,닭튀김,100ml,153,15.5,7.36,4.56,89ml
닭튀김,튀김류,닭튀김,100ml,155,16.3,6.6,5.92,172ml
닭튀김,튀김류,닭튀김,100ml,172,17.6,6.34,9.15,172.6
닭튀김 샐러드,생채·무침류,닭튀김 샐러드,100ml,79,3.8,5.3,3.98,300ml
닭튀김 샐러드,생채·무침류,닭튀김 샐러드,100ml,79,3.8,5.3,3.98,300ml
닭튀김 샐러드,생채·무침류,닭튀김 샐러드,100ml,79,3.8,5.3,3.98,300ml
닭튀김 샐러드,생채·무침류,닭튀김 샐러드,100ml,79,3.8,5.3,3.98,300ml
닭튀김_New치킨너겟,튀김류,닭튀김,100g,237,16.24,,,114g
닭튀김_No.1포테이토닥토닭 치킨,튀김류,닭튀김,100g,286,16.98,,,100g
닭튀김_간장 치킨,튀김류,닭튀김,100g,275,22.15,,,100g
닭튀김_간장 치킨,튀김류,닭튀김,100g,233,23,,,100g
닭튀김_간장 치킨,튀김류,닭튀김,100g,327,27.48,,12.38,100g
닭튀김_갈비천왕 치킨,튀김류,닭튀김,100g,194,26.8,,4.19,100g
닭튀김_강정 치킨,튀김류,닭튀김,100g,275,18.63,,,100g
닭튀김_고추바사삭 치킨,튀김류,닭튀김,100g,234,23.71,,8.35,100g
닭튀김_교촌순살 치킨,튀김류,닭튀김,100g,395,28.74,,,100g
닭튀김_교촌순살 치킨 (S),튀김류,닭튀김,100g,395,28.74,,,100g
닭튀김_교촌오리지날 치킨,튀김류,닭튀김,100g,314,28.68,,,100g
닭죽,죽 및 스프류,닭죽,100ml,111,7.7,0.55,18.13,261.3
닭죽_채소,죽 및 스프류,닭죽,100ml,111,5.56,2.05,16.57,250ml
닭죽_채소,죽 및 스프류,닭죽,100ml,115,6.99,2.96,14.34,240ml
닭죽_채소,죽 및 스프류,닭죽,100ml,99,5.88,2.45,12.77,200ml
닭찜,찜류,닭찜,100ml,134,10.3,5.6,10.01,80ml
닭찜,찜류,닭찜,100ml,134,10.3,5.6,10.01,80ml
닭찜,찜류,닭찜,100g,107,12.37,6.09,0.6,300g
닭찜_간장,찜류,닭찜,100ml,111,8.97,4.8,7.57,370ml
닭찜_간장,찜류,닭찜,100ml,109,9.2,4.31,8.11,105.4
닭찜_간장,찜류,닭찜,100ml,102,8.59,3.77,8.27,150ml
닭찜_간장,찜류,닭찜,100ml,85,12.1,1.36,5.07,209.5
닭찜_간편조리세트_안동식 찜닭,찜류,닭찜,100g,136,7.22,3.32,19.38,968g
닭찜_매운양념,찜류,닭찜,100ml,106,9.16,4.87,6.18,360ml
닭찜_매운양념,찜류,닭찜,100ml,98,8.1,3.55,8.33,150ml
닭찜_매운양념,찜류,닭찜,100ml,114,9.11,4.73,8.71,250ml
닭찜_안동찜닭,찜류,닭찜,100g,91,7.61,2.59,9.3,1500g
닭튀김,튀김류,닭튀김,100ml,183,9.5,11.67,8.5,80ml
닭튀김,튀김류,닭튀김,100g,301,21.73,16.57,16.27,300g
닭볶음(닭갈비)_간편조리세트_치즈이불 닭갈비,볶음류,닭볶음(닭갈비),100g,162,11.4,6.48,14.49,813g
닭볶음(닭갈비)_닭가슴살_피망,볶음류,닭볶음(닭갈비),100g,122,16.39,5.65,1.38,80g
닭볶음(닭갈비)_매운양념,볶음류,닭볶음(닭갈비),100ml,165,13.93,5.76,14.5,210ml
닭볶음(닭갈비)_매운양념,볶음류,닭볶음(닭갈비),100ml,132,10.95,3.74,13.78,120ml
닭볶음(닭갈비)_매운양념,볶음류,닭볶음(닭갈비),100ml,131,11.24,3.98,12.54,220ml
닭볶음(닭갈비)_매운양념_치즈,볶음류,닭볶음(닭갈비),100ml,168,14.44,5.45,14.98,220ml
닭볶음탕,조림류,닭볶음탕,100g,111,11.91,3.22,8.52,300g
닭볶음탕_간편조리세트_곱도리탕,조림류,닭볶음탕,100g,107,6.66,4.21,10.62,1254g
닭조림,조림류,닭조림,100ml,66,6.2,1.56,6.36,257ml
닭조림,조림류,닭조림,100ml,117,10.45,5.42,6.4,340ml
닭조림,조림류,닭조림,100ml,121,10.53,4.92,8.29,220ml
닭조림,조림류,닭조림,100g,197,18.03,10.9,6.57,150g
닭조림,조림류,닭조림,100ml,111,10.5,3.63,8.84,120ml
닭조림_고추장,조림류,닭조림,100g,152,9.12,6.94,13.25,250g
닭죽,죽 및 스프류,닭죽,100g,44,2.68,0.57,7.14,400g
닭죽,죽 및 스프류,닭죽,100ml,135,6.6,4.78,15.17,230ml
닭죽,죽 및 스프류,닭죽,100ml,138,9.2,0.67,22.72,400ml
닭죽,죽 및 스프류,닭죽,100ml,112,5.7,2.58,15.7,280ml
닭발구이_마닭 불닭발,구이류,닭발구이,100g,156,21.4,,,180g
닭발구이_무뼈닭발,구이류,닭발구이,100g,169,17.34,,,235g
닭발구이_불닭발,구이류,닭발구이,100g,235,17,,17,100g
닭발구이_참숯닭발,구이류,닭발구이,100g,340,22,,,200g
닭발구이_한입쏙직화 닭발,구이류,닭발구이,100g,148,11.88,,,100g
닭발볶음,볶음류,닭발볶음,100g,186,13.8,9.38,11.72,200g
닭발튀김_황올한 닭발튀김,튀김류,닭발튀김,100g,448,17.63,,,100g
닭백숙,국 및 탕류,닭백숙,100ml,56,4.23,2.11,4.49,610ml
닭백숙,국 및 탕류,닭백숙,100ml,102,10.1,0.69,12.78,270.6
닭볶음,볶음류,닭볶음,100ml,137,14.7,3.01,12.63,280ml
닭볶음(닭갈비),볶음류,닭볶음(닭갈비),100g,186,13.98,10.96,7.93,300g
닭볶음(닭갈비),볶음류,닭볶음(닭갈비),100ml,132,11.2,3.98,12.53,220ml
닭볶음(닭갈비),볶음류,닭볶음(닭갈비),100ml,166,13.9,5.76,14.5,210ml
닭볶음(닭갈비),볶음류,닭볶음(닭갈비),100ml,133,10.9,3.74,13.79,120ml
닭볶음(닭갈비),볶음류,닭볶음(닭갈비),100g,149,11.48,6.45,11.23,400g
닭볶음(닭갈비),볶음류,닭볶음(닭갈비),100ml,166,13.9,5.76,14.5,210ml
닭볶음(닭갈비)_간편조리세트_모짜렐라 치즈 닭갈비,볶음류,닭볶음(닭갈비),100g,150,11.59,5.41,13.82,862g
닭볶음(닭갈비)_간편조리세트_치즈 품은 닭갈비,볶음류,닭볶음(닭갈비),100g,160,9.5,5.62,17.96,984g
닭다리구이_자메이카 통다리구이 반마리,구이류,닭다리구이,100g,201,20.6,,,100g
닭다리조림,조림류,닭다리조림,100ml,182,14,8.86,9.19,87.3
닭다리조림,조림류,닭다리조림,100ml,179,14,8.87,9.13,80.4
닭다리튀김_간장,튀김류,닭다리튀김,100g,323,18.86,19.6,17.88,200g
닭다리튀김_다리 스틱,튀김류,닭다리튀김,100g,239,24.23,,,100g
닭다리튀김_봉 (5조각),튀김류,닭다리튀김,100g,202,24.22,,,180g
닭다리튀김_치킨다리 (1조각),튀김류,닭다리튀김,100g,184,13.61,,,82g
닭다리튀김_황금올리브치킨 닭다리,튀김류,닭다리튀김,100g,244,20.78,,,100g
닭다리튀김_황올 반+양념 반 닭다리 치킨,튀김류,닭다리튀김,100g,241,16.32,,,100g
닭도리탕,조림류,닭도리탕,100ml,122,9.82,5.33,8.85,300ml
닭도리탕,조림류,닭도리탕,100ml,116,9.5,4.83,8.71,210ml
닭도리탕,조림류,닭도리탕,100ml,78,6.51,3.34,5.6,450ml
닭도리탕,조림류,닭도리탕,100ml,49,5,1.24,4.2,237.3
닭모래집볶음,볶음류,닭모래집볶음,100ml,72,8.19,2.28,3.82,200ml
닭모래집볶음,볶음류,닭모래집볶음,100g,176,28.11,5.8,2.82,100g
닭모래집튀김,튀김류,닭모래집튀김,100g,312,18.73,17.73,19.4,150g
닭모래집튀김_매콤똥집튀김,튀김류,닭모래집튀김,100g,325,26,,,100g
닭발구이,구이류,닭발구이,100g,196,18.15,9.41,9.7,220g
닭구이,구이류,닭구이,100ml,110,10.59,5.71,3.31,230ml
닭구이,구이류,닭구이,100ml,76,7.07,3.77,3.01,270ml
닭구이,구이류,닭구이,100ml,119,24.4,1.46,0.58,69ml
닭구이,구이류,닭구이,100g,257,26.21,13.39,7.8,340g
닭구이,구이류,닭구이,100ml,96,11.19,3.33,4.57,120ml
닭구이_바베큐치킨스테이크,구이류,닭구이,100g,225,17,,,290g
닭껍데기튀김_BBQ 닭껍데기,튀김류,닭껍데기튀김,100g,616,20.42,,,100g
닭꼬치구이,구이류,닭꼬치구이,100ml,181,32.1,2.58,5.55,90ml
닭날개구이,구이류,닭날개구이,100ml,129,11.25,7.25,3.84,100ml
닭날개구이,구이류,닭날개구이,100ml,218,21.6,12.64,2.34,105ml
닭날개구이,구이류,닭날개구이,100ml,121,11.12,6.51,3.77,160ml
닭날개구이,구이류,닭날개구이,100ml,218,21.6,12.64,2.34,105ml
닭다리구이,구이류,닭다리구이,100ml,227,20.2,14.82,0.62,100ml
닭다리구이,구이류,닭다리구이,100ml,209,19.9,13.7,0.13,112.4
닭다리구이,구이류,닭다리구이,100ml,88,8.72,4.72,2.18,330ml
닭다리구이,구이류,닭다리구이,100ml,90,8.53,4.69,2.72,170ml
닭다리구이_자메이카 통다리구이,구이류,닭다리구이,100g,201,20.6,,,100g
피자_치킨퀘사디아 피자,빵 및 과자류,피자,100g,258,14.07,8.28,31.16,797g
닭고기 미역국,국 및 탕류,닭고기 미역국,100ml,21,3.2,0.74,0.71,280ml
닭고기 샐러드,생채·무침류,닭고기 샐러드,100ml,88,6.7,5.55,2.82,58.6
닭고기 샐러드,생채·무침류,닭고기 샐러드,100ml,88,6.7,5.55,2.82,58.6
닭고기 샐러드,생채·무침류,닭고기 샐러드,100ml,109,8.6,6.85,3.17,114.5
닭고기 탕수,튀김류,닭고기 탕수,100ml,95,7.4,3.15,8.8,230ml
닭고기 탕수,튀김류,닭고기 탕수,100ml,95,7.4,3.15,8.8,230ml
닭고기냉채,생채·무침류,닭고기냉채,100ml,72,10.8,0.92,5.72,150ml
닭고기냉채,생채·무침류,닭고기냉채,100ml,64,9.6,0.82,5.06,75ml
닭고기냉채,생채·무침류,닭고기냉채,100ml,73,10.8,0.92,5.74,150ml
닭고기육개장,국 및 탕류,닭고기육개장,100ml,43,4.35,2.06,1.96,210ml
닭고기육개장,국 및 탕류,닭고기육개장,100ml,39,4.96,1.07,2.5,420ml
닭고기육개장,국 및 탕류,닭고기육개장,100ml,31,3.26,1.51,1.28,200ml
닭고기육개장,국 및 탕류,닭고기육개장,100ml,28,2.64,1.32,1.52,440ml
닭곰탕,국 및 탕류,닭곰탕,100g,51,7.51,1.42,2,650g
닭곰탕,국 및 탕류,닭곰탕,100ml,50,6.35,1.8,1.71,450ml
닭곰탕,국 및 탕류,닭곰탕,100ml,48,4.6,1.98,2.73,160ml
닭곰탕,국 및 탕류,닭곰탕,100ml,59,5.18,2.36,4.06,200ml
닭곰탕,국 및 탕류,닭곰탕,100ml,48,4.3,1.83,3.32,280ml
달래무침,생채·무침류,달래무침,100ml,82,3.1,3.88,10.23,40.1
달래무침,생채·무침류,달래무침,100g,91,2.67,1.87,15.87,150g
달래무침,생채·무침류,달래무침,100g,63,2.92,3.02,6.07,60g
달래무침_오이,생채·무침류,달래무침,100ml,52,1.6,1.8,8.73,100.4
닭가슴살 샐러드_드레싱,생채·무침류,닭가슴살 샐러드,100ml,37,4.1,1.36,2.03,300ml
닭가슴살 샐러드_드레싱,생채·무침류,닭가슴살 샐러드,100ml,37,4.1,1.36,2.03,300ml
닭가슴살 샐러드_마요네즈,생채·무침류,닭가슴살 샐러드,100ml,54,4,2.96,2.82,300ml
닭강정,튀김류,닭강정,100ml,146,13.5,4.3,12.02,80.7
닭강정,튀김류,닭강정,100ml,146,13.5,4.3,12.02,80.7
닭강정,튀김류,닭강정,100ml,219,17.9,6.21,21.41,183.9
닭강정,튀김류,닭강정,100ml,219,17.9,6.21,21.41,183.9
닭고기 덮밥,밥류,닭고기 덮밥,100ml,89,4.3,0.38,16.36,572ml
닭고기 덮밥,밥류,닭고기 덮밥,100ml,102,5.6,0.72,17.33,408.9
닭고기 덮밥,밥류,닭고기 덮밥,100ml,102,5.6,0.72,17.33,408.9
닭고기 덮밥,밥류,닭고기 덮밥,100ml,97,5.3,0.7,16.4,634ml
닭고기 미역국,국 및 탕류,닭고기 미역국,100ml,21,3.2,0.74,0.71,280ml
닭고기 미역국,국 및 탕류,닭고기 미역국,100ml,21,3.2,0.74,0.71,280ml
닭고기 미역국,국 및 탕류,닭고기 미역국,100ml,21,3.2,0.74,0.71,280ml
달걀찜_당근,찜류,달걀찜,100ml,69,6.12,3.6,2.3,120ml
달걀찜_당근,찜류,달걀찜,100ml,64,5.53,3.41,2.13,100ml
달걀찜_당근,찜류,달걀찜,100ml,69,6.24,3.64,2.21,180ml
달걀찜_두부,찜류,달걀찜,100ml,75,6.56,4.01,2.49,90ml
달걀찜_새우젓,찜류,달걀찜,100ml,71,6.5,4.32,0.83,71.8
달걀찜_새우젓,찜류,달걀찜,100ml,44,4,2.31,1.25,50ml
달걀찜_새우젓,찜류,달걀찜,100ml,71,6.5,4.32,0.83,71.8
달걀찜_새우젓,찜류,달걀찜,100g,58,4.98,4.04,0.47,200g
달걀찜_우유,찜류,달걀찜,100g,105,8.23,6.31,3.8,200g
달걀찜_채소,찜류,달걀찜,100g,89,4.76,5.77,4.46,100g
달걀탕_순두부,국 및 탕류,달걀탕,100g,29,1.78,2.04,0.94,350g
달걀튀김,튀김류,달걀튀김,100ml,256,10.2,16.26,14.74,92.2
달걀후라이,전·적 및 부침류,달걀후라이,100ml,184,11,13.45,3.07,70ml
달걀후라이,전·적 및 부침류,달걀후라이,100ml,178,11,12.76,3.05,60ml
달래 된장국,국 및 탕류,달래 된장국,100ml,39,3,1.85,2.55,243.4
달래 된장국,국 및 탕류,달래 된장국,100ml,38,3,1.85,2.57,243.4
달래무침,생채·무침류,달래무침,100ml,68,2.6,3.2,8.48,97.2
달래무침,생채·무침류,달래무침,100ml,34,1.4,1.31,4.85,100ml
서대구이,구이류,서대구이,100ml,161,25.1,5.77,0.71,79.2
섞박지,김치류,섞박지,100ml,41,2.3,0.84,7.43,93.5
섞박지,김치류,섞박지,100ml,35,1.9,1.24,5.04,69.9
섞어찌개(모듬찌개),찌개 및 전골류,섞어찌개(모듬찌개),100ml,47,3.7,1.32,5.58,351.6
섞어찌개(모듬찌개),찌개 및 전골류,섞어찌개(모듬찌개),100ml,39,1.7,2.09,3.73,481ml
선지해장국_내장,국 및 탕류,선지해장국,100ml,34,4.4,0.98,2.07,600ml
선짓국,국 및 탕류,선짓국,100ml,27,3.6,0.49,2.15,600ml
선짓국,국 및 탕류,선짓국,100ml,45,3.9,1.9,3.53,320ml
선짓국,국 및 탕류,선짓국,100ml,40,3.4,1.53,3.5,220.5
선짓국_내장,국 및 탕류,선짓국,100ml,45,5.4,1.63,1.97,600ml
설렁탕,국 및 탕류,설렁탕,100ml,37,2.1,1.24,4.08,550ml
설렁탕,국 및 탕류,설렁탕,100ml,41,2.65,1.24,4.43,230ml
설렁탕,국 및 탕류,설렁탕,100g,24,4.26,0.58,0.36,500g
세발나물무침,나물·숙채류,세발나물무침,100g,78,3.01,4.25,7.05,100g
피자_치즈킹치즈크러스트 (L),빵 및 과자류,피자,100g,263,13.21,,,1077g
피자_치즈킹치즈크러스트 골드 (L),빵 및 과자류,피자,100g,267,13.62,,,1109g
피자_치즈팡 팬 (L),빵 및 과자류,피자,100g,274,15.03,,,1005g
피자_치즈팡 피자 라이스골드 (F),빵 및 과자류,피자,100g,261,15.2,,,1688g
생강차_홍시 동동 수정과 핫(HOT) (R),음료 및 차류,생강차,100ml,59,0.26,,,384ml
생선까스,튀김류,생선까스,100ml,198,15.3,9.57,10.89,68ml
생선까스,튀김류,생선까스,100ml,303,22.8,14.5,17.5,77.4
생선까스,튀김류,생선까스,100ml,198,15.3,9.57,10.89,68ml
생선까스,튀김류,생선까스,100ml,105,9,4.93,5.12,259ml
생선까스,튀김류,생선까스,100g,327,12.17,20.55,23.28,200g
생선까스_소스,튀김류,생선까스,100ml,232,7.58,18.96,7.25,220ml
생선전_가자미,전·적 및 부침류,생선전,100g,154,17.17,7.38,4.61,150g
생선전_동태,전·적 및 부침류,생선전,100g,179,15.09,10.03,7.02,150g
샤베트_메론코코샤베트,유제품류 및 빙과류,샤베트,100g,45,0.11,,11.09,470g
샤베트_블루파인 샤베트,유제품류 및 빙과류,샤베트,100g,40,0.23,0.17,9.36,470g
샤베트_와인 샤베트,유제품류 및 빙과류,샤베트,100g,74,0.21,0.43,17.66,470g
샤브샤브_간편조리세트_소고기 샤브샤브,찌개 및 전골류,샤브샤브,100g,34,2.71,1.26,2.99,1686g
샤브샤브_간편조리세트_소고기스키야키,찌개 및 전골류,샤브샤브,100g,76,6.23,1.78,8.65,1024g
샤브샤브_간편조리세트_일호식 스키야키,찌개 및 전골류,샤브샤브,100g,51,3.36,2.6,3.64,1234g
샤브샤브_버섯,찌개 및 전골류,샤브샤브,100g,30,3.88,0.9,1.57,350g
샤브샤브_소고기,찌개 및 전골류,샤브샤브,100g,44,4.85,1.63,2.45,600g
샤브샤브_소고기,찌개 및 전골류,샤브샤브,100g,43,5.38,1.62,1.8,600g
샐러드_포테이토&튜나샐러드,생채·무침류,샐러드,100g,152,4.41,,,363g
샐러드_프레시리코타치즈 샐러드,생채·무침류,샐러드,100g,167,5.42,,,203g
생강차_대추 생강차 아이스(ICED),음료 및 차류,생강차,100ml,65,0,,,354ml
생강차_대추 생강차 핫(HOT),음료 및 차류,생강차,100ml,65,0,,,354ml
생강차_레몬 생강차 아이스(ICED),음료 및 차류,생강차,100ml,59,0,,,354ml
생강차_레몬 생강차 핫(HOT),음료 및 차류,생강차,100ml,59,0,,,354ml
생강차_생강차,음료 및 차류,생강차,100g,41,0.14,,,100g
생강차_생강차 아이스(ICED),음료 및 차류,생강차,100ml,57,0,,,414ml
생강차_생강차 아이스(ICED),음료 및 차류,생강차,100ml,54,0.03,,,360ml
생강차_생강차 핫(HOT),음료 및 차류,생강차,100ml,54,0.03,,,360ml
생강차_생강차 핫(HOT),음료 및 차류,생강차,100ml,61,0,,,384ml
생강차_유자 생강차,음료 및 차류,생강차,100g,43,0,,,385g
생강차_전통 수정과 아이스(ICED),음료 및 차류,생강차,100g,41,0.14,,,435g
생강차_전통 수정과 핫(HOT),음료 및 차류,생강차,100g,41,0.15,,,390g
생강차_진저티 아이스(ICED),음료 및 차류,생강차,100g,48,0,,,360g
생강차_진저티 핫(HOT),음료 및 차류,생강차,100g,48,0,,,360g
생강차_홍시 동동 수정과 아이스(ICED) (EX),음료 및 차류,생강차,100ml,49,0.15,,,680ml
생강차_홍시 동동 수정과 아이스(ICED) (R),음료 및 차류,생강차,100ml,54,0.24,,,414ml
생강차_홍시 동동 수정과 핫(HOT) (EX),음료 및 차류,생강차,100ml,51,0.15,,,651ml
만두국_고기만두,면 및 만두류,만두국,100ml,44,2.24,1.48,5.44,380ml
샐러드_양상추,생채·무침류,샐러드,100g,126,4.91,10.3,3.42,150g
샐러드_오렌지 그릴치킨 샐러드,생채·무침류,샐러드,100g,71,5.29,,,340g
샐러드_옥수수,생채·무침류,샐러드,100g,166,1.96,11.94,12.68,160g
샐러드_옥수수,생채·무침류,샐러드,100ml,131,1.32,8.5,12.51,130ml
샐러드_참치,생채·무침류,샐러드,100g,151,10.82,8.65,7.52,150g
샐러드_채소,생채·무침류,샐러드,100g,145,1.16,13.35,5.1,160g
샐러드_치킨콥 샐러드,생채·무침류,샐러드,100g,124,5.8,8.4,6.4,410g
샐러드_치킨텐더 샐러드,생채·무침류,샐러드,100g,133,7.76,,,232g
샐러드_치킨텐더루꼴라샐러드,생채·무침류,샐러드,100g,193,8.1,,,247g
샐러드_코울슬로,생채·무침류,샐러드,100g,112,0.9,,,100g
샐러드_콘샐러드,생채·무침류,샐러드,100g,150,2.5,,,80g
샐러드_콥볼샐러드(R),생채·무침류,샐러드,100g,101,6.54,,,306g
샐러드_콥볼샐러드(S),생채·무침류,샐러드,100g,106,6.06,,,165g
샐러드_콥샐러드,생채·무침류,샐러드,100g,108,6.94,,,274g
샐러드_토마토치킨샐러드,생채·무침류,샐러드,100g,152,5.22,,,115g
샐러드_토마토칠리 핫도그 샐러드 박스,생채·무침류,샐러드,100g,194,6.41,,,234g
샐러드_트리플 치즈 샐러드,생채·무침류,샐러드,100g,164,5.91,8.71,15.27,203g
샐러드_포테이토&튜나 샐러드,생채·무침류,샐러드,100g,174,4.41,,,363g
샐러드_리코타그릴치킨샐러드(R),생채·무침류,샐러드,100g,99,4.28,,,304g
샐러드_리코타그릴치킨샐러드(S),생채·무침류,샐러드,100g,93,4.07,,,172g
샐러드_마카로니,생채·무침류,샐러드,100ml,140,2.37,8.17,13.76,170ml
샐러드_맥앤치즈 핫도그 샐러드 박스,생채·무침류,샐러드,100g,194,5.98,,,234g
샐러드_머쉬룸불고기샐러드,생채·무침류,샐러드,100g,85,4.59,,,218g
샐러드_멕시칸치킨 샐러드,생채·무침류,샐러드,100g,134,8.92,,,314g
샐러드_모짜렐라루꼴라샐러드,생채·무침류,샐러드,100g,210,6.93,,,202g
샐러드_베이컨크랜베리치킨샐러드,생채·무침류,샐러드,100g,204,6.8,,,206g
샐러드_불고기분짜누들샐러드,생채·무침류,샐러드,100g,126,4.29,,,350g
샐러드_새싹,생채·무침류,샐러드,100g,74,2.77,4.81,4.96,100g
샐러드_샐러드,생채·무침류,샐러드,100g,15,1,,,100g
샐러드_쉬림프에그 샐러드,생채·무침류,샐러드,100g,83,6.92,,,159g
샐러드_쉬림프에그샐러드(S),생채·무침류,샐러드,100g,126,6.01,,,183g
샐러드_스파이시쉬림프 샐러드,생채·무침류,샐러드,100g,109,7.35,,,313g
샐러드_시저치킨 샐러드,생채·무침류,샐러드,100g,126,15,6.4,2.2,270g
샐러드_썸머타코치킨샐러드,생채·무침류,샐러드,100g,91,4,,,275g
샐러드_양배추,생채·무침류,샐러드,100g,150,2.69,11.71,8.47,150g
샐러드_양배추_코올슬로,생채·무침류,샐러드,100g,153,0.95,9.91,14.89,100g
샐러드_감자,생채·무침류,샐러드,100g,126,1.31,7.99,12.25,150g
샐러드_감자,생채·무침류,샐러드,100ml,163,2.76,10.17,15.64,80ml
샐러드_고구마,생채·무침류,샐러드,100g,185,1.81,7.79,26.84,100g
샐러드_과일리코타 샐러드,생채·무침류,샐러드,100g,111,3.2,5.8,11.4,260g
샐러드_과카몰리치킨 샐러드,생채·무침류,샐러드,100g,94,4.15,,,217g
샐러드_그릴드 치킨 샐러드,생채·무침류,샐러드,100g,99,6.4,,,203g
샐러드_그릴드치킨 샐러드,생채·무침류,샐러드,100g,60,7.25,,,207g
샐러드_그릴드치킨 시저 샐러드,생채·무침류,샐러드,100g,104,7.49,,,227g
샐러드_그릴치킨오렌지샐러드,생채·무침류,샐러드,100g,71,5.29,,,340g
샐러드_단호박,생채·무침류,샐러드,100ml,128,1.23,9.49,10.28,50ml
샐러드_단호박,생채·무침류,샐러드,100g,162,1.48,8.97,18.77,150g
샐러드_단호박+고구마샐러드 (160g),생채·무침류,샐러드,100g,202,0.94,,,160g
샐러드_단호박+고구마샐러드 (310g),생채·무침류,샐러드,100g,202,1,,,310g
샐러드_단호박리코타과일샐러드,생채·무침류,샐러드,100g,176,2.65,,,264g
샐러드_닭가슴살,생채·무침류,샐러드,100g,135,7.17,9.49,5.36,150g
샐러드_두부포케 샐러드,생채·무침류,샐러드,100g,102,3.52,,,199g
샐러드_루꼴라샐러드,생채·무침류,샐러드,100g,181,2.47,,,162g
샐러드_리코타그릴치킨샐러드,생채·무침류,샐러드,100g,164,5.53,,,235g
샌드위치_햄앤치즈샌드,빵 및 과자류,샌드위치,100g,281,8,,,75g
샌드위치_햄에그 치아바타,빵 및 과자류,샌드위치,100g,266,12.9,,,155g
샌드위치_햄에그 파니니,빵 및 과자류,샌드위치,100g,304,12.9,,,155g
샌드위치_햄치즈 리터샌드,빵 및 과자류,샌드위치,100g,323,6.67,,30.67,75g
샌드위치_햄치즈 멀티그레인 파니니,빵 및 과자류,샌드위치,100g,232,7.9,,,190g
샌드위치_햄치즈 샌드위치,빵 및 과자류,샌드위치,100g,378,12.08,,,77g
샌드위치_햄치즈 샌드위치,빵 및 과자류,샌드위치,100g,255,11.52,,,243g
샌드위치_햄치즈 샌드위치,빵 및 과자류,샌드위치,100g,185,5.51,5.91,27.56,254g
샌드위치_햄치즈 잉글리쉬머핀,빵 및 과자류,샌드위치,100g,259,11.67,,,120g
샌드위치_햄치즈 잉글리쉬머핀 샌드위치,빵 및 과자류,샌드위치,100g,259,11.67,,,120g
샌드위치_햄치즈에그샌드위치,빵 및 과자류,샌드위치,100g,196,5.6,,,250g
샌드위치_햄치즈잉글리시 머핀,빵 및 과자류,샌드위치,100g,314,12.12,,43.08,110g
샌드위치_햄치즈잉글리시머핀 샌드위치,빵 및 과자류,샌드위치,100g,259,11.67,12.5,25,120g
샌드위치_햄치즈토마토치아바타,빵 및 과자류,샌드위치,100g,165,7,,,200g
샌드위치_햄치토 크로와상 샌드위치,빵 및 과자류,샌드위치,100g,137,3.48,8.26,12.61,230g
샌드위치_훈제베이컨에그 반미 샌드위치,빵 및 과자류,샌드위치,100g,218,11.07,,22.14,262g
샐러드_간편조리세트_콥샐러드&시저드레싱,생채·무침류,샐러드,100g,129,8.75,8.4,4.55,486g
피자_치즈팡 피자 라이스골드 (L),빵 및 과자류,피자,100g,274,15.02,,,1305g
샌드위치_할라피뇨 치킨 샌드위치,빵 및 과자류,샌드위치,100g,169,9.94,,,181g
샌드위치_할라피뇨스테이크바게트 샌드위치,빵 및 과자류,샌드위치,100g,244,10.25,,,244g
샌드위치_함박미니버거샌드위치,빵 및 과자류,샌드위치,100g,222,9.03,,,228g
샌드위치_핫치킨 바게트샌드,빵 및 과자류,샌드위치,100g,294,12.86,,30.72,140g
샌드위치_핫치킨 파니니,빵 및 과자류,샌드위치,100g,289,14.72,,37.48,120g
샌드위치_햄 에그 번 샌드위치,빵 및 과자류,샌드위치,100g,285,7.84,,,218g
샌드위치_햄 에그 크라상 샌드위치,빵 및 과자류,샌드위치,100g,218,7.86,,,165.5
샌드위치_햄 치즈 크라상 샌드위치,빵 및 과자류,샌드위치,100g,253,10,,,150g
샌드위치_햄&루꼴라 올리브 샌드위치,빵 및 과자류,샌드위치,100g,197,10.53,,,190g
샌드위치_햄&에그 로메인 샌드위치,빵 및 과자류,샌드위치,100g,203,9.85,,,264g
샌드위치_햄&에그 반미 샌드위치,빵 및 과자류,샌드위치,100g,164,7.81,,21.93,269g
샌드위치_햄&치즈 프레시 샌드위치,빵 및 과자류,샌드위치,100g,191,8.76,,,217g
샌드위치_햄&치즈라우겐샌드위치,빵 및 과자류,샌드위치,100g,270,10.43,,,163g
샌드위치_햄&포테이토샐러드샌드위치,빵 및 과자류,샌드위치,100g,206,6.36,,,330g
샌드위치_햄_달걀,빵 및 과자류,샌드위치,100g,220,12.44,11.92,15.64,200g
샌드위치_햄_치즈,빵 및 과자류,샌드위치,100g,284,8.57,15.75,26.95,100g
샌드위치_햄_치즈_채소,빵 및 과자류,샌드위치,100g,214,8.66,10.38,21.55,100g
샌드위치_햄앤치즈 샌드위치,빵 및 과자류,샌드위치,100g,269,7.5,,,80g
샌드위치_트리플머쉬룸치즈 파니니,빵 및 과자류,샌드위치,100g,164,7.52,,,226g
샌드위치_티라미수 샌디,빵 및 과자류,샌드위치,100g,249,3.87,,,297g
샌드위치_페스토 햄 모짜렐라 샌드위치,빵 및 과자류,샌드위치,100g,243,13.51,,,185g
샌드위치_페스토 햄 파니니,빵 및 과자류,샌드위치,100g,243,13.51,,,185g
샌드위치_페스토햄치즈 파니니,빵 및 과자류,샌드위치,100g,269,11.29,,,186g
샌드위치_페퍼로니 머쉬룸 깜빠뉴,빵 및 과자류,샌드위치,100g,303,16.11,,,180g
샌드위치_페퍼로니 샌드위치,빵 및 과자류,샌드위치,100g,265,13.33,,,150g
샌드위치_페퍼로니 파니니,빵 및 과자류,샌드위치,100g,305,9.08,,34.33,120g
샌드위치_페퍼로니 피자 샌드위치,빵 및 과자류,샌드위치,100g,287,13.33,,,150g
샌드위치_페퍼로니포카치아,빵 및 과자류,샌드위치,100g,235,7.03,,,185g
샌드위치_포테이토 사라다빵,빵 및 과자류,샌드위치,100g,266,5,,36.67,120g
샌드위치_프로방스 바질 치킨 파니니,빵 및 과자류,샌드위치,100g,193,9.05,,,210g
샌드위치_프룻티아 오 샌드 스트로베리,빵 및 과자류,샌드위치,100g,344,6.25,,,80g
샌드위치_플랜트 햄&루꼴라 샌드위치,빵 및 과자류,샌드위치,100g,178,5.56,,,180g
샌드위치_피크닉튜나 샌드위치,빵 및 과자류,샌드위치,100g,251,8.23,,,243g
샌드위치_필리 스테이크 바게트 파니니,빵 및 과자류,샌드위치,100g,227,8.18,,,220g
샌드위치_필리스테이크바게트 파니니,빵 및 과자류,샌드위치,100g,227,8.18,,,220g
샌드위치_할라피뇨 시저 치킨 파니니,빵 및 과자류,샌드위치,100g,231,11.11,,,180g
샌드위치_크로크무슈,빵 및 과자류,샌드위치,100g,294,13.75,6.25,,160g
샌드위치_크로크무슈,빵 및 과자류,샌드위치,100g,163,7.14,,,140g
샌드위치_크로크무슈,빵 및 과자류,샌드위치,100g,277,7.14,,,140g
샌드위치_크로크무슈,빵 및 과자류,샌드위치,100g,260,11.43,12.14,25.72,140g
샌드위치_크로크무슈,빵 및 과자류,샌드위치,100g,286,10.63,,,160g
샌드위치_크로크무슈,빵 및 과자류,샌드위치,100g,338,11.04,,,145g
샌드위치_크리미크랩샌드위치,빵 및 과자류,샌드위치,100g,204,4.49,,,267g
샌드위치_클래식루벤 샌드위치,빵 및 과자류,샌드위치,100g,218,13.62,,,213g
샌드위치_클래식잠봉뵈르,빵 및 과자류,샌드위치,100g,314,13.89,,,180g
샌드위치_토마토모짜렐라 샌드위치,빵 및 과자류,샌드위치,100g,247,10.67,14.61,18.54,178g
샌드위치_토마토아이올리 샌드위치,빵 및 과자류,샌드위치,100g,221,9.5,11.2,20.5,195g
샌드위치_통밀크랜베리치킨샌드위치,빵 및 과자류,샌드위치,100g,248,8.26,,,242g
샌드위치_통밀튜나 샌드위치,빵 및 과자류,샌드위치,100g,270,8.2,,,242g
샌드위치_통밀튜나샌드위치,빵 및 과자류,샌드위치,100g,135,4.1,,,244g
샌드위치_통밀후레쉬 샌드위치,빵 및 과자류,샌드위치,100g,211,7.89,,,228g
샌드위치_통밀후레쉬 샌드위치 (H),빵 및 과자류,샌드위치,100g,211,7.89,,,114g
샌드위치_통밀후레쉬샌드위치,빵 및 과자류,샌드위치,100g,196,6.96,,,230g
샌드위치_트리플 치즈 포카치아,빵 및 과자류,샌드위치,100g,304,15.71,,,70g
샌드위치_쿠키 & 크림 샌디,빵 및 과자류,샌드위치,100g,260,3.6,,,308g
샌드위치_크랜베리 치킨 샌드위치,빵 및 과자류,샌드위치,100g,238,7.5,,,240g
샌드위치_크랜베리 치킨 치즈 샌드위치,빵 및 과자류,샌드위치,100g,220,8.76,,,194g
샌드위치_크랜베리치킨 베이글 샌드위치,빵 및 과자류,샌드위치,100g,233,9.02,,,266g
샌드위치_크랜베리치킨 샌드위치,빵 및 과자류,샌드위치,100g,197,7.79,9.02,20.9,244g
샌드위치_크랜베리치킨베이글샌드위치,빵 및 과자류,샌드위치,100g,233,9.02,,,266g
샌드위치_크랜베리치킨샌드위치,빵 및 과자류,샌드위치,100g,209,6.59,,,258g
샌드위치_크랜베리치킨패스트리,빵 및 과자류,샌드위치,100g,279,7.84,,,204g
샌드위치_크로크 무슈,빵 및 과자류,샌드위치,100g,422,20,,,140g
샌드위치_크로크 무슈,빵 및 과자류,샌드위치,100g,269,11.18,,,170g
샌드위치_크로크 무슈,빵 및 과자류,샌드위치,100g,257,11.18,,,170g
샌드위치_크로크무슈,빵 및 과자류,샌드위치,100g,422,20,,,140g
샌드위치_크로크무슈,빵 및 과자류,샌드위치,100g,361,20.87,,,115g
샌드위치_크로크무슈,빵 및 과자류,샌드위치,100g,277,14.89,,,141g
샌드위치_크로크무슈,빵 및 과자류,샌드위치,100g,257,42.94,,,170g
샌드위치_크로크무슈,빵 및 과자류,샌드위치,100g,277,7.14,,,140g
샌드위치_크로크무슈,빵 및 과자류,샌드위치,100g,270,11.88,,,160g
샌드위치_크로크무슈,빵 및 과자류,샌드위치,100g,269,11.18,,,170g
샌드위치_치즈 파니니,빵 및 과자류,샌드위치,100g,282,10.26,,,78g
샌드위치_치즈어니언치킨샌드위치,빵 및 과자류,샌드위치,100g,249,8.16,,,245g
샌드위치_치킨 베이컨 멀티그레인 샌드위치,빵 및 과자류,샌드위치,100g,284,9.77,,,215g
샌드위치_치킨 샐러드 통밀 샌드위치,빵 및 과자류,샌드위치,100g,183,6.81,,,235g
샌드위치_치킨 치폴레 포카챠 샌드위치,빵 및 과자류,샌드위치,100g,200,9.33,,,150g
샌드위치_치킨 클럽,빵 및 과자류,샌드위치,100g,202,8.75,,,240g
샌드위치_치킨&아보카도샌드위치,빵 및 과자류,샌드위치,100g,206,12.94,,,255g
샌드위치_치킨브레스트 곡물 샌드위치,빵 및 과자류,샌드위치,100g,187,8.7,,,230g
샌드위치_치킨페스토곡물샌드위치,빵 및 과자류,샌드위치,100g,231,13.74,,,262g
샌드위치_칠리소시지바게트 샌드위치,빵 및 과자류,샌드위치,100g,233,10.92,,,238g
샌드위치_카야치즈토스트,빵 및 과자류,샌드위치,100g,270,7.04,,,142g
샌드위치_카야크림 리터샌드,빵 및 과자류,샌드위치,100g,289,6.25,,36.25,80g
샌드위치_카야토스트,빵 및 과자류,샌드위치,100g,286,5.07,,,138g
샌드위치_콘 치즈 샌드위치,빵 및 과자류,샌드위치,100g,237,5.38,,,143g
샌드위치_콘참치샌드,빵 및 과자류,샌드위치,100g,201,5,,,80g
샌드위치_콤비네이션 샌드위치,빵 및 과자류,샌드위치,100g,183,8.47,,,189g
샌드위치_콰트로치즈 파니니,빵 및 과자류,샌드위치,100g,285,13.81,,37.35,120g
피자_치즈팡 피자 라이스골드 (R),빵 및 과자류,피자,100g,287,15.43,,,745g
샌드위치_이탈리안 클래식 파니니,빵 및 과자류,샌드위치,100g,220,10.29,,,175g
샌드위치_잉글리쉬 머핀,빵 및 과자류,샌드위치,100g,199,9.29,,,140g
샌드위치_잉글리쉬 머핀 샌드위치,빵 및 과자류,샌드위치,100g,282,10,5,,140g
샌드위치_잉글리쉬 머핀 샌드위치,빵 및 과자류,샌드위치,100g,218,11.67,8.33,24.17,120g
샌드위치_잉글리쉬머핀 샌드위치,빵 및 과자류,샌드위치,100g,100,4.95,,,283g
샌드위치_잠봉 멀티그레인 파니니,빵 및 과자류,샌드위치,100g,248,8,,,200g
샌드위치_잠봉뵈르 샌드위치,빵 및 과자류,샌드위치,100g,418,8.84,,,181g
샌드위치_잠봉뵈르 샌드위치,빵 및 과자류,샌드위치,100g,290,15.48,,,155g
샌드위치_잠봉뵈르소금버터롤,빵 및 과자류,샌드위치,100g,376,16.53,,,121g
샌드위치_제주 흑돼지 아보카도 샌드위치,빵 및 과자류,샌드위치,100g,216,7.78,,,167g
샌드위치_제주당근에그마요 샌드위치,빵 및 과자류,샌드위치,100g,261,10,,,139g
샌드위치_차지키레드치킨샌드,빵 및 과자류,샌드위치,100g,192,13.25,,,151g
샌드위치_참치,빵 및 과자류,샌드위치,100g,202,10.54,11.65,13.78,250g
샌드위치_참치,빵 및 과자류,샌드위치,100g,222,9.32,14.04,14.6,250g
샌드위치_참치클럽 샌드위치,빵 및 과자류,샌드위치,100g,196,8,,,304g
샌드위치_채소,빵 및 과자류,샌드위치,100g,244,4.08,14.75,23.82,180g
샌드위치_추억의야채사라다빵,빵 및 과자류,샌드위치,100g,161,4,,,414g
샌드위치_치즈 에그 브리오슈,빵 및 과자류,샌드위치,100g,277,10,,,140g
샌드위치_에그 베이컨 과카몰리 샌드위치,빵 및 과자류,샌드위치,100g,218,10,,,180g
샌드위치_에그 사라다빵,빵 및 과자류,샌드위치,100g,298,9.17,,26.67,120g
샌드위치_에그&올리브 베이글 샌드위치,빵 및 과자류,샌드위치,100g,181,6.25,,,240g
샌드위치_에그듬뿍모닝 샌드위치,빵 및 과자류,샌드위치,100g,189,5.46,7.8,12.52,90g
샌드위치_에그마요 반미 샌드위치,빵 및 과자류,샌드위치,100g,237,7.95,,20.86,302g
샌드위치_에그마요 샌드위치,빵 및 과자류,샌드위치,100g,257,8.39,,,310g
샌드위치_에그마요 소금빵,빵 및 과자류,샌드위치,100g,259,9.15,,,153g
샌드위치_에그멜팅 불고기 파니니,빵 및 과자류,샌드위치,100g,240,9.52,,,210g
샌드위치_에그쉬림프 샌드위치,빵 및 과자류,샌드위치,100g,205,7.59,,,224g
샌드위치_에그쏙 텐더샌드위치,빵 및 과자류,샌드위치,100g,188,6.46,,,325g
샌드위치_에그쏙텐더 샌드위치,빵 및 과자류,샌드위치,100g,183,6.77,,,325g
샌드위치_에그튜나 샌드위치,빵 및 과자류,샌드위치,100g,254,8.96,,,268g
샌드위치_에그튜나샌드위치,빵 및 과자류,샌드위치,100g,231,9.33,,,268g
샌드위치_여봉 잠봉뵈르 먹어 크로와상 샌드위치,빵 및 과자류,샌드위치,100g,367,13,24,22,100g
샌드위치_오리지널 불고기 반미 샌드위치,빵 및 과자류,샌드위치,100g,182,9.6,,21.52,302g
샌드위치_올리브 베이컨 치아바타 샌드위치,빵 및 과자류,샌드위치,100g,283,12.63,,,198g
샌드위치_올리브 베이컨 파니니,빵 및 과자류,샌드위치,100g,283,12.63,,,198g
샌드위치_올리브치킨 파니니,빵 및 과자류,샌드위치,100g,265,16.02,,,206g
샌드위치_사라다빵,빵 및 과자류,샌드위치,100g,206,4.8,,,187.5
샌드위치_살라미에멘탈 샌드위치,빵 및 과자류,샌드위치,100g,208,7.7,8.5,25.1,180g
샌드위치_샐러드빵,빵 및 과자류,샌드위치,100g,185,6.92,,,130g
샌드위치_생선,빵 및 과자류,샌드위치,100g,257,10.29,12.45,26.69,100g
샌드위치_소고기,빵 및 과자류,샌드위치,100g,244,15.17,10.3,22.21,100g
샌드위치_소불고기 깜빠뉴 샌드위치,빵 및 과자류,샌드위치,100g,230,10,,,140g
샌드위치_소시지,빵 및 과자류,샌드위치,100g,276,10.3,15.57,23.74,100g
샌드위치_소프트 잠봉뵈르 샌드위치,빵 및 과자류,샌드위치,100g,277,9.14,,,175g
샌드위치_쉬림프아삭패스트리,빵 및 과자류,샌드위치,100g,269,8.06,,,186g
샌드위치_쉬림프에그마요샌드위치,빵 및 과자류,샌드위치,100g,204,7.94,,,252g
샌드위치_스크램블에그 샌드위치,빵 및 과자류,샌드위치,100g,279,10.59,,,170g
샌드위치_스파이시치킨샐러드랩,빵 및 과자류,샌드위치,100g,193,6.44,,,233g
샌드위치_스피니치불고기 샌드위치,빵 및 과자류,샌드위치,100g,287,14.9,,,255g
샌드위치_식물성대체육옴미니트샐러드랩,빵 및 과자류,샌드위치,100g,198,6.94,,,245g
샌드위치_씨앗곡물튜나샌드,빵 및 과자류,샌드위치,100g,286,13.77,,,138g
샌드위치_에그 마요 샌드위치,빵 및 과자류,샌드위치,100g,219,10,,,250g
샌드위치_에그 반미 샌드위치,빵 및 과자류,샌드위치,100g,316,8.55,,,248g
샌드위치_에그 번 샌드위치,빵 및 과자류,샌드위치,100g,289,6.95,,,200g
샌드위치_반숙란샌드위치,빵 및 과자류,샌드위치,100g,226,10.14,,,286g
샌드위치_버터버터 마늘 크로크무슈,빵 및 과자류,샌드위치,100g,294,12.67,11.33,34.67,150g
샌드위치_버터버터 에그베이컨 샌드위치,빵 및 과자류,샌드위치,100g,281,7.83,20,17.39,115g
샌드위치_버터품은 설탕치즈 크로와상 샌드위치,빵 및 과자류,샌드위치,100g,293,8.75,20,32.5,80g
샌드위치_베리머치감자 샌드위치,빵 및 과자류,샌드위치,100g,238,3.33,,,120g
샌드위치_베리머치에그 샌드위치,빵 및 과자류,샌드위치,100g,324,8.57,,,105g
샌드위치_베이컨체다 베이글,빵 및 과자류,샌드위치,100g,283,10.12,,,168g
샌드위치_부드러운 에그마요 샌드위치,빵 및 과자류,샌드위치,100g,254,7.92,,,240g
샌드위치_불고기 파니니,빵 및 과자류,샌드위치,100g,261,8.15,,,135g
샌드위치_불고기가득샌드위치,빵 및 과자류,샌드위치,100g,205,7.27,,,220g
샌드위치_불고기더블치즈 샌드위치,빵 및 과자류,샌드위치,100g,251,12.02,,,258g
샌드위치_불고기반미샌드위치,빵 및 과자류,샌드위치,100g,216,5.62,,,178g
샌드위치_불고기치즈 바게트,빵 및 과자류,샌드위치,100g,279,10.91,,,165g
샌드위치_불고기포카치아,빵 및 과자류,샌드위치,100g,241,9.71,,,170g
샌드위치_브렉퍼스트 잉글리쉬 머핀,빵 및 과자류,샌드위치,100g,260,12,,,150g
샌드위치_브리젤라,빵 및 과자류,샌드위치,100g,253,5.26,,,95g
샌드위치_블루베리 리터샌드,빵 및 과자류,샌드위치,100g,353,5.71,,38.57,70g
샌드위치_비프&에그 샌드위치,빵 및 과자류,샌드위치,100g,213,10.45,,,220g
샌드위치_리코타 딸기 샌디,빵 및 과자류,샌드위치,100g,225,3.38,,,320g
샌드위치_리터샌드,빵 및 과자류,샌드위치,100g,381,10,,37.5,80g
샌드위치_매콤치킨랩 샌드위치,빵 및 과자류,샌드위치,100g,182,8,,,250g
샌드위치_먹물치킨 치아바타,빵 및 과자류,샌드위치,100g,213,15.56,,,135g
샌드위치_멕시칸 파니니,빵 및 과자류,샌드위치,100g,264,13.76,,,218g
샌드위치_멜팅치즈 샌드위치,빵 및 과자류,샌드위치,100g,329,13.33,,,120g
샌드위치_멜팅치즈&비프 샌드위치,빵 및 과자류,샌드위치,100g,171,11.42,,,219g
샌드위치_모듬,빵 및 과자류,샌드위치,100g,193,9.5,13.44,8.44,220g
샌드위치_모르타델라 포카챠 샌드위치,빵 및 과자류,샌드위치,100g,237,4.17,,,120g
샌드위치_무화과 햄 바게트 샌드위치,빵 및 과자류,샌드위치,100g,293,7.86,,,140g
샌드위치_미트 번 샌드위치,빵 및 과자류,샌드위치,100g,254,5.89,,,270g
샌드위치_바베큐 치킨 깜빠뉴 샌드위치,빵 및 과자류,샌드위치,100g,273,14,,,150g
샌드위치_바베큐치킨 바게트샌드,빵 및 과자류,샌드위치,100g,269,12.86,,31.43,140g
샌드위치_바베큐치킨 파니니,빵 및 과자류,샌드위치,100g,159,14.75,,,217g
샌드위치_바삭몬테크리스토,빵 및 과자류,샌드위치,100g,287,8.88,,,169g
샌드위치_바질 토마토&치킨 샌드위치,빵 및 과자류,샌드위치,100g,205,10.77,,,195g
샌드위치_바질치킨통밀샌드위치,빵 및 과자류,샌드위치,100g,189,8.42,,,190g
샌드위치_반반마요 에그 감자 샌드위치,빵 및 과자류,샌드위치,100g,240,9.12,,,285g
샌드위치_그릴치킨&당근라페샌드위치,빵 및 과자류,샌드위치,100g,169,10.29,,,204g
샌드위치_기본좋은베이글샌드위치,빵 및 과자류,샌드위치,100g,188,7.52,,,226g
샌드위치_꽃살크래미 반미 샌드위치,빵 및 과자류,샌드위치,100g,181,5.58,,25.28,269g
샌드위치_단호박 에그 샌드위치,빵 및 과자류,샌드위치,100g,186,6.32,,,190g
샌드위치_단호박 크림치즈 샌드위치,빵 및 과자류,샌드위치,100g,164,4.38,,,274g
샌드위치_단호박크림치즈 샌드위치,빵 및 과자류,샌드위치,100g,181,4.38,7.66,23.36,274g
샌드위치_닭가슴살,빵 및 과자류,샌드위치,100g,240,12.18,11.92,20.96,230g
샌드위치_닭가슴살 프레시 샌드위치,빵 및 과자류,샌드위치,100g,178,8.86,,,237g
샌드위치_닭고기,빵 및 과자류,샌드위치,100g,250,16.28,11.19,20.89,100g
샌드위치_대만식 샌드위치 에그듬뿍샌드,빵 및 과자류,샌드위치,100g,296,7.5,,,80g
샌드위치_대만식 샌드위치 초코크림샌드,빵 및 과자류,샌드위치,100g,329,5.71,,,70g
샌드위치_대만식 샌드위치 햄치즈,빵 및 과자류,샌드위치,100g,234,11.69,,,77g
샌드위치_더블햄모짜렐라 샌드위치,빵 및 과자류,샌드위치,100g,192,7.14,,,210g
샌드위치_돌코롬 쫍지롱 와플 샌드,빵 및 과자류,샌드위치,100g,383,7.14,,,210g
샌드위치_딸기 에그 번 샌드위치,빵 및 과자류,샌드위치,100g,286,6.37,,,215g
샌드위치_떡갈비 치즈 곡물 샌드위치,빵 및 과자류,샌드위치,100g,153,1.93,7.25,,207g
샌드위치_레드타코치킨샌드위치,빵 및 과자류,샌드위치,100g,179,7.23,,,249g
샌드위치_룻티아 오 샌드 피넛,빵 및 과자류,샌드위치,100g,394,6.25,,,80g
샌드위치_B.E.L.T. 샌드위치,빵 및 과자류,샌드위치,100g,222,7.95,9.85,25.38,264g
샌드위치_B.E.L.T. 샌드위치,빵 및 과자류,샌드위치,100g,191,8.09,,,235g
샌드위치_B.E.L.T샌드위치,빵 및 과자류,샌드위치,100g,182,8.05,,,236g
샌드위치_B.L.T 샌드위치,빵 및 과자류,샌드위치,100g,225,8.3,7.88,30.29,241g
샌드위치_B.L.T.E 샌드위치,빵 및 과자류,샌드위치,100g,187,7.67,,,300g
샌드위치_BELT 샌드위치,빵 및 과자류,샌드위치,100g,176,5.93,,,236g
샌드위치_BELT 클럽 샌드위치,빵 및 과자류,샌드위치,100g,232,9.47,,,190g
샌드위치_BLT 샌드위치,빵 및 과자류,샌드위치,100g,190,7.62,,,210g
샌드위치_BLT 샌드위치,빵 및 과자류,샌드위치,100g,243,8,,,309g
샌드위치_NEW 파니니 불고기 에그,빵 및 과자류,샌드위치,100g,241,10.45,,,220g
샌드위치_NEW아삭햄치즈패스트리,빵 및 과자류,샌드위치,100g,210,5.94,,,219g
샌드위치_TLJ오리지널BELT샌드위치,빵 및 과자류,샌드위치,100g,201,6.64,,,226g
샌드위치_V.E.L.T샌드위치,빵 및 과자류,샌드위치,100g,179,6.94,,,288g
샌드위치_게살듬뿍모닝 샌드위치,빵 및 과자류,샌드위치,100g,140,3.59,9.67,9.26,90g
샌드위치_고르곤졸라 불고기 파니니,빵 및 과자류,샌드위치,100g,228,9,1.5,,200g
샌드위치_고소한햄에그샌드위치,빵 및 과자류,샌드위치,100g,209,9.16,,,273g
샌드위치_그릭치킨 샌드위치,빵 및 과자류,샌드위치,100g,184,12.22,5,22.22,180g
샌드위치_그릴치킨 당근라페 샌드위치,빵 및 과자류,샌드위치,100g,167,10.29,,,204g
새우탕,국 및 탕류,새우탕,100ml,40,6.2,0.56,2.51,760.5
새우탕,국 및 탕류,새우탕,100ml,40,6.2,0.56,2.51,760.5
새우탕,국 및 탕류,새우탕,100g,33,5.17,0.44,2,500g
새우탕_간편조리세트_전복민물새우탕,국 및 탕류,새우탕,100g,56,2.85,0.45,10.07,1589g
새우튀김,튀김류,새우튀김,100ml,145,7.1,5.52,16.54,117.6
새우튀김,튀김류,새우튀김,100ml,145,7.1,5.58,16.52,65ml
새우튀김,튀김류,새우튀김,100ml,145,7.1,5.58,16.52,65ml
새우튀김,튀김류,새우튀김,100ml,145,7.1,5.52,16.54,117.6
새우튀김_새우링,튀김류,새우튀김,100g,265,8,,,140g
새우튀김_새우링,튀김류,새우튀김,100g,239,7,,,100g
새우튀김_새우링(2조각),튀김류,새우튀김,100g,244,8.42,,,50g
새우튀김_새우링(4조각),튀김류,새우튀김,100g,244,8.42,,,100g
새우튀김_새우링(8조각),튀김류,새우튀김,100g,244,8.42,,,200g
새우튀김_새우스틱 (2개),튀김류,새우튀김,100g,271,8.3,,,100g
새우튀김_타르타르 새우튀김 (5개),튀김류,새우튀김,100g,295,6.1,,,100g
새우튀김롤,밥류,새우튀김롤,100g,202,4.82,6.06,32.09,300g
샌드위치_ 파니니 바비큐 치킨,빵 및 과자류,샌드위치,100g,202,7.73,,,220g
피자_치즈팡 피자 라이스바이트 (F),빵 및 과자류,피자,100g,270,14.19,,,1770g
새우 탕수,튀김류,새우 탕수,100ml,248,18.2,9.94,19.95,105.8
새우구이,구이류,새우구이,100ml,34,7.4,0.33,0.04,300ml
새우구이,구이류,새우구이,100g,145,23.41,4.44,2.82,180g
새우무침,생채·무침류,새우무침,100ml,321,37,11.77,15.47,27ml
새우무침,생채·무침류,새우무침,100ml,321,37,11.77,15.47,27ml
새우볶음,볶음류,새우볶음,100g,83,9.91,2.21,5.96,200g
새우전,전·적 및 부침류,새우전,100g,188,9.99,11.33,11.57,100g
새우전,전·적 및 부침류,새우전,100ml,264,23.2,12.08,12.86,65.9
새우전,전·적 및 부침류,새우전,100ml,264,23.1,11.86,13.51,65.9
새우젓_양념,젓갈류,새우젓,100g,69,7.1,1.8,6,10g
새우젓국,국 및 탕류,새우젓국,100ml,23,2,0.72,2.31,320ml
새우젓국,국 및 탕류,새우젓국,100ml,27,1.9,1.26,2.12,236.3
새우젓국,국 및 탕류,새우젓국,100ml,23,2,0.72,2.21,320ml
새우조림,조림류,새우조림,100ml,62,7.6,1.91,3.21,161.7
새우조림,조림류,새우조림,100ml,72,8.8,2.26,3.62,322ml
새우탕,국 및 탕류,새우탕,100ml,40,6.2,0.56,2.51,760.5
새우탕,국 및 탕류,새우탕,100ml,40,6.2,0.56,2.51,760.5
피자_치즈팡 피자 석쇠 (L),빵 및 과자류,피자,100g,270,14.86,,,945g
상추 겉절이,생채·무침류,상추 겉절이,100ml,29,1.2,1.2,3.98,50ml
상추 겉절이,생채·무침류,상추 겉절이,100ml,24,1.1,0.76,3.89,80ml
상추겉절이,생채·무침류,상추겉절이,100ml,24,1.06,0.76,3.92,80ml
상추겉절이,생채·무침류,상추겉절이,100ml,21,0.89,0.69,3.39,150ml
상추겉절이,생채·무침류,상추겉절이,100g,64,2.48,3.26,6.18,100g
상추겉절이,생채·무침류,상추겉절이,100ml,29,1.16,1.2,4.02,50ml
새송이버섯 구이,구이류,새송이버섯 구이,100ml,58,1.6,4.81,4.17,75.4
새송이버섯 구이,구이류,새송이버섯 구이,100ml,61,2.3,4.54,6.05,90.9
새송이버섯 구이,구이류,새송이버섯 구이,100ml,58,1.6,4.81,4.17,75.4
새송이버섯볶음_새송이버섯_채소,볶음류,새송이버섯볶음,100ml,32,1.44,1.95,4.13,170ml
새송이버섯볶음_새송이버섯_채소,볶음류,새송이버섯볶음,100ml,25,1.4,1.5,3.51,70ml
새송이버섯전,전·적 및 부침류,새송이버섯전,100ml,63,3.16,3.73,5.89,95ml
새싹 샐러드,생채·무침류,새싹 샐러드,100ml,117,1.4,10.6,5.01,104.4
새싹 샐러드,생채·무침류,새싹 샐러드,100ml,117,1.4,10.6,5.01,104.4
새싹 샐러드,생채·무침류,새싹 샐러드,100ml,117,1.4,10.6,5.01,104.4
새우 탕수,튀김류,새우 탕수,100ml,248,18.2,9.94,19.95,105.8
새우 탕수,튀김류,새우 탕수,100ml,149,11,5.84,12.77,83.1
새우 탕수,튀김류,새우 탕수,100ml,149,11,5.84,12.77,83.1
삼치 카레구이,구이류,삼치 카레구이,100ml,213,27.1,9.05,3.71,75.6
삼치 카레구이,구이류,삼치 카레구이,100ml,213,27.1,9.05,3.71,75.6
삼치구이,구이류,삼치구이,100ml,132,18.7,5.8,0.02,64.6
삼치구이,구이류,삼치구이,100g,178,21.42,9.57,1.45,200g
삼치구이,구이류,삼치구이,100ml,81,9.2,3.81,1.78,210ml
삼치구이,구이류,삼치구이,100ml,77,8.96,3.31,2.15,140ml
삼치구이,구이류,삼치구이,100ml,64,9.55,2.38,0.47,380ml
삼치조림,조림류,삼치조림,100ml,185,19,7.12,8.91,62.6
삼치조림,조림류,삼치조림,100g,125,15.88,5.63,2.61,100g
삼치조림,조림류,삼치조림,100ml,63,7.7,1.49,4.45,95ml
삼치조림,조림류,삼치조림,100ml,185,19,7.12,8.91,62.6
삼치조림,조림류,삼치조림,100ml,63,7.7,1.49,4.45,95ml
삼치찌개,찌개 및 전골류,삼치찌개,100ml,50,6.2,1.28,3.35,297ml
삼치튀김,튀김류,삼치튀김,100ml,136,13.8,6.86,3.43,115.1
삼치튀김,튀김류,삼치튀김,100ml,136,13.7,6.82,3.69,63.9
상추 겉절이,생채·무침류,상추 겉절이,100ml,21,0.9,0.69,3.38,150ml
상추 겉절이,생채·무침류,상추 겉절이,100ml,21,0.9,0.69,3.38,150ml
피자_치즈팡 피자 치즈크러스트 (F),빵 및 과자류,피자,100g,267,15.24,,,1395g
삼각김밥_참치마요네즈,밥류,삼각김밥,100g,172,3.94,3.2,31.95,100g
삼겹살구이,구이류,삼겹살구이,100g,467,22.56,41.69,0.35,200g
삼겹살구이_고추장,구이류,삼겹살구이,100g,403,14.21,32.83,12.63,200g
삼겹살볶음_낙지,볶음류,삼겹살볶음,100ml,235,11.3,16.18,10.03,186.4
삼겹살볶음_묵은지김치,볶음류,삼겹살볶음,100g,151,5.76,10.49,8.4,200g
삼겹살볶음_세발낙지,볶음류,삼겹살볶음,100ml,225,10,16.23,10.13,186.4
삼겹살볶음_세발낙지,볶음류,삼겹살볶음,100ml,241,9.9,18.59,8.87,89.9
삼계탕,국 및 탕류,삼계탕,100g,101,10.68,4.8,3.84,900g
삼계탕,국 및 탕류,삼계탕,100ml,46,5.2,0.34,5.17,831.6
삼계탕,국 및 탕류,삼계탕,100ml,80,7.32,3.85,3.54,400ml
삼계탕,국 및 탕류,삼계탕,100ml,77,6.7,3.17,5,200ml
삼계탕,국 및 탕류,삼계탕,100ml,88,7.42,3.75,5.64,900ml
삼색 오이냉국,국 및 탕류,삼색 오이냉국,100ml,17,0.6,0.21,3.52,160ml
삼색냉채,생채·무침류,삼색냉채,100ml,68,5.6,1.9,7.21,150ml
삼색냉채,생채·무침류,삼색냉채,100ml,76,6.4,2.29,7.48,51.8
삼색냉채,생채·무침류,삼색냉채,100ml,68,5.6,1.9,7.21,150ml
삼치 양념구이,구이류,삼치 양념구이,100ml,189,22.8,4.14,15.38,68.6
삼치 양념구이,구이류,삼치 양념구이,100ml,189,22.8,4.14,15.38,68.6
사과차_애플 그린티 아이스(ICED),음료 및 차류,사과차,100g,59,0.17,,,595g
사과차_애플 그린티 핫(HOT),음료 및 차류,사과차,100g,60,0.2,,,505g
사과차_애플 시나몬티 아이스(ICED) (L),음료 및 차류,사과차,100g,25,0.22,,,450g
사과차_애플 시나몬티 핫(HOT) (L),음료 및 차류,사과차,100g,26,0.44,,,450g
사과차_애플 히비스커스티,음료 및 차류,사과차,100g,45,0.03,,,360g
사과차_애플민트티 아이스(ICED) (R),음료 및 차류,사과차,100g,36,0,,,414g
사과차_애플민트티 핫(HOT) (R),음료 및 차류,사과차,100g,31,0.21,,,355g
사태찜_소고기,찜류,사태찜,100g,110,12.1,5.17,3.67,300g
산자,빵 및 과자류,산자,100g,366,2.31,3.09,82.17,30g
산적_돼지고기,전·적 및 부침류,산적,100g,200,29.06,8.56,1.55,170g
삶은 땅콩 조림,조림류,삶은 땅콩 조림,100ml,190,6.8,9.74,21.15,65.5
삶은 땅콩 조림,조림류,삶은 땅콩 조림,100ml,580,20.7,29.74,64.99,22.2
삶은 땅콩 조림,조림류,삶은 땅콩 조림,100ml,190,6.8,9.74,21.15,65.5
삼각김밥,밥류,삼각김밥,100ml,183,5.2,3.83,30.8,94.5
삼각김밥,밥류,삼각김밥,100ml,185,4.8,4.4,30.58,94.5
삼각김밥_고추장불고기,밥류,삼각김밥,100g,165,3.66,1.58,34.11,100g
삼각김밥_숯불갈비,밥류,삼각김밥,100g,161,4,1.67,32.55,100g
삼각김밥_참치마요네즈,밥류,삼각김밥,100g,199,5.93,8.21,25.45,200g
마파두부_간편조리세트_백리향 마파두부,볶음류,마파두부,100g,129,7.42,9,4.62,742g
빙수_피치&망고 요거트 빙수,유제품류 및 빙과류,빙수,100ml,133,1.92,,,520ml
빙수_홍시 아이스드림 빙수,유제품류 및 빙과류,빙수,100g,48,0.63,,,960g
빙수_흑임자 컵빙수,유제품류 및 빙과류,빙수,100g,107,1.48,,,473g
빙수_흑임자 팥빙수,유제품류 및 빙과류,빙수,100g,93,1.56,,,960g
빙수_흑임자 한 컵 빙수,유제품류 및 빙과류,빙수,100g,228,4.46,,,314g
뼈다귀해장국,국 및 탕류,뼈다귀해장국,100ml,21,2.7,0.63,0.96,650ml
뼈다귀해장국,국 및 탕류,뼈다귀해장국,100ml,21,2.7,0.63,0.96,650ml
뼈다귀해장국,국 및 탕류,뼈다귀해장국,100ml,21,2.7,0.63,0.96,650ml
사골국,국 및 탕류,사골국,100ml,35,1.8,1.67,2.94,563ml
사골국,국 및 탕류,사골국,100g,55,5.56,2.42,2.81,400g
사골국,국 및 탕류,사골국,100ml,35,1.8,1.67,2.94,563ml
사골국,국 및 탕류,사골국,100ml,35,1.8,1.67,2.94,563ml
사과차_사과차 아이스(ICED) (L),음료 및 차류,사과차,100g,40,0.01,,,946g
사과차_사과차 아이스(ICED) (M),음료 및 차류,사과차,100g,39,0.02,,,591g
사과차_사과차 핫(HOT) (L),음료 및 차류,사과차,100g,48,0.01,,,946g
사과차_사과차 핫(HOT) (M),음료 및 차류,사과차,100g,52,0.02,,,591g
사과차_석류 애플라임,음료 및 차류,사과차,100g,59,0,0,14.78,230g
사과차_석류애플라임 아이스(ICED),음료 및 차류,사과차,100g,48,0,,,651g
빙수_쿠앤크 눈꽃 우유얼음,유제품류 및 빙과류,빙수,100g,175,2.44,,,550g
빙수_쿠앤크 눈꽃빙수,유제품류 및 빙과류,빙수,100g,156,2.01,,,718g
빙수_쿠키&크림 빙수,유제품류 및 빙과류,빙수,100g,123,1.93,,,570g
빙수_쿠키앤크림 빙수,유제품류 및 빙과류,빙수,100g,140,2.57,,,778g
빙수_쿠키앤크림 빙수 (1인),유제품류 및 빙과류,빙수,100g,169,2.68,,,373g
빙수_클래식 컵빙수,유제품류 및 빙과류,빙수,100g,133,1.84,,,380g
빙수_클래식 쿨빙수,유제품류 및 빙과류,빙수,100g,103,2.24,,,892g
빙수_키위 아이스드림 빙수,유제품류 및 빙과류,빙수,100g,50,0.63,,,960g
빙수_트러플 초코 스노우 빙수,유제품류 및 빙과류,빙수,100g,163,2.78,,,360g
빙수_트리플 초코 스노우 빙수,유제품류 및 빙과류,빙수,100ml,163,2.78,,,360ml
빙수_티라미수 빙수,유제품류 및 빙과류,빙수,100g,112,1.56,,,578g
빙수_티라미수케이크 빙수,유제품류 및 빙과류,빙수,100g,179,2.73,,,476g
빙수_팥 마시빙,유제품류 및 빙과류,빙수,100ml,123,1.5,,,600ml
빙수_팥 빙수,유제품류 및 빙과류,빙수,100g,150,3.97,,,982g
빙수_팥 빙수 (1인),유제품류 및 빙과류,빙수,100g,162,4.37,,,389g
빙수_팥_우유얼음,유제품류 및 빙과류,빙수,100g,146,3.24,0.79,31.49,100g
빙수_팥빙수,유제품류 및 빙과류,빙수,100g,269,4.44,5.33,50.22,225g
빙수_팥인절미 1인빙수,유제품류 및 빙과류,빙수,100ml,171,3.3,,,333ml
빙수_팥인절미 눈꽃빙수,유제품류 및 빙과류,빙수,100g,151,3.34,,,509g
빙수_초당옥빙수,유제품류 및 빙과류,빙수,100g,122,1.83,,,547g
빙수_초코 마시빙,유제품류 및 빙과류,빙수,100ml,74,1.17,,,600ml
빙수_초코 밀크 컵 빙수,유제품류 및 빙과류,빙수,100g,254,4.77,,,316.5
빙수_초코 씨리얼 빙수,유제품류 및 빙과류,빙수,100g,159,6.44,3.89,24.61,545g
빙수_초코악마 빙수,유제품류 및 빙과류,빙수,100g,110,1.59,,,816g
빙수_초코악마 빙수 (1인),유제품류 및 빙과류,빙수,100g,137,2.7,,,333g
빙수_치즈 요거트 빙수,유제품류 및 빙과류,빙수,100ml,187,10.4,,,481ml
빙수_치즈 컵빙수,유제품류 및 빙과류,빙수,100g,109,1.03,3.53,18.19,100g
빙수_치즈베리 젤빙,유제품류 및 빙과류,빙수,100g,126,2.66,,,491g
빙수_커피 밀크 컵 빙수,유제품류 및 빙과류,빙수,100g,219,4.32,,,307g
빙수_커피 빙수,유제품류 및 빙과류,빙수,100g,107,1.73,,,868g
빙수_커피 빙수 (1인),유제품류 및 빙과류,빙수,100g,135,3.13,,,352g
빙수_커피 빙수 디카페인,유제품류 및 빙과류,빙수,100g,126,2.69,,,892g
빙수_커피 빙수 디카페인 (1인),유제품류 및 빙과류,빙수,100g,142,3.35,,,388g
빙수_컵빙수,유제품류 및 빙과류,빙수,100ml,93,0.63,,,473ml
빙수_코코넛커피 (1인),유제품류 및 빙과류,빙수,100g,128,1.81,2.82,,386g
빙수_콩고물 스노우 빙수,유제품류 및 빙과류,빙수,100ml,139,4.83,,,414ml
빙수_콩고물 팥빙수,유제품류 및 빙과류,빙수,100g,85,1.88,,,960g
빙수_콩고물팥 밀크 컵 빙수,유제품류 및 빙과류,빙수,100g,214,5.59,,,331g
빙수_오곡 팥 눈꽃빙수,유제품류 및 빙과류,빙수,100g,126,2.84,,,619g
빙수_오곡 팥 얼음빙수,유제품류 및 빙과류,빙수,100g,181,3.79,,,409g
빙수_오곡 팥 컵빙수,유제품류 및 빙과류,빙수,100g,139,2.7,,,285g
빙수_오레오초코 빙수,유제품류 및 빙과류,빙수,100g,141,3.32,,,100g
빙수_오리지날 팥빙수,유제품류 및 빙과류,빙수,100g,91,17.55,,,741g
빙수_오리지널 눈꽃 빙수,유제품류 및 빙과류,빙수,100g,138,4.69,,24.2,405g
빙수_오리지널 대패빙수,유제품류 및 빙과류,빙수,100g,112,2.53,,,593g
빙수_오리지널 팥빙수,유제품류 및 빙과류,빙수,100g,156,3.95,,24.01,658g
빙수_오미자두빙수,유제품류 및 빙과류,빙수,100g,54,0.22,,,893g
빙수_요거트 빙수,유제품류 및 빙과류,빙수,100g,95,16.78,,,733g
빙수_인절미 눈꽃빙수,유제품류 및 빙과류,빙수,100g,167,4.7,,,574g
빙수_인절미 빙수,유제품류 및 빙과류,빙수,100g,149,4.9,,,100g
빙수_인절미_우유얼음,유제품류 및 빙과류,빙수,100g,141,5.97,4.35,19.6,100g
빙수_제주 한라봉 빙수,유제품류 및 빙과류,빙수,100g,145,6.76,2.5,23.85,670g
빙수_제주녹차,유제품류 및 빙과류,빙수,100g,129,3.21,,,840g
빙수_제주녹차 (1인),유제품류 및 빙과류,빙수,100g,151,3.93,,,356g
빙수_젤라또 팥,유제품류 및 빙과류,빙수,100g,134,2.93,,,648g
빙수_청포도 젤라또,유제품류 및 빙과류,빙수,100g,86,0.3,,,660g
피자_치즈팡 피자 치즈크러스트 (L),빵 및 과자류,피자,100g,276,15.8,,,1145g
빙수_블루베리 빙수,유제품류 및 빙과류,빙수,100g,117,2.93,,,100g
빙수_블루베리 한 컵 빙수,유제품류 및 빙과류,빙수,100g,227,4.52,,,177g
빙수_블루베리치즈 빙수,유제품류 및 빙과류,빙수,100g,99,3.1,,,685g
빙수_블루베리케이크 빙수,유제품류 및 빙과류,빙수,100g,128,1.78,,,507g
빙수_새콤달콤 패션망고,유제품류 및 빙과류,빙수,100g,84,0.45,,,670g
빙수_소르베 망고 빙수,유제품류 및 빙과류,빙수,100g,100,1.05,,17.16,571g
빙수_실크 망고 빙수,유제품류 및 빙과류,빙수,100g,88,0.6,,,504g
빙수_실크 팥빙수,유제품류 및 빙과류,빙수,100g,121,2.29,,,524g
빙수_애플망고,유제품류 및 빙과류,빙수,100g,73,0.19,,,521g
빙수_애플망고 도넛 눈꽃빙수,유제품류 및 빙과류,빙수,100g,114,1.68,,,631g
빙수_애플망고 도넛 얼음빙수,유제품류 및 빙과류,빙수,100g,146,2.04,,,421g
빙수_애플망고 도넛 컵빙수,유제품류 및 빙과류,빙수,100g,177,1.68,,,244g
빙수_애플망고 치즈 대패빙수,유제품류 및 빙과류,빙수,100g,102,0.58,,,515g
빙수_애플망고 치즈 케이크 빙수 (1인),유제품류 및 빙과류,빙수,100g,116,1.83,,,273g
빙수_애플망고 치즈 케이크 빙수 (2인),유제품류 및 빙과류,빙수,100g,115,1.77,,,565g
빙수_애플망고케이크 빙수,유제품류 및 빙과류,빙수,100g,126,1.38,,,508g
빙수_옛날 컵빙수,유제품류 및 빙과류,빙수,100g,203,8.76,5.21,30.39,233g
빙수_옛날 컵빙수,유제품류 및 빙과류,빙수,100g,117,1.73,1.78,23.41,100g
빙수_옛날팥빙수,유제품류 및 빙과류,빙수,100g,101,2.67,,,900g
빙수_망고 한 컵 빙수,유제품류 및 빙과류,빙수,100g,229,4.97,,,181g
빙수_망고&치즈 스노우 빙수,유제품류 및 빙과류,빙수,100ml,134,1.58,,,508ml
빙수_망고코코넛,유제품류 및 빙과류,빙수,100g,117,1.91,2.8,,950g
빙수_망고코코넛 (1인),유제품류 및 빙과류,빙수,100g,128,1.88,2.38,,399g
빙수_망고탱탱 빙수,유제품류 및 빙과류,빙수,100g,55,1.02,,,605g
빙수_망고파인 컵빙수,유제품류 및 빙과류,빙수,100g,72,0.62,,,325g
빙수_망고패션 요거놀라 1인빙수,유제품류 및 빙과류,빙수,100g,136,1.79,,,335g
빙수_밀크 눈꽃빙수,유제품류 및 빙과류,빙수,100g,122,2.5,,,735g
빙수_밀크 눈꽃빙수 우유얼음,유제품류 및 빙과류,빙수,100g,141,2.82,,,585g
빙수_밀크 팥빙수,유제품류 및 빙과류,빙수,100g,160,4.92,,,100g
빙수_밀크티 젤라또,유제품류 및 빙과류,빙수,100g,106,1.61,,,620g
빙수_밀크팥 젤빙,유제품류 및 빙과류,빙수,100g,160,2.76,,,456g
빙수_바나나누텔라 빙수,유제품류 및 빙과류,빙수,100g,149,2.92,,,650g
빙수_베리 컵빙수,유제품류 및 빙과류,빙수,100g,73,0.98,,,305g
빙수_베리&베리 요거트 빙수,유제품류 및 빙과류,빙수,100ml,125,1.77,,,509ml
빙수_베리크런치 빙수,유제품류 및 빙과류,빙수,100g,154,2.34,,,640g
빙수_복고 빙수,유제품류 및 빙과류,빙수,100ml,55,1.03,,,605ml
빙수_복숭아 연유 대패빙수,유제품류 및 빙과류,빙수,100g,91,1.09,,,550g
빙수_블루베리 마시빙,유제품류 및 빙과류,빙수,100ml,43,0.75,,,600ml
빙수_딸기치즈 눈꽃빙수,유제품류 및 빙과류,빙수,100g,157,2.24,,,527g
빙수_딸기치즈 눈꽃빙수,유제품류 및 빙과류,빙수,100g,159,2.04,,,540g
빙수_딸기치즈 눈꽃빙수 우유얼음,유제품류 및 빙과류,빙수,100g,118,1.6,,,725g
빙수_딸기피치 요거놀라 1인빙수,유제품류 및 빙과류,빙수,100g,135,1.79,,,335g
빙수_딸콤파르페,유제품류 및 빙과류,빙수,100g,103,1.17,,,481g
빙수_레드빈 눈꽃 빙수,유제품류 및 빙과류,빙수,100g,154,1.25,,,963g
빙수_말차티라미수 빙수,유제품류 및 빙과류,빙수,100g,137,2.72,,,588g
빙수_망고 눈꽃빙수,유제품류 및 빙과류,빙수,100g,99,0.5,,,595g
빙수_망고 눈꽃빙수,유제품류 및 빙과류,빙수,100g,94,1.32,,,684g
빙수_망고 마시빙,유제품류 및 빙과류,빙수,100ml,44,0.83,,,600ml
빙수_망고 빙수,유제품류 및 빙과류,빙수,100g,83,1.27,,,700g
빙수_망고 빙수,유제품류 및 빙과류,빙수,100g,113,2.8,,,100g
빙수_망고 빙수,유제품류 및 빙과류,빙수,100g,59,0.63,,,960g
빙수_망고 빙수 (1인),유제품류 및 빙과류,빙수,100g,80,1.11,,,449g
빙수_망고 아이스드림 빙수,유제품류 및 빙과류,빙수,100g,54,0.63,,,960g
빙수_망고 젤빙,유제품류 및 빙과류,빙수,100g,106,1.73,,,529g
빙수_망고 크림 젤빙,유제품류 및 빙과류,빙수,100g,148,0.79,,,631g
빙수_망고 탱탱 빙수,유제품류 및 빙과류,빙수,100ml,55,1.03,,,605ml
빙수_망고 파인 쿨빙수,유제품류 및 빙과류,빙수,100g,68,0.92,,,760g
빙수_딸기 도넛 눈꽃빙수,유제품류 및 빙과류,빙수,100g,102,1.75,,,661g
빙수_딸기 도넛 얼음빙수,유제품류 및 빙과류,빙수,100g,120,2.08,,,471g
빙수_딸기 도넛 컵빙수,유제품류 및 빙과류,빙수,100g,163,1.93,,,244g
빙수_딸기 마시빙,유제품류 및 빙과류,빙수,100ml,41,0.88,,,600ml
빙수_딸기 빙수,유제품류 및 빙과류,빙수,100g,90,1.26,,,876g
빙수_딸기 빙수 (1인),유제품류 및 빙과류,빙수,100g,78,1.47,,,407g
빙수_딸기 아이스드림 빙수,유제품류 및 빙과류,빙수,100g,47,0.63,,,960g
빙수_딸기 요거트 빙수,유제품류 및 빙과류,빙수,100g,140,5.01,2.52,24.29,690g
빙수_딸기 요거트 컵빙수,유제품류 및 빙과류,빙수,100g,159,3.03,2.4,31.4,242g
빙수_딸기 젤빙,유제품류 및 빙과류,빙수,100g,108,1.58,,,481g
빙수_딸기 치즈 쿨빙수,유제품류 및 빙과류,빙수,100g,100,1.86,,,860g
빙수_딸기 컵빙수,유제품류 및 빙과류,빙수,100g,98,1.24,1.62,19.69,100g
빙수_딸기 한 컵 빙수,유제품류 및 빙과류,빙수,100g,227,5.09,,,177g
빙수_딸기&망고 요거트 빙수,유제품류 및 빙과류,빙수,100ml,116,1.59,,,566ml
빙수_딸기&치즈 스노우 빙수,유제품류 및 빙과류,빙수,100ml,141,1.88,,,480ml
빙수_딸기베리치즈,유제품류 및 빙과류,빙수,100g,115,1.71,1.99,,950g
빙수_딸기베리치즈 (1인),유제품류 및 빙과류,빙수,100g,116,1.63,1.65,,417g
빙수_딸기시리얼빙수,유제품류 및 빙과류,빙수,100g,147,1.44,,,900g
빙수_딸기시리얼컵빙수,유제품류 및 빙과류,빙수,100g,131,1.41,,,355g
비프까스,튀김류,비프까스,100ml,208,8.1,13.68,12.25,275ml
빙떡(메밀전병),빵 및 과자류,빙떡(메밀전병),100g,168,6.18,6.29,21.62,100g
빙수_22오리지널 팥빙수,유제품류 및 빙과류,빙수,100g,136,2.68,,,485g
빙수_K - 빙수,유제품류 및 빙과류,빙수,100g,166,2.61,,,575g
빙수_그린티 초코 쿨빙수,유제품류 및 빙과류,빙수,100g,138,1.72,,,755g
빙수_까르보나라 젤빙,유제품류 및 빙과류,빙수,100g,158,2.64,,,644g
빙수_녹차 빙수,유제품류 및 빙과류,빙수,100g,109,2.61,,,691g
빙수_녹차 팥빙수,유제품류 및 빙과류,빙수,100ml,55,1.03,,,605ml
빙수_녹차 한 컵 빙수,유제품류 및 빙과류,빙수,100g,201,3.4,,,294g
빙수_눈꽃 팥빙수 (1인),유제품류 및 빙과류,빙수,100g,142,2.88,,,347g
빙수_눈꽃 팥빙수 (2인),유제품류 및 빙과류,빙수,100g,140,3.18,,,627g
빙수_단팥찰떡 (1인),유제품류 및 빙과류,빙수,100g,160,3.87,1.39,,367g
빙수_달고나 마시빙,유제품류 및 빙과류,빙수,100ml,69,0.57,,,600ml
빙수_달고나 컵빙수,유제품류 및 빙과류,빙수,100g,100,1.3,1.92,19.5,100g
빙수_더블초코 (1인),유제품류 및 빙과류,빙수,100g,164,3.1,3.7,,381g
빙수_돼지바 눈꽃빙수,유제품류 및 빙과류,빙수,100g,171,2.4,,,559g
빙수_돼지바 얼음빙수,유제품류 및 빙과류,빙수,100g,262,3.28,,,342g
빙수_돼지바 프라노베,유제품류 및 빙과류,빙수,100g,174,1.76,,,433g
빙수_딸기 눈꽃빙수,유제품류 및 빙과류,빙수,100g,112,1.84,,,762g
비스킷/쿠키/크래커_통약과 쿠키,빵 및 과자류,비스킷/쿠키/크래커,100g,416,0,,49.57,115g
비스킷/쿠키/크래커_트리플 초코 쿠키,빵 및 과자류,비스킷/쿠키/크래커,100g,486,6.25,,,80g
비스킷/쿠키/크래커_퍼지브라우니,빵 및 과자류,비스킷/쿠키/크래커,100g,487,5.26,,,38g
비스킷/쿠키/크래커_퍼지월넛 쿠키,빵 및 과자류,비스킷/쿠키/크래커,100g,450,6.67,26.67,53.33,30g
비스킷/쿠키/크래커_포테이토앤칩스 점보팩,빵 및 과자류,비스킷/쿠키/크래커,100g,401,3.46,,,100g
비스킷/쿠키/크래커_피넛 버터,빵 및 과자류,비스킷/쿠키/크래커,100g,553,5.26,,,38g
비스킷/쿠키/크래커_피넛버터 쿠키,빵 및 과자류,비스킷/쿠키/크래커,100g,479,9.47,,,38g
비스킷/쿠키/크래커_피스타치오 티그레,빵 및 과자류,비스킷/쿠키/크래커,100g,503,7.81,30.63,,32g
비스킷/쿠키/크래커_허쉬 초코 멜로 쿠키,빵 및 과자류,비스킷/쿠키/크래커,100g,522,8.89,,66.67,45g
비스킷/쿠키/크래커_허쉬 초콜릿 칩 싱글 쿠키,빵 및 과자류,비스킷/쿠키/크래커,100g,372,4,,68,50g
비스킷/쿠키/크래커_허쉬 화이트 칩 위드 아몬드 쿠키,빵 및 과자류,비스킷/쿠키/크래커,100g,494,8,,66,50g
비스킷/쿠키/크래커_현미누룽지칩,빵 및 과자류,비스킷/쿠키/크래커,100g,403,8,2.33,87.33,30g
비스킷/쿠키/크래커_화이트 초콜릿 카우보이 쿠키,빵 및 과자류,비스킷/쿠키/크래커,100g,529,5.88,,,85g
비스킷/쿠키/크래커_화이트초코 마카다미아 쿠키,빵 및 과자류,비스킷/쿠키/크래커,100g,475,6.67,,,75g
비스킷/쿠키/크래커_화이트초코 말차 촉촉쿠키,빵 및 과자류,비스킷/쿠키/크래커,100g,478,6.67,,,90g
비스킷/쿠키/크래커_황치즈 티그레,빵 및 과자류,비스킷/쿠키/크래커,100g,522,8.75,35,42.81,32g
비스킷/쿠키/크래커_흑임자호두 쿠키,빵 및 과자류,비스킷/쿠키/크래커,100g,545,7.63,,67.81,62g
피자_치즈팡 피자 치즈크러스트 (R),빵 및 과자류,피자,100g,289,16.1,,,665g
비스킷/쿠키/크래커_촉촉 크림치즈 쿠키,빵 및 과자류,비스킷/쿠키/크래커,100g,444,6,,,50g
비스킷/쿠키/크래커_칩카사바,빵 및 과자류,비스킷/쿠키/크래커,100g,522,1.48,,,100g
비스킷/쿠키/크래커_코코넛 로쉐,빵 및 과자류,비스킷/쿠키/크래커,100g,516,6.7,26.4,62.9,95g
비스킷/쿠키/크래커_코코넛 사브레,빵 및 과자류,비스킷/쿠키/크래커,100g,506,4.71,,,85g
비스킷/쿠키/크래커_코코아망 (L),빵 및 과자류,비스킷/쿠키/크래커,100g,563,9.5,37.7,46.3,70g
비스킷/쿠키/크래커_쿠키의 정석 오트밀레이즌,빵 및 과자류,비스킷/쿠키/크래커,100g,447,5.26,18.42,65.79,38g
비스킷/쿠키/크래커_쿠키의 정석 초콜릿청크,빵 및 과자류,비스킷/쿠키/크래커,100g,526,5.26,26.32,65.79,38g
비스킷/쿠키/크래커_쿠키의 정석 퍼지브라우니,빵 및 과자류,비스킷/쿠키/크래커,100g,487,5.26,23.68,63.16,38g
비스킷/쿠키/크래커_쿠키의 정석 피넛버터,빵 및 과자류,비스킷/쿠키/크래커,100g,526,10.53,28.95,57.89,38g
비스킷/쿠키/크래커_크랜베리 초코칩 촉촉쿠키,빵 및 과자류,비스킷/쿠키/크래커,100g,452,7.78,,,90g
비스킷/쿠키/크래커_크랜베리 화이트 초코 쿠키,빵 및 과자류,비스킷/쿠키/크래커,100g,466,5,,,80g
비스킷/쿠키/크래커_크랜베리아몬드 쿠키,빵 및 과자류,비스킷/쿠키/크래커,100g,518,6.4,,72.81,62g
비스킷/쿠키/크래커_크랜베리월넛 쿠키,빵 및 과자류,비스킷/쿠키/크래커,100g,433,6.67,20,60,30g
비스킷/쿠키/크래커_크로켄트 (L),빵 및 과자류,비스킷/쿠키/크래커,100g,556,10.2,36.2,47.3,70g
비스킷/쿠키/크래커_크리미초코 감자 쿠키,빵 및 과자류,비스킷/쿠키/크래커,100g,500,6.94,,,72g
비스킷/쿠키/크래커_크리미치즈 그레인 쿠키,빵 및 과자류,비스킷/쿠키/크래커,100g,557,9,,,100g
비스킷/쿠키/크래커_크림치즈비스켓&딸기잼,빵 및 과자류,비스킷/쿠키/크래커,100g,434,6.52,,,92g
비스킷/쿠키/크래커_클래식 르뱅쿠키,빵 및 과자류,비스킷/쿠키/크래커,100g,510,6.47,10.12,,90g
비스킷/쿠키/크래커_청크 초콜릿 쿠키 틴 세트,빵 및 과자류,비스킷/쿠키/크래커,100g,133,1.25,,,160g
비스킷/쿠키/크래커_초코 스모어 쿠키,빵 및 과자류,비스킷/쿠키/크래커,100g,512,8.85,22.13,69.03,113g
비스킷/쿠키/크래커_초코렛 청크 쿠키,빵 및 과자류,비스킷/쿠키/크래커,100g,480,6.67,,,75g
비스킷/쿠키/크래커_초코렛 청크 쿠키,빵 및 과자류,비스킷/쿠키/크래커,100g,529,5.71,,,35g
비스킷/쿠키/크래커_초코마카다미아 쿠키,빵 및 과자류,비스킷/쿠키/크래커,100g,500,7.14,,,70g
비스킷/쿠키/크래커_초코스모어 쿠키,빵 및 과자류,비스킷/쿠키/크래커,100g,435,7.52,,,133g
비스킷/쿠키/크래커_초코칩 르뱅 쿠키,빵 및 과자류,비스킷/쿠키/크래커,100g,485,6,,,100g
비스킷/쿠키/크래커_초코칩 비스코티,빵 및 과자류,비스킷/쿠키/크래커,100g,543,7.14,,,14g
비스킷/쿠키/크래커_초코칩 쿠키,빵 및 과자류,비스킷/쿠키/크래커,100g,432,5,,,100g
비스킷/쿠키/크래커_초코칩 쿠키,빵 및 과자류,비스킷/쿠키/크래커,100g,548,5.92,,73.48,62g
비스킷/쿠키/크래커_초코콕콕미니쿠키,빵 및 과자류,비스킷/쿠키/크래커,100g,476,7.14,,,42g
비스킷/쿠키/크래커_초코콕콕쿠키,빵 및 과자류,비스킷/쿠키/크래커,100g,476,5.95,,,84g
비스킷/쿠키/크래커_초콜렛청크 쿠키,빵 및 과자류,비스킷/쿠키/크래커,100g,514,5.71,,,35g
비스킷/쿠키/크래커_초콜렛칩 쿠키,빵 및 과자류,비스킷/쿠키/크래커,100g,455,5.26,,,38g
비스킷/쿠키/크래커_초콜렛칩청크쿠키,빵 및 과자류,비스킷/쿠키/크래커,100g,474,5.26,,,38g
비스킷/쿠키/크래커_초콜릿 월넛 돔 쿠키,빵 및 과자류,비스킷/쿠키/크래커,100g,490,5.56,,,90g
비스킷/쿠키/크래커_초콜릿 청크,빵 및 과자류,비스킷/쿠키/크래커,100g,526,5.26,,,38g
비스킷/쿠키/크래커_초콜릿칩 쿠키,빵 및 과자류,비스킷/쿠키/크래커,100g,456,4.29,22.86,55.72,70g
비스킷/쿠키/크래커_아메리칸 쿠키,빵 및 과자류,비스킷/쿠키/크래커,100g,460,5.71,20,64.29,70g
비스킷/쿠키/크래커_아몬드 로쉐,빵 및 과자류,비스킷/쿠키/크래커,100g,512,16.2,25.7,54,95g
비스킷/쿠키/크래커_아몬드 비스코티,빵 및 과자류,비스킷/쿠키/크래커,100g,550,14.29,,,14g
비스킷/쿠키/크래커_아몬드튀일,빵 및 과자류,비스킷/쿠키/크래커,100g,529,12.82,,,78g
비스킷/쿠키/크래커_알콘칩스,빵 및 과자류,비스킷/쿠키/크래커,100g,375,4.41,,47.51,100g
비스킷/쿠키/크래커_약과 쿠키,빵 및 과자류,비스킷/쿠키/크래커,100g,452,4.62,12.31,78.46,130g
비스킷/쿠키/크래커_약과 크림치즈 쿠키,빵 및 과자류,비스킷/쿠키/크래커,100g,418,4.62,,,130g
비스킷/쿠키/크래커_오레오 스모어 르뱅 쿠키,빵 및 과자류,비스킷/쿠키/크래커,100g,462,8.4,,,100g
비스킷/쿠키/크래커_오레오스모어 쿠키,빵 및 과자류,비스킷/쿠키/크래커,100g,440,6,,57,100g
비스킷/쿠키/크래커_오트밀레이즌 쿠키,빵 및 과자류,비스킷/쿠키/크래커,100g,513,5.26,,,38g
비스킷/쿠키/크래커_오트밀레이즌쿠키,빵 및 과자류,비스킷/쿠키/크래커,100g,447,5.26,,,38g
비스킷/쿠키/크래커_오트밀크랜베리 쿠키,빵 및 과자류,비스킷/쿠키/크래커,100g,420,5.71,,67.14,70g
비스킷/쿠키/크래커_월넛 메이플 사브레,빵 및 과자류,비스킷/쿠키/크래커,100g,500,4.71,,,85g
비스킷/쿠키/크래커_월넛 초코 쿠키,빵 및 과자류,비스킷/쿠키/크래커,100g,546,7.38,,,130g
비스킷/쿠키/크래커_월넛초코칩 쿠키,빵 및 과자류,비스킷/쿠키/크래커,100g,507,7.14,,,70g
비스킷/쿠키/크래커_이탈리안 비스코티,빵 및 과자류,비스킷/쿠키/크래커,100g,483,10,,,60g
비스킷/쿠키/크래커_잉글리쉬토피 쿠키,빵 및 과자류,비스킷/쿠키/크래커,100g,450,3.33,20,60,30g
비스킷/쿠키/크래커_진한 초코 쿠키,빵 및 과자류,비스킷/쿠키/크래커,100g,450,8,,,50g
비스킷/쿠키/크래커_마카다미아 쿠키,빵 및 과자류,비스킷/쿠키/크래커,100g,487,5.26,,,38g
비스킷/쿠키/크래커_마카다미아 쿠키,빵 및 과자류,비스킷/쿠키/크래커,100g,513,7.9,,,38g
비스킷/쿠키/크래커_마카다미아넛 쿠키,빵 및 과자류,비스킷/쿠키/크래커,100g,529,5.71,,,35g
비스킷/쿠키/크래커_마카다미아넛쿠키,빵 및 과자류,비스킷/쿠키/크래커,100g,487,5.26,,,38g
비스킷/쿠키/크래커_마카롱꼬끄,빵 및 과자류,비스킷/쿠키/크래커,100g,400,8,,,100g
비스킷/쿠키/크래커_말차 스모어 쿠키,빵 및 과자류,비스킷/쿠키/크래커,100g,517,8.85,23.01,68.15,113g
비스킷/쿠키/크래커_말차스모어 쿠키,빵 및 과자류,비스킷/쿠키/크래커,100g,439,7.52,,,133g
비스킷/쿠키/크래커_발로나스모어 쿠키,빵 및 과자류,비스킷/쿠키/크래커,100g,487,6.8,,,128g
비스킷/쿠키/크래커_베리화이트초코 쿠키,빵 및 과자류,비스킷/쿠키/크래커,100g,450,5.71,,,70g
비스킷/쿠키/크래커_베어베터 쿠키,빵 및 과자류,비스킷/쿠키/크래커,100g,495,6.18,22.73,65.45,55g
비스킷/쿠키/크래커_베이글칩 갈릭버터,빵 및 과자류,비스킷/쿠키/크래커,100g,418,11.67,,,60g
비스킷/쿠키/크래커_베이글칩 허니버터,빵 및 과자류,비스킷/쿠키/크래커,100g,443,11.67,,,60g
비스킷/쿠키/크래커_브라우니 쿠키,빵 및 과자류,비스킷/쿠키/크래커,100g,448,4,,,100g
비스킷/쿠키/크래커_브라우니 쿠키,빵 및 과자류,비스킷/쿠키/크래커,100g,481,5.41,,,37g
비스킷/쿠키/크래커_비스코프 스모어 르뱅 쿠키,빵 및 과자류,비스킷/쿠키/크래커,100g,475,6.32,,,95g
비스킷/쿠키/크래커_쇼콜라 사브레,빵 및 과자류,비스킷/쿠키/크래커,100g,482,7.06,,,85g
비스킷/쿠키/크래커_쇼콜라 쿠키,빵 및 과자류,비스킷/쿠키/크래커,100g,535,8,,,100g
비스킷/쿠키/크래커_쑥단팥스모어 쿠키,빵 및 과자류,비스킷/쿠키/크래커,100g,440,6.37,,,135g
비스킷/쿠키/크래커_5가지 스낵 & 3way 파우치,빵 및 과자류,비스킷/쿠키/크래커,100g,309,3.36,,,229g
비스킷/쿠키/크래커_갈레트브르통 (L),빵 및 과자류,비스킷/쿠키/크래커,100g,591,5.9,40.5,50.6,70g
비스킷/쿠키/크래커_그릭요거트그래놀라바,빵 및 과자류,비스킷/쿠키/크래커,100g,429,5.71,12.86,71.43,35g
비스킷/쿠키/크래커_꿀오란다,빵 및 과자류,비스킷/쿠키/크래커,100g,500,13.33,26.67,53.33,30g
비스킷/쿠키/크래커_넛츠콕콕미니쿠키,빵 및 과자류,비스킷/쿠키/크래커,100g,500,7.14,,,42g
비스킷/쿠키/크래커_넛츠콕콕쿠키,빵 및 과자류,비스킷/쿠키/크래커,100g,506,7.14,,,84g
비스킷/쿠키/크래커_다크 초콜릿 카우보이 쿠키,빵 및 과자류,비스킷/쿠키/크래커,100g,547,5.88,,,85g
비스킷/쿠키/크래커_다크초콜릿마카다미아 쿠키,빵 및 과자류,비스킷/쿠키/크래커,100g,450,3.33,23.33,56.67,30g
비스킷/쿠키/크래커_더블 치즈 베이글 칩,빵 및 과자류,비스킷/쿠키/크래커,100g,492,10,,,60g
비스킷/쿠키/크래커_더블초코 스모어 촉촉쿠키,빵 및 과자류,비스킷/쿠키/크래커,100g,440,7,,,100g
비스킷/쿠키/크래커_더블초코칩 쿠키,빵 및 과자류,비스킷/쿠키/크래커,100g,441,4.29,18.57,64.29,70g
비스킷/쿠키/크래커_더블퍼지 쿠키,빵 및 과자류,비스킷/쿠키/크래커,100g,433,6.67,20,60,30g
비스킷/쿠키/크래커_돼지바 쿠키,빵 및 과자류,비스킷/쿠키/크래커,100g,384,5.83,21.67,37.5,120g
비스킷/쿠키/크래커_라이스 칩 블루베리잼,빵 및 과자류,비스킷/쿠키/크래커,100g,400,8.57,,,35g
비스킷/쿠키/크래커_록키로드쿠키,빵 및 과자류,비스킷/쿠키/크래커,100g,474,5.26,,,38g
비스킷/쿠키/크래커_마카다미아,빵 및 과자류,비스킷/쿠키/크래커,100g,553,5.26,,,38g
비스킷/쿠키/크래커_마카다미아 쿠키,빵 및 과자류,비스킷/쿠키/크래커,100g,454,7.14,21.43,58.57,70g
피자_치즈팡 피자 팬 (L),빵 및 과자류,피자,100g,274,15.03,,,1005g
비빔밥_돌솥,밥류,비빔밥,100g,147,5.39,2.95,24.68,380g
비빔밥_돼지고기_양념장,밥류,비빔밥,100ml,90,3.3,1.25,16.24,600ml
비빔밥_멍게,밥류,비빔밥,100g,137,4.15,3.28,22.68,400g
비빔밥_묵_양념장,밥류,비빔밥,100ml,96,3.09,2.07,16.34,580ml
비빔밥_소고기_양념장,밥류,비빔밥,100ml,87,2.75,1.34,15.69,370ml
비빔밥_소고기_양념장,밥류,비빔밥,100ml,79,2.51,1.22,14.43,590ml
비빔밥_약초,밥류,비빔밥,100g,128,2.98,3.98,20.05,400g
비빔밥_열무,밥류,비빔밥,100ml,144,3.5,3.07,24.3,258.6
비빔밥_열무,밥류,비빔밥,100ml,142,3.4,2.88,24.52,258.6
비빔밥_열무_양념장,밥류,비빔밥,100ml,114,3.35,1.28,22.08,280ml
비빔밥_열무_양념장,밥류,비빔밥,100ml,114,3.33,1.29,22.09,390ml
비빔밥_열무_양념장,밥류,비빔밥,100ml,114,3.16,1.57,21.69,510ml
비빔밥_육회,밥류,비빔밥,100g,147,6.39,3.36,22.92,300g
비빔밥_참치,밥류,비빔밥,100ml,122,5.4,3.89,15.64,510ml
비빔밥_참치,밥류,비빔밥,100ml,120,5.5,3.63,15.61,510ml
비빔밥_참치_양념장,밥류,비빔밥,100ml,83,3.31,0.66,15.66,570ml
비빔밥_참치_양념장,밥류,비빔밥,100ml,100,4.82,1.8,16.11,600ml
비빔밥_참치_양념장,밥류,비빔밥,100ml,81,3.14,0.93,14.84,700ml
비름나물무침,나물·숙채류,비름나물무침,100g,73,3.46,4.05,5.7,80g
비빔 잡곡밥,밥류,비빔 잡곡밥,100ml,138,3.6,2.12,25.66,300ml
비빔국수,면 및 만두류,비빔국수,100g,113,3.2,1.86,20.94,100g
비빔국수,면 및 만두류,비빔국수,100g,113,3.4,2.1,20,100g
비빔국수,면 및 만두류,비빔국수,100ml,83,3.1,1.63,13.38,600ml
비빔국수,면 및 만두류,비빔국수,100ml,188,6.4,3.9,30.64,197.3
비빔국수,면 및 만두류,비빔국수,100ml,188,6.5,3.99,30.33,197.3
비빔냉면,면 및 만두류,비빔냉면,100ml,96,4.2,1.22,16.81,573.1
비빔냉면,면 및 만두류,비빔냉면,100ml,90,3.8,1.66,14.53,600ml
비빔막국수,면 및 만두류,비빔막국수,100ml,104,3.06,0.86,21.47,700ml
비빔면_간편조리세트_매콤제육비빔면,면 및 만두류,비빔면,100g,153,5.7,5.48,20.17,1154g
비빔밥,밥류,비빔밥,100g,142,4.47,3.81,22.5,100g
비빔밥,밥류,비빔밥,100g,142,6.86,4.32,18.84,450g
비빔밥,밥류,비빔밥,100ml,112,3.7,2.74,17.69,545.2
비빔밥,밥류,비빔밥,100ml,204,6,5.52,32.13,222.4
비빔밥,밥류,비빔밥,100ml,133,4.5,4.64,17.68,530ml
비빔밥,밥류,비빔밥,100ml,171,5,4.52,27.21,370.8
비빔밥_간편조리세트_꼬막비빔밥,밥류,비빔밥,100g,103,7.33,3.29,11.01,347g
브로콜리 버섯볶음,볶음류,브로콜리 버섯볶음,100ml,24,1.4,1.13,2.96,50ml
브로콜리 채소무침,생채·무침류,브로콜리 채소무침,100ml,34,1.7,0.35,7.21,50ml
브로콜리무침,생채·무침류,브로콜리무침,100ml,32,1.6,0.25,7.01,50ml
브로콜리무침,생채·무침류,브로콜리무침,100ml,32,1.6,0.25,7.01,50ml
브로콜리무침,생채·무침류,브로콜리무침,100ml,32,1.6,0.25,7.01,50ml
브로콜리볶음,볶음류,브로콜리볶음,100g,51,4.42,1.28,5.53,90g
비름나물,나물·숙채류,비름나물,100ml,27,1.9,0.99,3.82,50ml
비름나물,나물·숙채류,비름나물,100ml,28,1.9,0.99,4.09,50ml
비름나물,나물·숙채류,비름나물,100ml,28,1.9,0.99,4.1,50ml
비름나물_간장,나물·숙채류,비름나물,100ml,24,1.7,1.08,2.78,50ml
비름나물_간장,나물·숙채류,비름나물,100ml,24,1.7,1.08,2.78,50ml
비름나물_간장,나물·숙채류,비름나물,100ml,24,1.7,1.08,2.78,50ml
비름나물_고추장,나물·숙채류,비름나물,100ml,64,4,2.7,8.27,70ml
비름나물_된장,나물·숙채류,비름나물,100ml,28,2.2,1.05,3.56,50ml
비름나물_된장,나물·숙채류,비름나물,100ml,28,2.2,1.05,3.56,50ml
비름나물_된장,나물·숙채류,비름나물,100ml,28,2.2,1.05,3.56,50ml
비름나물_소금,나물·숙채류,비름나물,100ml,47,2.7,2.68,4.36,47.9
비름나물_소금,나물·숙채류,비름나물,100ml,47,2.7,2.68,4.36,47.9
불고기전골_간편조리세트_서울식 육수불고기,찌개 및 전골류,불고기전골,100g,96,6.73,2.06,12.54,997g
불고기전골_간편조리세트_서울식불고기전골,찌개 및 전골류,불고기전골,100g,41,3.74,0.7,4.91,1517g
불고기전골_간편조리세트_서울식불고기전골,찌개 및 전골류,불고기전골,100g,114,6.5,5.37,9.83,537g
불낙전골,찌개 및 전골류,불낙전골,100ml,37,3.5,2.02,1.3,276.3
불낙전골,찌개 및 전골류,불낙전골,100ml,69,7,2.67,4.58,400ml
불낙전골,찌개 및 전골류,불낙전골,100ml,61,4.6,2.48,4.86,440ml
불낙전골,찌개 및 전골류,불낙전골,100ml,37,3.5,2.02,1.3,276.3
불낙전골_간편조리세트_이게불낙이야,찌개 및 전골류,불낙전골,100g,63,6.6,1.75,5.32,1114g
불낙전골_해물,찌개 및 전골류,불낙전골,100ml,49,4.3,2.12,3.48,660ml
붕어 매운탕,찌개 및 전골류,붕어 매운탕,100ml,23,3.1,0.7,1.08,600ml
붕어찜,찜류,붕어찜,100g,76,4.94,3.35,6.51,1100g
브로콜리 두부무침,생채·무침류,브로콜리 두부무침,100ml,35,2,0.72,6.17,50ml
브로콜리 두부무침,생채·무침류,브로콜리 두부무침,100ml,35,2,0.72,6.17,50ml
브로콜리 두부무침,생채·무침류,브로콜리 두부무침,100ml,35,2,0.72,6.17,50ml
브로콜리 두부무침,생채·무침류,브로콜리 두부무침,100ml,35,2,0.72,6.17,50ml
브로콜리 버섯볶음,볶음류,브로콜리 버섯볶음,100ml,24,1.3,1.15,2.99,50ml
브로콜리 버섯볶음,볶음류,브로콜리 버섯볶음,100ml,24,1.3,1.15,2.99,50ml
브로콜리 버섯볶음,볶음류,브로콜리 버섯볶음,100ml,24,1.3,1.15,2.99,50ml
북어국_무,국 및 탕류,북어국,100ml,18,2.23,0.48,1.07,300ml
북어국_무_두부,국 및 탕류,북어국,100ml,25,3.4,0.74,1.01,270ml
북어국_무_두부,국 및 탕류,북어국,100ml,17,2.2,0.48,0.82,170ml
북어국_무_두부,국 및 탕류,북어국,100ml,20,2.6,0.73,0.65,214ml
북어국_콩나물,국 및 탕류,북어국,100ml,18,2.42,0.52,1.09,190ml
북어국_콩나물,국 및 탕류,북어국,100ml,30,4.6,0.87,0.99,300ml
북어국_콩나물,국 및 탕류,북어국,100ml,15,1.85,0.47,0.99,350ml
북어국_콩나물,국 및 탕류,북어국,100ml,14,2.02,0.37,0.96,190ml
북어양념구이,구이류,북어양념구이,100ml,137,20.3,2.93,6.62,170ml
북어조림,조림류,북어조림,100g,182,20.83,3.33,17.14,100g
북어찜,찜류,북어찜,100g,157,18.73,3.8,12,150g
북어찜,찜류,북어찜,100ml,80,10,1.67,7.21,650ml
북어채 고추장 무침,생채·무침류,북어채 고추장 무침,100ml,296,36.6,10.34,14.1,31.3
북어채무침,생채·무침류,북어채무침,100ml,149,23.17,2.65,7.22,90ml
북어채무침,생채·무침류,북어채무침,100g,188,28.4,2.91,12.05,150g
북어튀김_아  귀한 먹태,튀김류,북어튀김,100g,344,58.62,,,100g
분짜,면 및 만두류,분짜,100g,136,5.91,3.66,19.75,100g
불고기전골_간편조리세트_서울식 소불고기전골,찌개 및 전골류,불고기전골,100g,104,5.96,4.34,10.38,803g
부추전,전·적 및 부침류,부추전,100ml,142,3.48,4.23,21.35,150ml
부추전_해물,전·적 및 부침류,부추전,100ml,215,9.42,7.58,25.53,65ml
부추전_해물,전·적 및 부침류,부추전,100ml,166,7.5,6.24,18.6,89.3
북어강정,튀김류,북어강정,100ml,478,20.9,24.43,42.51,32.1
북어강정,튀김류,북어강정,100ml,320,13.9,16.4,28.5,26.7
북어강정,튀김류,북어강정,100ml,478,20.9,24.43,42.51,32.1
북어강정,튀김류,북어강정,100ml,320,13.9,16.4,28.5,26.7
북어강정_고추장양념,튀김류,북어강정,100g,379,19.22,22.07,25.82,100g
북어구이,구이류,북어구이,100ml,287,46.5,5.91,10.53,41.2
북어구이,구이류,북어구이,100ml,287,46.5,5.91,10.53,41.2
북어국,국 및 탕류,북어국,100g,28,3.89,0.98,0.84,400g
북어국_달걀,국 및 탕류,북어국,100ml,32,4.9,0.91,0.89,300ml
북어국_달걀,국 및 탕류,북어국,100ml,32,4.9,0.91,0.89,300ml
북어국_달걀,국 및 탕류,북어국,100ml,32,4.9,0.91,0.89,300ml
북어국_달걀,국 및 탕류,북어국,100ml,32,4.9,0.91,0.89,300ml
북어국_무,국 및 탕류,북어국,100ml,30,4.5,0.82,0.97,300ml
북어국_무,국 및 탕류,북어국,100ml,30,4.5,0.82,0.97,300ml
북어국_무,국 및 탕류,북어국,100ml,30,4.5,0.82,0.97,300ml
부추무침,생채·무침류,부추무침,100ml,42,2.4,1.13,6.9,90.8
부추무침,생채·무침류,부추무침,100ml,59,2.9,2.22,8.31,35.6
부추무침_부추,생채·무침류,부추무침,100ml,24,1.02,0.74,3.95,110ml
부추무침_부추_채소,생채·무침류,부추무침,100ml,30,1.16,1.13,4.43,120ml
부추무침_부추_채소,생채·무침류,부추무침,100ml,24,1.02,0.83,3.73,70ml
부추무침_부추만,생채·무침류,부추무침,100g,70,3.25,1.21,11.58,100g
부추무침_양파,생채·무침류,부추무침,100ml,24,1,0.74,3.95,110ml
부추무침_양파,생채·무침류,부추무침,100g,44,1.83,1.07,6.81,100g
부추무침_양파,생채·무침류,부추무침,100ml,19,1.1,0.48,3.09,50ml
부추무침_양파,생채·무침류,부추무침,100ml,19,1.1,0.48,3.14,50ml
부추무침_채소,생채·무침류,부추무침,100ml,30,1.2,1.13,4.43,120ml
부추무침_채소,생채·무침류,부추무침,100ml,24,1.3,1.11,3.38,50ml
부추잡채,볶음류,부추잡채,100ml,75,4.9,4.36,3.89,86.5
부추잡채,볶음류,부추잡채,100ml,108,7.9,7.15,2.68,111.7
부추잡채,볶음류,부추잡채,100ml,75,4.9,4.36,3.89,86.5
부추전,전·적 및 부침류,부추전,100ml,260,5.39,10.48,34.35,80ml
부추전,전·적 및 부침류,부추전,100ml,240,6.8,7.7,34.14,100ml
부추전,전·적 및 부침류,부추전,100g,167,4.63,4.17,27.86,150g
부대찌개_간편조리세트_의정부식부대찌개,찌개 및 전골류,부대찌개,100g,106,3.36,5.55,10.7,1276g
부대찌개_간편조리세트_햄듬뿍부대찌개,찌개 및 전골류,부대찌개,100g,94,4.87,4.46,8.62,897g
부추 겉절이,생채·무침류,부추 겉절이,100ml,23,1.3,0.76,3.65,50ml
부추 겉절이,생채·무침류,부추 겉절이,100ml,24,1.3,1.11,3.38,50ml
부추 채소무침,생채·무침류,부추 채소무침,100ml,22,1.1,0.67,4.01,50ml
부추 초무침,생채·무침류,부추 초무침,100ml,23,1.1,0.78,3.66,50ml
부추 초무침,생채·무침류,부추 초무침,100ml,23,1.1,0.78,3.66,50ml
부추 초무침,생채·무침류,부추 초무침,100ml,23,1.1,0.78,3.66,50ml
부추김치,김치류,부추김치,100g,71,3.03,2.83,8.42,100g
부추김치,김치류,부추김치,100g,47,2.68,1.16,6.36,50g
부추김치,김치류,부추김치,100ml,36,2.8,0.91,5.47,100ml
부추김치,김치류,부추김치,100ml,36,2.8,0.91,5.47,100ml
부추김치,김치류,부추김치,100ml,58,3.1,2.59,6.82,43.3
부추나물,나물·숙채류,부추나물,100ml,18,1.2,0.88,1.99,50ml
부추나물,나물·숙채류,부추나물,100ml,18,1.2,0.88,1.99,50ml
부추나물,나물·숙채류,부추나물,100ml,18,1.2,0.88,1.99,50ml
부추무침,생채·무침류,부추무침,100g,92,3.5,5.92,6.25,100g
부추무침,생채·무침류,부추무침,100ml,59,2.9,2.22,8.31,35.6
볶음밥_채소,밥류,볶음밥,100ml,115,2.9,1.69,21.37,300ml
볶음밥_표고버섯,밥류,볶음밥,100g,184,3.36,4.81,31.79,300g
볶음밥_해물,밥류,볶음밥,100ml,104,5.2,2.3,14.77,500ml
볶음밥_해물,밥류,볶음밥,100ml,106,5.32,2.19,15.38,500ml
볶음밥_해물,밥류,볶음밥,100ml,105,5.1,2.44,14.78,500ml
볶음밥_해물,밥류,볶음밥,100ml,106,5.3,2.19,15.37,500ml
볶음밥_해물,밥류,볶음밥,100g,176,6.28,6.75,22.61,400g
볶음밥_햄,밥류,볶음밥,100ml,204,5.1,3.04,37.61,160.2
볶음밥_햄,밥류,볶음밥,100ml,126,3,1.74,23.6,460ml
볶음밥_햄,밥류,볶음밥,100ml,218,4.8,4.19,38.65,221.3
볼락 매운탕,찌개 및 전골류,볼락 매운탕,100ml,30,3.5,0.52,2.87,356.2
부대찌개,찌개 및 전골류,부대찌개,100g,67,3.07,3.1,6.62,600g
부대찌개,찌개 및 전골류,부대찌개,100ml,57,4.83,1.89,5.33,200ml
부대찌개,찌개 및 전골류,부대찌개,100ml,68,4.83,2.79,6.12,270ml
부대찌개,찌개 및 전골류,부대찌개,100ml,55,3.2,2.23,5.52,644ml
부대찌개,찌개 및 전골류,부대찌개,100ml,63,3.6,2.16,7.21,145.4
부대찌개,찌개 및 전골류,부대찌개,100g,123,5.86,6.49,10.27,600g
부대찌개_간편조리세트_오뎅식당 부대찌개,찌개 및 전골류,부대찌개,100g,145,6.27,10.31,6.77,1173g
막국수,면 및 만두류,막국수,100ml,216,8.3,0.71,43.29,132.4
볶음밥_새우,밥류,볶음밥,100g,175,4.5,4.9,28.2,100g
볶음밥_새우,밥류,볶음밥,100ml,85,3,1.45,14.55,444.5
볶음밥_새우,밥류,볶음밥,100ml,91,3.1,1.31,15.92,464.9
볶음밥_새우볶음밥,밥류,볶음밥,100g,161,2.6,,,300g
볶음밥_소고기,밥류,볶음밥,100ml,119,3.1,3.72,17.54,359.2
볶음밥_소고기,밥류,볶음밥,100ml,114,2.5,2.97,18.38,442ml
볶음밥_소고기,밥류,볶음밥,100ml,121,3.2,3.85,17.39,359.2
볶음밥_소고기,밥류,볶음밥,100g,176,7.59,6.48,21.76,260g
볶음밥_의성마늘 볶음밥,밥류,볶음밥,100g,199,3.41,,,100g
볶음밥_참치,밥류,볶음밥,100ml,120,6.58,2.72,16.4,510ml
볶음밥_참치,밥류,볶음밥,100g,180,4.62,3.27,32.9,230g
볶음밥_참치_김치,밥류,볶음밥,100ml,150,7.2,2.61,22.82,281.2
볶음밥_참치_김치,밥류,볶음밥,100ml,142,6.2,2.16,23.26,441.7
볶음밥_참치_김치,밥류,볶음밥,100ml,155,6.4,3.8,22.64,281.2
볶음밥_채소,밥류,볶음밥,100g,182,4.72,5.39,28.74,260g
볶음밥_채소,밥류,볶음밥,100ml,115,2.9,1.69,21.37,300ml
볶음밥_채소,밥류,볶음밥,100ml,115,2.9,1.69,21.37,300ml
볶음밥_채소,밥류,볶음밥,100ml,115,2.9,1.69,21.37,300ml
막국수,면 및 만두류,막국수,100ml,83,3.4,0.71,15.71,632.4
볶음밥_김치_돼지고기,밥류,볶음밥,100ml,193,5.2,2.89,35.17,238.8
볶음밥_김치_돼지고기,밥류,볶음밥,100ml,121,3.2,1.7,22.36,450ml
볶음밥_낙지볶음밥,밥류,볶음밥,100g,182,3.3,,,300g
볶음밥_달걀듬뿍 볶음밥,밥류,볶음밥,100g,170,5.38,,,100g
볶음밥_닭갈비 볶음밥,밥류,볶음밥,100g,180,5,,,100g
볶음밥_돼지고기,밥류,볶음밥,100ml,113,3.8,2.44,17.88,461ml
볶음밥_맛살,밥류,볶음밥,100ml,134,3.5,2.07,24.28,400ml
볶음밥_목동햄볶음밥,밥류,볶음밥,100g,171,3.09,,,340g
볶음밥_배추김치_돼지고기,밥류,볶음밥,100ml,113,4.05,1.83,19.46,400ml
볶음밥_배추김치_돼지고기,밥류,볶음밥,100ml,116,3.68,1.98,20.24,260ml
볶음밥_배추김치_소고기,밥류,볶음밥,100ml,118,3.45,2.05,20.55,250ml
볶음밥_배추김치_참치,밥류,볶음밥,100ml,105,5.11,2.58,14.6,510ml
볶음밥_볼케이노 치즈 치밥,밥류,볶음밥,100g,198,12.81,,20.66,100g
볶음밥_불고기볶음밥,밥류,볶음밥,100g,175,3.8,,,300g
볶음밥_삼선,밥류,볶음밥,100g,172,6.56,6.62,21.44,400g
볶음밥_새우,밥류,볶음밥,100ml,85,3,1.45,14.55,444.5
볶음밥_새우,밥류,볶음밥,100g,172,6.31,6.14,22.85,370g
볶음밥_새우,밥류,볶음밥,100ml,105,4.86,2.25,15.44,480ml
볶음 우동,면 및 만두류,볶음 우동,100ml,80,3.3,2.86,9.69,268.8
볶음 우동,면 및 만두류,볶음 우동,100ml,57,2.1,2.65,5.99,748.5
볶음 우동,면 및 만두류,볶음 우동,100ml,59,2,2.58,6.42,707ml
볶음 우동,면 및 만두류,볶음 우동,100ml,80,3.3,2.86,9.69,268.8
볶음면_간편조리세트_소고기 야끼소바,면 및 만두류,볶음면,100g,190,6.55,12.1,13.81,470g
볶음밥,밥류,볶음밥,100g,183,5.56,2.76,33.97,350g
볶음밥,밥류,볶음밥,100g,193,6.92,8.38,22.5,100g
볶음밥_간편조리세트_돼지불백깍둑볶음누룽밥,밥류,볶음밥,100g,186,10.82,7.84,17.92,598g
볶음밥_갈비천왕 치즈 치밥,밥류,볶음밥,100g,208,10.97,,22.04,100g
볶음밥_계란,밥류,볶음밥,100g,225,6.62,11.28,24.23,260g
볶음밥_계란,밥류,볶음밥,100ml,164,5.8,3.48,26.2,300ml
볶음밥_계란,밥류,볶음밥,100ml,164,5.7,3.11,27,300ml
볶음밥_계란,밥류,볶음밥,100ml,164,5.8,3.48,26.2,300ml
볶음밥_계란,밥류,볶음밥,100ml,164,5.8,3.48,26.2,300ml
볶음밥_김치,밥류,볶음밥,100g,167,4.18,6.44,23.21,100g
볶음밥_김치,밥류,볶음밥,100g,167,5.32,9.18,15.74,330g
볶음밥_김치_돼지고기,밥류,볶음밥,100ml,110,3.4,2.05,18.62,438ml
볶음밥_김치_돼지고기,밥류,볶음밥,100ml,193,5.2,2.95,34.92,168.4
보리밥,밥류,보리밥,100ml,118,2.26,0.17,25.69,190ml
보리밥,밥류,보리밥,100ml,118,2.2,0.18,25.78,380ml
보신탕,찌개 및 전골류,보신탕,100ml,42,3,2.68,2.12,600ml
보쌈김치,김치류,보쌈김치,100g,30,2.19,0.72,3.73,90g
보쌈김치,김치류,보쌈김치,100ml,47,2.5,1.4,6.64,69.9
보쌈김치,김치류,보쌈김치,100ml,47,2.5,1.4,6.64,69.9
복 매운탕,찌개 및 전골류,복 매운탕,100ml,31,5.1,0.39,2.25,600ml
복숭아홍차_복숭아 얼그레이 아이스(ICED),음료 및 차류,복숭아홍차,100ml,31,0,,,354ml
복숭아홍차_복숭아 얼그레이 핫(HOT),음료 및 차류,복숭아홍차,100ml,31,0,,,354ml
복숭아홍차_피치얼그레이 아이스(ICED),음료 및 차류,복숭아홍차,100g,2,0,,,414g
복숭아홍차_피치얼그레이 핫(HOT),음료 및 차류,복숭아홍차,100g,2,0,,,414g
복숭아홍차_피치얼그레이티 아이스(ICED),음료 및 차류,복숭아홍차,100g,46,0,,,591g
복숭아홍차_피치얼그레이티 핫(HOT),음료 및 차류,복숭아홍차,100g,42,0,,,650g
복어튀김,튀김류,복어튀김,100ml,277,29.5,10.38,13.55,58.9
복어튀김,튀김류,복어튀김,100g,320,13.84,19.27,22.88,100g
복죽,죽 및 스프류,복죽,100ml,107,2.7,2.73,16.84,259ml
복지리,찌개 및 전골류,복지리,100ml,30,5.6,0.31,1.49,600ml
복찜,찜류,복찜,100ml,36,3.55,0.92,4.11,510ml
베이글_플레인 베이글피자,빵 및 과자류,베이글,100g,239,7.78,,,90g
베이글_플레인 베이글허니월넛크림치즈,빵 및 과자류,베이글,100g,305,7.37,,,95g
베이글_플레인 크림치즈,빵 및 과자류,베이글,100g,285,6,,,50g
베이글_플레인베이글,빵 및 과자류,베이글,100g,264,9.09,,,110g
베이글_호두베이글,빵 및 과자류,베이글,100g,277,10.91,,,110g
베이컨떡말이구이,구이류,베이컨떡말이구이,100ml,239,6.3,10.55,29.9,64ml
베이컨떡말이구이,구이류,베이컨떡말이구이,100ml,240,6.3,10.61,29.95,126.6
베이컨떡말이구이,구이류,베이컨떡말이구이,100ml,239,6.3,10.55,29.9,64ml
베이컨떡말이구이,구이류,베이컨떡말이구이,100ml,240,6.3,10.61,29.95,126.6
베이컨채소볶음,볶음류,베이컨채소볶음,100ml,142,6.3,8.81,10.06,129ml
베이컨채소볶음,볶음류,베이컨채소볶음,100ml,142,6.3,8.81,10.06,129ml
병어구이,구이류,병어구이,100ml,244,21.4,16.23,0.45,49.7
병어조림,조림류,병어조림,100ml,72,7.8,2.78,3.43,191ml
병어조림,조림류,병어조림,100g,112,12.46,4.78,4.87,100g
병어찌개,찌개 및 전골류,병어찌개,100ml,54,5.3,2.06,3.4,298.8
보리밥,밥류,보리밥,100g,161,2.9,0.24,36.77,200g
보리밥,밥류,보리밥,100ml,117,2.6,0.44,25.22,300ml
보리밥,밥류,보리밥,100ml,120,2.2,0.16,26.31,280ml
베이글_플레인 베이글,빵 및 과자류,베이글,100g,260,12,1.1,51,100g
베이글_플레인 베이글,빵 및 과자류,베이글,100g,298,10,,,100g
베이글_플레인 베이글,빵 및 과자류,베이글,100g,280,10.58,,,113g
베이글_플레인 베이글,빵 및 과자류,베이글,100g,273,10,1.64,54.55,110g
베이글_플레인 베이글,빵 및 과자류,베이글,100g,257,10,,,110g
베이글_플레인 베이글,빵 및 과자류,베이글,100g,277,9.09,1.82,55.45,110g
베이글_플레인 베이글,빵 및 과자류,베이글,100g,300,10,,,100g
베이글_플레인 베이글,빵 및 과자류,베이글,100g,262,9.17,,,120g
베이글_플레인 베이글,빵 및 과자류,베이글,100g,267,7.76,3.53,50,116g
베이글_플레인 베이글,빵 및 과자류,베이글,100g,298,10,,,100g
베이글_플레인 베이글,빵 및 과자류,베이글,100g,281,10.91,,,110g
베이글_플레인 베이글&솔티드카라멜크림치즈,빵 및 과자류,베이글,100g,300,7.18,13.33,36.92,195g
베이글_플레인 베이글&솔티드카라멜크림치즈(파베이크),빵 및 과자류,베이글,100g,327,7.54,15.08,39.7,199g
베이글_플레인 베이글&크림치즈,빵 및 과자류,베이글,100g,265,9.42,,,138g
베이글_플레인 베이글&크림치즈,빵 및 과자류,베이글,100g,296,7.3,,,137g
베이글_플레인 베이글&허니월넛크림치즈(파베이크),빵 및 과자류,베이글,100g,290,7.93,5.49,51.22,164g
베이글_플레인 베이글(두번 쫄깃),빵 및 과자류,베이글,100g,267,7.76,,,116g
베이글_플레인 베이글(파베이크),빵 및 과자류,베이글,100g,300,8.33,5,54.17,120g
베이글_쫀득쫀득소시지 베이글,빵 및 과자류,베이글,100g,284,12.61,16.22,20.72,111g
베이글_치즈 베이글,빵 및 과자류,베이글,100g,324,10,,,110g
베이글_치즈 베이글,빵 및 과자류,베이글,100g,279,10.83,,,120g
베이글_치즈 베이글,빵 및 과자류,베이글,100g,291,10,,,110g
베이글_카야 크림치즈,빵 및 과자류,베이글,100g,290,5.6,,,50g
베이글_컬러 베이글,빵 및 과자류,베이글,100g,241,5.73,,,110g
베이글_콘치즈피자 베이글,빵 및 과자류,베이글,100g,226,8.33,9.03,28.47,144g
베이글_크랜베리 월넛 베이글,빵 및 과자류,베이글,100g,268,9.09,,,110g
베이글_크림치즈 베이글,빵 및 과자류,베이글,100g,268,7.37,,,95g
베이글_크림치즈 베이글,빵 및 과자류,베이글,100g,319,9,,,172g
베이글_크림치즈 프레즐,빵 및 과자류,베이글,100g,279,8,,,100g
베이글_통곡물베이글,빵 및 과자류,베이글,100g,288,12,,,125g
베이글_트러플치즈 베이글,빵 및 과자류,베이글,100g,273,10,3.18,50,110g
베이글_플레인 리코타 치즈 베이글,빵 및 과자류,베이글,100g,242,8.33,,,120g
베이글_플레인 베이글,빵 및 과자류,베이글,100g,251,10,,,110g
베이글_플레인 베이글,빵 및 과자류,베이글,100g,316,10.91,,,110g
베이글_플레인 베이글,빵 및 과자류,베이글,100g,277,10,,,110g
베이글_플레인 베이글,빵 및 과자류,베이글,100g,280,10.58,,,113g
베이글_플레인 베이글,빵 및 과자류,베이글,100g,316,10.91,,,110g
막국수,면 및 만두류,막국수,100ml,58,2,0.6,10.96,732.6
베이글_어니언 베이글,빵 및 과자류,베이글,100g,293,10,,,100g
베이글_어니언 베이글,빵 및 과자류,베이글,100g,280,11,3,52,100g
베이글_어니언 베이글,빵 및 과자류,베이글,100g,304,10,,,100g
베이글_어니언 베이글,빵 및 과자류,베이글,100g,277,10,,,110g
베이글_어니언 베이글,빵 및 과자류,베이글,100g,290,9.7,,,113g
베이글_어니언 베이글,빵 및 과자류,베이글,100g,293,10,,,100g
베이글_어니언 베이글,빵 및 과자류,베이글,100g,291,10,1.82,58.18,110g
베이글_어니언 베이글,빵 및 과자류,베이글,100g,258,9.09,,,110g
베이글_어니언 베이글&고추장아찌크림치즈,빵 및 과자류,베이글,100g,258,7,9.5,35.5,200g
베이글_어니언베이글&크림치즈,빵 및 과자류,베이글,100g,293,10,,,100g
베이글_어니언치즈크림,빵 및 과자류,베이글,100g,299,2.9,25.4,,300g
베이글_에그 햄 치즈 베이글,빵 및 과자류,베이글,100g,227,11.43,,33.33,210g
베이글_올리브 베이글&크림치즈,빵 및 과자류,베이글,100g,287,7.09,,,141g
베이글_월넛 크림치즈 베이글,빵 및 과자류,베이글,100g,322,10,,,180g
베이글_쪽파 베이컨 크림치즈 베이글,빵 및 과자류,베이글,100g,297,9.2,13.4,35,136g
베이글_쫀득베이글 블루베리,빵 및 과자류,베이글,100g,271,7.94,,,113.4
베이글_쫀득베이글 어니언,빵 및 과자류,베이글,100g,278,8.82,,,113.4
베이글_쫀득베이글 플레인,빵 및 과자류,베이글,100g,274,0.35,,,113.4
베이글_블루베리베이글&크림치즈,빵 및 과자류,베이글,100g,306,11,,,100g
베이글_뺑오레젱,빵 및 과자류,베이글,100g,375,5.88,,,68g
베이글_세가지치즈베이글,빵 및 과자류,베이글,100g,230,8.87,,,124g
베이글_소금버터 베이글,빵 및 과자류,베이글,100g,300,10,,,100g
베이글_소시지 인 치즈 베이글,빵 및 과자류,베이글,100g,283,12.96,,,108g
베이글_소시지 인 치즈 베이글,빵 및 과자류,베이글,100g,283,12.96,,,108g
베이글_스트로베리 크림치즈,빵 및 과자류,베이글,100g,280,4.8,,,50g
베이글_시금치바질 베이글&플레인크림치즈,빵 및 과자류,베이글,100g,273,7.5,9.5,38.5,200g
베이글_시금치바질 베이글&플레인크림치즈(파베이크),빵 및 과자류,베이글,100g,284,7.54,10.55,38.69,199g
베이글_시금치바질&토마토크림치즈,빵 및 과자류,베이글,100g,271,7.32,9.76,38.54,205g
베이글_씨앗 베이글,빵 및 과자류,베이글,100g,289,8.94,6.5,47.97,123g
베이글_씨앗 베이글&솔티드카라멜크림치즈,빵 및 과자류,베이글,100g,305,8,12.5,40,200g
베이글_아메리칸 치즈 베이글,빵 및 과자류,베이글,100g,278,9.43,,,106g
베이글_어니언 베이글,빵 및 과자류,베이글,100g,324,10.91,,,110g
베이글_어니언 베이글,빵 및 과자류,베이글,100g,280,7,,,100g
베이글_어니언 베이글,빵 및 과자류,베이글,100g,290,9.7,,,113g
베이글_어니언 베이글,빵 및 과자류,베이글,100g,280,7.76,6.03,48.28,116g
베이글_어니언 베이글,빵 및 과자류,베이글,100g,290,10,,,110g
훈제오리,구이류,훈제오리,100g,259,26.85,15.16,3.86,
훠궈_소고기,찌개 및 전골류,훠궈,100g,93,4.81,5.11,6.83,100g
흑미밥,밥류,흑미밥,100ml,120,2.3,0.37,25.73,300ml
흑미밥,밥류,흑미밥,100ml,120,2.2,0.36,25.73,250ml
흑미밥,밥류,흑미밥,100ml,118,2.1,0.16,25.78,310ml
흑미밥,밥류,흑미밥,100ml,118,2.12,0.18,25.85,390ml
흑미밥_찹쌀,밥류,흑미밥,100ml,121,2.19,0.16,26.51,270ml
흑미밥_찹쌀,밥류,흑미밥,100ml,118,2.14,0.16,25.8,190ml
흑임자 죽,죽 및 스프류,흑임자 죽,100ml,106,2.2,3.37,16.36,259ml
흑임자죽,죽 및 스프류,흑임자죽,100g,61,1.1,4.73,3.64,400g
흰죽,죽 및 스프류,흰죽,100ml,64,1.2,0.28,13.49,291.9
흰죽,죽 및 스프류,흰죽,100ml,64,1.2,0.28,13.49,291.9
흰죽,죽 및 스프류,흰죽,100ml,64,1.2,0.28,13.49,291.9
베이글_블루베리 베이글&크림치즈,빵 및 과자류,베이글,100g,269,8.7,,,138g
베이글_블루베리 베이글&허니월넛크림치즈,빵 및 과자류,베이글,100g,273,6.83,3.73,49.07,161g
베이글_블루베리 베이글허니월넛크림치즈,빵 및 과자류,베이글,100g,284,7.37,,,95g
베이글_블루베리 크림치즈,빵 및 과자류,베이글,100g,282,4.8,,,50g
베이글_블루베리베이글,빵 및 과자류,베이글,100g,270,7.03,,,128g
홍차_잉글리쉬 브렉퍼스트티 아이스(ICED) (Tall),음료 및 차류,홍차,100g,0,0,,,355g
홍차_잉글리쉬 브렉퍼스트티 핫(HOT) (Tall),음료 및 차류,홍차,100g,0,0,,,355g
홍차_잉글리쉬브렉퍼스트,음료 및 차류,홍차,100ml,0,0,,,360ml
홍차_잉글리쉬브렉퍼스트 아이스(ICED) (L),음료 및 차류,홍차,100g,0,0,,,473g
홍차_잉글리쉬브렉퍼스트 핫(HOT) (L),음료 및 차류,홍차,100g,0,0,,,473g
홍차_저칼로리 복숭아 블랙티 제로슈거 (Tall),음료 및 차류,홍차,100ml,4,0.04,,,360ml
홍차_크림카라멜 아이스(ICED) (L),음료 및 차류,홍차,100g,1,0,,,473g
홍차_퍼스트 브레이크 아이스(ICED) (L),음료 및 차류,홍차,100g,1,0,,,450g
홍차_퍼스트 브레이크 핫(HOT) (L),음료 및 차류,홍차,100g,1,0,,,350g
홍차_홍차 아이스(ICED),음료 및 차류,홍차,100g,0,0,,,452g
홍차_홍차 핫(HOT),음료 및 차류,홍차,100g,1,0,,,322g
홍합 무국,국 및 탕류,홍합 무국,100ml,19,2.7,0.24,1.36,170.7
홍합 무국,국 및 탕류,홍합 무국,100ml,19,2.7,0.24,1.36,170.7
홍합 무국,국 및 탕류,홍합 무국,100ml,23,2.5,0.85,1.3,320ml
홍합 미나리죽,죽 및 스프류,홍합 미나리죽,100ml,79,2.3,0.3,16.37,259ml
홍합 미나리죽,죽 및 스프류,홍합 미나리죽,100ml,49,1.5,0.31,9.88,254.9
홍합 미역국,국 및 탕류,홍합 미역국,100ml,17,1.8,0.77,1.05,192ml
홍합 미역국,국 및 탕류,홍합 미역국,100ml,9,1.1,0.25,0.74,320ml
홍차_얼그레이 아이스(ICED),음료 및 차류,홍차,100g,1,0,,,420g
홍차_얼그레이 아이스(ICED),음료 및 차류,홍차,100g,0,0,,,595g
홍차_얼그레이 아이스(ICED),음료 및 차류,홍차,100g,0,0,,,473g
홍차_얼그레이 아이스(ICED),음료 및 차류,홍차,100ml,1,0,,,354ml
홍차_얼그레이 아이스(ICED),음료 및 차류,홍차,100ml,0,0.04,0,0.01,710ml
홍차_얼그레이 아이스(ICED),음료 및 차류,홍차,100ml,0,0.01,0.02,0.01,650ml
홍차_얼그레이 아이스(ICED) (L),음료 및 차류,홍차,100g,0,0,,,946g
홍차_얼그레이 아이스(ICED) (L),음료 및 차류,홍차,100g,2,0.42,,,473g
홍차_얼그레이 아이스(ICED) (M),음료 및 차류,홍차,100g,0,0,,,591g
홍차_얼그레이 클래식,음료 및 차류,홍차,100g,2,0,,,360g
홍차_얼그레이 핫(HOT),음료 및 차류,홍차,100ml,1,0,,,354ml
홍차_얼그레이 핫(HOT),음료 및 차류,홍차,100g,1,0,,,300g
홍차_얼그레이 핫(HOT),음료 및 차류,홍차,100ml,0,0.03,0,0,591ml
홍차_얼그레이 핫(HOT),음료 및 차류,홍차,100ml,0,0.01,0.02,0.01,500ml
홍차_얼그레이 핫(HOT),음료 및 차류,홍차,100g,0,0,,,355g
홍차_얼그레이 핫(HOT),음료 및 차류,홍차,100g,0,0,,,505g
홍차_얼그레이 핫(HOT),음료 및 차류,홍차,100g,0,0,,,473g
홍차_얼그레이 핫(HOT) (L),음료 및 차류,홍차,100g,0,0,,,946g
홍차_얼그레이 핫(HOT) (L),음료 및 차류,홍차,100g,0,0,,,473g
호박죽,죽 및 스프류,호박죽,100ml,58,1.1,0.22,13.33,600ml
호박찌개,찌개 및 전골류,호박찌개,100g,32,1.87,0.87,4.07,300g
호박찌개_고추장,찌개 및 전골류,호박찌개,100g,41,2.08,0.99,5.96,280g
혼합잡곡밥,밥류,혼합잡곡밥,100ml,118,2.3,0.22,25.63,250ml
혼합잡곡밥,밥류,혼합잡곡밥,100ml,118,2.4,0.42,25.21,250ml
혼합잡곡밥,밥류,혼합잡곡밥,100ml,118,2.3,0.22,25.63,250ml
혼합잡곡밥,밥류,혼합잡곡밥,100ml,118,2.6,0.5,24.68,450ml
홍어무침,생채·무침류,홍어무침,100g,99,8.93,1.32,12.98,200g
홍어찌개,찌개 및 전골류,홍어찌개,100ml,51,7.7,0.97,3.15,625ml
홍어찜,찜류,홍어찜,100ml,41,7.2,0.54,1.49,250ml
홍어회무침,생채·무침류,홍어회무침,100ml,83,7.5,2.13,8.81,175ml
홍어회무침,생채·무침류,홍어회무침,100ml,61,8.3,0.41,6.64,136.5
홍차_머스캣,음료 및 차류,홍차,100g,2,0.36,,,360g
홍차_머스캣 블렌드티 아이스(ICED) (L),음료 및 차류,홍차,100g,0,0.07,,,450g
홍차_머스캣 블렌드티 핫(HOT) (L),음료 및 차류,홍차,100g,0,0.07,,,450g
홍차_베르가못 얼그레이티 핫(HOT) (L),음료 및 차류,홍차,100ml,1,0.09,,,473ml
홍차_베리가못 얼그레이티 아이스(ICED),음료 및 차류,홍차,100ml,1,0.09,,,473ml
홍차_블랙티 아이스(ICED),음료 및 차류,홍차,100g,4,0.03,,,586.6
피자_직화불고기 피자 프리첼 치즈 (L),빵 및 과자류,피자,100g,273,10.48,,,1015g
현미죽,죽 및 스프류,현미죽,100g,64,1.2,0.4,15.2,100g
호떡,빵 및 과자류,호떡,100ml,147,2.7,5.91,20.14,104ml
호떡,빵 및 과자류,호떡,100ml,147,2.7,5.91,20.14,104ml
호떡,빵 및 과자류,호떡,100ml,147,2.7,5.91,20.14,104ml
호떡,빵 및 과자류,호떡,100ml,147,2.7,5.91,20.14,104ml
호떡_견과류,빵 및 과자류,호떡,100g,314,5.41,7.07,57.12,150g
호떡_꿀호떡,빵 및 과자류,호떡,100g,280,6.25,,,80g
호떡_순꿀호떡,빵 및 과자류,호떡,100g,318,6.76,,,74g
호떡_아이스크림 호떡,빵 및 과자류,호떡,100g,183,4.91,,,285g
호떡_쫀득고구마호떡 (3개입),빵 및 과자류,호떡,100g,306,2.72,,,147g
호떡_쫀득흑당호떡,빵 및 과자류,호떡,100g,377,8.18,,,110g
호떡_흑당가득품은호떡,빵 및 과자류,호떡,100g,324,8.57,,,105g
호밀빵_멀티그레인 호밀브레드,빵 및 과자류,호밀빵,100g,263,8,8,37.33,150g
호밀빵_무화과 통밀 로프,빵 및 과자류,호밀빵,100g,273,5.91,,,220g
호밀빵_파란라벨 멀티그레인호밀빵,빵 및 과자류,호밀빵,100g,329,11.43,,,210g
호밀빵_행복드림,빵 및 과자류,호밀빵,100g,226,4.85,,,330g
호밀빵_호두호밀브레드,빵 및 과자류,호밀빵,100g,295,9,,,240g
호박 된장국,국 및 탕류,호박 된장국,100ml,17,1.2,0.4,2.17,170ml
허브차_페퍼민트티 핫(HOT),음료 및 차류,허브차,100ml,0,0.04,0,0,473ml
허브차_페퍼민트티 핫(HOT),음료 및 차류,허브차,100g,2,0.06,,,473g
허브차_페퍼민트티 핫(HOT) (L),음료 및 차류,허브차,100g,0,0.04,,,450g
허브차_퓨어 페퍼민트 아이스(ICED),음료 및 차류,허브차,100ml,1,0,,,414ml
허브차_퓨어 페퍼민트 아이스(ICED) (EX),음료 및 차류,허브차,100ml,2,0.15,,,680ml
허브차_퓨어 페퍼민트 핫(HOT),음료 및 차류,허브차,100ml,1,0,,,384ml
허브차_퓨어 페퍼민트 핫(HOT) (EX),음료 및 차류,허브차,100ml,2,0.15,,,651ml
허브차_퓨어페퍼민트 아이스(ICED),음료 및 차류,허브차,100g,1,0,,,414g
허브차_퓨어페퍼민트 핫(HOT),음료 및 차류,허브차,100g,1,0,,,414g
허브차_피치 얼그레이 아이스(ICED) (EX),음료 및 차류,허브차,100ml,3,0.15,,,680ml
허브차_피치 얼그레이 아이스(ICED) (R),음료 및 차류,허브차,100ml,2,0.24,0,0,414ml
허브차_피치 얼그레이 핫(HOT) (EX),음료 및 차류,허브차,100ml,3,0.15,,,651ml
허브차_피치 얼그레이 핫(HOT) (R),음료 및 차류,허브차,100ml,2,0.26,,,384ml
허브차_허브티 아이스(ICED),음료 및 차류,허브차,100g,0,0,,,473g
허브차_허브티 아이스(ICED),음료 및 차류,허브차,100ml,0,0,0,0,591ml
허브차_허브티 핫(HOT),음료 및 차류,허브차,100ml,0,0,0,0,651ml
허브차_허브티 핫(HOT),음료 및 차류,허브차,100g,1,0,,,384g
허브차_황금캐모마일티 아이스(ICED),음료 및 차류,허브차,100ml,1,0.14,,,710ml
허브차_황금캐모마일티 핫(HOT),음료 및 차류,허브차,100ml,1,0,,,473ml
허브차_쿨민트 아이스(ICED),음료 및 차류,허브차,100g,2,0.23,,0.47,430g
허브차_쿨민트 핫(HOT),음료 및 차류,허브차,100g,3,0.25,,0.5,400g
허브차_크림슨 펀치 아이스(ICED),음료 및 차류,허브차,100g,3,0,,0.47,430g
허브차_크림슨 펀치 핫(HOT),음료 및 차류,허브차,100g,3,0,,0.5,400g
허브차_크림얼그레이티 아이스(ICED),음료 및 차류,허브차,100g,1,0,,,430g
허브차_크림얼그레이티 핫(HOT),음료 및 차류,허브차,100g,1,0,,,350g
허브차_페어진저 아이스(ICED),음료 및 차류,허브차,100g,0,0,,,355g
허브차_페어진저 핫(HOT),음료 및 차류,허브차,100g,0,0,,,355g
허브차_페퍼민트,음료 및 차류,허브차,100g,0,0,,,360g
허브차_페퍼민트,음료 및 차류,허브차,100g,1,0.08,,,100g
허브차_페퍼민트,음료 및 차류,허브차,100g,1,0.11,0,,360g
허브차_페퍼민트,음료 및 차류,허브차,100g,1,0,,,360g
허브차_페퍼민트,음료 및 차류,허브차,100ml,0,0,,,360ml
허브차_페퍼민트 아이스(ICED),음료 및 차류,허브차,100g,0,0,,,595g
허브차_페퍼민트 아이스(ICED),음료 및 차류,허브차,100g,0,0,,,473g
허브차_페퍼민트 아이스(ICED),음료 및 차류,허브차,100g,0,0,,,355g
허브차_페퍼민트 아이스(ICED),음료 및 차류,허브차,100ml,0,0.01,0.02,0.01,650ml
허브차_페퍼민트 아이스(ICED),음료 및 차류,허브차,100ml,0,0.01,0,0.08,710ml
허브차_페퍼민트 아이스(ICED),음료 및 차류,허브차,100ml,1,0,,,354ml
허브차_카모마일 아이스(ICED) (L),음료 및 차류,허브차,100g,0,0,,,946g
허브차_카모마일 아이스(ICED) (M),음료 및 차류,허브차,100g,0,0,,,591g
허브차_카모마일 핫(HOT) (L),음료 및 차류,허브차,100g,0,0,,,473g
허브차_카모마일 핫(HOT) (L),음료 및 차류,허브차,100g,0,0,,,946g
허브차_카모마일 핫(HOT) (M),음료 및 차류,허브차,100g,0,0,,,591g
허브차_캐모마일,음료 및 차류,허브차,100g,2,0.21,,,100g
허브차_캐모마일,음료 및 차류,허브차,100g,1,0,,,360g
허브차_캐모마일,음료 및 차류,허브차,100ml,0,0,,,360ml
허브차_캐모마일,음료 및 차류,허브차,100g,1,0.06,0,,360g
허브차_캐모마일,음료 및 차류,허브차,100g,2,0,,,360g
허브차_캐모마일 블렌드티 아이스(ICED) (Tall),음료 및 차류,허브차,100g,0,0,,,355g
허브차_캐모마일 블렌드티 핫(HOT) (Tall),음료 및 차류,허브차,100g,0,0,,,355g
허브차_캐모마일 아이스(ICED),음료 및 차류,허브차,100g,0,0,,,595g
허브차_캐모마일 아이스(ICED),음료 및 차류,허브차,100ml,0,0.01,0,0.04,710ml
허브차_캐모마일 아이스(ICED),음료 및 차류,허브차,100ml,0,0.01,0.03,0,650ml
허브차_캐모마일 아이스(ICED),음료 및 차류,허브차,100g,0,0,,,473g
허브차_캐모마일 아이스(ICED),음료 및 차류,허브차,100ml,1,0,,,354ml
허브차_캐모마일 아이스(ICED),음료 및 차류,허브차,100g,0,0,,,355g
허브차_캐모마일 아이스(ICED) (R),음료 및 차류,허브차,100g,3,0.1,,,400g
허브차_국화차 아이스(ICED) (L),음료 및 차류,허브차,100g,1,0,,,450g
허브차_국화차 핫(HOT) (L),음료 및 차류,허브차,100g,1,0,,,450g
허브차_그린 루이보스 아이스(ICED),음료 및 차류,허브차,100ml,2,0,,,414ml
허브차_그린 루이보스 아이스(ICED) (EX),음료 및 차류,허브차,100ml,2,0,,,680ml
허브차_그린 루이보스 핫(HOT),음료 및 차류,허브차,100ml,2,0,,,384ml
허브차_그린 루이보스 핫(HOT) (EX),음료 및 차류,허브차,100ml,2,0,,,651ml
허브차_그린루이보스 아이스(ICED),음료 및 차류,허브차,100g,2,0,,,414g
허브차_그린루이보스 핫(HOT),음료 및 차류,허브차,100g,2,0,,,414g
허브차_레몬 사과 블렌드티 아이스(ICED) (L),음료 및 차류,허브차,100g,1,0.07,,,450g
허브차_레몬 사과 블렌드티 핫(HOT) (L),음료 및 차류,허브차,100g,1,0.07,,,450g
허브차_레몬밤,음료 및 차류,허브차,100g,1,0.04,,,100g
허브차_레몬밤 민트티 아이스(ICED),음료 및 차류,허브차,100ml,35,0.03,,,591ml
허브차_레몬밤 민트티 아이스(ICED),음료 및 차류,허브차,100g,35,0.03,,,591g
허브차_레몬밤 민트티 핫(HOT),음료 및 차류,허브차,100ml,44,0.04,,,473ml
허브차_레몬밤 민트티 핫(HOT),음료 및 차류,허브차,100g,44,0.04,,,473g
허브차_로얄 캐모마일 아이스(ICED),음료 및 차류,허브차,100g,2,0,,0.47,430g
허브차_로얄 캐모마일 핫(HOT),음료 및 차류,허브차,100g,3,0,,0.5,400g
허브차_루이보스 레몬,음료 및 차류,허브차,100ml,1,0,,,360ml
허브차_루이보스 슈가플럼,음료 및 차류,허브차,100g,2,0,,,360g
허니브레드_베리 브레드,빵 및 과자류,허니브레드,100g,202,2.83,,,460g
허니브레드_살사부기 브레드,빵 및 과자류,허니브레드,100g,214,9.41,,,170g
허니브레드_생딸기 크림 브레드,빵 및 과자류,허니브레드,100g,218,3.81,,,420g
허니브레드_생크림 딸기 브래드,빵 및 과자류,허니브레드,100g,191,2.83,,,389g
허니브레드_생크림 망고 브래드,빵 및 과자류,허니브레드,100g,225,3.06,,,360g
허니브레드_생크림 허니브레드,빵 및 과자류,허니브레드,100g,310,4.29,,,210g
허니브레드_스모크드 소시지 브레드,빵 및 과자류,허니브레드,100g,306,8.24,,,170g
허니브레드_시나몬 멜츠 브레드,빵 및 과자류,허니브레드,100g,443,7.27,,,110g
허니브레드_애플 시나몬 허니 브레드,빵 및 과자류,허니브레드,100g,305,4,,,240g
허니브레드_애플 허니브레드,빵 및 과자류,허니브레드,100g,305,4.13,,,240g
허니브레드_올리브치즈브레드,빵 및 과자류,허니브레드,100g,433,19.26,,,135g
허니브레드_젤라또 브레드,빵 및 과자류,허니브레드,100g,257,6.96,,,345g
허니브레드_젤라또 허니브레드,빵 및 과자류,허니브레드,100g,290,4,,,260g
허니브레드_카라멜 시나몬 브레드,빵 및 과자류,허니브레드,100g,299,6.4,,,203g
허니브레드_카라멜브레드,빵 및 과자류,허니브레드,100g,381,6.63,,,258g
허니브레드_토피넛 브레드,빵 및 과자류,허니브레드,100g,217,4.01,,,279g
허니브레드_피넛버터브레드,빵 및 과자류,허니브레드,100g,354,10.98,,,297g
허니브레드_허니 넛트 브레드,빵 및 과자류,허니브레드,100g,433,7.02,28.51,37.72,228g
햄볶음_채소,볶음류,햄볶음,100g,183,10.47,11.37,9.6,220g
햄부침,전·적 및 부침류,햄부침,100ml,237,19.6,13.67,7.93,70ml
햄부침,전·적 및 부침류,햄부침,100g,244,11.3,17.1,11.3,100g
햄부침,전·적 및 부침류,햄부침,100ml,221,15.4,10.07,15.58,80.5
햄부침,전·적 및 부침류,햄부침,100ml,160,12.2,8.09,8.23,56.9
햄부침,전·적 및 부침류,햄부침,100ml,221,15.4,10.07,15.58,80.5
햄샌드위치,빵 및 과자류,햄샌드위치,100ml,192,5.4,10.38,19.19,168ml
햄샌드위치,빵 및 과자류,햄샌드위치,100ml,185,5.3,10,18.69,207ml
햄샌드위치_치즈,빵 및 과자류,햄샌드위치,100ml,252,8.3,12.58,26.33,180.8
햄샌드위치_치즈,빵 및 과자류,햄샌드위치,100ml,252,8.3,12.58,26.33,180.8
햄샐러드,생채·무침류,햄샐러드,100ml,149,4.4,7.38,16.65,158.3
햄샐러드,생채·무침류,햄샐러드,100ml,136,4.5,5.59,17.04,158.3
햄샐러드,생채·무침류,햄샐러드,100ml,107,3.6,4.4,13.49,80.6
햄샐러드,생채·무침류,햄샐러드,100ml,107,3.6,4.4,13.49,80.6
햄전,전·적 및 부침류,햄전,100ml,241,19.54,13.5,8.44,70ml
햄전,전·적 및 부침류,햄전,100ml,200,10.2,13.66,8.23,56.9
햄채소볶음,볶음류,햄채소볶음,100ml,296,11.6,21.92,14.04,34.9
햄채소볶음,볶음류,햄채소볶음,100ml,296,11.6,21.92,14.04,34.9
햄버거_콰트로치즈와퍼,빵 및 과자류,햄버거,100g,268,12.99,,,331g
햄버거_콰트로치즈와퍼주니어,빵 및 과자류,햄버거,100g,263,11.73,,,179g
햄버거_크리스퍼 치폴레,빵 및 과자류,햄버거,100g,221,10.88,,,239g
햄버거_크리스퍼 클래식,빵 및 과자류,햄버거,100g,257,11.31,,,221g
햄버거_크리스퍼 클래식 BLT,빵 및 과자류,햄버거,100g,240,11.38,,,246g
햄버거_클래식치즈버거,빵 및 과자류,햄버거,100g,298,10.09,,,202g
햄버거_클럽 샌드위치 버거,빵 및 과자류,햄버거,100g,198,10.33,,,242g
햄버거_텍사스스테이크버거,빵 및 과자류,햄버거,100g,229,13.04,,,207g
햄버거_통마늘 베이컨,빵 및 과자류,햄버거,100g,271,11.86,,,194g
햄버거_통모짜치즈버거,빵 및 과자류,햄버거,100g,278,13.01,,,255g
햄버거_트러플 머쉬룸 와퍼,빵 및 과자류,햄버거,100g,234,11.39,,,325g
햄버거_트리플 베이컨,빵 및 과자류,햄버거,100g,253,12.94,,,255g
햄버거_프레쉬버거,빵 및 과자류,햄버거,100g,264,11.88,,,208g
햄버거_하와이안버거,빵 및 과자류,햄버거,100g,239,10.55,,,253g
햄버거_한우불고기,빵 및 과자류,햄버거,100g,217,8.93,,,263g
햄버거_할라피뇨더블치즈버거,빵 및 과자류,햄버거,100g,299,18.06,,,276g
햄버거_할라피뇨치즈버거,빵 및 과자류,햄버거,100g,304,26.85,,,180g
햄버거_핫치폴레버거,빵 및 과자류,햄버거,100g,262,11.86,,,240g
햄버거_핫트러플머쉬룸와퍼,빵 및 과자류,햄버거,100g,254,12.28,,,285g
피자_진짜감자 피자 (L),빵 및 과자류,피자,100g,279,12.51,,,1074g
햄버거_빅버거리버거,빵 및 과자류,햄버거,100g,264,11.88,,,285g
햄버거_빅비프앤쉬림프버거,빵 및 과자류,햄버거,100g,302,11.9,,,322g
햄버거_빅소불고기버거,빵 및 과자류,햄버거,100g,303,12.75,,,232g
햄버거_빅에그베이컨버거,빵 및 과자류,햄버거,100g,280,13.4,,,293g
햄버거_빅에그불고기버거,빵 및 과자류,햄버거,100g,308,13.67,,,296g
햄버거_빅클래식치즈버거,빵 및 과자류,햄버거,100g,282,14.78,,,252g
햄버거_빅프레쉬버거,빵 및 과자류,햄버거,100g,258,11.36,,,253g
햄버거_빅하와이안버거,빵 및 과자류,햄버거,100g,276,11.8,,,334g
햄버거_빅할라피뇨더블치즈버거,빵 및 과자류,햄버거,100g,299,13.93,,,359g
햄버거_빅할라피뇨치즈버거,빵 및 과자류,햄버거,100g,306,19.07,,,246g
햄버거_빅핫치폴레버거,빵 및 과자류,햄버거,100g,239,9.96,,,285g
햄버거_새우불고기버거,빵 및 과자류,햄버거,100g,238,7.58,,,252g
햄버거_소고기패티,빵 및 과자류,햄버거,100g,271,11.94,8.94,35.76,100g
햄버거_소고기패티_토마토_양상추,빵 및 과자류,햄버거,100g,229,9.55,13.23,18.01,100g
햄버거_소불고기버거,빵 및 과자류,햄버거,100g,291,10.46,,,190g
햄버거_스리라차커틀릿버거,빵 및 과자류,햄버거,100g,235,9.48,,,232g
햄버거_스위스허니더블치즈,빵 및 과자류,햄버거,100g,235,11,,,191g
햄버거_시그니처,빵 및 과자류,햄버거,100g,249,9.86,,,213g
피자_직화홀릭바이트피자,빵 및 과자류,피자,100g,296,13.91,,,805g
햄버거_더블 한우불고기버거,빵 및 과자류,햄버거,100g,228,11.21,,,352g
햄버거_더블비프불고기버거,빵 및 과자류,햄버거,100g,297,13.68,,,190g
햄버거_더블엑스투버거,빵 및 과자류,햄버거,100g,314,11.09,,,228g
햄버거_더블치즈 베이컨 시그니처,빵 및 과자류,햄버거,100g,242,10.97,,,228g
햄버거_더블클래식치즈버거,빵 및 과자류,햄버거,100g,291,16.22,,,274g
햄버거_더오치 맥시멈 2,빵 및 과자류,햄버거,100g,272,14.14,,,375g
햄버거_더오치 맥시멈 3,빵 및 과자류,햄버거,100g,299,16.17,,,501g
햄버거_더오치 맥시멈 원파운더,빵 및 과자류,햄버거,100g,295,17.49,,,606g
햄버거_데리버거,빵 및 과자류,햄버거,100g,260,9.27,,,134g
햄버거_데리야끼불고기,빵 및 과자류,햄버거,100g,250,6.09,,,230g
햄버거_돼지고기,빵 및 과자류,햄버거,100ml,204,9.1,9.69,19.35,210ml
햄버거_돼지고기,빵 및 과자류,햄버거,100ml,204,9.1,9.69,19.35,210ml
햄버거_디럭스불고기버거,빵 및 과자류,햄버거,100g,260,10.15,,,236g
햄버거_딥트러플머쉬룸더블,빵 및 과자류,햄버거,100g,279,14.33,,,356g
햄버거_리아 불고기,빵 및 과자류,햄버거,100g,253,10.57,,,188g
햄버거_리아 불고기 더블,빵 및 과자류,햄버거,100g,282,13.49,,,270g
햄버거_리아 불고기 베이컨,빵 및 과자류,햄버거,100g,237,10.09,,,220g
햄버거_메가바이트,빵 및 과자류,햄버거,100g,304,8.8,,,216g
해물탕,찌개 및 전골류,해물탕,100g,45,6.63,0.78,2.77,600g
해물탕_간편조리세트_바다를 품은 해물탕,찌개 및 전골류,해물탕,100g,33,4.11,0.96,2.02,1216g
해물파전,전·적 및 부침류,해물파전,100ml,106,6,3.99,10.63,153ml
해물파전,전·적 및 부침류,해물파전,100ml,142,10.4,4.69,13.44,128.6
해물파전,전·적 및 부침류,해물파전,100ml,128,9.3,4.15,12.49,98.2
해물파전_간편조리세트_모둠해물파전,전·적 및 부침류,해물파전,100g,205,6.81,12.09,17.29,1330g
해신탕,찌개 및 전골류,해신탕,100g,57,7.93,1.88,2.03,100g
해장국_뼈다귀,국 및 탕류,해장국,100g,71,7.46,3.57,2.34,1000g
해장국_뼈다귀,국 및 탕류,해장국,100g,26,3.19,0.97,1.06,800g
해장국_선지,국 및 탕류,해장국,100g,29,3.86,0.96,1.23,600g
해장국_선지,국 및 탕류,해장국,100g,31,4.93,0.54,1.67,1000g
해장국_우거지,국 및 탕류,해장국,100g,26,1.98,0.98,2.25,600g
해초무침,생채·무침류,해초무침,100g,39,0.95,0.16,8.52,100g
해파리냉채,생채·무침류,해파리냉채,100ml,31,1.5,0.46,5.64,85ml
해파리냉채,생채·무침류,해파리냉채,100ml,49,2.5,0.79,8.52,51.6
해파리냉채,생채·무침류,해파리냉채,100ml,31,1.5,0.46,5.64,85ml
햄구이,구이류,햄구이,100ml,148,20.2,6.51,1.95,61.3
햄구이,구이류,햄구이,100ml,154,22.9,5.89,2.19,22.6
스무디_꿀배 스무디,음료 및 차류,스무디,100ml,64,0.09,,,473ml
스무디_꿀배 쿨러시,음료 및 차류,스무디,100g,64,0.08,,,473g
스무디_꿀복숭아 스무디 (R),음료 및 차류,스무디,100g,71,0.13,0,,360g
스무디_꿀복숭아 플랫치노,음료 및 차류,스무디,100ml,54,0,,,414ml
스무디_꿀수박 스무디 (R),음료 및 차류,스무디,100g,57,0.54,0.01,,360g
스무디_꿀호떡 in절미 프라페,음료 및 차류,스무디,100g,91,1.46,,,480g
스무디_납작 복숭아 그라니따,음료 및 차류,스무디,100g,71,0.44,,,450g
스무디_납작복숭아 블루밍 크러쉬,음료 및 차류,스무디,100g,69,0.85,,,473g
스무디_납작복숭아 타르트 크러쉬,음료 및 차류,스무디,100g,109,0.85,,,473g
스무디_낭만 달고나 카페프라페,음료 및 차류,스무디,100g,125,1.25,,,360g
스무디_낭만 달고나 프라페,음료 및 차류,스무디,100g,125,1.25,,,360g
스무디_넛츠 프라노베,음료 및 차류,스무디,100g,88,1.39,,,360g
스무디_녹차 루비치노,음료 및 차류,스무디,100ml,60,1.38,,,420ml
스무디_녹차 리터치노 아이스(ICED) (L),음료 및 차류,스무디,100g,84,1.16,,14.9,946g
스무디_녹차 리터치노 아이스(ICED) (ML),음료 및 차류,스무디,100g,83,1.27,,14.93,710g
스무디_녹차 바나치노,음료 및 차류,스무디,100g,89,1.5,,16.33,650g
스무디_녹차 빽스치노,음료 및 차류,스무디,100ml,77,1.41,,,710ml
스무디_녹차 빽스치노 소프트,음료 및 차류,스무디,100ml,106,1.83,,,710ml
스무디_녹차 프라페,음료 및 차류,스무디,100ml,99,0.86,2.64,17.9,591ml
소곱창 볶음,볶음류,소곱창 볶음,100ml,178,9,13.58,4.99,99.2
스무디_그린티 프라페 (Grande),음료 및 차류,스무디,100ml,86,1.25,,,480ml
스무디_그린티 프라페 (L),음료 및 차류,스무디,100g,72,0.87,,,450g
스무디_그린티 프라페 (Mini Venti),음료 및 차류,스무디,100ml,68,1.05,,,570ml
스무디_그린티 프라페 (R),음료 및 차류,스무디,100g,56,0.75,,,400g
스무디_그린티 프라페 (Tall),음료 및 차류,스무디,100ml,94,1.39,,,360ml
스무디_그린티 프라페 (Venti),음료 및 차류,스무디,100ml,67,0.97,,,720ml
스무디_그린티 할리치노,음료 및 차류,스무디,100g,79,1.69,,,354g
스무디_그린티프라페,음료 및 차류,스무디,100ml,88,1.15,3.15,16.31,591ml
스무디_글라디에이터 스트로베리 바나나 스무디 (L),음료 및 차류,스무디,100ml,68,6.43,,,591ml
스무디_글라디에이터 스트로베리 바나나 스무디 (R),음료 및 차류,스무디,100ml,68,6.55,,,473ml
스무디_글라디에이터 스트로베리 바나나 스무디 (S),음료 및 차류,스무디,100ml,69,6.5,,,354ml
스무디_글라디에이터 파인애플 망고 스무디 (L),음료 및 차류,스무디,100ml,82,5.75,,,591ml
스무디_글라디에이터 파인애플 망고 스무디 (R),음료 및 차류,스무디,100ml,82,5.71,,,473ml
스무디_글라디에이터 파인애플 망고 스무디 (S),음료 및 차류,스무디,100ml,82,5.93,,,354ml
스무디_깔라만시 프로스트 (L),음료 및 차류,스무디,100g,91,1.17,,,515g
스무디_깔라만시 프로스트 (R),음료 및 차류,스무디,100g,79,1.06,,,405g
스무디_꿀 애플망고 스무디 (L),음료 및 차류,스무디,100ml,79,0.19,,,473ml
스무디_꿀 애플망고 스무디 (R),음료 및 차류,스무디,100ml,79,0.19,,,415ml
스무디_구구쉑,음료 및 차류,스무디,100ml,74,1.53,,,720ml
스무디_구구쉑 플러스,음료 및 차류,스무디,100ml,90,1.67,,,720ml
스무디_구슬 민트초코 스무디,음료 및 차류,스무디,100ml,92,1.39,,,360ml
스무디_구슬 바닐라카페 스무디,음료 및 차류,스무디,100ml,73,1.11,,,360ml
스무디_구슬 소다 스무디,음료 및 차류,스무디,100g,80,1.11,,,360g
스무디_구슬 솜사탕 스무디,음료 및 차류,스무디,100g,63,0.86,,,463g
스무디_구슬 초코 바닐라 스무디,음료 및 차류,스무디,100ml,99,1.67,,,360ml
스무디_구슬 피스타치오 스무디,음료 및 차류,스무디,100ml,62,1.11,,,360ml
스무디_그래놀라요거트프로스트 블루베리 (L),음료 및 차류,스무디,100g,137,2.43,,,420g
스무디_그래놀라요거트프로스트 블루베리 (R),음료 및 차류,스무디,100g,128,2.28,,,290g
스무디_그릭요거트 스트로베리 블루베리 (R),음료 및 차류,스무디,100ml,69,1.48,,,473ml
스무디_그릭요거트 스트로베리 블루베리 스무디 (L),음료 및 차류,스무디,100ml,70,1.52,,,591ml
스무디_그릭요거트 스트로베리 블루베리 스무디 (R),음료 및 차류,스무디,100g,69,1.48,,,473g
스무디_그릭요거트 스트로베리 블루베리 스무디 (S),음료 및 차류,스무디,100ml,69,1.7,,,354ml
스무디_그릭요거트 파인애플 망고 스무디 (L),음료 및 차류,스무디,100ml,67,0.34,,,591ml
스무디_그릭요거트 파인애플 망고 스무디 (R),음료 및 차류,스무디,100ml,67,0.21,,,473ml
스무디_그릭요거트 파인애플 망고 스무디 (S),음료 및 차류,스무디,100ml,67,0.28,,,354ml
피자_치즈킹리치골드 (L),빵 및 과자류,피자,100g,262,12.4,,,1236g
순대볶음,볶음류,순대볶음,100g,146,5.18,5.33,19.18,400g
순대볶음,볶음류,순대볶음,100ml,100,3.31,4.43,12.34,220ml
순대볶음,볶음류,순대볶음,100ml,101,3.16,4.53,12.3,130ml
순대볶음_간편조리세트_매콤 깻잎 순대볶음,볶음류,순대볶음,100g,166,2.89,7.12,22.51,579g
순대볶음_간편조리세트_신림동 백순대볶음,볶음류,순대볶음,100g,210,4.56,11.98,21.08,813g
순대볶음_간편조리세트_신림동 백순대볶음,볶음류,순대볶음,100g,150,2.9,4.99,23.43,532g
순대볶음_곱창,볶음류,순대볶음,100ml,115,5.45,4.74,13.19,625ml
순대볶음_떡,볶음류,순대볶음,100ml,92,2.74,3.42,13.27,350ml
순대볶음_백순대,볶음류,순대볶음,100g,196,3.62,10.23,22.45,100g
순대볶음_채소,볶음류,순대볶음,100ml,89,1.8,2.71,14.81,300ml
순대볶음_채소,볶음류,순대볶음,100ml,100,1.9,2.77,17.25,130ml
순대볶음_채소,볶음류,순대볶음,100ml,89,1.8,2.71,14.81,300ml
순대볶음_채소,볶음류,순대볶음,100ml,99,2,2.67,17.27,220ml
순대전골,찌개 및 전골류,순대전골,100ml,76,5.61,3.18,6.28,450ml
순두부찌개_간편조리세트_강릉식 짬뽕 순두부,찌개 및 전골류,순두부찌개,100g,42,3.78,1.74,2.78,912g
순두부찌개_간편조리세트_우삼겹 순두부찌개,찌개 및 전골류,순두부찌개,100g,43,3.54,2.09,2.44,1598g
순두부찌개_간편조리세트_우삼겹 순두부찌개,찌개 및 전골류,순두부찌개,100g,47,3.75,2.16,3.08,881g
순두부찌개_간편조리세트_짬뽕순두부찌개,찌개 및 전골류,순두부찌개,100g,51,3.82,2.52,3.2,1359g
수박화채,음료 및 차류,수박화채,100ml,42,1.2,0.87,7.79,200ml
수박화채,음료 및 차류,수박화채,100ml,42,1.2,0.87,7.79,200ml
수박화채,음료 및 차류,수박화채,100ml,42,1.2,0.87,7.79,200ml
수수경단,빵 및 과자류,수수경단,100g,218,8.2,1.4,43.1,100g
수수밥,밥류,수수밥,100ml,122,2.4,0.4,26,350ml
수수밥,밥류,수수밥,100g,161,3.16,0.92,35.02,200g
수수밥,밥류,수수밥,100ml,120,2.21,0.17,26.3,350ml
수수밥,밥류,수수밥,100ml,118,2.17,0.16,25.82,290ml
수수밥,밥류,수수밥,100ml,121,2.25,0.17,26.41,190ml
수수부꾸미,빵 및 과자류,수수부꾸미,100g,248,5.73,6.29,42.1,100g
수수팥떡,빵 및 과자류,수수팥떡,100g,204,6.7,0.59,43.03,100g
수육_소고기,찜류,수육,100ml,145,22.3,4.93,1.34,75.5
수육_소고기,찜류,수육,100g,166,28.43,4.94,2.04,300g
수육_소고기_꼬리,찜류,수육,100ml,84,6,6.27,0,180ml
수제비,면 및 만두류,수제비,100g,58,2.31,0.52,11.08,650g
수제비_간편조리세트_들깨버섯 수제비,면 및 만두류,수제비,100g,83,2.88,1.34,14.83,1494g
수제비_간편조리세트_우삼겹 짬뽕 수제비,면 및 만두류,수제비,100g,110,3.62,4.58,13.51,1415g
수제비_간편조리세트_해물 백짬뽕 수제비,면 및 만두류,수제비,100g,79,3.63,2.4,10.76,1542g
머핀_휘낭시에 플레인,빵 및 과자류,머핀,100g,447,4.65,20.93,53.49,43g
메기 매운탕,찌개 및 전골류,메기 매운탕,100ml,59,4,1.46,7.39,760ml
메기찜,찜류,메기찜,100ml,71,7.3,2.33,5.37,528.2
메밀국수_온면,면 및 만두류,메밀국수,100g,63,3.14,0.29,12.06,350g
메밀묵 무침,생채·무침류,메밀묵 무침,100ml,65,1.6,1.27,12.05,144.5
메밀묵 무침,생채·무침류,메밀묵 무침,100ml,65,1.6,1.27,12.05,144.5
메밀묵국,국 및 탕류,메밀묵국,100ml,61,1.5,1.22,11.24,62.5
메밀묵국,국 및 탕류,메밀묵국,100ml,65,1.6,1.27,12.03,144.5
메밀묵국,국 및 탕류,메밀묵국,100ml,65,1.6,1.27,12.03,144.5
메밀묵국,국 및 탕류,메밀묵국,100ml,61,1.5,1.22,11.26,62.5
메밀소바,면 및 만두류,메밀소바,100ml,86,2.49,0.32,17.96,400ml
메밀소바_간편조리세트_부타이 마제소바,면 및 만두류,메밀소바,100g,146,5.68,4.22,21.44,914g
메밀전,전·적 및 부침류,메밀전,100g,161,4.02,0.64,34.79,180g
메추리알 돼지고기장조림,조림류,메추리알 돼지고기장조림,100ml,131,12.5,6.35,4.62,80ml
메추리알 돼지고기장조림,조림류,메추리알 돼지고기장조림,100ml,118,12.3,5.18,4.53,100ml
메추리알 돼지고기장조림,조림류,메추리알 돼지고기장조림,100ml,116,11.3,5.37,4.75,250ml
메추리알 돼지고기장조림,조림류,메추리알 돼지고기장조림,100ml,144,15.3,6.22,5.53,150ml
메추리알 어묵조림,조림류,메추리알 어묵조림,100ml,156,9.3,6.19,15.39,67.2
머핀_치즈 머핀,빵 및 과자류,머핀,100g,401,7.14,,,140g
머핀_치즈 머핀,빵 및 과자류,머핀,100g,336,5.33,,,150g
머핀_카러멜 마들렌,빵 및 과자류,머핀,100g,394,5.6,,,40g
머핀_캐러멜 마들렌,빵 및 과자류,머핀,100g,394,5.6,21.2,45.1,35g
머핀_코코넛블루베리머핀,빵 및 과자류,머핀,100g,374,2.61,,,115g
머핀_크림치즈 머핀,빵 및 과자류,머핀,100g,393,6.36,20.91,45.45,110g
머핀_클래식 휘낭시에,빵 및 과자류,머핀,100g,400,7.5,,,40g
머핀_클래식휘낭시에,빵 및 과자류,머핀,100g,438,7.5,,,40g
머핀_플레인 머핀,빵 및 과자류,머핀,100g,446,4,,,140g
머핀_피낭시에,빵 및 과자류,머핀,100g,385,7.69,,,26g
머핀_허쉬초코 머핀,빵 및 과자류,머핀,100g,440,7,23,51,100g
머핀_헤이즐넛 휘낭시에,빵 및 과자류,머핀,100g,527,6.29,,,35g
머핀_휘낭시에 글루텐프리,빵 및 과자류,머핀,100g,575,7.5,,,40g
머핀_휘낭시에 로투스,빵 및 과자류,머핀,100g,535,6.98,25.58,67.44,43g
머핀_휘낭시에 소보로,빵 및 과자류,머핀,100g,526,6.98,25.58,65.12,43g
머핀_휘낭시에 소시지,빵 및 과자류,머핀,100g,667,11.63,39.53,55.81,43g
머핀_휘낭시에 약과,빵 및 과자류,머핀,100g,572,6.98,25.58,72.09,43g
머핀_휘낭시에 오레오,빵 및 과자류,머핀,100g,563,6.98,27.91,69.77,43g
머핀_휘낭시에 크림치즈,빵 및 과자류,머핀,100g,509,6.98,27.91,55.81,43g
머핀_얼그레이 바통휘낭시에,빵 및 과자류,머핀,100g,513,7.9,,,38g
머핀_얼그레이 휘낭시에,빵 및 과자류,머핀,100g,527,6.29,,,35g
머핀_잉글리쉬 머핀,빵 및 과자류,머핀,100g,236,11.67,,,120g
머핀_초코 마들렌,빵 및 과자류,머핀,100g,418,6.5,24.9,42,35g
머핀_초코 머핀,빵 및 과자류,머핀,100g,423,5,,,140g
머핀_초코 머핀,빵 및 과자류,머핀,100g,442,6.15,,,130g
머핀_초코 머핀,빵 및 과자류,머핀,100g,400,7.86,,,140g
머핀_초코 바나나 머핀,빵 및 과자류,머핀,100g,356,5.56,,,90g
머핀_초코범벅,빵 및 과자류,머핀,100g,429,6,,,100g
머핀_초코범벅,빵 및 과자류,머핀,100g,429,5.71,,,175g
머핀_초코청크머핀,빵 및 과자류,머핀,100g,404,4.35,,,115g
머핀_초코칩 머핀,빵 및 과자류,머핀,100g,359,5.46,,,110g
머핀_초코칩 머핀,빵 및 과자류,머핀,100g,376,6.36,,,110g
머핀_초코칩 머핀,빵 및 과자류,머핀,100g,603,5,,,120g
머핀_초콜릿 휘낭시에,빵 및 과자류,머핀,100g,400,7.5,,,40g
머핀_초콜릿휘낭시에 글루텐프리,빵 및 과자류,머핀,100g,575,7.5,,,40g
머핀_츄러스 바통휘낭시에,빵 및 과자류,머핀,100g,530,6.98,,,43g
머핀_치즈 머핀,빵 및 과자류,머핀,100g,432,6.15,,,130g
머핀_치즈 머핀,빵 및 과자류,머핀,100g,373,7.27,,,110g
머핀_까놀레,빵 및 과자류,머핀,100g,333,4.44,,,45g
머핀_던킨 초코 머핀,빵 및 과자류,머핀,100g,440,7,,,100g
머핀_레몬 글라세 마들렌,빵 및 과자류,머핀,100g,391,4.55,,,44g
머핀_레몬 마들렌,빵 및 과자류,머핀,100g,397,5.9,22.7,42.3,35g
머핀_마드렌,빵 및 과자류,머핀,100g,438,6.25,,,16g
머핀_마들렌,빵 및 과자류,머핀,100g,465,6,,,100g
머핀_머핀,빵 및 과자류,머핀,100g,343,3.57,,,140g
머핀_무화과크림치즈 바통휘낭시에,빵 및 과자류,머핀,100g,474,5.71,,,35g
머핀_밀크 휘낭시에,빵 및 과자류,머핀,100g,478,7.78,,,45g
머핀_밤이통통마들렌,빵 및 과자류,머핀,100g,438,7.5,,,40g
머핀_블루베리 머핀,빵 및 과자류,머핀,100g,323,3.7,,,135g
머핀_블루베리 머핀,빵 및 과자류,머핀,100g,394,5.45,20.91,45.45,110g
머핀_블루베리 머핀,빵 및 과자류,머핀,100g,439,4,,,140g
머핀_블루베리 머핀,빵 및 과자류,머핀,100g,439,6.15,,,130g
머핀_블루베리 머핀,빵 및 과자류,머핀,100g,408,5.64,,,140g
머핀_생미쉘시트러스마들렌,빵 및 과자류,머핀,100g,500,5,,,40g
머핀_쌀휘낭시에,빵 및 과자류,머핀,100g,333,6.67,,,30g
머핀_약과 바통휘낭시에,빵 및 과자류,머핀,100g,461,10.53,,,38g
머핀_얼그레이 레몬 머핀,빵 및 과자류,머핀,100g,378,5.56,,,90g
매운탕_서더리,찌개 및 전골류,매운탕,100g,30,4.02,1.27,0.63,100g
매운탕_아귀,찌개 및 전골류,매운탕,100ml,25,3.75,0.34,2.14,600ml
매운탕_아귀,찌개 및 전골류,매운탕,100g,43,6.85,0.71,2.32,100g
매운탕_우럭,찌개 및 전골류,매운탕,100ml,30,3.5,0.6,2.82,700ml
매운탕_우럭,찌개 및 전골류,매운탕,100g,68,8.69,2.84,1.87,600g
매운탕_조기,찌개 및 전골류,매운탕,100g,64,5.85,3.23,2.88,600g
매운탕_짱뚱어,찌개 및 전골류,매운탕,100g,31,1.92,1.42,2.77,600g
매운탕_해물,찌개 및 전골류,매운탕,100ml,33,5.49,0.53,1.83,650ml
매운탕_해물,찌개 및 전골류,매운탕,100g,35,4.85,0.64,2.51,600g
매작과,빵 및 과자류,매작과,100g,413,7.51,13.15,66.11,30g
머위나물,나물·숙채류,머위나물,100ml,25,1.5,1.34,2.42,60ml
머위나물_소금,나물·숙채류,머위나물,100ml,31,2.2,1.56,3.07,100ml
머위나물_소금,나물·숙채류,머위나물,100ml,30,2.2,1.42,3.05,44.1
머위나물무침,나물·숙채류,머위나물무침,100g,85,1.62,7.66,2.49,100g
머위나물볶음,볶음류,머위나물볶음,100g,72,2.33,4.67,5.07,150g
머위대나물무침,나물·숙채류,머위대나물무침,100g,58,3.96,2.56,4.76,50g
머핀,빵 및 과자류,머핀,100g,384,5.73,13.84,59.15,130g
머핀_게랑트쇼콜라 (L),빵 및 과자류,머핀,100g,536,4.7,29.9,62,70g
맛살전,전·적 및 부침류,맛살전,100ml,231,9.9,7.47,29.76,91.6
맛살전,전·적 및 부침류,맛살전,100g,165,7.48,6.24,19.69,200g
망둥어찌개,찌개 및 전골류,망둥어찌개,100ml,44,5.9,0.85,3.4,298.8
망둥어찜,찜류,망둥어찜,100ml,52,8.5,0.7,2.96,175.5
매생이국,국 및 탕류,매생이국,100g,24,2,0.56,2.68,500g
매실장아찌,장아찌·절임류,매실장아찌,100g,243,1.65,0.43,58.11,30g
매실장아찌_우메보시(일본),장아찌·절임류,매실장아찌,100g,65,1.27,1.77,11.03,30g
매운 어묵볶음,볶음류,매운 어묵볶음,100ml,90,5.1,2.93,11.02,100ml
매운 어묵볶음,볶음류,매운 어묵볶음,100ml,90,5.1,2.93,11.02,100ml
매운 어묵볶음,볶음류,매운 어묵볶음,100ml,90,5.1,2.93,11.02,100ml
매운 어묵볶음,볶음류,매운 어묵볶음,100ml,90,5.1,2.93,11.02,100ml
매운탕_광어,찌개 및 전골류,매운탕,100g,70,9.74,2.77,1.52,600g
매운탕_대구,찌개 및 전골류,매운탕,100g,60,9.56,1.2,2.81,600g
매운탕_대구,찌개 및 전골류,매운탕,100g,22,4.49,0.4,0.19,600g
매운탕_동태_해물,찌개 및 전골류,매운탕,100ml,36,5.75,0.69,1.76,930ml
매운탕_메기,찌개 및 전골류,매운탕,100g,67,4.77,1.7,8.1,600g
매운탕_메기,찌개 및 전골류,매운탕,100ml,58,3.97,1.46,7.37,760ml
매운탕_메기_해물,찌개 및 전골류,매운탕,100ml,45,4.12,1.29,4.4,720ml
마파두부,볶음류,마파두부,100g,109,7.29,6.48,5.36,160g
만두국_고기만두,면 및 만두류,만두국,100ml,43,2.24,1.49,5.32,250ml
만두국_고기만두,면 및 만두류,만두국,100ml,66,3.5,2.34,7.65,600ml
만두국_김치만두,면 및 만두류,만두국,100ml,66,3.7,2.34,7.63,600ml
만두국_김치만두,면 및 만두류,만두국,100ml,66,3.7,2.34,7.63,600ml
만두국_김치만두,면 및 만두류,만두국,100ml,67,3.7,2.45,7.5,600ml
만두국_사골,면 및 만두류,만두국,100g,87,3.74,4,8.94,700g
만두전골,찌개 및 전골류,만두전골,100g,57,3.61,2.23,5.55,100g
만두전골_간편조리세트_얼큰왕만두전골,찌개 및 전골류,만두전골,100g,75,2.67,2.07,11.35,1771g
만두탕수,면 및 만두류,만두탕수,100ml,85,2.9,3.28,11.04,520.8
만두탕수,면 및 만두류,만두탕수,100ml,88,3,3.38,11.38,314.5
만두탕수,면 및 만두류,만두탕수,100ml,95,2.8,4.41,11,450ml
만두탕수,면 및 만두류,만두탕수,100ml,88,3,3.38,11.38,314.5
맛살전,전·적 및 부침류,맛살전,100ml,229,12.3,6.43,29.33,64.8
맛살전,전·적 및 부침류,맛살전,100ml,231,9.9,7.47,29.76,91.6
맛살전,전·적 및 부침류,맛살전,100ml,230,9.9,7.41,29.75,64.8
피자_치즈피자오리지널(L),빵 및 과자류,피자,100g,289,17.3,,,680g
피자_치즈하이프로틴도우(L),빵 및 과자류,피자,100g,273,14.67,,,767g
라떼_토피넛 라떼 핫(HOT) (EX),음료 및 차류,라떼,100ml,74,2.46,,,651ml
마카롱_핑크딸기 마카롱,빵 및 과자류,마카롱,100g,427,4.17,,,48g
마카롱_핑크솔티드 카라멜 마카롱,빵 및 과자류,마카롱,100g,375,4.17,,,24g
마카롱_허니레몬 마카롱,빵 및 과자류,마카롱,100g,470,4.85,,,16.5
마카롱_호박고구마 마카롱,빵 및 과자류,마카롱,100g,190,1.9,,,21g
마카롱_황치즈 뚱카롱,빵 및 과자류,마카롱,100g,486,7,,,100g
마카롱_황치즈 마카롱,빵 및 과자류,마카롱,100g,553,7.69,,59,32g
마카롱_흑마크론,빵 및 과자류,마카롱,100g,441,5.88,,,17g
마테차_메리베리마테 아이스(ICED) (L),음료 및 차류,마테차,100g,0,0,,,946g
마테차_메리베리마테 아이스(ICED) (M),음료 및 차류,마테차,100g,0,0,,,591g
마테차_메리베리마테 핫(HOT) (L),음료 및 차류,마테차,100g,0,0,,,946g
마테차_메리베리마테 핫(HOT) (M),음료 및 차류,마테차,100g,0,0,,,591g
마테차_베리 마테,음료 및 차류,마테차,100ml,1,0,,,360ml
마테차_베리마테,음료 및 차류,마테차,100g,1,0,,,360g
마테차_스위트마테,음료 및 차류,마테차,100g,2,0.06,0.04,0.28,100g
마파두부,볶음류,마파두부,100ml,146,8.8,8.86,7.67,98.6
마파두부,볶음류,마파두부,100ml,139,8.2,7.42,9.54,100ml
마파두부,볶음류,마파두부,100ml,146,8.8,8.86,7.67,98.6
마파두부,볶음류,마파두부,100ml,139,8.2,7.42,9.54,100ml
라떼_토피넛 라떼 핫(HOT),음료 및 차류,라떼,100ml,62,1.59,1.76,10.02,591ml
마카롱_쿠키앤크림뚱카롱,빵 및 과자류,마카롱,100g,420,4,,,25g
마카롱_쿠키크림 벤카롱,빵 및 과자류,마카롱,100g,429,5.71,,,35g
마카롱_쿠키프라페 마카롱,빵 및 과자류,마카롱,100g,480,6,24,58,50g
마카롱_크랜베리딸기 마카롱,빵 및 과자류,마카롱,100g,447,4.22,,,23.7
마카롱_크림 브륄레 마카롱,빵 및 과자류,마카롱,100g,1338,15,,,40g
마카롱_크림브륄레 마카롱,빵 및 과자류,마카롱,100g,493,7,,48,30g
마카롱_크림치즈티라미수 마카롱,빵 및 과자류,마카롱,100g,482,4.62,,,30.3
마카롱_타르트에빠진레드벨벳치즈 마카롱,빵 및 과자류,마카롱,100g,500,5.88,,,51g
마카롱_토피넛크런치 마카롱,빵 및 과자류,마카롱,100g,435,4.17,,,48g
마카롱_패션후르츠 마카롱,빵 및 과자류,마카롱,100g,303,2.63,,,38g
마카롱_퐁크러쉬 마카롱,빵 및 과자류,마카롱,100g,491,8.09,,,47g
마카롱_프렌치 블루베리 마카롱,빵 및 과자류,마카롱,100g,375,4.17,20.83,50,24g
마카롱_피스타치오 마카롱,빵 및 과자류,마카롱,100g,190,1.9,,,21g
마카롱_피스타치오 마카롱,빵 및 과자류,마카롱,100g,440,4,,,25g
마카롱_피스타치오뚱카롱,빵 및 과자류,마카롱,100g,500,7.41,,,27g
마카롱_피치오레오 마카롱,빵 및 과자류,마카롱,100g,332,2.63,,,38g
마카롱_핑쿠핑쿠 마카롱,빵 및 과자류,마카롱,100g,500,3.23,,,31g
피자_치즈핵폭탄 피자 (L),빵 및 과자류,피자,100g,293,23.44,,,1280g
마카롱_초콜릿 마카롱,빵 및 과자류,마카롱,100g,452,3.7,,,27g
마카롱_초콜릿 마카롱,빵 및 과자류,마카롱,100g,550,7.69,,62.38,32g
마카롱_쵸쿄 마카롱,빵 및 과자류,마카롱,100g,456,7.41,,,27g
마카롱_치즈 마카롱,빵 및 과자류,마카롱,100g,496,4,,,25g
마카롱_치즈케이크 마카롱,빵 및 과자류,마카롱,100g,450,7,,45,30g
마카롱_카라멜 마카롱,빵 및 과자류,마카롱,100g,471,5.88,,,34g
마카롱_카라멜 마카롱,빵 및 과자류,마카롱,100g,190,1.9,,,21g
마카롱_카라멜솔티드 뚱카롱,빵 및 과자류,마카롱,100g,400,8,,,25g
마카롱_커피마카롱,빵 및 과자류,마카롱,100g,389,5,,,18g
마카롱_코코초코 벤카롱,빵 및 과자류,마카롱,100g,511,5.71,,,35g
마카롱_쿠앤크 마카롱,빵 및 과자류,마카롱,100g,435,4.17,1.88,,48g
마카롱_쿠앤크 마카롱,빵 및 과자류,마카롱,100g,496,4,,,25g
마카롱_쿠쿠촉촉(오레오) 마카롱,빵 및 과자류,마카롱,100g,485,6.67,,,16.5
마카롱_쿠쿠촉촉(오레오)가나슈 마카롱,빵 및 과자류,마카롱,100g,429,6.25,,,24g
마카롱_쿠쿠피그 마카롱,빵 및 과자류,마카롱,100g,513,5.13,,,39g
마카롱_쿠크샌드 마카롱,빵 및 과자류,마카롱,100g,400,4,,,45g
마카롱_쿠키 앤 크림 마카롱,빵 및 과자류,마카롱,100g,483,6.67,,,30g
마카롱_쿠키앤크림 마카롱,빵 및 과자류,마카롱,100g,550,7.47,,62.53,32g
마카롱_쿠키앤크림 마카롱,빵 및 과자류,마카롱,100g,435,6.25,,,48g
마카롱_인절미 마카롱,빵 및 과자류,마카롱,100g,1070,12,,,50g
마카롱_천사의눈물(우유) 마카롱,빵 및 과자류,마카롱,100g,413,6.88,,,16g
마카롱_초땅샌드 마카롱,빵 및 과자류,마카롱,100g,411,4,,,45g
마카롱_초코 마카롱,빵 및 과자류,마카롱,100g,190,1.9,,,21g
마카롱_초코 마카롱,빵 및 과자류,마카롱,100g,496,4,,,25g
마카롱_초코 마카롱,빵 및 과자류,마카롱,100g,448,7.27,,,16.5
마카롱_초코 마카롱,빵 및 과자류,마카롱,100g,375,8.33,25,41.67,24g
마카롱_초코 샌드 마카롱,빵 및 과자류,마카롱,100g,445,10,,,20g
마카롱_초코 퐁카롱,빵 및 과자류,마카롱,100g,273,3.33,,,30g
마카롱_초코가나슈 마카롱,빵 및 과자류,마카롱,100g,410,6,16.25,59.25,40g
마카롱_초코가나슈 마카롱,빵 및 과자류,마카롱,100g,1104,15.56,,,45g
마카롱_초코가나슈뚱카롱,빵 및 과자류,마카롱,100g,440,4,,,25g
마카롱_초코떡카롱,빵 및 과자류,마카롱,100g,375,8.33,20.83,45.83,24g
마카롱_초코라떼 마카롱,빵 및 과자류,마카롱,100g,410,4.17,,,48g
마카롱_초코마카롱,빵 및 과자류,마카롱,100g,406,5.63,,,16g
마카롱_초코바나나 데코 뚱카롱,빵 및 과자류,마카롱,100g,503,6,,,40g
마카롱_초코악마 마카롱,빵 및 과자류,마카롱,100g,481,7.69,,,26g
마카롱_초코파이 데코 뚱카롱,빵 및 과자류,마카롱,100g,507,7.25,,,40g
마카롱_초코프레소 마카롱,빵 및 과자류,마카롱,100g,460,5.91,,,23.7
마카롱_아몬드봉봉 마카롱,빵 및 과자류,마카롱,100g,559,7.47,,61.81,32g
마카롱_앙버터뚱카롱,빵 및 과자류,마카롱,100g,440,4,,,25g
마카롱_얼그레이 마카롱,빵 및 과자류,마카롱,100g,440,4.17,,,48g
마카롱_얼그레이 마카롱,빵 및 과자류,마카롱,100g,425,6.06,,,16.5
마카롱_얼그레이 쇼콜라 마카롱,빵 및 과자류,마카롱,100g,500,6.67,,,30g
마카롱_연유 뚱카롱,빵 및 과자류,마카롱,100g,469,6,,,100g
마카롱_오레오 뚱카롱,빵 및 과자류,마카롱,100g,486,7,,,100g
마카롱_오레오 마카롱,빵 및 과자류,마카롱,100g,417,4.76,,,42g
마카롱_오렌지얼그레이 마카롱,빵 및 과자류,마카롱,100g,427,7,,54,30g
마카롱_오마이그린티 마카롱,빵 및 과자류,마카롱,100g,483,6.9,,,29g
마카롱_요거트 마카롱,빵 및 과자류,마카롱,100g,447,6.67,,56.33,30g
마카롱_우유 마카롱,빵 및 과자류,마카롱,100g,538,9.84,,60.56,32g
마카롱_우유치즈 마카롱,빵 및 과자류,마카롱,100g,410,6,,,20g
마카롱_월드콘 마카롱,빵 및 과자류,마카롱,100g,454,4.17,,,48g
마카롱_유니콘 마카롱,빵 및 과자류,마카롱,100g,236,3.21,,,28g
마카롱_유니콘프라페 마카롱,빵 및 과자류,마카롱,100g,491,8.09,,,47g
마카롱_유자가나슈 마카롱,빵 및 과자류,마카롱,100g,375,4.17,20.83,41.67,24g
마카롱_인절미 뚱카롱,빵 및 과자류,마카롱,100g,439,1.4,,,100g
마카롱_인절미 마카롱,빵 및 과자류,마카롱,100g,423,7.69,,,26g
마카롱_산딸기 마카롱,빵 및 과자류,마카롱,100g,516,6.56,,62.22,32g
마카롱_산딸기 마카롱,빵 및 과자류,마카롱,100g,378,7.41,,,27g
마카롱_샤인머스켓 마카롱,빵 및 과자류,마카롱,100g,287,2.63,,,38g
마카롱_소다 마카롱,빵 및 과자류,마카롱,100g,190,1.9,,,21g
마카롱_솔티드카라멜 마카롱,빵 및 과자류,마카롱,100g,437,6.33,,59,30g
마카롱_솔티카라멜 뚱카롱,빵 및 과자류,마카롱,100g,439,1.4,,,100g
마카롱_솜사탕 마카롱,빵 및 과자류,마카롱,100g,190,1.9,,,21g
마카롱_쇼콜라뚱카롱,빵 및 과자류,마카롱,100g,444,3.7,,,27g
마카롱_순우유 뚱카롱,빵 및 과자류,마카롱,100g,440,4.17,,,48g
마카롱_순우유 마카롱,빵 및 과자류,마카롱,100g,438,4.5,21.5,56,40g
마카롱_슈팅요거트 마카롱,빵 및 과자류,마카롱,100g,456,5.91,,,23.7
마카롱_슈팅캔디 마카롱,빵 및 과자류,마카롱,100g,365,5,,,26g
마카롱_스트로베리 마카롱,빵 및 과자류,마카롱,100g,457,10,,,30g
마카롱_스트로베리 치즈 마카롱,빵 및 과자류,마카롱,100g,433,6.67,,,30g
마카롱_신)딸기가나슈마카롱,빵 및 과자류,마카롱,100g,375,4.58,,,24g
마카롱_신)바닐라마카롱,빵 및 과자류,마카롱,100g,396,4.17,,,24g
마카롱_신)블루베리마카롱,빵 및 과자류,마카롱,100g,375,4.17,,,24g
마카롱_신)유자가나슈마카롱,빵 및 과자류,마카롱,100g,375,4.58,,,24g
마카롱_신)초코마카롱,빵 및 과자류,마카롱,100g,375,8.33,,,24g
마카롱_바닐라뚱카롱,빵 및 과자류,마카롱,100g,481,3.7,,,27g
마카롱_벌집 마카롱,빵 및 과자류,마카롱,100g,1273,13.33,,,45g
마카롱_벚꽃 마카롱 5종 세트,빵 및 과자류,마카롱,100g,456,6.87,,51.33,150g
마카롱_벨지안초콜릿 마카롱,빵 및 과자류,마카롱,100g,420,4,,,25g
마카롱_브라우니 마카롱,빵 및 과자류,마카롱,100g,980,12,,,50g
마카롱_블루베리 마카롱,빵 및 과자류,마카롱,100g,400,4,,,25g
마카롱_블루베리 마카롱,빵 및 과자류,마카롱,100g,440,8.57,,,35g
마카롱_블루베리 마카롱,빵 및 과자류,마카롱,100g,375,5,,,16g
마카롱_블루베리요거트 마카롱,빵 및 과자류,마카롱,100g,428,5.5,16.5,64,40g
마카롱_블루베리카시스마카롱,빵 및 과자류,마카롱,100g,361,5,,,18g
마카롱_블루베리크림치즈 뚱카롱,빵 및 과자류,마카롱,100g,416,8.57,,,35g
마카롱_블루하와이 마카롱,빵 및 과자류,마카롱,100g,451,4.85,,,16.5
마카롱_뽀또치즈 마카롱,빵 및 과자류,마카롱,100g,393,7.14,,,42g
마카롱_뽀또치즈 마카롱,빵 및 과자류,마카롱,100g,440,6.25,,,48g
마카롱_뽀또치즈 마카롱,빵 및 과자류,마카롱,100g,440,6.25,,,48g
마카롱_뽀또황치즈 마카롱,빵 및 과자류,마카롱,100g,1089,8.89,,,45g
마카롱_산딸기 마카롱,빵 및 과자류,마카롱,100g,400,4,,,25g
마카롱_산딸기 마카롱,빵 및 과자류,마카롱,100g,439,6.06,,,33g
피자_치즈후라이 피자 (L),빵 및 과자류,피자,100g,262,10.23,,,1180
마카롱_말차 뚱카롱,빵 및 과자류,마카롱,100g,466,7,,,100g
마카롱_말차초코 벤카롱,빵 및 과자류,마카롱,100g,400,5.71,,,35g
마카롱_망고 샌드 마카롱,빵 및 과자류,마카롱,100g,445,10,,,20g
마카롱_망고가나슈 마카롱,빵 및 과자류,마카롱,100g,404,6.67,,,24g
마카롱_망고프로피컬 마카롱,빵 및 과자류,마카롱,100g,400,4,,,25g
마카롱_메가초코 마카롱,빵 및 과자류,마카롱,100g,502,8,32,48,50g
마카롱_모카 마카롱,빵 및 과자류,마카롱,100g,456,8.82,,,34g
마카롱_민트초코 마카롱,빵 및 과자류,마카롱,100g,477,4.64,,,23.7
마카롱_바나나누텔라 마카롱,빵 및 과자류,마카롱,100g,440,4.17,,,48g
마카롱_바닐라 딜라이트 뚱카롱,빵 및 과자류,마카롱,100g,417,20,,,30g
마카롱_바닐라 뚱카롱,빵 및 과자류,마카롱,100g,434,7.71,,,35g
마카롱_바닐라 마카롱,빵 및 과자류,마카롱,100g,498,8,,,50g
마카롱_바닐라 마카롱,빵 및 과자류,마카롱,100g,470,10,,,30g
마카롱_바닐라 마카롱,빵 및 과자류,마카롱,100g,519,7.41,,,27g
마카롱_바닐라 마카롱,빵 및 과자류,마카롱,100g,445,6.06,,,16.5
마카롱_바닐라 마카롱,빵 및 과자류,마카롱,100g,396,4.17,25,45.83,24g
마카롱_바닐라 마카롱,빵 및 과자류,마카롱,100g,511,7.41,,,27g
마카롱_바닐라 마카롱,빵 및 과자류,마카롱,100g,496,4,,,25g
마카롱_바닐라 샌드 마카롱,빵 및 과자류,마카롱,100g,460,10,,,20g
마카롱_딸기우유뚱카롱,빵 및 과자류,마카롱,100g,393,3.57,,,28g
마카롱_딸기크림치즈 뚱카롱,빵 및 과자류,마카롱,100g,438,8.86,,,35g
마카롱_뚱카롱 말차초코,빵 및 과자류,마카롱,100g,456,4.17,,,48g
마카롱_뚱카롱 순우유,빵 및 과자류,마카롱,100g,440,4.17,,,48g
마카롱_뚱카롱 얼그레이,빵 및 과자류,마카롱,100g,440,4.17,,,48g
마카롱_뚱카롱 핑크팬더,빵 및 과자류,마카롱,100g,427,4.17,,,48g
마카롱_라즈베리 뚱카롱,빵 및 과자류,마카롱,100g,493,6,,,100g
마카롱_라즈베리 마카롱,빵 및 과자류,마카롱,100g,418,6.25,15,64.25,40g
마카롱_라즈베리뚱카롱,빵 및 과자류,마카롱,100g,389,3.7,,,27g
마카롱_레드벨벳 마카롱,빵 및 과자류,마카롱,100g,484,4.85,,,16.5
마카롱_레몬 마카롱,빵 및 과자류,마카롱,100g,496,4,,,25g
마카롱_레몬마카롱,빵 및 과자류,마카롱,100g,361,5,,,18g
마카롱_레인보우 마카롱 (5입),빵 및 과자류,마카롱,100g,449,8,,,100g
마카롱_로즈라즈베리 뚱카롱,빵 및 과자류,마카롱,100g,400,4,,,25g
마카롱_리얼블루베리 마카롱,빵 및 과자류,마카롱,100g,409,5.49,,,23.7
마카롱_리얼치즈 마카롱,빵 및 과자류,마카롱,100g,469,6.17,,,24.3
마카롱_마다가스카르바닐라 마카롱,빵 및 과자류,마카롱,100g,400,4,,,25g
마카롱_마약옥수수 뚱카롱,빵 및 과자류,마카롱,100g,502,7,,,100g
마카롱_마카롱,빵 및 과자류,마카롱,100g,413,7.5,,,40g
마카롱_더블 초코 뚱카롱,빵 및 과자류,마카롱,100g,450,6.67,,,30g
마카롱_더블치즈뚱카롱,빵 및 과자류,마카롱,100g,440,8,,,25g
마카롱_돼지바 데코 뚱카롱,빵 및 과자류,마카롱,100g,451,6.5,,,40g
마카롱_돼지바 뚱카롱,빵 및 과자류,마카롱,100g,498,5,,,100g
마카롱_돼지바 마카롱,빵 및 과자류,마카롱,100g,400,4.44,,,45g
마카롱_딸기 마카롱,빵 및 과자류,마카롱,100g,190,1.9,,,21g
마카롱_딸기 마카롱,빵 및 과자류,마카롱,100g,402,8,,,100g
마카롱_딸기 마카롱,빵 및 과자류,마카롱,100g,436,6.06,,,16.5
마카롱_딸기 마카롱,빵 및 과자류,마카롱,100g,541,7.81,,70.34,32g
마카롱_딸기 마카롱,빵 및 과자류,마카롱,100g,496,4,,,25g
마카롱_딸기 샌드 마카롱,빵 및 과자류,마카롱,100g,450,5,,,20g
마카롱_딸기 치즈케이크 뚱카롱,빵 및 과자류,마카롱,100g,617,6.67,,,30g
마카롱_딸기 치즈케익 뚱카롱,빵 및 과자류,마카롱,100g,617,6.67,,,30g
마카롱_딸기 퐁카롱,빵 및 과자류,마카롱,100g,330,6.67,,,30g
마카롱_딸기가나슈 마카롱,빵 및 과자류,마카롱,100g,375,4.17,20.83,45.83,24g
마카롱_딸기요거 벤카롱,빵 및 과자류,마카롱,100g,429,5.71,,,35g
마카롱_딸기요거트 뚱카롱,빵 및 과자류,마카롱,100g,439,1.4,,,100g
마카롱_딸기요거트 마카롱,빵 및 과자류,마카롱,100g,452,6,26,50,50g
마카롱_딸기우유 마카롱,빵 및 과자류,마카롱,100g,1183,15,,,40g
마라탕,찌개 및 전골류,마라탕,100g,66,3.91,3.27,5.1,100g
마라탕_간편조리세트_마라탕,찌개 및 전골류,마라탕,100g,88,4.64,5.15,5.72,873g
마카로니 샐러드,생채·무침류,마카로니 샐러드,100ml,138,2.4,7.98,13.76,170ml
마카로니 샐러드,생채·무침류,마카로니 샐러드,100ml,138,2.4,7.98,13.76,170ml
마카로니 샐러드,생채·무침류,마카로니 샐러드,100ml,100,4.1,5.56,8.13,220ml
마카로니 샐러드,생채·무침류,마카로니 샐러드,100ml,139,2.3,8.15,13.77,170ml
마카롱,빵 및 과자류,마카롱,100g,480,6.92,30.11,45.23,100g
마카롱_갤럭시 마카롱,빵 및 과자류,마카롱,100g,236,9.29,,,28g
마카롱_까망베르 치즈 마카롱,빵 및 과자류,마카롱,100g,354,8.33,,,24g
마카롱_녹차 마카롱,빵 및 과자류,마카롱,100g,490,5.45,,,16.5
마카롱_녹차 샌드 마카롱,빵 및 과자류,마카롱,100g,445,5,,,20g
마카롱_녹차마카롱,빵 및 과자류,마카롱,100g,417,5.56,,,18g
마카롱_녹차모찌 마카롱,빵 및 과자류,마카롱,100g,377,3.85,,,26g
마카롱_누텔라 뚱카롱,빵 및 과자류,마카롱,100g,528,6,,,100g
마카롱_다크 초콜릿 마카롱,빵 및 과자류,마카롱,100g,463,8.57,,,35g
마카롱_다크쇼콜라 뚱카롱,빵 및 과자류,마카롱,100g,426,8.57,,,35g
마카롱_다크초코가나슈 마카롱,빵 및 과자류,마카롱,100g,267,3.33,,,24g
마카롱_달고나 마카롱,빵 및 과자류,마카롱,100g,303,6.06,,,16.5
마늘쫑볶음_건새우,볶음류,마늘쫑볶음,100ml,53,2.67,2.56,5.31,150ml
마늘쫑볶음_건어물,볶음류,마늘쫑볶음,100ml,71,7.4,2.16,6.25,50ml
마늘쫑볶음_건어물,볶음류,마늘쫑볶음,100ml,73,7.4,2.16,6.25,50ml
마늘쫑볶음_건어물,볶음류,마늘쫑볶음,100ml,73,7.4,2.16,6.25,50ml
마늘쫑볶음_멸치,볶음류,마늘쫑볶음,100ml,64,7.9,1.56,4.65,50ml
마늘쫑볶음_멸치,볶음류,마늘쫑볶음,100g,117,7.54,2.78,15.42,50g
마늘쫑볶음_잔멸치,볶음류,마늘쫑볶음,100ml,61,3.5,3.16,5.85,70.5
마늘쫑볶음_잔멸치,볶음류,마늘쫑볶음,100ml,126,4.5,5.44,16.17,76.3
마늘쫑장아찌,장아찌·절임류,마늘쫑장아찌,100g,118,1.96,0.14,27.34,100g
마늘쫑장아찌_간장,장아찌·절임류,마늘쫑장아찌,100g,60,2,1,10.8,50g
마늘쫑장아찌_고추장,장아찌·절임류,마늘쫑장아찌,100g,110,2.6,1.8,21,50g
마늘쫑장아찌무침,생채·무침류,마늘쫑장아찌무침,100ml,79,1.3,0.58,17.7,50ml
마늘쫑장아찌무침,생채·무침류,마늘쫑장아찌무침,100ml,79,1.3,0.58,17.75,50ml
마늘쫑장아찌무침,생채·무침류,마늘쫑장아찌무침,100ml,79,1.3,0.58,17.7,50ml
마늘쫑장아찌무침,생채·무침류,마늘쫑장아찌무침,100ml,79,1.3,0.58,17.75,50ml
마늘쫑조림,조림류,마늘쫑조림,100ml,217,4.9,10.6,31.38,46.1
마늘쫑조림_멸치,조림류,마늘쫑조림,100ml,60,4.7,1.05,9.13,50ml
피자_치즈후라이크림치즈 피자 (L),빵 및 과자류,피자,100g,187,12.6,,,730g
마늘빵_마늘빵(5개입),빵 및 과자류,마늘빵,100g,352,6.67,,,105g
마늘빵_바삭마늘빵(5개입),빵 및 과자류,마늘빵,100g,488,7.5,,,40g
마늘빵_부드러운갈릭브레드,빵 및 과자류,마늘빵,100g,327,6,13.33,44,150g
마늘빵_프렌치마늘빵,빵 및 과자류,마늘빵,100g,357,4.76,11.9,52.38,21g
마늘빵_프렌치마늘빵 (5개입),빵 및 과자류,마늘빵,100g,352,6.67,11.43,52.38,105g
마늘장아찌,장아찌·절임류,마늘장아찌,100g,113,2.43,0.16,25.36,100g
마늘장아찌무침,생채·무침류,마늘장아찌무침,100ml,99,1.88,0.7,21.85,40ml
마늘쫑무침,생채·무침류,마늘쫑무침,100ml,67,1.63,1.14,14.55,80ml
마늘쫑무침,생채·무침류,마늘쫑무침,100g,106,2.73,4.93,12.77,30g
마늘쫑무침,생채·무침류,마늘쫑무침,100ml,76,2.5,1.21,17.92,40.6
마늘쫑무침,생채·무침류,마늘쫑무침,100ml,57,2.2,0.64,12.02,50ml
마늘쫑볶음,볶음류,마늘쫑볶음,100ml,52,1.3,2.92,5.83,70.5
마늘쫑볶음,볶음류,마늘쫑볶음,100g,89,3.25,2.54,13.17,140g
마늘쫑볶음_간장,볶음류,마늘쫑볶음,100ml,89,3,5.21,8.18,100ml
마늘쫑볶음_간장,볶음류,마늘쫑볶음,100ml,89,3,5.21,8.18,100ml
마늘쫑볶음_간장,볶음류,마늘쫑볶음,100ml,89,3,5.21,8.18,100ml
마늘쫑볶음_건새우,볶음류,마늘쫑볶음,100ml,64,3.16,2.97,6.55,60ml
마늘쫑볶음_건새우,볶음류,마늘쫑볶음,100ml,61,5.2,2.11,5.65,50ml
기타차_패션 프룻 히비스커스 (J),음료 및 차류,기타차,100g,22,0,,,651g
롤빵_망고 도쿄롤 (L),빵 및 과자류,롤빵,100g,293,5,,,100g
롤빵_망고 도쿄롤 (S),빵 및 과자류,롤빵,100g,293,5,,,100g
롤빵_목장의아침우유롤,빵 및 과자류,롤빵,100g,317,5.56,,,90g
롤빵_오리지널 도쿄롤 (L),빵 및 과자류,롤빵,100g,328,7,,,100g
롤빵_오리지널 도쿄롤 (S),빵 및 과자류,롤빵,100g,328,7,,,100g
롤빵_우유 생크림롤,빵 및 과자류,롤빵,100g,306,5.63,20,26.25,160g
롤빵_자색 고구마 도쿄롤 (L),빵 및 과자류,롤빵,100g,315,4,,,100g
롤빵_자색 고구마 도쿄롤 (S),빵 및 과자류,롤빵,100g,315,4,,,100g
롤빵_카멜크림롤,빵 및 과자류,롤빵,100g,402,4.35,,,92g
롤빵_클래식시나몬롤,빵 및 과자류,롤빵,100g,375,7.5,,,80g
롤빵_화이트 초코 도쿄롤 (L),빵 및 과자류,롤빵,100g,337,7,,,100g
롤빵_화이트 초코 도쿄롤 (S),빵 및 과자류,롤빵,100g,337,7,,,100g
리소토/리조또_간편조리세트_베이컨버섯크림리조또,밥류,리소토/리조또,100g,187,3.11,12.29,15.9,888g
리소토/리조또_간편조리세트_쉬림프로제리조또,밥류,리소토/리조또,100g,176,3.35,9.77,18.57,811g
리소토/리조또_베이컨크림리조또,밥류,리소토/리조또,100g,173,3.71,,,457g
리소토/리조또_스파이시 씨푸드 리조또,밥류,리소토/리조또,100g,148,5.81,,,241g
리소토/리조또_치킨 크림 리조또,밥류,리소토/리조또,100g,185,6.22,,,241g
마늘빵,빵 및 과자류,마늘빵,100g,438,12.06,17.58,57.94,50g
기타차_트로피컬망고 아이스(ICED),음료 및 차류,기타차,100g,43,0,,10.85,461g
레몬차_제로칼로리 레몬 블랙티 제로슈거 (초대용량),음료 및 차류,레몬차,100ml,2,0.05,,,850ml
레몬차_제로칼로리 레몬티 제로슈거 (Grande),음료 및 차류,레몬차,100ml,1,0.02,,,450ml
레몬차_제로칼로리 레몬티 제로슈거 (Venti),음료 및 차류,레몬차,100ml,4,0.02,,,650ml
레몬차_진저레몬티 아이스(ICED),음료 및 차류,레몬차,100g,43,0,,,360g
레몬차_진저레몬티 핫(HOT),음료 및 차류,레몬차,100g,43,0,,,360g
레몬차_허니레몬 아이스(ICED),음료 및 차류,레몬차,100g,56,0.21,,13.99,486g
레몬차_허니레몬 핫(HOT),음료 및 차류,레몬차,100g,64,0.23,,15.96,426g
레몬청차,음료 및 차류,레몬청차,100g,60,0.13,0.01,14.8,100g
레몬홍차_레몬 얼그레이 티 아이스(ICED),음료 및 차류,레몬홍차,100ml,25,6.34,,,473ml
레몬홍차_레몬 얼그레이 티 핫(HOT),음료 및 차류,레몬홍차,100ml,34,0.15,,,473ml
레몬홍차_레몬 얼그레이티 핫(HOT),음료 및 차류,레몬홍차,100g,34,0.15,,,473g
레몬홍차_레몬얼그레이티 아이스(ICED),음료 및 차류,레몬홍차,100ml,15,0.01,,,710ml
레몬홍차_레몬얼그레이티 핫(HOT),음료 및 차류,레몬홍차,100ml,23,0.01,,,473ml
롤빵_녹차 도쿄롤 (L),빵 및 과자류,롤빵,100g,330,6,,,100g
롤빵_녹차 도쿄롤 (S),빵 및 과자류,롤빵,100g,330,6,,,100g
롤빵_달달연유롤빵,빵 및 과자류,롤빵,100g,402,6.52,21.74,45.65,46g
롤빵_달달연유롤빵 (3개입),빵 및 과자류,롤빵,100g,399,6.52,21.01,45.65,138g
롤빵_달콤한크림치즈시나몬롤,빵 및 과자류,롤빵,100g,374,6.32,,,95g
레몬차_레몬티,음료 및 차류,레몬차,100ml,41,0,0,10.14,591ml
레몬차_레몬티,음료 및 차류,레몬차,100g,47,0.52,0.05,11,100g
레몬차_레몬티 아이스(ICED),음료 및 차류,레몬차,100g,44,0,,,510g
레몬차_레몬티 아이스(ICED),음료 및 차류,레몬차,100ml,26,0.05,0,6.56,650ml
레몬차_레몬티 아이스(ICED),음료 및 차류,레몬차,100g,28,0,,,360g
레몬차_레몬티 아이스(ICED),음료 및 차류,레몬차,100ml,39,0.14,,,710ml
레몬차_레몬티 아이스(ICED),음료 및 차류,레몬차,100g,55,0.48,,,415g
레몬차_레몬티 아이스(ICED),음료 및 차류,레몬차,100g,22,0.24,,5.61,410g
레몬차_레몬티 아이스(ICED),음료 및 차류,레몬차,100g,32,0,,,470g
레몬차_레몬티 핫(HOT),음료 및 차류,레몬차,100g,30,0.32,,7.42,310g
레몬차_레몬티 핫(HOT),음료 및 차류,레몬차,100g,54,0.52,,,385g
레몬차_레몬티 핫(HOT),음료 및 차류,레몬차,100g,42,0,,,310g
레몬차_레몬티 핫(HOT),음료 및 차류,레몬차,100g,28,0,,,360g
레몬차_레몬티 핫(HOT),음료 및 차류,레몬차,100g,60,0,,,380g
레몬차_레몬티 핫(HOT),음료 및 차류,레몬차,100ml,34,0.06,0,8.53,500ml
레몬차_레몬티 핫(HOT),음료 및 차류,레몬차,100ml,58,0,,,473ml
레몬차_블루레몬 티 핫(HOT),음료 및 차류,레몬차,100ml,31,0.09,,,473ml
레몬차_블루레몬티 아이스(ICED),음료 및 차류,레몬차,100g,52,0.07,,,591g
레몬차_블루레몬티 핫(HOT),음료 및 차류,레몬차,100g,31,0.08,,,473g
레몬차_레몬블루밍티 아이스(ICED) (Max),음료 및 차류,레몬차,100g,48,0.13,,,591g
레몬차_레몬블루밍티 아이스(ICED) (R),음료 및 차류,레몬차,100g,48,0,,,414g
레몬차_레몬블루밍티 핫(HOT) (L),음료 및 차류,레몬차,100g,51,0.16,,,473g
레몬차_레몬블루밍티 핫(HOT) (R),음료 및 차류,레몬차,100g,55,0,,,355g
레몬차_레몬차,음료 및 차류,레몬차,100g,49,0.1,0.01,,360g
레몬차_레몬차,음료 및 차류,레몬차,100g,53,0.09,,,414g
레몬차_레몬차,음료 및 차류,레몬차,100g,41,0.11,,,100g
레몬차_레몬차 (L),음료 및 차류,레몬차,100g,35,0.16,,,450g
레몬차_레몬차 (R),음료 및 차류,레몬차,100g,28,0.13,,,400g
레몬차_레몬차 아이스(ICED),음료 및 차류,레몬차,100ml,44,0.17,,,600ml
레몬차_레몬차 아이스(ICED),음료 및 차류,레몬차,100ml,46,0.04,0,11.49,710ml
레몬차_레몬차 아이스(ICED) (ML),음료 및 차류,레몬차,100g,36,0,,8.87,710g
레몬차_레몬차 아이스(ICED) (더벤티),음료 및 차류,레몬차,100ml,43,0.1,,,960ml
레몬차_레몬차 핫(HOT),음료 및 차류,레몬차,100ml,49,0.17,,,600ml
레몬차_레몬차 핫(HOT),음료 및 차류,레몬차,100ml,47,0.05,0.02,11.59,591ml
레몬차_레몬차 핫(HOT) (L),음료 및 차류,레몬차,100g,36,0.01,,,946g
레몬차_레몬차 핫(HOT) (M),음료 및 차류,레몬차,100g,42,0.02,,,591g
레몬차_레몬차 핫(HOT) (ML),음료 및 차류,레몬차,100g,43,0,,10.66,591g
레몬차_레몬티,음료 및 차류,레몬차,100ml,41,0.28,,,360ml
기타차_트로피칼 후르츠티 핫(HOT),음료 및 차류,기타차,100ml,14,0.02,,,473ml
라면_짬뽕라면,면 및 만두류,라면,100g,92,2.84,3.51,12.27,750g
라면_치즈,면 및 만두류,라면,100ml,95,2.7,3.56,12.66,700ml
라면_치즈,면 및 만두류,라면,100g,99,2.8,3.83,13.33,600g
라면_콩나물,면 및 만두류,라면,100ml,79,2.2,2.68,11.36,700ml
라볶이,볶음류,라볶이,100ml,113,2,3.39,18.5,475ml
라볶이,볶음류,라볶이,100g,134,2.83,4.71,20.14,200g
라볶이,볶음류,라볶이,100ml,108,1.9,3.16,17.85,476.3
라조기,튀김류,라조기,100ml,126,10,5.7,9.94,198ml
라조기,튀김류,라조기,100g,199,10.33,11.75,13.12,200g
라조기,튀김류,라조기,100ml,187,13.5,5.62,19.08,67.1
런천미트구이,구이류,런천미트구이,100ml,302,21.6,18.95,11.12,42.8
런천미트구이,구이류,런천미트구이,100ml,303,21.6,19.1,11.08,19.9
런천미트구이,구이류,런천미트구이,100g,303,17.56,24.38,3.27,160g
런천미트구이,구이류,런천미트구이,100ml,308,21.6,19.1,11.08,19.9
런천미트구이,구이류,런천미트구이,100ml,302,21.6,18.95,11.12,42.8
레몬차_레몬 스윗플럼 핫(HOT),음료 및 차류,레몬차,100g,55,0.14,,,414g
레몬차_레몬민트티,음료 및 차류,레몬차,100g,45,0.03,,,360g
레몬차_레몬블루밍티 아이스(ICED) (L),음료 및 차류,레몬차,100g,56,0,,,473g
기타차_트로피칼 후르츠티 아이스(ICED),음료 및 차류,기타차,100ml,11,0.01,,,710ml
라면_김치,면 및 만두류,라면,100ml,85,2.1,2.83,12.41,760ml
라면_달걀,면 및 만두류,라면,100ml,95,2.6,3.32,13.16,642ml
라면_달걀,면 및 만두류,라면,100ml,95,2.6,3.32,13.16,642ml
라면_달걀,면 및 만두류,라면,100g,108,2.61,3.18,17.33,550g
라면_떡,면 및 만두류,라면,100ml,109,2.6,3.11,17.07,690ml
라면_떡,면 및 만두류,라면,100g,96,2.04,2.92,15.27,550g
라면_떡,면 및 만두류,라면,100g,102,2.1,2.47,17.72,100g
라면_라면만,면 및 만두류,라면,100g,84,1.76,2.18,14.44,100g
라면_만두,면 및 만두류,라면,100ml,109,3.2,3.69,15.29,700ml
라면_면,면 및 만두류,라면,100g,174,3.89,4.37,29.79,100g
라면_모듬,면 및 만두류,라면,100ml,98,2.8,3.25,13.99,700ml
라면_비빔라면,면 및 만두류,라면,100g,189,3.38,5.67,31.01,100g
라면_어묵,면 및 만두류,라면,100ml,63,1.5,2.09,9.18,928.6
라면_용기면,면 및 만두류,라면,100g,103,1.98,3.63,15.65,100g
라면_용기면_국물,면 및 만두류,라면,100g,28,0.61,1.44,3.21,100g
라면_용기면_면,면 및 만두류,라면,100g,192,3.5,4.95,33.42,100g
라면_용기면_볶음라면,면 및 만두류,라면,100g,202,4.52,5.39,33.9,100g
라면_짜장라면,면 및 만두류,라면,100g,177,3.66,4.28,31,100g
기타차_캐모마일리치티 핫(HOT),음료 및 차류,기타차,100g,36,0.01,0,8.95,500g
라떼_흑임자크림 라떼 핫(HOT) (Mini Venti),음료 및 차류,라떼,100ml,52,1.05,,,570ml
라떼_흑임자크림 라떼 핫(HOT) (Tall),음료 및 차류,라떼,100ml,56,1.39,,,360ml
라떼_흑임자크림 라떼 핫(HOT) (Venti),음료 및 차류,라떼,100ml,50,0.97,,,720ml
라떼_흑호 라떼,음료 및 차류,라떼,100g,60,2.25,,,355g
라멘_간편조리세트_매운돈코츠라멘,면 및 만두류,라멘,100g,91,3.82,5.09,7.38,1669g
라멘_돈코츠라멘,면 및 만두류,라멘,100g,98,4.14,6.42,5.87,100g
라멘_미소라멘,면 및 만두류,라멘,100g,89,4.57,2.77,11.36,100g
라멘_소유라멘,면 및 만두류,라멘,100g,72,3.65,2.36,9.12,100g
라멘_시오라멘,면 및 만두류,라멘,100g,84,4.68,2.13,11.54,100g
라면,면 및 만두류,라면,100g,82,1.72,2.28,13.65,550g
라면,면 및 만두류,라면,100ml,169,4.1,5.77,24.49,226.6
라면,면 및 만두류,라면,100ml,79,1.5,2.52,12.19,590ml
라면,면 및 만두류,라면,100ml,79,1.5,2.52,12.19,590ml
라면,면 및 만두류,라면,100ml,169,4.1,5.77,24.49,226.6
라면_간편조리세트__양꿍요괴라면,면 및 만두류,라면,100g,88,2.41,2.77,13.49,1284g
라면_국물,면 및 만두류,라면,100g,19,0.44,0.96,2.08,100g
라면_김치,면 및 만두류,라면,100g,85,2.12,2.6,13.26,650g
피자_치킨 바베큐 (F),빵 및 과자류,피자,100g,228,11.79,,,1124
기타차_캐모마일리치티 아이스(ICED),음료 및 차류,기타차,100g,28,0,0,6.88,650g
라떼_흑임자 크림 라떼,음료 및 차류,라떼,100ml,177,2.03,,,489ml
라떼_흑임자 크림 밀크 아이스(ICED) (Grande),음료 및 차류,라떼,100ml,56,1.04,,,480ml
라떼_흑임자 크림 밀크 아이스(ICED) (Mini Venti),음료 및 차류,라떼,100ml,51,0.88,,,570ml
라떼_흑임자 크림 밀크 아이스(ICED) (Tall),음료 및 차류,라떼,100ml,49,0.83,,,360ml
라떼_흑임자 크림 밀크 아이스(ICED) (Venti),음료 및 차류,라떼,100ml,50,0.83,,,720ml
라떼_흑임자 크림 밀크 핫(HOT) (Grande),음료 및 차류,라떼,100ml,57,1.46,,,480ml
라떼_흑임자 크림 밀크 핫(HOT) (Mini Venti),음료 및 차류,라떼,100ml,51,1.23,,,570ml
라떼_흑임자 크림 밀크 핫(HOT) (Tall),음료 및 차류,라떼,100ml,57,1.67,,,360ml
라떼_흑임자 크림 밀크 핫(HOT) (Venti),음료 및 차류,라떼,100ml,47,0.97,,,720ml
라떼_흑임자 크림라떼 아이스(ICED) (EX),음료 및 차류,라떼,100ml,96,2.06,,,680ml
라떼_흑임자 크림라떼 아이스(ICED) (R),음료 및 차류,라떼,100ml,83,1.93,,,414ml
라떼_흑임자 크림라떼 핫(HOT) (EX),음료 및 차류,라떼,100ml,119,2.92,,,651ml
라떼_흑임자 크림라떼 핫(HOT) (R),음료 및 차류,라떼,100ml,105,2.6,,,384ml
라떼_흑임자크림 라떼 아이스(ICED) (Grande),음료 및 차류,라떼,100ml,53,0.63,,,480ml
라떼_흑임자크림 라떼 아이스(ICED) (Mini Venti),음료 및 차류,라떼,100ml,49,0.7,,,570ml
라떼_흑임자크림 라떼 아이스(ICED) (Tall),음료 및 차류,라떼,100ml,47,0.56,,,360ml
라떼_흑임자크림 라떼 아이스(ICED) (Venti),음료 및 차류,라떼,100ml,50,0.7,,,720ml
라떼_흑임자크림 라떼 핫(HOT) (Grande),음료 및 차류,라떼,100ml,58,1.25,,,480ml
라떼_흑당 버블 밀크티 라떼 아이스(ICED),음료 및 차류,라떼,100ml,56,1.29,1.13,10.14,591ml
라떼_흑당 펄 라떼 아이스(ICED) (L),음료 및 차류,라떼,100g,53,1.22,,,490g
라떼_흑당 펄 라떼 아이스(ICED) (R),음료 및 차류,라떼,100g,55,1.1,,,365g
라떼_흑당 펄 라떼 핫(HOT) (L),음료 및 차류,라떼,100g,83,2.25,,,400g
라떼_흑당 펄 라떼 핫(HOT) (R),음료 및 차류,라떼,100g,83,2.15,,,325g
라떼_흑당고구마 라떼,음료 및 차류,라떼,100g,65,1.37,,,100g
라떼_흑당버블 라떼,음료 및 차류,라떼,100g,67,1.31,,,100g
라떼_흑당버블 라떼 아이스(ICED),음료 및 차류,라떼,100ml,54,1.22,1.12,9.83,591ml
라떼_흑당버블 밀크티 라떼 아이스(ICED),음료 및 차류,라떼,100g,56,1.29,,,591g
라떼_흑당버블그린티 라떼 아이스(ICED),음료 및 차류,라떼,100g,70,1.24,,,591g
라떼_흑임자 두유 라떼 아이스(ICED),음료 및 차류,라떼,100g,48,2.43,2.2,4.57,650g
라떼_흑임자 두유 라떼 핫(HOT),음료 및 차류,라떼,100g,69,3.88,3.25,6.24,500g
라떼_흑임자 라떼,음료 및 차류,라떼,100g,121,2.6,,,346g
라떼_흑임자 라떼,음료 및 차류,라떼,100ml,80,2.78,,,360ml
라떼_흑임자 라떼 아이스(ICED),음료 및 차류,라떼,100g,80,1.67,,,360g
라떼_흑임자 라떼 아이스(ICED) (L),음료 및 차류,라떼,100g,54,1.69,,6.66,946g
라떼_흑임자 라떼 아이스(ICED) (ML),음료 및 차류,라떼,100g,48,1.55,,5.92,710g
라떼_흑임자 라떼 핫(HOT),음료 및 차류,라떼,100g,80,2.78,,,360g
라떼_흑임자 라떼 핫(HOT) (ML),음료 및 차류,라떼,100g,65,2.2,,7.78,591g
라떼_화이트 초콜릿 핫(HOT),음료 및 차류,라떼,100g,83,1.77,,,414g
라떼_화이트 초콜릿 핫(HOT) (EX),음료 및 차류,라떼,100g,84,2.26,,,651g
라떼_화이트초코 라떼 아이스(ICED) (L),음료 및 차류,라떼,100g,89,1.48,,,610g
라떼_화이트초코 라떼 아이스(ICED) (R),음료 및 차류,라떼,100g,84,1.14,,,396g
라떼_화이트초코 라떼 핫(HOT) (L),음료 및 차류,라떼,100g,132,2.2,,,410g
라떼_화이트초코 라떼 핫(HOT) (R),음료 및 차류,라떼,100g,126,2.32,,,311g
라떼_흑당 단호박 라떼,음료 및 차류,라떼,100g,102,1.95,2.93,17.07,410g
라떼_흑당 라떼,음료 및 차류,라떼,100ml,84,2.22,,,360ml
라떼_흑당 라떼 아이스(ICED),음료 및 차류,라떼,100g,60,1.23,,,651g
라떼_흑당 라떼 아이스(ICED),음료 및 차류,라떼,100ml,54,1.4,1.39,9.1,591ml
라떼_흑당 라떼 아이스(ICED) (EX),음료 및 차류,라떼,100ml,55,1.32,,,680ml
라떼_흑당 라떼 아이스(ICED) (R),음료 및 차류,라떼,100ml,56,1.21,,,414ml
라떼_흑당 라떼 핫(HOT),음료 및 차류,라떼,100g,59,1.21,,,414g
라떼_흑당 밀크티 라떼 아이스(ICED),음료 및 차류,라떼,100ml,51,1.42,1.24,8.51,591ml
라떼_흑당 버블 라떼 아이스(ICED) (Grande),음료 및 차류,라떼,100ml,95,1.67,,,480ml
라떼_흑당 버블 라떼 아이스(ICED) (M),음료 및 차류,라떼,100g,63,1.4,,,591g
라떼_흑당 버블 라떼 아이스(ICED) (Mini Venti),음료 및 차류,라떼,100ml,92,1.58,,,570ml
라떼_흑당 버블 라떼 아이스(ICED) (Tall),음료 및 차류,라떼,100ml,106,1.67,,,360ml
라떼_흑당 버블 라떼 아이스(ICED) (Venti),음료 및 차류,라떼,100ml,76,1.25,,,720ml
라떼_헤이즐넛자바칩 라떼 핫(HOT) (Venti),음료 및 차류,라떼,100ml,58,1.53,,,720ml
라떼_호두 라떼,음료 및 차류,라떼,100g,63,1.42,,,100g
라떼_혹임자 라떼 아이스(ICED) (L),음료 및 차류,라떼,100ml,51,1.6,,6.3,1000m
라떼_혹임자 라떼 아이스(ICED) (ML),음료 및 차류,라떼,100ml,48,1.55,,5.91,710ml
라떼_혹임자 라떼 핫(HOT) (ML),음료 및 차류,라떼,100ml,54,1.83,,6.48,710ml
라떼_홍시 라떼 아이스(ICED),음료 및 차류,라떼,100ml,44,0.63,0.67,9.36,650ml
라떼_홍차 라떼 아이스(ICED),음료 및 차류,라떼,100g,42,0.5,,,500g
라떼_홍차 라떼 아이스(ICED),음료 및 차류,라떼,100g,58,2.82,,,355g
라떼_홍차 라떼 아이스(ICED) (L),음료 및 차류,라떼,100g,66,1.48,,,508g
라떼_홍차 라떼 아이스(ICED) (R),음료 및 차류,라떼,100g,61,1.38,,,393g
라떼_홍차 라떼 핫(HOT),음료 및 차류,라떼,100g,65,3.38,,,355g
라떼_홍차 라떼 핫(HOT),음료 및 차류,라떼,100g,123,1.48,,,230g
라떼_홍차 라떼 핫(HOT) (L),음료 및 차류,라떼,100g,106,2.93,,,345g
라떼_홍차 라떼 핫(HOT) (R),음료 및 차류,라떼,100g,100,2.93,,,270g
라떼_홍차라떼,음료 및 차류,라떼,100g,74,0.89,,,384g
라떼_화이트 초코 아이스(ICED),음료 및 차류,라떼,100ml,88,1.98,,,354ml
라떼_화이트 초코 핫(HOT),음료 및 차류,라떼,100ml,105,2.83,,,354ml
라떼_화이트 초콜릿 아이스(ICED),음료 및 차류,라떼,100g,77,1.28,,,414g
라떼_화이트 초콜릿 아이스(ICED) (EX),음료 및 차류,라떼,100g,66,1.39,,,651g
기타차_카페오르조,음료 및 차류,기타차,100g,10,0.28,,,355g
라떼_하동 녹차 민트 라떼 핫(HOT),음료 및 차류,라떼,100g,59,1.27,,10.57,473g
라떼_하동녹차 라떼 아이스(ICED),음료 및 차류,라떼,100g,117,3.38,,,591g
라떼_하동녹차 라떼 핫(HOT),음료 및 차류,라떼,100g,105,3.08,,,650g
라떼_핫초코큐브 핫(HOT),음료 및 차류,라떼,100ml,70,2.25,,,355ml
라떼_허니 그린 라떼 아이스(ICED),음료 및 차류,라떼,100g,61,1.7,1.91,8.94,470g
라떼_허니 그린 라떼 핫(HOT),음료 및 차류,라떼,100g,105,3.23,3.87,14.52,310g
라떼_헤이즐넛 라떼 아이스(ICED),음료 및 차류,라떼,100g,35,1.45,,,415g
라떼_헤이즐넛 라떼 핫(HOT),음료 및 차류,라떼,100g,42,1.82,,,385g
라떼_헤이즐넛자바칩 라떼 아이스(ICED),음료 및 차류,라떼,100g,71,2.82,,,355g
라떼_헤이즐넛자바칩 라떼 아이스(ICED) (Grande),음료 및 차류,라떼,100ml,78,1.88,,,480ml
라떼_헤이즐넛자바칩 라떼 아이스(ICED) (Mini Venti),음료 및 차류,라떼,100ml,78,1.75,,,570ml
라떼_헤이즐넛자바칩 라떼 아이스(ICED) (Tall),음료 및 차류,라떼,100ml,73,1.95,,,360ml
라떼_헤이즐넛자바칩 라떼 아이스(ICED) (Venti),음료 및 차류,라떼,100ml,68,1.53,,,720ml
라떼_헤이즐넛자바칩 라떼 핫(HOT),음료 및 차류,라떼,100g,78,3.38,,,355g
라떼_헤이즐넛자바칩 라떼 핫(HOT) (Grande),음료 및 차류,라떼,100ml,74,2.08,,,480ml
라떼_헤이즐넛자바칩 라떼 핫(HOT) (Mini Venti),음료 및 차류,라떼,100ml,69,1.93,,,570ml
라떼_헤이즐넛자바칩 라떼 핫(HOT) (Tall),음료 및 차류,라떼,100ml,80,2.22,,,360ml
피자_치킨 바베큐 (L),빵 및 과자류,피자,100g,228,11.79,,,813g
기타차_체리석류 (M),음료 및 차류,기타차,100g,2,0,,,591g
라떼_토피넛라떼 아이스(ICED),음료 및 차류,라떼,100ml,62,1.56,2.06,9.24,591ml
라떼_폭탄초코,음료 및 차류,라떼,100g,78,1.51,3.21,10.7,100g
라떼_프로틴 미숫가루 라떼 (Tall),음료 및 차류,라떼,100ml,110,5.04,,,360ml
라떼_피스타치오 라떼 아이스(ICED),음료 및 차류,라떼,100ml,65,1.18,2.07,10.3,650ml
라떼_피스타치오 라떼 아이스(ICED) (L),음료 및 차류,라떼,100g,53,0.22,,,450g
라떼_피스타치오 라떼 아이스(ICED) (R),음료 및 차류,라떼,100g,53,0.28,,,360g
라떼_피스타치오 라떼 핫(HOT),음료 및 차류,라떼,100ml,99,2.16,3.53,14.44,500ml
라떼_피스타치오 라떼 핫(HOT) (L),음료 및 차류,라떼,100g,82,0.44,,,450g
라떼_피스타치오 라떼 핫(HOT) (R),음료 및 차류,라떼,100g,85,0.56,,,360g
라떼_피스타치오 초코 라떼 아이스(ICED) (L),음료 및 차류,라떼,100ml,66,1.3,,9.1,1000m
라떼_피스타치오 초코 라떼 아이스(ICED) (ML),음료 및 차류,라떼,100ml,71,1.27,,9.43,710ml
라떼_피스타치오 초코 라떼 아이스(ICED) (R),음료 및 차류,라떼,100ml,93,1.43,,,370ml
라떼_피스타치오 초코 라떼 핫(HOT) (ML),음료 및 차류,라떼,100ml,77,1.55,,10,710ml
라떼_피스타치오 초코 라떼 핫(HOT) (R),음료 및 차류,라떼,100ml,154,2.85,,,270ml
라떼_피스타치오 포레스트 라떼 아이스(ICED),음료 및 차류,라떼,100ml,73,2.01,1.79,12.1,591ml
라떼_핑크블라썸 라떼 아이스(ICED),음료 및 차류,라떼,100g,64,1.46,,,480g
라떼_핑크블라썸 라떼 핫(HOT),음료 및 차류,라떼,100g,70,1.51,,,480g
라떼_하동 녹차 민트 라떼 아이스(ICED),음료 및 차류,라떼,100g,62,1.48,,10.78,473g
라떼_토피넛 라떼 아이스(ICED) (L),음료 및 차류,라떼,100g,53,2.44,,,450g
라떼_토피넛 라떼 아이스(ICED) (L),음료 및 차류,라떼,100g,99,1.27,,,497g
라떼_토피넛 라떼 아이스(ICED) (R),음료 및 차류,라떼,100g,52,2.06,,,400g
라떼_토피넛 라떼 아이스(ICED) (R),음료 및 차류,라떼,100g,90,1.2,,,401g
라떼_토피넛 라떼 아이스(ICED) (더벤티),음료 및 차류,라떼,100ml,69,1.46,,,960ml
라떼_토피넛 라떼 핫(HOT),음료 및 차류,라떼,100g,90,1.82,,,385g
라떼_토피넛 라떼 핫(HOT),음료 및 차류,라떼,100ml,71,2.08,,,384ml
라떼_토피넛 라떼 핫(HOT),음료 및 차류,라떼,100ml,82,2.22,,,473ml
라떼_토피넛 라떼 핫(HOT),음료 및 차류,라떼,100ml,87,1.69,,,473ml
라떼_토피넛 라떼 핫(HOT),음료 및 차류,라떼,100ml,118,2.64,,,360ml
라떼_토피넛 라떼 핫(HOT),음료 및 차류,라떼,100g,85,2.22,,,473g
라떼_토피넛 라떼 핫(HOT),음료 및 차류,라떼,100g,98,2.42,,12.77,500g
라떼_토피넛 라떼 핫(HOT),음료 및 차류,라떼,100g,103,3.08,,,650g
라떼_토피넛 라떼 핫(HOT) (L),음료 및 차류,라떼,100g,146,2.69,,,402g
라떼_토피넛 라떼 핫(HOT) (L),음료 및 차류,라떼,100g,97,4.03,,,400g
라떼_토피넛 라떼 핫(HOT) (R),음료 및 차류,라떼,100g,140,2.66,,,316g
라떼_토피넛 라떼 핫(HOT) (R),음료 및 차류,라떼,100g,84,3.56,,,340g
라떼_토피넛 크러쉬 라떼 (XL),음료 및 차류,라떼,100g,50,1.06,,,660g
라떼_토피넛 크림 라떼,음료 및 차류,라떼,100ml,178,10.49,,,499ml
라떼_타로 버블 라떼 (L),음료 및 차류,라떼,100g,72,1.56,,,450g
라떼_토피 넛 라떼 아이스(ICED),음료 및 차류,라떼,100g,61,1.38,,,414g
라떼_토피 넛 라떼 아이스(ICED) (EX),음료 및 차류,라떼,100g,61,1.5,,,651g
라떼_토피 넛 라떼 핫(HOT),음료 및 차류,라떼,100g,74,1.99,,,414g
라떼_토피 넛 라떼 핫(HOT) (EX),음료 및 차류,라떼,100g,80,2.42,,,651g
라떼_토피 모카 라떼 아이스(ICED),음료 및 차류,라떼,100ml,69,1.69,,,473ml
라떼_토피 모카 라떼 핫(HOT),음료 및 차류,라떼,100ml,104,2.96,,,473ml
라떼_토피넛 라떼,음료 및 차류,라떼,100ml,121,0.83,,,360ml
라떼_토피넛 라떼,음료 및 차류,라떼,100g,68,1.56,2.52,9.83,100g
라떼_토피넛 라떼 아이스(ICED),음료 및 차류,라떼,100ml,66,1.13,,,710ml
라떼_토피넛 라떼 아이스(ICED),음료 및 차류,라떼,100ml,106,1.67,,,360ml
라떼_토피넛 라떼 아이스(ICED),음료 및 차류,라떼,100g,106,3.05,,,591g
라떼_토피넛 라떼 아이스(ICED),음료 및 차류,라떼,100g,83,1.69,,,415g
라떼_토피넛 라떼 아이스(ICED),음료 및 차류,라떼,100ml,57,1.37,,,591ml
라떼_토피넛 라떼 아이스(ICED),음료 및 차류,라떼,100ml,54,1.45,,,414ml
라떼_토피넛 라떼 아이스(ICED),음료 및 차류,라떼,100g,62,1.56,,,591g
라떼_토피넛 라떼 아이스(ICED),음료 및 차류,라떼,100g,59,1.37,,,591g
라떼_토피넛 라떼 아이스(ICED),음료 및 차류,라떼,100g,66,1.45,,9.13,650g
라떼_토피넛 라떼 아이스(ICED) (EX),음료 및 차류,라떼,100ml,51,1.47,,,680ml
라떼_카카오 라떼 핫(HOT),음료 및 차류,라떼,100g,60,2.82,,,355g
라떼_캐시미어 초코 (L),음료 및 차류,라떼,100g,186,3.54,,,421g
라떼_캐시미어 초코 (R),음료 및 차류,라떼,100g,180,3.45,,,296g
라떼_코코넛 라떼 아이스(ICED) (더벤티),음료 및 차류,라떼,100ml,50,1.56,,,960ml
라떼_콘 라떼 아이스(ICED),음료 및 차류,라떼,100g,83,2.68,2.93,12.68,410g
라떼_콘 라떼 핫(HOT),음료 및 차류,라떼,100g,135,2.9,5.48,18.39,310g
라떼_쿠앤크 라떼 아이스(ICED) (L),음료 및 차류,라떼,100g,54,1.48,,7.82,946g
라떼_쿠앤크 라떼 아이스(ICED) (ML),음료 및 차류,라떼,100g,50,1.27,,7.18,710g
라떼_쿠앤크 라떼 핫(HOT) (ML),음료 및 차류,라떼,100g,63,1.86,,8.63,591g
라떼_쿠엔크 라떼 아이스(ICED) (L),음료 및 차류,라떼,100ml,51,1.4,,7.4,1000m
라떼_쿠엔크 라떼 아이스(ICED) (ML),음료 및 차류,라떼,100ml,50,1.27,,7.18,710ml
라떼_쿠엔크 라떼 핫(HOT) (ML),음료 및 차류,라떼,100ml,52,1.55,,7.18,710ml
라떼_쿠키초코라떼 아이스(ICED),음료 및 차류,라떼,100ml,84,1.57,4.01,10.15,591ml
라떼_쿠키초코라떼 핫(HOT),음료 및 차류,라떼,100ml,90,1.73,4.28,10.95,591ml
라떼_쿠키크림 라떼 아이스(ICED) (L),음료 및 차류,라떼,100g,74,1.7,,,946g
라떼_쿠키크림 라떼 아이스(ICED) (M),음료 및 차류,라떼,100g,72,1.54,,,591g
라떼_쿠키크림 라떼 핫(HOT) (L),음료 및 차류,라떼,100g,78,2,,,946g
라떼_쿠키크림 라떼 핫(HOT) (M),음료 및 차류,라떼,100g,84,2.27,,,591g
라떼_크림 라떼,음료 및 차류,라떼,100ml,192,1.5,,,369ml
라떼_초콜릿 라떼 아이스(ICED) (R),음료 및 차류,라떼,100ml,56,1.93,,,415ml
라떼_초콜릿 라떼 아이스(ICED) (R),음료 및 차류,라떼,100g,79,1.84,,,380g
라떼_초콜릿 라떼 핫(HOT),음료 및 차류,라떼,100g,67,2.08,,,385g
라떼_초콜릿 라떼 핫(HOT) (L),음료 및 차류,라떼,100ml,96,3.62,,,473ml
라떼_초콜릿 라떼 핫(HOT) (L),음료 및 차류,라떼,100g,126,3.08,,,325g
라떼_초콜릿 라떼 핫(HOT) (L),음료 및 차류,라떼,100g,63,2.22,,,450g
라떼_초콜릿 라떼 핫(HOT) (R),음료 및 차류,라떼,100g,63,2.22,,,360g
라떼_초콜릿 라떼 핫(HOT) (R),음료 및 차류,라떼,100ml,82,3.11,,,415ml
라떼_초콜릿 라떼 핫(HOT) (R),음료 및 차류,라떼,100g,120,3.27,,,275g
라떼_초콜릿 밀크 아이스(ICED),음료 및 차류,라떼,100ml,72,1.5,,,360ml
라떼_초콜릿 밀크 핫(HOT),음료 및 차류,라떼,100ml,98,2.58,,,360ml
라떼_초콜릿 아이스(ICED),음료 및 차류,라떼,100ml,77,1.69,,,414ml
라떼_초콜릿 아이스(ICED) (EX),음료 및 차류,라떼,100ml,71,1.47,,,680ml
라떼_초콜릿 핫(HOT),음료 및 차류,라떼,100ml,98,2.34,,,384ml
라떼_초콜릿 핫(HOT) (EX),음료 및 차류,라떼,100ml,83,2.3,,,651ml
라떼_초콜릿라떼 (R),음료 및 차류,라떼,100g,96,3.62,2.11,,360g
라떼_치즈군고구마 라떼,음료 및 차류,라떼,100g,73,1.64,,,100g
라떼_카라멜쿠키 라떼 핫(HOT),음료 및 차류,라떼,100g,84,3.38,,,355g
라떼_카카오 라떼 아이스(ICED),음료 및 차류,라떼,100g,60,2.82,,,355g
라떼_초코 베리 라떼 아이스(ICED) (Venti),음료 및 차류,라떼,100ml,75,1.39,,,720ml
라떼_초코 베리 라떼 핫(HOT) (Grande),음료 및 차류,라떼,100ml,89,1.88,,,480ml
라떼_초코 베리 라떼 핫(HOT) (Mini Venti),음료 및 차류,라떼,100ml,86,1.75,,,570ml
라떼_초코 베리 라떼 핫(HOT) (Tall),음료 및 차류,라떼,100ml,88,1.95,,,360ml
라떼_초코 베리 라떼 핫(HOT) (Venti),음료 및 차류,라떼,100ml,75,1.39,,,720ml
라떼_초코 아이스(ICED),음료 및 차류,라떼,100ml,86,1.98,,,354ml
라떼_초코 아이스(ICED),음료 및 차류,라떼,100ml,62,1.52,1.07,11.68,591ml
라떼_초코 핫(HOT),음료 및 차류,라떼,100ml,65,1.84,1.29,11.47,591ml
라떼_초코 핫(HOT),음료 및 차류,라떼,100ml,103,2.83,,,354ml
라떼_초코밀크 버블 라떼 아이스(ICED),음료 및 차류,라떼,100ml,83,1.53,,,360ml
라떼_초코바나나 라떼 아이스(ICED),음료 및 차류,라떼,100g,84,3.1,,,355g
라떼_초코바나나 라떼 핫(HOT),음료 및 차류,라떼,100g,91,3.66,,,355g
라떼_초코베리 라떼 아이스(ICED),음료 및 차류,라떼,100g,83,2.82,,,355g
라떼_초코베리 라떼 핫(HOT),음료 및 차류,라떼,100g,86,3.1,,,355g
라떼_초콜릿 라떼 아이스(ICED),음료 및 차류,라떼,100g,62,1.93,,,415g
라떼_초콜릿 라떼 아이스(ICED) (L),음료 및 차류,라떼,100g,62,2.22,,,450g
라떼_초콜릿 라떼 아이스(ICED) (L),음료 및 차류,라떼,100g,83,2.07,,,435g
라떼_초콜릿 라떼 아이스(ICED) (L),음료 및 차류,라떼,100ml,56,1.92,,,473ml
라떼_초콜릿 라떼 아이스(ICED) (R),음료 및 차류,라떼,100g,62,2.22,,,360g
기타차_피치망고 (M),음료 및 차류,기타차,100g,1,0,,,591g
라떼_초코 리얼 라떼 아이스(ICED) (XL),음료 및 차류,라떼,100g,81,1.68,,,632.2
라떼_초코 리얼 라떼 아이스(ICED) 빅사이즈,음료 및 차류,라떼,100g,81,1.68,,,632.2
라떼_초코 리얼 라떼 핫(HOT),음료 및 차류,라떼,100g,111,2.49,,,425.6
라떼_초코 리얼 라떼 핫(HOT) (L),음료 및 차류,라떼,100g,111,2.49,,,425.6
라떼_초코 리얼 라떼 핫(HOT) (XL),음료 및 차류,라떼,100g,109,2.56,,,532.2
라떼_초코 리얼 라떼 핫(HOT) 빅사이즈,음료 및 차류,라떼,100g,109,2.56,,,532.2
라떼_초코 바나나 라떼 아이스(ICED) (Grande),음료 및 차류,라떼,100ml,87,29.58,,,480ml
라떼_초코 바나나 라떼 아이스(ICED) (Mini Venti),음료 및 차류,라떼,100ml,81,27.36,,,570ml
라떼_초코 바나나 라떼 아이스(ICED) (Tall),음료 및 차류,라떼,100ml,85,31.67,,,360ml
라떼_초코 바나나 라떼 아이스(ICED) (Venti),음료 및 차류,라떼,100ml,78,24.17,0,0,720ml
라떼_초코 바나나 라떼 핫(HOT) (Grande),음료 및 차류,라떼,100ml,91,2.08,,,480ml
라떼_초코 바나나 라떼 핫(HOT) (Mini Venti),음료 및 차류,라떼,100ml,87,1.75,,,570ml
라떼_초코 바나나 라떼 핫(HOT) (Tall),음료 및 차류,라떼,100ml,89,2.22,,,360ml
라떼_초코 바나나 라떼 핫(HOT) (Venti),음료 및 차류,라떼,100ml,78,1.53,,,720ml
라떼_초코 버블 라떼 핫(HOT),음료 및 차류,라떼,100ml,97,2.11,,,360ml
라떼_초코 베리 라떼 아이스(ICED) (Grande),음료 및 차류,라떼,100ml,88,1.88,,,480ml
라떼_초코 베리 라떼 아이스(ICED) (Mini Venti),음료 및 차류,라떼,100ml,85,1.75,,,570ml
라떼_초코 베리 라떼 아이스(ICED) (Tall),음료 및 차류,라떼,100ml,84,1.95,,,360ml
라떼_초코 라떼 핫(HOT),음료 및 차류,라떼,100ml,64,1.7,,,354ml
라떼_초코 라떼 핫(HOT),음료 및 차류,라떼,100ml,81,2.98,,,473ml
라떼_초코 라떼 핫(HOT),음료 및 차류,라떼,100ml,72,1.9,,,473ml
라떼_초코 라떼 핫(HOT),음료 및 차류,라떼,100g,89,2.78,,,360g
라떼_초코 라떼 핫(HOT),음료 및 차류,라떼,100g,82,3.38,,,355g
라떼_초코 라떼 핫(HOT),음료 및 차류,라떼,100g,79,2.85,,,473g
라떼_초코 라떼 핫(HOT) (Grande),음료 및 차류,라떼,100ml,83,2.08,,,480ml
라떼_초코 라떼 핫(HOT) (L),음료 및 차류,라떼,100g,59,1.74,,,946g
라떼_초코 라떼 핫(HOT) (L),음료 및 차류,라떼,100g,129,2.77,,,401g
라떼_초코 라떼 핫(HOT) (L),음료 및 차류,라떼,100g,124,4.5,,,400g
라떼_초코 라떼 핫(HOT) (M),음료 및 차류,라떼,100g,62,2.01,,,591g
라떼_초코 라떼 핫(HOT) (ML),음료 및 차류,라떼,100ml,51,1.69,,7.04,710ml
라떼_초코 라떼 핫(HOT) (Mini Venti),음료 및 차류,라떼,100ml,77,1.93,,,570ml
라떼_초코 라떼 핫(HOT) (R),음료 및 차류,라떼,100g,111,4.06,,,340g
라떼_초코 라떼 핫(HOT) (R),음료 및 차류,라떼,100g,123,2.77,,,311g
라떼_초코 라떼 핫(HOT) (Tall),음료 및 차류,라떼,100ml,84,2.22,,,360ml
라떼_초코 라떼 핫(HOT) (Venti),음료 및 차류,라떼,100ml,73,1.67,,,720ml
라떼_초코 리얼 라떼 아이스(ICED),음료 및 차류,라떼,100g,70,1.43,,,462.6
라떼_초코 리얼 라떼 아이스(ICED) (L),음료 및 차류,라떼,100g,70,1.43,,,462.6
라떼_초코 라떼 아이스(ICED),음료 및 차류,라떼,100ml,54,1.41,,,710ml
라떼_초코 라떼 아이스(ICED),음료 및 차류,라떼,100ml,56,1.98,,,591ml
라떼_초코 라떼 아이스(ICED) (Grande),음료 및 차류,라떼,100ml,79,1.88,,,480ml
라떼_초코 라떼 아이스(ICED) (L),음료 및 차류,라떼,100g,82,1.61,,,601g
라떼_초코 라떼 아이스(ICED) (L),음료 및 차류,라떼,100ml,48,1.4,,7,1000m
라떼_초코 라떼 아이스(ICED) (L),음료 및 차류,라떼,100g,88,2.87,,,450g
라떼_초코 라떼 아이스(ICED) (L),음료 및 차류,라떼,100g,55,1.45,,,946g
라떼_초코 라떼 아이스(ICED) (M),음료 및 차류,라떼,100g,50,1.29,,,591g
라떼_초코 라떼 아이스(ICED) (ML),음료 및 차류,라떼,100ml,45,1.27,,6.62,710ml
라떼_초코 라떼 아이스(ICED) (Mini Venti),음료 및 차류,라떼,100ml,78,1.75,,,570ml
라떼_초코 라떼 아이스(ICED) (R),음료 및 차류,라떼,100g,75,2.48,,,400g
라떼_초코 라떼 아이스(ICED) (R),음료 및 차류,라떼,100g,82,1.49,,,396g
라떼_초코 라떼 아이스(ICED) (Tall),음료 및 차류,라떼,100ml,77,1.95,,,360ml
라떼_초코 라떼 아이스(ICED) (Venti),음료 및 차류,라떼,100ml,71,1.67,,,720ml
라떼_초코 라떼 아이스(ICED) (더벤티),음료 및 차류,라떼,100ml,86,1.98,,,960ml
라떼_초코 라떼 아이스(ICED) 빽사이즈,음료 및 차류,라떼,100ml,59,1.59,,,946ml
라떼_초코 라떼 핫(HOT),음료 및 차류,라떼,100g,92,3.18,,,220g
라떼_초코 라떼 핫(HOT),음료 및 차류,라떼,100ml,88,2.17,,,600ml
피자_치킨 바베큐 (P),빵 및 과자류,피자,100g,228,11.79,,,1514
라떼_체리 요거트 라떼,음료 및 차류,라떼,100g,107,1.69,,,360g
라떼_초당 옥수수 라떼 아이스(ICED) (Grande),음료 및 차류,라떼,100ml,47,1.67,,,480ml
라떼_초당 옥수수 라떼 아이스(ICED) (Mini Venti),음료 및 차류,라떼,100ml,43,1.58,,,570ml
라떼_초당 옥수수 라떼 아이스(ICED) (Tall),음료 및 차류,라떼,100ml,48,1.67,,,360ml
라떼_초당 옥수수 라떼 아이스(ICED) (Venti),음료 및 차류,라떼,100ml,39,1.39,,,720ml
라떼_초당 옥수수 라떼 핫(HOT) (Grande),음료 및 차류,라떼,100ml,51,5,,,480ml
라떼_초당 옥수수 라떼 핫(HOT) (Mini Venti),음료 및 차류,라떼,100ml,47,4.74,,,570ml
라떼_초당 옥수수 라떼 핫(HOT) (Tall),음료 및 차류,라떼,100ml,55,5.28,,,360ml
라떼_초당 옥수수 라떼 핫(HOT) (Venti),음료 및 차류,라떼,100ml,40,4.17,,,720ml
라떼_초당옥수수 라떼 아이스(ICED),음료 및 차류,라떼,100g,46,2.54,,,355g
라떼_초당옥수수 라떼 핫(HOT),음료 및 차류,라떼,100g,52,3.1,,,355g
라떼_초코 라떼,음료 및 차류,라떼,100ml,89,2.78,,,360ml
라떼_초코 라떼,음료 및 차류,라떼,100g,64,1.43,,,100g
라떼_초코 라떼 아이스(ICED),음료 및 차류,라떼,100ml,80,1.67,,,600ml
라떼_초코 라떼 아이스(ICED),음료 및 차류,라떼,100g,61,1.67,,,360g
라떼_초코 라떼 아이스(ICED),음료 및 차류,라떼,100ml,59,1.7,,,354ml
라떼_초코 라떼 아이스(ICED),음료 및 차류,라떼,100g,50,1.46,,,480g
라떼_초코 라떼 아이스(ICED),음료 및 차류,라떼,100g,75,2.82,,,355g
라떼_초코 라떼 아이스(ICED),음료 및 차류,라떼,100g,54,1.88,,,591g
라떼_제주말차 라떼 핫(HOT),음료 및 차류,라떼,100g,117,2.44,,,397.2
라떼_제주말차 라떼 핫(HOT) (L),음료 및 차류,라떼,100g,117,2.44,,,397.2
라떼_제주말차 라떼 핫(HOT) (XL),음료 및 차류,라떼,100g,115,2.41,,,551.8
라떼_제주말차 라떼 핫(HOT) 빅사이즈,음료 및 차류,라떼,100g,115,2.41,,,551.8
라떼_제주말차 크리미 라떼 아이스(ICED),음료 및 차류,라떼,100ml,69,1.33,3.36,8.13,650ml
라떼_진저 (L),음료 및 차류,라떼,100g,100,2.5,,,360g
라떼_진저 (R),음료 및 차류,라떼,100g,95,2.57,,,280g
라떼_진저 라떼 아이스(ICED),음료 및 차류,라떼,100g,88,2.22,,,360g
라떼_진저 라떼 핫(HOT),음료 및 차류,라떼,100g,88,2.22,,,360g
라떼_진저 흑당 라떼 아이스(ICED),음료 및 차류,라떼,100g,84,2.22,,,360g
라떼_진저 흑당 라떼 핫(HOT),음료 및 차류,라떼,100g,84,2.22,,,360g
라떼_짱구 초코 라떼 아이스(ICED),음료 및 차류,라떼,100g,124,3.86,,,363g
라떼_차이 라떼 아이스(ICED),음료 및 차류,라떼,100g,68,1.9,,11.21,473g
라떼_차이 라떼 아이스(ICED) (L),음료 및 차류,라떼,100g,47,1.48,,7.61,946g
라떼_차이 라떼 아이스(ICED) (ML),음료 및 차류,라떼,100g,45,1.27,,7.46,710g
라떼_차이 라떼 핫(HOT),음료 및 차류,라떼,100g,66,1.69,,10.99,473g
라떼_차이 라떼 핫(HOT) (ML),음료 및 차류,라떼,100g,61,2.03,,9.48,591g
라떼_차이티 라떼 아이스(ICED) (Tall),음료 및 차류,라떼,100g,54,1.41,,,355g
라떼_차이티 라떼 핫(HOT) (Tall),음료 및 차류,라떼,100g,56,1.69,,,355g
라떼_제주 말차 라떼 핫(HOT),음료 및 차류,라떼,100ml,74,2.35,,,473ml
라떼_제주 말차 라떼 핫(HOT),음료 및 차류,라떼,100ml,98,2.83,,,354ml
라떼_제주 말차 라떼 핫(HOT) (L),음료 및 차류,라떼,100ml,103,3,,,473ml
라떼_제주 말차 라떼 핫(HOT) (R),음료 및 차류,라떼,100ml,88,2.58,,,415ml
라떼_제주 쑥쑥 라떼 핫(HOT) (Grande),음료 및 차류,라떼,100g,90,3.38,,,473g
라떼_제주 유기농 말차로 만든 라떼 아이스(ICED) (Tall),음료 및 차류,라떼,100g,44,1.69,,,355g
라떼_제주 유기농 말차로 만든 라떼 핫(HOT) (Tall),음료 및 차류,라떼,100g,58,2.54,,,355g
라떼_제주 첫물 차광 녹차 라떼 아이스(ICED),음료 및 차류,라떼,100g,84,2.54,,15.22,473g
라떼_제주 첫물 차광 녹차 라떼 핫(HOT),음료 및 차류,라떼,100g,96,3.38,,16.49,473g
라떼_제주녹차 라떼 아이스(ICED),음료 및 차류,라떼,100ml,64,1.69,,,591ml
라떼_제주녹차 라떼 아이스(ICED) (L),음료 및 차류,라떼,100g,64,2,,,450g
라떼_제주녹차 라떼 아이스(ICED) (R),음료 및 차류,라떼,100g,64,1.94,,,360g
라떼_제주녹차 라떼 핫(HOT),음료 및 차류,라떼,100ml,56,1.54,,,651ml
라떼_제주녹차 라떼 핫(HOT) (L),음료 및 차류,라떼,100g,77,2.67,,,450g
라떼_제주녹차 라떼 핫(HOT) (R),음료 및 차류,라떼,100g,76,2.78,,,360g
라떼_제주말차 라떼 아이스(ICED),음료 및 차류,라떼,100g,68,1.48,,,452.6
라떼_제주말차 라떼 아이스(ICED) (L),음료 및 차류,라떼,100g,68,1.48,,,452.6
라떼_제주말차 라떼 아이스(ICED) (XL),음료 및 차류,라떼,100g,75,1.57,,,617.2
라떼_제주말차 라떼 아이스(ICED) 빅사이즈,음료 및 차류,라떼,100g,75,1.57,,,617.2
기타차_피치망고 (L),음료 및 차류,기타차,100g,1,0,,,946g
라떼_자색고구마 라떼 (R),음료 및 차류,라떼,100g,99,2.91,2.1,,360g
라떼_자색고구마 라떼 아이스(ICED),음료 및 차류,라떼,100g,37,1.56,,4.01,449g
라떼_자색고구마 라떼 아이스(ICED) (L),음료 및 차류,라떼,100ml,47,1.2,,7.5,1000m
라떼_자색고구마 라떼 아이스(ICED) (ML),음료 및 차류,라떼,100ml,44,1.13,,7.04,710ml
라떼_자색고구마 라떼 핫(HOT),음료 및 차류,라떼,100g,57,2.49,,5.97,402g
라떼_자색고구마 라떼 핫(HOT) (ML),음료 및 차류,라떼,100ml,50,1.41,,7.6,710ml
라떼_저칼로리 딸기 라떼 노슈거 (Venti),음료 및 차류,라떼,100ml,18,0.85,,,650ml
라떼_저칼로리 딸기 라떼 노슈거 (초대용량),음료 및 차류,라떼,100ml,18,0.85,,,850ml
라떼_저칼로리 딸기 요거트 라떼 노슈거 (Venti),음료 및 차류,라떼,100ml,18,1.21,,,650ml
라떼_정말 맛있는 프로틴 바나나 라떼 (Venti),음료 및 차류,라떼,100ml,63,4.19,,,650ml
라떼_정말 맛있는 프로틴 코코넛 라떼 (Venti),음료 및 차류,라떼,100ml,62,4.26,,,650ml
라떼_정말 맛있는 프로틴 타로 라떼 (Venti),음료 및 차류,라떼,100ml,63,4,,,650ml
라떼_제주 까망 라떼 아이스(ICED) (Grande),음료 및 차류,라떼,100g,93,2.11,,,473g
라떼_제주 까망 라떼 핫(HOT) (Grande),음료 및 차류,라떼,100g,94,2.75,,,473g
라떼_제주 말차 라떼 아이스(ICED),음료 및 차류,라떼,100ml,58,1.8,,,473ml
라떼_제주 말차 라떼 아이스(ICED),음료 및 차류,라떼,100ml,71,1.7,,,354ml
라떼_제주 말차 라떼 아이스(ICED) (L),음료 및 차류,라떼,100ml,49,1.29,,,473ml
라떼_제주 말차 라떼 아이스(ICED) (R),음료 및 차류,라떼,100ml,49,1.3,,,415ml
라떼_우리쌀 라떼 아이스(ICED),음료 및 차류,라떼,100ml,62,1.83,,,710ml
라떼_우리쌀 라떼 핫(HOT),음료 및 차류,라떼,100ml,84,2.54,,,473ml
라떼_이곡 라떼 아이스(ICED),음료 및 차류,라떼,100g,57,2.11,,,414g
라떼_이곡 라떼 핫(HOT),음료 및 차류,라떼,100g,67,2.62,,,414g
라떼_이천 쌀 라떼 아이스(ICED) (Grande),음료 및 차류,라떼,100ml,69,1.25,,,480ml
라떼_이천 쌀 라떼 아이스(ICED) (Mini Venti),음료 및 차류,라떼,100ml,69,1.23,,,570ml
라떼_이천 쌀 라떼 아이스(ICED) (Tall),음료 및 차류,라떼,100ml,72,1.39,,,360ml
라떼_이천 쌀 라떼 아이스(ICED) (Venti),음료 및 차류,라떼,100ml,64,1.11,,,720ml
라떼_이천 쌀 라떼 핫(HOT) (Grande),음료 및 차류,라떼,100ml,82,2.08,,,480ml
라떼_이천 쌀 라떼 핫(HOT) (Mini Venti),음료 및 차류,라떼,100ml,82,1.93,,,570ml
라떼_이천 쌀 라떼 핫(HOT) (Tall),음료 및 차류,라떼,100ml,83,2.22,,,360ml
라떼_이천 쌀 라떼 핫(HOT) (Venti),음료 및 차류,라떼,100ml,73,1.67,,,720ml
라떼_잉글리쉬 브렉퍼스트 라떼 핫(HOT),음료 및 차류,라떼,100g,66,1.69,,10.99,473g
라떼_잉글리시 브렉퍼스트 티 라떼 아이스(ICED) (R),음료 및 차류,라떼,100g,46,1.32,,,380g
라떼_잉글리시 브렉퍼스트 티 라떼 핫(HOT) (R),음료 및 차류,라떼,100g,70,2.5,,,240g
라떼_자몽 라떼,음료 및 차류,라떼,100g,63,2.54,,,355g
라떼_자몽 라떼 아이스(ICED) (Grande),음료 및 차류,라떼,100ml,64,1.67,,,480ml
라떼_자몽 라떼 아이스(ICED) (Tall),음료 및 차류,라떼,100ml,68,1.67,,,360ml
라떼_자몽 라떼 아이스(ICED) (Venti),음료 및 차류,라떼,100ml,54,1.25,,,720ml
라떼_오곡 라떼 핫(HOT) (R),음료 및 차류,라떼,100g,83,3.33,,,360g
라떼_오곡 라떼 핫(HOT) (R),음료 및 차류,라떼,100g,120,3.58,,,285g
라떼_오레오 초코 라떼 아이스(ICED),음료 및 차류,라떼,100ml,76,1.64,2.81,11.15,591ml
라떼_오레오 크림 초코 라떼 아이스(ICED),음료 및 차류,라떼,100g,92,1.95,,,591g
라떼_오레오초코 라떼 아이스(ICED),음료 및 차류,라떼,100g,82,1.52,,,591g
라떼_오미자 라떼,음료 및 차류,라떼,100g,133,2,,,100g
라떼_오트밀 라떼 아이스(ICED),음료 및 차류,라떼,100g,70,2.31,,8.52,650g
라떼_오트밀 라떼 핫(HOT),음료 및 차류,라떼,100g,99,3.36,,11.67,500g
라떼_옥수수 라떼 아이스(ICED) (L),음료 및 차류,라떼,100g,49,1.48,,7.72,946g
라떼_옥수수 라떼 아이스(ICED) (ML),음료 및 차류,라떼,100g,45,1.27,,7.18,710g
라떼_옥수수 라떼 핫(HOT) (ML),음료 및 차류,라떼,100g,61,2.03,,9.31,591g
라떼_옥수수 크리미 라떼 아이스(ICED),음료 및 차류,라떼,100g,63,1.47,,8.84,650g
라떼_왕메가초코 아이스(ICED),음료 및 차류,라떼,100ml,60,1.24,1.36,10.67,960ml
라떼_우리 12곡 라떼 아이스(ICED),음료 및 차류,라떼,100ml,73,2.25,,,360ml
라떼_우리 12곡 라떼 핫(HOT),음료 및 차류,라떼,100ml,96,3.33,,,360ml
라떼_우리 고구마 라떼 아이스(ICED),음료 및 차류,라떼,100g,67,1.69,,,354g
라떼_우리 고구마 라떼 핫(HOT),음료 및 차류,라떼,100g,93,2.54,,,354g
라떼_우리 고구마 밀크폼 라떼 아이스(ICED),음료 및 차류,라떼,100ml,82,1.98,,,354ml
라떼_우리 고구마 밀크폼 라떼 핫(HOT),음료 및 차류,라떼,100ml,108,2.54,,,354ml
피자_포테이토 피자 리코타링 (R),빵 및 과자류,피자,100g,289,13.28,,,511g
피자_포테이토 피자 밀스크린 (L),빵 및 과자류,피자,100g,229,10,,,960g
피자_포테이토 피자 밀스크린 (R),빵 및 과자류,피자,100g,222,9.41,,,510g
피자_포테이토 피자 밀스크린고구마크러스트 (L),빵 및 과자류,피자,100g,225,9.09,,,1056g
피자_포테이토 피자 밀스크린고구마크러스트 (R),빵 및 과자류,피자,100g,219,8.42,,,570g
피자_포테이토 피자 밀스크린체다크림크러스트 (L),빵 및 과자류,피자,100g,229,9.85,,,1056g
피자_포테이토 피자 밀스크린체다크림크러스트 (R),빵 및 과자류,피자,100g,222,9.47,,,570g
피자_포테이토 피자 밀스크린치즈크러스트 (L),빵 및 과자류,피자,100g,222,10.61,,,1056g
피자_포테이토 피자 밀스크린치즈크러스트 (R),빵 및 과자류,피자,100g,213,10.31,,,582g
피자_포테이토 피자 백미스크린 (L),빵 및 과자류,피자,100g,222,10.34,,,928g
피자_포테이토 피자 백미스크린 (R),빵 및 과자류,피자,100g,214,9.64,,,498g
피자_포테이토 피자 백미스크린치즈크러스트 (L),빵 및 과자류,피자,100g,216,10.94,,,1024g
피자_포테이토 피자 백미스크린치즈크러스트 (R),빵 및 과자류,피자,100g,209,9.57,,,564g
피자_포테이토 피자 석쇠 (L),빵 및 과자류,피자,100g,284,12.36,,,710g
피자_포테이토 피자 석쇠 (R),빵 및 과자류,피자,100g,284,12.96,,,431g
피자_포테이토 피자 슈퍼시드 화이버 버스트 오리지널 (L),빵 및 과자류,피자,100g,265,11.27,10.59,24.29,1326g
피자_포테이토 피자 슈퍼시드 화이버 오리지널 (L),빵 및 과자류,피자,100g,223,9,8.67,26.71,1140g
피자_포테이토 피자 슈퍼시드 화이버 오리지널 (M),빵 및 과자류,피자,100g,227,8.8,9.02,27.63,626g
피자_포테이토 피자 (R),빵 및 과자류,피자,100g,276,9.54,,,575.9
피자_포테이토 피자 (XL),빵 및 과자류,피자,100g,216,19.16,,,1144g
피자_포테이토 피자 (XL),빵 및 과자류,피자,100g,265,14.63,,,1228g
피자_포테이토 피자 고구마크러스트 (L),빵 및 과자류,피자,100g,223,9.56,,,1088g
피자_포테이토 피자 고구마크러스트 (R),빵 및 과자류,피자,100g,222,8.57,,,630g
피자_포테이토 피자 골드 (L),빵 및 과자류,피자,100g,237,10.85,,,1307
피자_포테이토 피자 골드 (M),빵 및 과자류,피자,100g,234,11.33,,,837.2
피자_포테이토 피자 골드 (R),빵 및 과자류,피자,100g,234,10.17,,,707g
피자_포테이토 피자 골드 에그타르트 (M),빵 및 과자류,피자,100g,230,11.19,,,783.2
피자_포테이토 피자 골드스윗 (L),빵 및 과자류,피자,100g,286,12.39,,,900g
피자_포테이토 피자 골드스윗 (R),빵 및 과자류,피자,100g,285,12.5,,,576g
피자_포테이토 피자 나폴리 (L),빵 및 과자류,피자,100g,232,9.58,12.94,,936g
피자_포테이토 피자 나폴리 (M),빵 및 과자류,피자,100g,236,10.28,10.84,24.32,506g
피자_포테이토 피자 더블치즈 엣지 (L),빵 및 과자류,피자,100g,237,11.14,12.2,20.61,1345g
피자_포테이토 피자 더블치즈 엣지 (M),빵 및 과자류,피자,100g,245,11.31,11.39,24.2,767g
피자_포테이토 피자 더블치즈 페퍼로니 엣지 (L),빵 및 과자류,피자,100g,241,11.56,11.07,22.34,1385g
피자_포테이토 피자 더블치즈 페퍼로니 엣지 (M),빵 및 과자류,피자,100g,248,11.68,12.17,23.5,787g
피자_포테이토 피자 리코타링 (L),빵 및 과자류,피자,100g,290,12.87,,,810g
피자_이탈리아 마르게리따 피자 더블치즈 페퍼로니 엣지 (L),빵 및 과자류,피자,100g,251,12.01,11.56,25.73,1123g
피자_포테이토 스페셜치즈크러스트 (M),빵 및 과자류,피자,100g,291,13.42,,,570g
피자_포테이토 스페셜치즈크러스트 골드 (M),빵 및 과자류,피자,100g,296,13.95,,,587g
피자_포테이토 알픽,빵 및 과자류,피자,100g,266,13.54,,,175g
피자_포테이토 오리지널 트리플치즈버스트엣지 (L),빵 및 과자류,피자,100g,257,12,,,1319g
피자_포테이토 피자,빵 및 과자류,피자,100g,128,5.65,,,100g
피자_포테이토 피자,빵 및 과자류,피자,100g,225,12.86,,26.43,1120g
피자_포테이토 피자,빵 및 과자류,피자,100g,242,11.54,8.24,31.32,735g
피자_포테이토 피자,빵 및 과자류,피자,100g,299,13.33,14.55,20.61,1320g
피자_포테이토 피자 (L),빵 및 과자류,피자,100g,253,9.32,,,1114
피자_포테이토 피자 (L),빵 및 과자류,피자,100g,296,15.73,10.19,35.46,614g
피자_포테이토 피자 (L),빵 및 과자류,피자,100g,266,9.31,,,912.6
피자_포테이토 피자 (L),빵 및 과자류,피자,100g,244,10.88,,,1174g
피자_포테이토 피자 (L),빵 및 과자류,피자,100g,243,12.28,,,848g
피자_포테이토 피자 (L),빵 및 과자류,피자,100g,229,10.73,,,818g
피자_포테이토 피자 (L),빵 및 과자류,피자,100g,213,9.17,,,1200g
피자_포테이토 피자 (L),빵 및 과자류,피자,100g,261,12.58,,,775g
피자_포테이토 피자 (L),빵 및 과자류,피자,100g,222,10.1,,,1185g
피자_포테이토 피자 (R),빵 및 과자류,피자,100g,224,10.34,,,695g
피자_이탈리아 마르게리따 피자 더블치즈 엣지 (L),빵 및 과자류,피자,100g,246,11.5,10.65,25.99,1083g
피자_포게더 피자 골드 (L),빵 및 과자류,피자,100g,245,11.15,,,1363
피자_포게더 피자 골드 (M),빵 및 과자류,피자,100g,238,11.74,,,857.2
피자_포게더 피자 에그타르트 (L),빵 및 과자류,피자,100g,251,10.35,,,1363
피자_포게더 피자 에그타르트 (M),빵 및 과자류,피자,100g,244,10.96,,,857.2
피자_포게더 피자 오리진 (L),빵 및 과자류,피자,100g,244,11.18,,,1200g
피자_포게더 피자 오리진 (M),빵 및 과자류,피자,100g,236,11.94,,,748g
피자_포게더 피자 치즈캡 (L),빵 및 과자류,피자,100g,246,12.31,,,1322
피자_포게더 피자 치즈캡 (M),빵 및 과자류,피자,100g,239,13.23,,,843.5
피자_포게더 피자 크림치즈 (L),빵 및 과자류,피자,100g,246,10.23,,,1409
피자_포게더 피자 크림치즈 (M),빵 및 과자류,피자,100g,239,10.84,,,884.5
피자_포새이돈 피자 (L),빵 및 과자류,피자,100g,241,12.09,,,1032g
피자_포슬포슬 감자 피자 씬 크러스트 (R),빵 및 과자류,피자,100g,270,10.88,,,536g
피자_포테그체다크러스트(L),빵 및 과자류,피자,100g,250,9.86,,,1275g
피자_포테그체다크러스트(R),빵 및 과자류,피자,100g,250,9.86,,,765.8
피자_포테이토 (L),빵 및 과자류,피자,100g,230,9.02,,,902g
피자_포테이토 (R),빵 및 과자류,피자,100g,228,9.52,,,578g
피자_포테이토 스페셜리치골드 (M),빵 및 과자류,피자,100g,288,12.3,,,679g
피자_포테이토 스페셜오리지널 (M),빵 및 과자류,피자,100g,273,11.77,,,494g
피자_이탈리아 마르게리따 피자 나폴리 (L),빵 및 과자류,피자,100g,233,11,9.22,26.35,717g
피자_페페로니 피자 치즈크러스트 (L),빵 및 과자류,피자,100g,280,14,,,927g
피자_페페로니 피자 치즈크러스트 (M),빵 및 과자류,피자,100g,280,14.34,,,533g
피자_페페로니 피자 팬 (L),빵 및 과자류,피자,100g,303,11.89,,,849g
피자_페페로니 피자 팬 (M),빵 및 과자류,피자,100g,301,12,,,436g
피자_페페로니 피자밀도우(L),빵 및 과자류,피자,100g,113,10.23,,,700g
피자_페페로니 피자밀도우(R),빵 및 과자류,피자,100g,76,6.8,,,562g
피자_페페로니 피자씬도우(L),빵 및 과자류,피자,100g,114,10.22,,,490g
피자_페페로니 피자씬도우(R),빵 및 과자류,피자,100g,76,6.81,,,462g
피자_페페로니&할라피뇨 피자 씬 (L),빵 및 과자류,피자,100g,312,13.12,,,503g
피자_페페로니더블피자 (L),빵 및 과자류,피자,100g,282,13.92,,,755g
피자_페페로니더블피자 (XL),빵 및 과자류,피자,100g,289,13.63,,,397g
피자_페페로니팔자피자 (L),빵 및 과자류,피자,100g,280,12.5,,,768g
피자_페페로니팔자피자 (R),빵 및 과자류,피자,100g,287,12.5,,,424g
피자_페페로니피자,빵 및 과자류,피자,100g,289,13.9,,,285g
피자_페페로니피자,빵 및 과자류,피자,100g,290,16.04,,,845g
피자_페페로니피자 (L),빵 및 과자류,피자,100g,289,13.74,,,700g
피자_페페로니피자 (R),빵 및 과자류,피자,100g,287,13.62,,,392g
피자_페페로니피자 (XL),빵 및 과자류,피자,100g,290,13.89,,,845g
피자_의좋은4형제 피자 (L),빵 및 과자류,피자,100g,225,5.01,,,1066g
피자_페페로니 피자 리치골드(L),빵 및 과자류,피자,100g,280,12.54,,,1046g
피자_페페로니 피자 리코타링 (G),빵 및 과자류,피자,100g,296,15.56,,,1354g
피자_페페로니 피자 리코타링 (L),빵 및 과자류,피자,100g,294,16,,,796g
피자_페페로니 피자 리코타링 (R),빵 및 과자류,피자,100g,296,15.67,,,535g
피자_페페로니 피자 밀도우 (L),빵 및 과자류,피자,100g,113,10.23,,,700g
피자_페페로니 피자 밀도우 (R),빵 및 과자류,피자,100g,76,6.8,,,562g
피자_페페로니 피자 석쇠 (G),빵 및 과자류,피자,100g,292,16.24,,,1174g
피자_페페로니 피자 석쇠 (L),빵 및 과자류,피자,100g,292,16.09,,,696g
피자_페페로니 피자 석쇠 (R),빵 및 과자류,피자,100g,292,15.79,,,455g
피자_페페로니 피자 씬도우 (L),빵 및 과자류,피자,100g,343,16.67,,,479g
피자_페페로니 피자 씬도우 (L),빵 및 과자류,피자,100g,114,10.22,,,490g
피자_페페로니 피자 씬도우 (R),빵 및 과자류,피자,100g,357,16,,,332g
피자_페페로니 피자 씬도우 (R),빵 및 과자류,피자,100g,76,6.81,,,462g
피자_페페로니 피자 씬바샤삭 (L),빵 및 과자류,피자,100g,343,16.67,,,479g
피자_페페로니 피자 씬바샤삭 (R),빵 및 과자류,피자,100g,357,16,,,332g
피자_페페로니 피자 치즈링 (G),빵 및 과자류,피자,100g,284,17.27,,,1394g
피자_페페로니 피자 치즈링 (L),빵 및 과자류,피자,100g,284,16.67,,,816g
피자_페페로니 피자 치즈링 (R),빵 및 과자류,피자,100g,283,16.55,,,555g
피자_육해공골드 피자 (L),빵 및 과자류,피자,100g,252,12.89,,,902g
피자_페페로니 러버오리지널 (L),빵 및 과자류,피자,100g,286,12.82,,,653g
피자_페페로니 러버오리지널 (M),빵 및 과자류,피자,100g,288,13.12,,,415g
피자_페페로니 러버치즈크러스트 (L),빵 및 과자류,피자,100g,283,12.99,,,857g
피자_페페로니 러버치즈크러스트 (M),빵 및 과자류,피자,100g,290,14.05,,,521g
피자_페페로니 러버치즈크러스트 골드 (L),빵 및 과자류,피자,100g,288,13.6,,,890g
피자_페페로니 러버치즈크러스트 골드 (M),빵 및 과자류,피자,100g,294,14.53,,,539g
피자_페페로니 러버팬 (L),빵 및 과자류,피자,100g,322,11.47,,,734g
피자_페페로니 알픽,빵 및 과자류,피자,100g,293,14.83,,,152g
피자_페페로니 피자,빵 및 과자류,피자,100g,290,16.04,,29.25,845g
피자_페페로니 피자 (L),빵 및 과자류,피자,100g,292,16.72,,,713g
피자_페페로니 피자 (L),빵 및 과자류,피자,100g,349,12.5,,,830g
피자_페페로니 피자 (L),빵 및 과자류,피자,100g,236,11.86,,,715g
피자_페페로니 피자 (L),빵 및 과자류,피자,100g,271,12.91,,,650g
피자_페페로니 피자 (M),빵 및 과자류,피자,100g,280,14.54,,,400g
피자_페페로니 피자 골드스윗 (G),빵 및 과자류,피자,100g,291,15.23,,,1509g
피자_페페로니 피자 골드스윗 (L),빵 및 과자류,피자,100g,292,15.32,,,886g
피자_페페로니 피자 골드스윗 (R),빵 및 과자류,피자,100g,291,14.67,,,600g
피자_페페로니 피자 리치골드 (M),빵 및 과자류,피자,100g,273,12.97,,,604g
피자_유로코베스트 피자,빵 및 과자류,피자,100g,272,12.92,,,1139g
피자_페퍼로니피자 오리지널,빵 및 과자류,피자,100g,289,14.87,,,445g
피자_페퍼로니피자 치즈크러스트 (L),빵 및 과자류,피자,100g,287,15,,,846g
피자_페퍼로니피자 치즈크러스트 (M),빵 및 과자류,피자,100g,283,12.36,,,606g
피자_페퍼로니피자(L),빵 및 과자류,피자,100g,265,14.25,11.89,25.21,853g
피자_페퍼로니피자(P),빵 및 과자류,피자,100g,265,14.25,11.89,25.21,327g
피자_페퍼로니피자(R),빵 및 과자류,피자,100g,265,14.25,11.89,25.21,535g
피자_페퍼로니피자바이트,빵 및 과자류,피자,100g,280,13.77,,,848g
피자_페퍼로니피자오리지널(L),빵 및 과자류,피자,100g,273,14,,,854g
피자_페퍼로니피자오리지널(L),빵 및 과자류,피자,100g,285,15.13,,,640g
피자_페페로니 러버 피자 씬 (L),빵 및 과자류,피자,100g,374,16.76,,,410g
피자_페페로니 러버 피자 오리지널 (L),빵 및 과자류,피자,100g,306,14.04,,,685g
피자_페페로니 러버 피자 오리지널 (M),빵 및 과자류,피자,100g,309,14.69,,,390g
피자_페페로니 러버 피자 오리지널 파마산 치즈 (L),빵 및 과자류,피자,100g,310,14.69,,,708g
피자_페페로니 러버 피자 오리지널 파마산 치즈 (M),빵 및 과자류,피자,100g,316,15.45,,,404g
피자_페페로니 러버 피자 팬 (L),빵 및 과자류,피자,100g,332,12.47,,,741g
피자_페페로니 러버리치골드 (L),빵 및 과자류,피자,100g,280,12.05,,,1017g
피자_페페로니 러버리치골드 (M),빵 및 과자류,피자,100g,282,12.45,,,636g
피자_페페로니 러버씬 (L),빵 및 과자류,피자,100g,348,14.65,,,404g
피자_위스콘신치즈포테이토 피자 (P),빵 및 과자류,피자,100g,252,12.31,,,1300g
피자_페퍼로니 하트씬,빵 및 과자류,피자,100g,284,8.7,,,798.8
피자_페퍼로니(L),빵 및 과자류,피자,100g,289,15.33,,,600g
피자_페퍼로니(M),빵 및 과자류,피자,100g,289,15.33,,,429g
피자_페퍼로니(R),빵 및 과자류,피자,100g,203,14.37,,,618g
피자_페퍼로니(XL),빵 및 과자류,피자,100g,271,19.15,,,936g
피자_페퍼로니디트로이트 피자,빵 및 과자류,피자,100g,280,14.29,14.29,23.47,784g
피자_페퍼로니씬(L),빵 및 과자류,피자,100g,337,16.67,,,525g
피자_페퍼로니치즈폭탄 피자 (L),빵 및 과자류,피자,100g,277,18.35,,,1115g
피자_페퍼로니치즈폭탄피자,빵 및 과자류,피자,100g,277,18.35,,,1115g
피자_페퍼로니폭탄 피자,빵 및 과자류,피자,100g,286,14.29,,,692g
피자_페퍼로니피자,빵 및 과자류,피자,100g,266,14.7,7.4,35.15,200g
피자_페퍼로니피자,빵 및 과자류,피자,100g,317,17.52,,,565g
피자_페퍼로니피자,빵 및 과자류,피자,100g,294,14.94,,,683g
피자_페퍼로니피자 (1인),빵 및 과자류,피자,100g,303,17.1,,,231g
피자_페퍼로니피자 (L),빵 및 과자류,피자,100g,287,15.17,,,746g
피자_페퍼로니피자 (M),빵 및 과자류,피자,100g,283,12.17,,,531g
피자_페퍼로니피자 리치골드크러스트 (L),빵 및 과자류,피자,100g,284,14.85,,,946g
피자_페퍼로니피자 리치골드크러스트 (M),빵 및 과자류,피자,100g,282,12.41,,,631g
피자_페퍼로니 피자 씬 (M),빵 및 과자류,피자,100g,335,14.94,22.03,,280g
피자_페퍼로니 피자 오리지널 (F),빵 및 과자류,피자,100g,282,11.13,,,862.6
피자_페퍼로니 피자 오리지널 (L),빵 및 과자류,피자,100g,270,12.77,11.14,29.73,847g
피자_페퍼로니 피자 오리지널 (L),빵 및 과자류,피자,100g,282,11.24,,,641g
피자_페퍼로니 피자 오리지널 (M),빵 및 과자류,피자,100g,275,12.5,11.53,30.3,500g
피자_페퍼로니 피자 오리지널 (P),빵 및 과자류,피자,100g,282,10.94,,,1096
피자_페퍼로니 피자 오리지널 (R),빵 및 과자류,피자,100g,281,11.02,,,354.2
피자_페퍼로니 피자 치즈롤 (F),빵 및 과자류,피자,100g,291,12.74,,,1130
피자_페퍼로니 피자 치즈롤 (L),빵 및 과자류,피자,100g,291,13.18,,,849.8
피자_페퍼로니 피자 치즈롤 (P),빵 및 과자류,피자,100g,291,12.65,,,1423
피자_페퍼로니 피자 치즈버스트 나폴리 (L),빵 및 과자류,피자,100g,284,13.43,16.55,20.26,875g
피자_페퍼로니 피자 치즈버스트 오리지널 (L),빵 및 과자류,피자,100g,275,12.43,14.44,23.8,1084g
피자_페퍼로니 피자 치즈크러스트 (F),빵 및 과자류,피자,100g,299,18.71,,,1163g
피자_페퍼로니 피자 치즈크러스트 (L),빵 및 과자류,피자,100g,303,18.67,,,948g
피자_페퍼로니 피자 치즈크러스트 (R),빵 및 과자류,피자,100g,307,18.85,,,554g
피자_페퍼로니 피자 팬 (F),빵 및 과자류,피자,100g,308,18.42,,,1133g
피자_페퍼로니 피자 팬 (L),빵 및 과자류,피자,100g,308,18.38,,,808g
피자_페퍼로니 피자 팬 (R),빵 및 과자류,피자,100g,309,18.38,,,414g
피자_페퍼로니 피자 라이스골드 (R),빵 및 과자류,피자,100g,301,17.64,,,634g
피자_페퍼로니 피자 라이스바이트 (F),빵 및 과자류,피자,100g,292,16.55,,,1538g
피자_페퍼로니 피자 라이스바이트 (L),빵 및 과자류,피자,100g,298,16.84,,,1188g
피자_페퍼로니 피자 라이스바이트 (R),빵 및 과자류,피자,100g,301,16.11,,,734g
피자_페퍼로니 피자 마니아 에어도우 (L),빵 및 과자류,피자,100g,274,13.07,,,810g
피자_페퍼로니 피자 마니아 에어도우 (M),빵 및 과자류,피자,100g,274,12.99,,,443g
피자_페퍼로니 피자 마니아 파마산엣지 (L),빵 및 과자류,피자,100g,276,13.56,,,834g
피자_페퍼로니 피자 마니아 파마산엣지 (M),빵 및 과자류,피자,100g,276,13.55,,,458g
피자_페퍼로니 피자 석쇠 (F),빵 및 과자류,피자,100g,303,18.38,,,1033g
피자_페퍼로니 피자 석쇠 (L),빵 및 과자류,피자,100g,304,18.34,,,748g
피자_페퍼로니 피자 석쇠 (R),빵 및 과자류,피자,100g,305,18.35,,,384g
피자_페퍼로니 피자 슈퍼시드 화이버 버스트 오리지널 (L),빵 및 과자류,피자,100g,328,15.38,13.76,25.61,1046g
피자_페퍼로니 피자 슈퍼시드 화이버 오리지널 (L),빵 및 과자류,피자,100g,274,12.5,11.9,29.11,860g
피자_페퍼로니 피자 슈퍼시드 화이버 오리지널 (M),빵 및 과자류,피자,100g,270,12,9.93,32.65,498g
피자_페퍼로니 피자 슈화 더블 치즈 페퍼로니 엣지 (L),빵 및 과자류,피자,100g,326,15.9,14.69,24.32,1057g
피자_페퍼로니 피자 슈화 더블 치즈 페퍼로니 엣지 (M),빵 및 과자류,피자,100g,334,16.09,13.54,26.47,634g
피자_페퍼로니 피자 씬 (F),빵 및 과자류,피자,100g,315,12.25,,,848.7
피자_페퍼로니 피자 씬 (L),빵 및 과자류,피자,100g,321,14.34,20.23,20.44,502g
피자_페퍼로니 피자 (M),빵 및 과자류,피자,100g,269,15.45,,,464g
피자_페퍼로니 피자 (P),빵 및 과자류,피자,100g,281,10.91,,,1097g
피자_페퍼로니 피자 (R),빵 및 과자류,피자,100g,281,11.02,,,354g
피자_페퍼로니 피자 (R),빵 및 과자류,피자,100g,289,14.04,,,455g
피자_페퍼로니 피자 (XL),빵 및 과자류,피자,100g,271,19.15,,,936g
피자_페퍼로니 피자 골드링 (F),빵 및 과자류,피자,100g,299,12.87,,,1119
피자_페퍼로니 피자 골드링 (L),빵 및 과자류,피자,100g,299,12.82,,,748.7
피자_페퍼로니 피자 골드링 (P),빵 및 과자류,피자,100g,299,12.56,,,1512
피자_페퍼로니 피자 골드링씬 (F),빵 및 과자류,피자,100g,312,11.58,,,1105
피자_페퍼로니 피자 나폴리 (L),빵 및 과자류,피자,100g,286,14.8,14.22,24.7,632g
피자_페퍼로니 피자 나폴리 (M),빵 및 과자류,피자,100g,299,14.27,14.89,26.99,360g
피자_페퍼로니 피자 더블치즈 엣지 (L),빵 및 과자류,피자,100g,275,12.68,13.77,25.1,1054g
피자_페퍼로니 피자 더블치즈 엣지 (M),빵 및 과자류,피자,100g,286,13.79,15.31,23.15,644g
피자_페퍼로니 피자 더블치즈 엣지 오리지널 (M),빵 및 과자류,피자,100g,274,13.61,,,588g
피자_페퍼로니 피자 더블치즈 페퍼로니 엣지 (L),빵 및 과자류,피자,100g,279,13.16,13.46,23.63,1094g
피자_페퍼로니 피자 더블치즈 페퍼로니 엣지 (M),빵 및 과자류,피자,100g,288,14.15,14.16,23.61,664g
피자_페퍼로니 피자 라이스골드 (F),빵 및 과자류,피자,100g,284,17.84,,,1456g
피자_페퍼로니 피자 라이스골드 (L),빵 및 과자류,피자,100g,297,17.35,,,1108g
피자_치즈폭탄핫멕시칸,빵 및 과자류,피자,100g,226,15.12,,,1305g
피자_치즈퐁듀파이어미트 피자 오리지널 (L),빵 및 과자류,피자,100g,237,11.72,,,1160g
피자_치즈피자,빵 및 과자류,피자,100g,293,15.72,,,585g
피자_치즈피자,빵 및 과자류,피자,100g,277,15.7,7.9,35.6,200g
피자_치즈피자 (L),빵 및 과자류,피자,100g,282,14.46,,,624g
피자_치즈피자 (L),빵 및 과자류,피자,100g,275,13.17,,,697g
피자_치즈피자 (M),빵 및 과자류,피자,100g,274,14.16,,,497g
피자_치즈피자 (R),빵 및 과자류,피자,100g,281,14.3,,,352g
피자_치즈피자 (XL),빵 및 과자류,피자,100g,273,16.59,,,765g
피자_치즈피자 리치골드크러스트 (L),빵 및 과자류,피자,100g,275,13.29,,,897g
피자_치즈피자 리치골드크러스트 (M),빵 및 과자류,피자,100g,274,14.08,,,597g
피자_치즈피자 오리지널,빵 및 과자류,피자,100g,302,13.56,,,355g
피자_치즈피자 치즈크러스트 (L),빵 및 과자류,피자,100g,276,13.24,,,797g
피자_치즈피자 치즈크러스트 (M),빵 및 과자류,피자,100g,275,14.1,,,572g
피자_치즈피자(L),빵 및 과자류,피자,100g,277,15.24,11.65,27.91,740g
피자_치즈피자(P),빵 및 과자류,피자,100g,277,15.24,11.65,27.91,290g
피자_치즈피자(R),빵 및 과자류,피자,100g,208,10,,,601g
피자_치즈피자(R),빵 및 과자류,피자,100g,277,15.24,11.65,27.91,460g
피자_치즈피자(XL),빵 및 과자류,피자,100g,272,14.91,,,910g
피자_점보포테이토 피자 (L),빵 및 과자류,피자,100g,233,11.17,,,1656g
피자_치즈폭탄 더블임실치즈불고기 피자 (L),빵 및 과자류,피자,100g,234,15.89,,,1208g
피자_치즈폭탄 더블임실치즈슈퍼슈프림 피자 (L),빵 및 과자류,피자,100g,238,14.38,,,876g
피자_치즈폭탄 더블임실치즈짱감자 피자 (L),빵 및 과자류,피자,100g,227,13.48,,,1424g
피자_치즈폭탄 더블임실치즈페파로니 피자 (L),빵 및 과자류,피자,100g,240,15.17,,,870g
피자_치즈폭탄 더블임실치즈하와이언 피자 (L),빵 및 과자류,피자,100g,215,13.5,,,1304g
피자_치즈폭탄 더블임실치즈핫멕시칸 피자 (L),빵 및 과자류,피자,100g,226,15.34,,,978g
피자_치즈폭탄 피자 (L),빵 및 과자류,피자,100g,288,21.18,,,780g
피자_치즈폭탄 핵치즈폭탄 피자 (L),빵 및 과자류,피자,100g,254,14.93,,,804g
피자_치즈폭탄고구마,빵 및 과자류,피자,100g,231,13.06,,,1310g
피자_치즈폭탄디럭스,빵 및 과자류,피자,100g,254,14.62,,,1075g
피자_치즈폭탄밤호박,빵 및 과자류,피자,100g,217,12.92,,,1315g
피자_치즈폭탄버팔로,빵 및 과자류,피자,100g,233,13.59,,,1465g
피자_치즈폭탄불고기,빵 및 과자류,피자,100g,235,16.1,,,1205g
피자_치즈폭탄슈퍼슈프림,빵 및 과자류,피자,100g,239,14.66,,,1165g
피자_치즈폭탄짱감자,빵 및 과자류,피자,100g,227,13.45,,,1425g
피자_치즈폭탄페파로니,빵 및 과자류,피자,100g,241,15.35,,,1160g
피자_치즈폭탄피자,빵 및 과자류,피자,100g,288,21.18,,,780g
피자_치즈폭탄하와이언,빵 및 과자류,피자,100g,215,13.38,,,1305g
베이글_블랙올리브치즈 베이글,빵 및 과자류,베이글,100g,274,7.94,6.35,44.44,126g
베이글_블랙올리브치즈 베이글(두번 쫄깃),빵 및 과자류,베이글,100g,274,7.94,,,126g
베이글_블루베리 베이글,빵 및 과자류,베이글,100g,291,9.09,2.73,58.18,110g
베이글_블루베리 베이글,빵 및 과자류,베이글,100g,255,9.09,,,110g
베이글_블루베리 베이글,빵 및 과자류,베이글,100g,325,10,,,110g
베이글_블루베리 베이글,빵 및 과자류,베이글,100g,280,7,,,100g
베이글_블루베리 베이글,빵 및 과자류,베이글,100g,305,10.58,,,113g
베이글_블루베리 베이글,빵 및 과자류,베이글,100g,325,10.91,,,110g
베이글_블루베리 베이글,빵 및 과자류,베이글,100g,308,10,,,100g
베이글_블루베리 베이글,빵 및 과자류,베이글,100g,270,10,,,100g
베이글_블루베리 베이글,빵 및 과자류,베이글,100g,271,9.17,,,120g
베이글_블루베리 베이글,빵 및 과자류,베이글,100g,305,10.58,,,113g
베이글_블루베리 베이글,빵 및 과자류,베이글,100g,306,11,,,100g
베이글_블루베리 베이글,빵 및 과자류,베이글,100g,318,10,7.27,52.73,110g
피자_치즈포테이토피자 (1인),빵 및 과자류,피자,100g,257,10.91,,,318g
피자_치즈폭탄 더블임실치즈고구마 피자 (L),빵 및 과자류,피자,100g,230,12.8,,,1312g
피자_치즈폭탄 더블임실치즈밤호박 피자 (L),빵 및 과자류,피자,100g,216,12.8,,,1312g
피자_치즈폭탄 더블임실치즈버팔로 피자 (L),빵 및 과자류,피자,100g,233,13.66,,,1098g
베이글_모카번 베이글,빵 및 과자류,베이글,100g,278,7.83,,,115g
베이글_무화과 베이글,빵 및 과자류,베이글,100g,267,8.33,,,120g
베이글_무화과 크림치즈 베이글,빵 및 과자류,베이글,100g,285,6.7,8.4,45.7,144g
베이글_바질 베이글,빵 및 과자류,베이글,100g,339,10,,59,100g
베이글_바질 베이글,빵 및 과자류,베이글,100g,268,10,2.73,50.91,110g
베이글_바질 베이글&크림치즈,빵 및 과자류,베이글,100g,294,7.8,,,141g
베이글_바질&토마토 크림치즈 베이글,빵 및 과자류,베이글,100g,292,9.29,,,183g
베이글_바질토마토크림치즈베이글,빵 및 과자류,베이글,100g,286,7.57,,,185g
베이글_버터 베이글,빵 및 과자류,베이글,100g,353,10,,58,100g
베이글_베이글 먹물치즈,빵 및 과자류,베이글,100g,249,9.52,1.43,49.52,105g
베이글_베이글 크랜베리·호두,빵 및 과자류,베이글,100g,286,13.33,5.71,47.62,105g
베이글_베이글 플레인,빵 및 과자류,베이글,100g,200,20.95,7.62,,105g
베이글_베이컨 파 크림치즈 베이글,빵 및 과자류,베이글,100g,294,7.22,,,180g
베이글_베이컨갈릭크림치즈,빵 및 과자류,베이글,100g,325,11,15.9,34.4,220g
베이글_베이컨에그베이글,빵 및 과자류,베이글,100g,248,9.17,,,218g
베이글_블랙올리브 베이글&어니언부추크림치즈,빵 및 과자류,베이글,100g,279,7.54,12.06,34.17,199g
베이글_블랙올리브 베이글&어니언부추크림치즈(파베이크),빵 및 과자류,베이글,100g,292,7.29,11.98,37.5,192g
베이글_블랙올리브 베이글(파베이크),빵 및 과자류,베이글,100g,288,7.5,5.83,50,120g
베이글_기본좋은세서미베이글,빵 및 과자류,베이글,100g,277,8.4,,,119g
베이글_기본좋은쌀베이글,빵 및 과자류,베이글,100g,271,7.63,,,118g
베이글_기본좋은올리브베이글,빵 및 과자류,베이글,100g,271,7.63,,,118g
베이글_깜빠뉴 베이글,빵 및 과자류,베이글,100g,328,10.91,8.18,52.73,110g
베이글_뉴욕 치즈 타르트,빵 및 과자류,베이글,100g,310,6,,,50g
베이글_대파베이컨 크림치즈 베이글,빵 및 과자류,베이글,100g,278,9.38,,,160g
베이글_데일리베이글,빵 및 과자류,베이글,100g,282,10.91,,,110g
베이글_데일리블루베리 베이글,빵 및 과자류,베이글,100g,288,8.57,,,105g
베이글_데일리블루베리베이글,빵 및 과자류,베이글,100g,288,8.57,,,105g
베이글_데일리월넛 베이글,빵 및 과자류,베이글,100g,370,9.52,,,105g
베이글_데일리월넛베이글,빵 및 과자류,베이글,100g,370,9.52,,,105g
베이글_리얼 블루베리 베이글,빵 및 과자류,베이글,100g,261,10,,,100g
베이글_리얼 치즈 베이글,빵 및 과자류,베이글,100g,273,10.91,,,110g
베이글_멀티그레인 베이글,빵 및 과자류,베이글,100g,303,9.02,9.02,45.9,122g
베이글_멀티그레인 베이글,빵 및 과자류,베이글,100g,287,10,,,120g
베이글_멀티그레인 베이글&허니월넛크림치즈,빵 및 과자류,베이글,100g,296,8.38,8.38,46.11,167g
베이글_메이플 크림치즈 베이글,빵 및 과자류,베이글,100g,301,10.59,,,170g
베이글_메이플피칸 베이글,빵 및 과자류,베이글,100g,276,7.76,7.76,44.83,116g
번_카페모카빵(대),빵 및 과자류,번,100g,381,8.68,,,265g
번_카페모카빵(소),빵 및 과자류,번,100g,379,9.09,,,132g
번_커피번,빵 및 과자류,번,100g,387,7.25,,,69g
번_커피콩빵,빵 및 과자류,번,100g,423,8.57,,,70g
번_커피콩빵,빵 및 과자류,번,100g,374,5.84,,,100g
번_커피콩빵,빵 및 과자류,번,100g,423,8.57,,,70g
번_쿠키&크림 번버거,빵 및 과자류,번,100g,295,4.18,,,201g
번_크림가득모카번,빵 및 과자류,번,100g,413,4.97,,,161g
번_크림치즈번,빵 및 과자류,번,100g,359,8.57,16,55.24,105g
번_티라미수 번버거,빵 및 과자류,번,100g,282,4.61,,,191g
번_플레이번 모카,빵 및 과자류,번,100g,337,9.2,8.05,54.02,87g
번_플레이번 바닐라,빵 및 과자류,번,100g,343,9.2,9.2,54.02,87g
번_피스타치오블랙번,빵 및 과자류,번,100g,380,6.84,,,117g
번_핫 치즈번,빵 및 과자류,번,100g,392,6.67,,,60g
번_호두카야번,빵 및 과자류,번,100g,401,8.57,15.24,55.24,105g
번데기탕,찌개 및 전골류,번데기탕,100ml,23,2.2,1.48,0.42,200ml
베이글,빵 및 과자류,베이글,100g,306,10,5.83,53.48,120g
베이글_갈릭크림치즈 베이글,빵 및 과자류,베이글,100g,320,7.35,11.76,45.59,136g
베이글_갈릭크림치즈 베이글(파베이크),빵 및 과자류,베이글,100g,329,7.14,12.86,44.29,140g
번_모카빵,빵 및 과자류,번,100g,355,8,,,207g
번_모카빵 (소),빵 및 과자류,번,100g,335,6.42,,,109g
번_모카빵(소),빵 및 과자류,번,100g,331,7.41,,,216g
번_미니모카빵,빵 및 과자류,번,100g,336,7.27,,,55g
번_바닐라번,빵 및 과자류,번,100g,360,8.42,12,53.68,95g
번_쁘띠모카빵,빵 및 과자류,번,100g,351,8.33,,,144g
번_아몬드모카빵,빵 및 과자류,번,100g,352,9,,,190g
번_악마의 초코번,빵 및 과자류,번,100g,304,5.66,,40.57,106g
번_악마의 크림번,빵 및 과자류,번,100g,304,5.71,,40.95,105g
번_오리지널 핫 번,빵 및 과자류,번,100g,400,6.67,,,60g
번_오리지널커피번,빵 및 과자류,번,100g,440,7,,,100g
번_옥수수콘크림번,빵 및 과자류,번,100g,316,5.75,16.09,37.93,87g
번_초코번,빵 및 과자류,번,100g,396,8.42,16,53.68,95g
번_치즈번,빵 및 과자류,번,100g,392,6.67,,,60g
번_카페 모카빵(소),빵 및 과자류,번,100g,329,7.41,,,108g
번_카페모카빵,빵 및 과자류,번,100g,331,7.41,7.41,59.72,216g
번_카페모카빵 (대),빵 및 과자류,번,100g,362,8.08,,,260g
번_카페모카빵 (소),빵 및 과자류,번,100g,362,8.46,,,130g
번_카페모카빵 (소),빵 및 과자류,번,100g,329,7.41,7.41,60.19,108g
버섯찌개,찌개 및 전골류,버섯찌개,100ml,32,2.2,1.32,4.27,257.4
버터빵_고메소금빵,빵 및 과자류,버터빵,100g,374,9.43,,,53g
버터빵_버터 소금빵,빵 및 과자류,버터빵,100g,365,8,,,75g
버터빵_버터롤,빵 및 과자류,버터빵,100g,320,8,11,48,100g
버터빵_뺑오플레르,빵 및 과자류,버터빵,100g,339,8.2,,,50g
버터빵_소금버터롤,빵 및 과자류,버터빵,100g,387,8.07,,,62g
버터빵_소금빵,빵 및 과자류,버터빵,100g,432,15.38,,,65g
버터빵_앙버터소금버터롤,빵 및 과자류,버터빵,100g,406,7.14,,,112g
버터빵_에그마요소금버터롤,빵 및 과자류,버터빵,100g,309,9.76,,,123g
버터빵_우유크림소금버터롤,빵 및 과자류,버터빵,100g,368,5.46,,,110g
버터빵_트러플소금버터롤,빵 및 과자류,버터빵,100g,383,7.81,,,64g
버터크림빵,빵 및 과자류,버터크림빵,100g,383,8.18,18.41,46.23,60g
번_NEW)아다지오커피번,빵 및 과자류,번,100g,405,6,,,100g
번_골든버터번,빵 및 과자류,번,100g,314,5.71,,,70g
번_딸기번,빵 및 과자류,번,100g,424,8.42,15.79,62.11,95g
번_로띠번,빵 및 과자류,번,100g,369,9.47,12.63,53.68,95g
번_마담얼그레이크림번,빵 및 과자류,번,100g,395,9,,,100g
번_모카번,빵 및 과자류,번,100g,400,6.67,,,60g
번_모카번,빵 및 과자류,번,100g,391,6.25,,,80g
버섯전,전·적 및 부침류,버섯전,100g,160,7.02,9.91,10.8,150g
버섯전,전·적 및 부침류,버섯전,100ml,164,5.4,7.05,20.54,86.5
버섯전,전·적 및 부침류,버섯전,100ml,202,6.7,8.64,25.31,49.5
버섯전,전·적 및 부침류,버섯전,100ml,141,4.6,8.08,12.64,40ml
버섯전,전·적 및 부침류,버섯전,100ml,202,6.7,8.64,25.31,49.5
버섯전_표고버섯,전·적 및 부침류,버섯전,100g,181,10.13,9.98,12.74,150g
버섯전골,찌개 및 전골류,버섯전골,100ml,36,2.6,1.81,3.22,272ml
버섯전골,찌개 및 전골류,버섯전골,100ml,28,2.1,1.39,2.89,488ml
버섯전골,찌개 및 전골류,버섯전골,100ml,36,2.6,1.81,3.22,272ml
버섯전골,찌개 및 전골류,버섯전골,100g,78,5.14,4.24,4.78,300g
버섯전골_간편조리세트_남도식 들깨 버섯전골,찌개 및 전골류,버섯전골,100g,40,2.14,1.5,4.54,968g
버섯전골_소고기,찌개 및 전골류,버섯전골,100ml,59,4.11,3.02,4.69,400ml
버섯조림,조림류,버섯조림,100ml,33,2.04,0.74,6.83,60ml
버섯조림,조림류,버섯조림,100g,60,4.38,2,6.23,150g
버섯찌개,찌개 및 전골류,버섯찌개,100g,42,3.68,1.3,3.85,400g
버섯찌개,찌개 및 전골류,버섯찌개,100ml,60,4,2.09,8.54,270ml
버섯찌개,찌개 및 전골류,버섯찌개,100ml,32,2.2,1.3,4.46,257.4
버섯찌개,찌개 및 전골류,버섯찌개,100ml,60,4,2.09,8.54,270ml
버거_화이트갈릭싸이버거,빵 및 과자류,버거,100g,289,14.06,,,263g
버거_휠렛 버거,빵 및 과자류,버거,100g,203,13.54,9.72,15.63,288g
버거_휠렛버거,빵 및 과자류,버거,100g,220,13.01,,,248g
버섯 덮밥,밥류,버섯 덮밥,100ml,101,2.6,1.63,18.47,572ml
버섯 덮밥,밥류,버섯 덮밥,100ml,101,2.6,1.63,18.47,572ml
버섯 매운탕,찌개 및 전골류,버섯 매운탕,100ml,45,2.4,1.36,6.93,800ml
버섯 매운탕,찌개 및 전골류,버섯 매운탕,100ml,45,2.4,1.36,6.93,800ml
버섯 샤브샤브,찌개 및 전골류,버섯 샤브샤브,100ml,27,2,1.36,2.46,488ml
버섯 잡채,볶음류,버섯 잡채,100ml,149,4.8,12.22,6.28,200ml
버섯구이,구이류,버섯구이,100g,52,5.16,1.38,4.78,80g
버섯구이_새송이버섯,구이류,버섯구이,100g,84,4.29,2.21,11.66,80g
버섯구이표고버섯,구이류,버섯구이표고버섯,100g,100,4.34,1.06,18.14,80g
버섯국,국 및 탕류,버섯국,100ml,42,3.3,2.43,2.71,320ml
버섯무침_느타리버섯,생채·무침류,버섯무침,100g,59,2.74,3.77,3.44,150g
버섯볶음_느타리버섯,볶음류,버섯볶음,100g,94,2.8,6.2,6.78,50g
버섯볶음_새송이버섯,볶음류,버섯볶음,100g,121,2.95,8.03,9.29,120g
버섯볶음_양송이버섯,볶음류,버섯볶음,100g,91,3,5.53,7.33,150g
버섯볶음_표고버섯,볶음류,버섯볶음,100g,95,3,4.47,10.53,150g
버거_필레오피쉬 버거,빵 및 과자류,버거,100g,250,10.22,,,137g
버거_하와이안BBQ 버거,빵 및 과자류,버거,100g,188,8.61,,,244g
버거_한우불고기 버거,빵 및 과자류,버거,100g,217,9.13,,,263g
버거_한우트러플머쉬룸 버거,빵 및 과자류,버거,100g,215,9.23,,,271g
버거_할라피뇨와퍼 버거,빵 및 과자류,버거,100g,210,9.73,,,298g
버거_할라피뇨와퍼주니어 버거,빵 및 과자류,버거,100g,239,10.12,,,168g
버거_할라피뇨통살 버거,빵 및 과자류,버거,100g,236,10.11,13.45,18.73,267g
버거_함박스테이크 버거,빵 및 과자류,버거,100g,191,6,,,162g
버거_핫슈피뇨 버거,빵 및 과자류,버거,100g,227,10.2,,,304g
버거_핫치즈징거 버거,빵 및 과자류,버거,100g,192,12.55,,,271g
버거_핫크리스피 버거,빵 및 과자류,버거,100g,265,11.58,,,190g
버거_핫크리스피치킨버거,빵 및 과자류,버거,100g,265,11.56,,,190g
버거_핫통삼겹베이컨 버거,빵 및 과자류,버거,100g,239,12.67,,,292g
버거_해쉬브라운&치킨 버거,빵 및 과자류,버거,100g,284,6.42,,,218g
버거_햄버거,빵 및 과자류,버거,100g,263,12.87,8.91,32.67,101g
버거_햄치즈휠렛 버거,빵 및 과자류,버거,100g,210,14.64,,,321g
버거_화이트갈릭 버거,빵 및 과자류,버거,100g,235,15.1,11.91,16.78,298g
버거_화이트갈릭버거,빵 및 과자류,버거,100g,228,14.45,,,280g
버거_화이트갈릭싸이 버거,빵 및 과자류,버거,100g,289,14.07,17.38,19.01,263g
버거_통새우와퍼,빵 및 과자류,버거,100g,231,11,,,309g
버거_통새우와퍼 버거,빵 및 과자류,버거,100g,226,10.37,,,328g
버거_통새우와퍼주니어,빵 및 과자류,버거,100g,246,10.12,,,168g
버거_통새우와퍼주니어 버거,빵 및 과자류,버거,100g,235,12.96,,,162g
버거_투머치 베이컨 버거,빵 및 과자류,버거,100g,235,13.03,14.18,13.41,261g
버거_트리플딥치즈비프 버거,빵 및 과자류,버거,100g,251,13.55,15.14,15.54,251g
버거_트리플딥치즈싸이 버거,빵 및 과자류,버거,100g,242,11.4,12.94,19.85,272g
버거_트리플딥치즈싸이버거,빵 및 과자류,버거,100g,242,11.58,,,272g
버거_트리플치즈 버거,빵 및 과자류,버거,100g,283,16.44,15.98,19.63,219g
버거_티렉스버거,빵 및 과자류,버거,100g,217,12.31,,,213g
버거_티렉스버거 T-REX 버거,빵 및 과자류,버거,100g,217,12.21,,,213g
버거_페퍼로니 버거,빵 및 과자류,버거,100g,209,9.09,,,187g
버거_페퍼로니 버거,빵 및 과자류,버거,100g,254,11.4,,,193g
버거_페퍼로니치킨 버거,빵 및 과자류,버거,100g,255,11.64,,,189g
버거_페퍼로니피자 치킨 버거,빵 및 과자류,버거,100g,240,12.15,13.77,16.6,247g
버거_폴더 버거 비프,빵 및 과자류,버거,100g,251,13.79,,,203g
버거_프랭크 버거,빵 및 과자류,버거,100g,260,11.44,,,140g
버거_프랭크 버거 (L),빵 및 과자류,버거,100g,259,11.45,,,175g
버거_프랭크 버거 (R),빵 및 과자류,버거,100g,236,10.01,,,173g
버거_크리스퍼 마늘치킨,빵 및 과자류,버거,100g,259,9.81,,,255g
버거_크리스피치킨버거,빵 및 과자류,버거,100g,296,13.58,,,218g
버거_클래식징거통다리,빵 및 과자류,버거,100g,271,11.11,,,234g
버거_클래식치즈 버거,빵 및 과자류,버거,100g,338,13.99,,,143g
버거_클래식치즈 버거 버터번,빵 및 과자류,버거,100g,337,10.96,,,146g
버거_클래식치즈버거,빵 및 과자류,버거,100g,337,10.77,,,146g
버거_클래식치킨버거,빵 및 과자류,버거,100g,310,11.54,,,202g
버거_킹치킨 버거,빵 및 과자류,버거,100g,299,11.24,,,178g
버거_타워 버거,빵 및 과자류,버거,100g,220,11.89,10.07,18.18,286g
버거_탄두리싸이 버거,빵 및 과자류,버거,100g,250,12.21,14.2,18.32,262g
버거_텍사스바베큐버거,빵 및 과자류,버거,100g,243,12.8,,,279g
버거_텍사스바비큐치킨 버거,빵 및 과자류,버거,100g,211,11.58,,,285g
버거_통새우 버거,빵 및 과자류,버거,100g,175,5,,,182g
버거_통새우 버거,빵 및 과자류,버거,100g,228,6.33,,,221g
버거_통새우 버거,빵 및 과자류,버거,100g,252,6.74,11.57,30.34,178g
버거_통새우버거,빵 및 과자류,버거,100g,252,6.94,,,178g
버거_통새우버거,빵 및 과자류,버거,100g,228,6.34,,,221g
버거_통새우슈림프 버거,빵 및 과자류,버거,100g,243,8.47,,,189g
버거_통새우슈림프버거,빵 및 과자류,버거,100g,269,8.42,,,190g
버거_치킨킹BLT,빵 및 과자류,버거,100g,275,9.29,,,269g
버거_치킨킹BLT 버거,빵 및 과자류,버거,100g,275,9.36,,,299g
버거_치킨킹버거,빵 및 과자류,버거,100g,300,10.8,,,250g
버거_치폴레 핫 치킨,빵 및 과자류,버거,100g,234,9.23,,,195g
버거_치플레핫치킨 버거,빵 및 과자류,버거,100g,234,9.23,12.31,21.03,195g
버거_칠리 치킹 버거,빵 및 과자류,버거,100g,246,10.99,,,282g
버거_칠리새우 버거,빵 및 과자류,버거,100g,245,7,11.9,27.5,200g
버거_칠리징거통다리,빵 및 과자류,버거,100g,258,10.08,,,258g
버거_칠리치킹버거,빵 및 과자류,버거,100g,246,10.99,,,282g
버거_캡새 버거,빵 및 과자류,버거,100g,268,7.22,,,180g
버거_커넬 데리야끼,빵 및 과자류,버거,100g,246,10.06,,,169g
버거_커넬 오리지널,빵 및 과자류,버거,100g,287,9.83,,,173g
버거_케이준비프 스낵랩,빵 및 과자류,버거,100g,302,10.78,18.63,22.55,102g
버거_코울슬로 치킨,빵 및 과자류,버거,100g,243,12.39,,,218g
버거_코울슬로치킨 버거,빵 및 과자류,버거,100g,255,11.01,13.76,22.02,218g
버거_콰트로 맥앤치즈 버거,빵 및 과자류,버거,100g,282,10.76,17.04,20.63,223g
버거_콰트로치즈와퍼 버거,빵 및 과자류,버거,100g,249,12.94,,,309g
버거_콰트로치즈와퍼주니어 버거,빵 및 과자류,버거,100g,258,12.14,,,173g
버거_쿼터파운더치즈 버거,빵 및 과자류,버거,100g,271,15.66,14.14,21.21,198g
버거_치즈 NO.5 버거,빵 및 과자류,버거,100g,278,11.48,,,183g
버거_치즈 버거,빵 및 과자류,버거,100g,277,13.91,11.3,30.43,115g
버거_치즈 버거,빵 및 과자류,버거,100g,288,12.69,,,134g
버거_치즈 버거,빵 및 과자류,버거,100g,248,10.81,,,150g
버거_치즈 버거 (L),빵 및 과자류,버거,100g,261,10.83,,,185g
버거_치즈 버거 (R),빵 및 과자류,버거,100g,242,9.98,,,186g
버거_치즈 버거라지 (L),빵 및 과자류,버거,100g,269,10.57,,,227g
버거_치즈베이컨 버거,빵 및 과자류,버거,100g,201,13.75,,,320g
버거_치즈와퍼 버거,빵 및 과자류,버거,100g,236,10.89,,,303g
버거_치즈와퍼주니어 버거,빵 및 과자류,버거,100g,258,11.18,,,170g
버거_치즈징거통다리,빵 및 과자류,버거,100g,274,11.11,,,270g
버거_치즈홀릭 버거 체다,빵 및 과자류,버거,100g,226,14.69,,,354g
버거_치킨 버거,빵 및 과자류,버거,100g,302,10.11,,,178g
버거_치킨 버거,빵 및 과자류,버거,100g,252,10.64,,,141g
버거_치킨몬스터 버거,빵 및 과자류,버거,100g,251,8.68,,,265g
버거_치킨버거,빵 및 과자류,버거,100g,252,10.81,,,141g
버거_치킨버거,빵 및 과자류,버거,100g,297,10.06,,,179g
버거_치킨스테이크 버거,빵 및 과자류,버거,100g,199,8,,,170g
버거_치킨킹,빵 및 과자류,버거,100g,300,10.71,,,224g
버거_와퍼 버거,빵 및 과자류,버거,100g,223,10.43,,,278g
버거_와퍼주니어 버거,빵 및 과자류,버거,100g,253,10.76,,,158g
버거_웰빙머쉬룸버거,빵 및 과자류,버거,100g,216,4.59,,,218g
버거_인크레더블 버거,빵 및 과자류,버거,100g,240,12.18,12.6,19.23,312g
버거_인크레더블버거,빵 및 과자류,버거,100g,240,12.33,,,312g
버거_직화버섯소불고기 버거,빵 및 과자류,버거,100g,239,7.77,,,193g
버거_직화소불고기버거,빵 및 과자류,버거,100g,257,7.87,,,178g
버거_징거 BLT 버거,빵 및 과자류,버거,100g,210,13.51,10.81,15.06,259g
버거_징거 더블다운맥스 버거,빵 및 과자류,버거,100g,216,16.62,12.64,8.97,349g
버거_징거BLT버거,빵 및 과자류,버거,100g,246,13.08,,,283g
버거_징거더블다운통다리,빵 및 과자류,버거,100g,273,13.84,,,354g
버거_징거버거,빵 및 과자류,버거,100g,246,14.67,,,225g
버거_징거타워버거,빵 및 과자류,버거,100g,238,11.88,,,303g
버거_창녕갈릭비프 버거,빵 및 과자류,버거,100g,250,10,13.33,22.96,270g
버거_창녕갈릭치킨 버거,빵 및 과자류,버거,100g,232,8.39,11.74,24.16,298g
버거_청양 바삭 통새우버거,빵 및 과자류,버거,100g,233,8.21,,,232g
버거_청양마요미트볼 버거,빵 및 과자류,버거,100g,265,11.96,14.55,21.59,301g
버거_청양칠리 새우 베이컨,빵 및 과자류,버거,100g,222,8.17,,,215g
버거_치아바타머쉬룸 버거,빵 및 과자류,버거,100g,178,4.55,,,198g
버거_에그불고기 버거,빵 및 과자류,버거,100g,236,9.48,,,211g
버거_에그불고기 버거,빵 및 과자류,버거,100g,221,9.46,11.71,19.82,222g
버거_에그샐러드번,빵 및 과자류,버거,100g,251,7.69,,,180g
버거_에그포테이토 버거,빵 및 과자류,버거,100g,267,6.06,,,165g
버거_에그포테이토버거,빵 및 과자류,버거,100g,267,6.06,,,165g
버거_에드워드리 싸이버거,빵 및 과자류,버거,100g,225,13.36,,,274g
버거_오리지널 새우,빵 및 과자류,버거,100g,244,7.39,,,176g
버거_오리지널더블 버거,빵 및 과자류,버거,100g,260,13.06,,,314g
버거_오리지널미트볼 버거,빵 및 과자류,버거,100g,269,11.22,15.84,20.13,303g
버거_오리지널스 페퍼잭 더블,빵 및 과자류,버거,100g,305,15.76,,,368g
버거_오리지널스 페퍼잭 싱글,빵 및 과자류,버거,100g,321,15.12,,,291g
버거_오리지널싱글 버거,빵 및 과자류,버거,100g,221,9.83,,,234g
버거_오믈렛킹모닝,빵 및 과자류,버거,100g,276,8.33,,,180g
버거_오징어 얼라이브버거 매운맛,빵 및 과자류,버거,100g,251,9.09,,,202g
버거_오징어 얼라이브버거 블랙페퍼맛,빵 및 과자류,버거,100g,260,9.12,,,202g
버거_오찡 버거,빵 및 과자류,버거,100g,213,7.29,,,192g
버거_오찡버거,빵 및 과자류,버거,100g,212,7.29,,,192g
버거_와규에디션 Ⅱ,빵 및 과자류,버거,100g,269,10.81,,,185g
버거_와우스모크디럭스버거,빵 및 과자류,버거,100g,217,12.63,,,267g
버거_스위트 핫도그,빵 및 과자류,버거,100g,205,12.5,,,216g
버거_스콜쳐 버거 플러스,빵 및 과자류,버거,100g,271,8.9,16.1,22.26,292g
버거_스태커2와퍼 버거,빵 및 과자류,버거,100g,255,13.68,,,424g
버거_스태커3와퍼 버거,빵 및 과자류,버거,100g,261,15.44,,,544g
버거_스태커4와퍼 버거,빵 및 과자류,버거,100g,263,16.15,,,650g
버거_스파이시치킨 스낵랩,빵 및 과자류,버거,100g,271,10.71,15.18,23.21,112g
버거_시그니처더블 버거,빵 및 과자류,버거,100g,245,12.25,,,302g
버거_시그니처싱글 버거,빵 및 과자류,버거,100g,198,9.72,,,247g
버거_싸이 버거,빵 및 과자류,버거,100g,258,12.17,14.83,19.13,230g
버거_싸이버거,빵 및 과자류,버거,100g,258,12.03,,,230g
버거_싸이플렉스 버거,빵 및 과자류,버거,100g,244,10.84,13.74,19.21,406g
버거_싸이플렉스버거,빵 및 과자류,버거,100g,244,10.78,,,406g
버거_아라비아따치즈 버거,빵 및 과자류,버거,100g,256,13.27,13.07,21.36,309g
버거_아라비아따치즈버거,빵 및 과자류,버거,100g,256,13.29,,,309g
버거_아메리칸치즈 버거,빵 및 과자류,버거,100g,243,12.97,,,185g
버거_양념치킨싸이 버거,빵 및 과자류,버거,100g,253,11.15,,,260g
버거_언빌리버블 버거,빵 및 과자류,버거,100g,228,13.31,11.95,17.16,338g
버거_언빌리버블버거,빵 및 과자류,버거,100g,215,12.22,,,327g
버거_업그레이비타워,빵 및 과자류,버거,100g,216,10.91,,,330g
버거_산체스 버거,빵 및 과자류,버거,100g,182,8.15,,,233g
버거_살사리코 버거,빵 및 과자류,버거,100g,235,11.11,,,279g
버거_새우 버거,빵 및 과자류,버거,100g,275,8.38,,,179g
버거_새우베이컨 버거,빵 및 과자류,버거,100g,255,8.06,,,211g
버거_새우불고기 버거,빵 및 과자류,버거,100g,238,7.54,11.23,26.59,252g
버거_새우익스트림 레몬크림 버거,빵 및 과자류,버거,100g,227,7.23,,,235g
버거_쉬림프 버거,빵 및 과자류,버거,100g,242,6.96,,,171g
버거_쉬림프버거,빵 및 과자류,버거,100g,254,6.33,,,210g
버거_쉬림프싸이플렉스 버거,빵 및 과자류,버거,100g,285,9.63,16.38,24.92,301g
버거_쉬림프싸이플렉스버거,빵 및 과자류,버거,100g,285,9.48,,,301g
버거_쉬림프페퍼로니모짜 버거 (R),빵 및 과자류,버거,100g,251,9.3,,,264g
버거_슈림프 버거,빵 및 과자류,버거,100g,254,8.09,,,173g
버거_슈림프 버거,빵 및 과자류,버거,100g,215,5.91,,,220g
버거_슈림프버거,빵 및 과자류,버거,100g,290,7.87,,,178g
버거_슈비 버거,빵 및 과자류,버거,100g,201,7.43,8.55,23.79,269g
버거_슈슈 버거,빵 및 과자류,버거,100g,183,5.36,6.25,26.79,224g
버거_스리라차치킨 버거,빵 및 과자류,버거,100g,239,11.47,11.01,23.85,218g
버거_스리라차치킹버거,빵 및 과자류,버거,100g,236,11.32,,,265g
버거_스모키살사 버거,빵 및 과자류,버거,100g,209,8.84,11.63,17.21,215g
버거_불고기롱치킨 버거,빵 및 과자류,버거,100g,260,10.34,,,232g
버거_불고기몬스터 버거,빵 및 과자류,버거,100g,258,13.06,,,245g
버거_불고기와퍼 버거,빵 및 과자류,버거,100g,229,9.63,,,301g
버거_불고기와퍼주니어 버거,빵 및 과자류,버거,100g,242,10.37,,,164g
버거_불불불불싸이버거,빵 및 과자류,버거,100g,242,12.14,,,264g
버거_불싸이 버거,빵 및 과자류,버거,100g,236,12.17,10.17,23.91,230g
버거_불싸이버거,빵 및 과자류,버거,100g,236,12.2,,,230g
버거_블랙라벨더블다운맥스 버거,빵 및 과자류,버거,100g,266,15,,,320g
버거_블랙라벨폴인치즈 버거,빵 및 과자류,버거,100g,242,11.33,,,300g
버거_블랙바비큐와퍼 버거,빵 및 과자류,버거,100g,266,12.29,,,293g
버거_블랙바비큐콰트로치즈와퍼 버거,빵 및 과자류,버거,100g,270,12.77,,,329g
버거_비스크 치즈 새우,빵 및 과자류,버거,100g,232,8.2,,,183g
버거_비프&슈림프 버거,빵 및 과자류,버거,100g,235,9.84,,,244g
버거_비프불고기 버거,빵 및 과자류,버거,100g,231,12.28,,,171g
버거_비프스테이크 버거,빵 및 과자류,버거,100g,274,13.33,16.44,18.15,270g
버거_빅맥 버거,빵 및 과자류,버거,100g,261,12.11,13.9,22.42,223g
버거_빅불 버거,빵 및 과자류,버거,100g,282,13.33,,,270g
버거_빈스미트 핫도그,빵 및 과자류,버거,100g,232,10.26,,,195g
버거_사각새우 더블 버거,빵 및 과자류,버거,100g,267,8.17,,,208g
버거_바비큐치킨 버거,빵 및 과자류,버거,100g,278,11.31,,,168g
버거_바비큐킹치킨 버거,빵 및 과자류,버거,100g,278,11.31,,,168g
버거_베이컨더블치즈 버거,빵 및 과자류,버거,100g,244,13.97,,,315g
버거_베이컨에그번,빵 및 과자류,버거,100g,245,8.61,,,159g
버거_베이컨치즈 버거,빵 및 과자류,버거,100g,249,15.47,,,207g
버거_베이컨치즈 버거 (L),빵 및 과자류,버거,100g,257,12.81,,,250g
버거_베이컨치즈 버거 (R),빵 및 과자류,버거,100g,220,10.91,,,231g
버거_베이컨치즈와퍼 버거,빵 및 과자류,버거,100g,248,11.75,,,315g
버거_베이컨토마토디럭스 버거,빵 및 과자류,버거,100g,231,11.74,11.34,21.86,247g
버거_베이컨햄 에그번,빵 및 과자류,버거,100g,404,16.24,,,117g
버거_불고기 4DX 버거,빵 및 과자류,버거,100g,225,11.56,,,225g
버거_불고기 버거,빵 및 과자류,버거,100g,246,8.54,11.04,28.05,164g
버거_불고기 버거,빵 및 과자류,버거,100g,228,11.17,,,179g
버거_불고기 버거,빵 및 과자류,버거,100g,253,10.64,,,188g
버거_불고기 버거,빵 및 과자류,버거,100g,265,12.14,,,140g
버거_불고기 버거,빵 및 과자류,버거,100g,245,8.38,11.98,26.35,167g
버거_불고기 베이컨 버거,빵 및 과자류,버거,100g,237,10,,,220g
버거_불고기 익스트림 오징어 버거,빵 및 과자류,버거,100g,256,11.42,,,254g
버거_불고기더블치즈 버거,빵 및 과자류,버거,100g,236,14.02,,,271g
버거_리아 새우,빵 및 과자류,버거,100g,275,8.2,,,179g
버거_리아 새우 베이컨,빵 및 과자류,버거,100g,255,8.01,,,211g
버거_리아미라클 버거,빵 및 과자류,버거,100g,270,9,,,211g
버거_리아미라클2 버거,빵 및 과자류,버거,100g,194,8.29,,,181g
버거_리얼 딥치즈 버거,빵 및 과자류,버거,100g,243,12.97,,,185g
버거_마라싸이 버거,빵 및 과자류,버거,100g,289,12.5,15.8,24.55,224g
버거_맥스파이시상하이 버거,빵 및 과자류,버거,100g,204,9.76,8.94,21.54,246g
버거_맥치킨 버거,빵 및 과자류,버거,100g,254,10.19,13.59,23.3,206g
버거_맥치킨모짜렐라 버거,빵 및 과자류,버거,100g,254,10.58,12.29,25.94,293g
버거_맥크리스피디럭스 버거,빵 및 과자류,버거,100g,223,8.55,11.15,22.68,269g
버거_맥크리스피클래식 버거,빵 및 과자류,버거,100g,290,11.33,14.78,29.06,203g
버거_머쉬룸 버거,빵 및 과자류,버거,100g,259,10.6,,,180g
버거_머쉬룸 버거 (L),빵 및 과자류,버거,100g,266,10.7,,,250g
버거_메가바이트 버거,빵 및 과자류,버거,100g,304,8.8,20.37,21.76,216g
버거_모짜렐라인더 버거 베이컨,빵 및 과자류,버거,100g,324,13.57,,,221g
버거_몬스터와퍼 버거,빵 및 과자류,버거,100g,253,12.47,,,417g
버거_미라클버거,빵 및 과자류,버거,100g,194,8.47,,,181g
버거_미트마니아 버거,빵 및 과자류,버거,100g,246,12.13,15.74,13.77,305g
버거_바비큐 버거,빵 및 과자류,버거,100g,220,9.31,,,204g
버거_더블스테이크 버거,빵 및 과자류,버거,100g,205,11.57,,,268g
버거_더블오리지널치즈 버거,빵 및 과자류,버거,100g,260,14.58,,,192g
버거_더블와퍼 버거,빵 및 과자류,버거,100g,234,12.5,,,360g
버거_더블치즈 버거,빵 및 과자류,버거,100g,297,15.22,,,211g
버거_더블치즈 버거,빵 및 과자류,버거,100g,287,16.17,14.97,23.35,167g
버거_더블치즈 버거 (L),빵 및 과자류,버거,100g,270,13.17,,,254g
버거_더블치즈 버거 (R),빵 및 과자류,버거,100g,252,15.3,,,272g
버거_더블치즈 베이컨 시그니처 버거,빵 및 과자류,버거,100g,242,10.96,14.47,16.67,228g
버거_더블치즈타워,빵 및 과자류,버거,100g,255,11.64,,,318g
버거_더블쿼터파운더치즈 버거,빵 및 과자류,버거,100g,280,18.18,16.36,15.64,275g
버거_데리마요 버거,빵 및 과자류,버거,100g,218,9.22,,,206g
버거_디럭스불고기 버거,빵 및 과자류,버거,100g,260,10.17,13.98,23.31,236g
버거_딥치즈 버거,빵 및 과자류,버거,100g,215,14.95,10.07,16.01,281g
버거_딥치즈버거,빵 및 과자류,버거,100g,210,12.83,,,259g
버거_딥치즈싸이 버거,빵 및 과자류,버거,100g,266,12.2,15.49,19.92,246g
버거_딥치즈싸이버거,빵 및 과자류,버거,100g,266,12,,,246g
버거_뚱카츠 버거,빵 및 과자류,버거,100g,250,10,,,230g
버거_롱치킨 버거,빵 및 과자류,버거,100g,272,11.9,,,210g
버거_리아 사각새우 더블,빵 및 과자류,버거,100g,267,8.39,,,208g
버거_그릴드비프 버거,빵 및 과자류,버거,100g,242,12.02,14.03,16.74,233g
버거_기네스머쉬룸와퍼 버거,빵 및 과자류,버거,100g,237,11.46,,,323g
버거_기네스와퍼 버거,빵 및 과자류,버거,100g,266,12.29,,,293g
버거_기네스콰트로치 와퍼 버거,빵 및 과자류,버거,100g,270,12.77,,,329g
버거_내슈빌핫치킨 버거,빵 및 과자류,버거,100g,251,11.24,,,267g
버거_뉴욕 버거,빵 및 과자류,버거,100g,234,11.45,,,227g
버거_다이어트싱글 버거,빵 및 과자류,버거,100g,110,6.5,,,246g
버거_더블 데리버거,빵 및 과자류,버거,100g,262,11.18,,,170g
버거_더블 리아미라클2 버거,빵 및 과자류,버거,100g,212,9.8,,,245g
버거_더블 미라클버거,빵 및 과자류,버거,100g,212,10,,,245g
버거_더블 치킨 버거,빵 및 과자류,버거,100g,233,11.71,,,205g
버거_더블 치킨버거,빵 및 과자류,버거,100g,233,11.79,,,205g
버거_더블 클래식 치즈 버거 버터번,빵 및 과자류,버거,100g,343,11.74,,,213g
버거_더블 클래식치즈버거,빵 및 과자류,버거,100g,343,11.9,,,213g
버거_더블 한우불고기 버거,빵 및 과자류,버거,100g,228,13.64,,,352g
버거_더블X2 버거,빵 및 과자류,버거,100g,320,10.96,,,228g
버거_더블불고기 버거,빵 및 과자류,버거,100g,268,10.97,16.03,20.25,237g
버거_더블비프불고기 버거,빵 및 과자류,버거,100g,283,13.98,,,186g
버거_더블빅맥 버거,빵 및 과자류,버거,100g,275,14.73,,,292g
만두_김치만두,면 및 만두류,만두,100g,152,10.24,4.76,17.02,220g
버거_NBB 어메이징 감바스 새우,빵 및 과자류,버거,100g,244,10.31,,,194g
버거_NBB 어메이징 버거,빵 및 과자류,버거,100g,257,11.35,17.73,13.12,282g
버거_NBB 오리지널 버거,빵 및 과자류,버거,100g,232,8.99,13.76,18.52,189g
버거_SG불고기 버거,빵 및 과자류,버거,100g,244,11.21,,,145g
버거_SG불고기 버거 (L),빵 및 과자류,버거,100g,273,9.44,,,180g
버거_SG크림치즈 버거,빵 및 과자류,버거,100g,263,14.36,,,163g
버거_SG크림치즈 버거 (L),빵 및 과자류,버거,100g,310,14.28,,,198g
버거_간장마늘싸이 버거,빵 및 과자류,버거,100g,248,11.34,,,238g
버거_갈릭 치킹 버거,빵 및 과자류,버거,100g,260,10.79,,,278g
버거_갈릭바베큐치킨 버거,빵 및 과자류,버거,100g,232,11.15,12.68,18.47,287g
버거_갈릭불고기와퍼 버거,빵 및 과자류,버거,100g,232,10.7,,,299g
버거_갈릭앤갈릭 버거,빵 및 과자류,버거,100g,278,9.14,16,24,175g
버거_갈릭치킹버거,빵 및 과자류,버거,100g,260,10.79,,,278g
버거_갓양념징거,빵 및 과자류,버거,100g,230,13.4,,,306g
버거_골든맥앤치즈비프 버거,빵 및 과자류,버거,100g,250,12.29,13.77,19.49,236g
버거_골든맥앤치즈치킨 버거,빵 및 과자류,버거,100g,217,10.03,9.1,23.53,289g
버거_그릴드더블비프 버거,빵 및 과자류,버거,100g,251,15.2,15.78,12.16,329g
버거_그릴드불고기 버거,빵 및 과자류,버거,100g,260,9.76,14.02,23.78,164g
만두_김치만두,면 및 만두류,만두,100g,187,8.13,6.59,23.82,100g
뱅쇼_화이트뱅쇼 핫(HOT),음료 및 차류,뱅쇼,100g,69,0.27,,,401g
뱅쇼_히비스커스 뱅쇼 아이스(ICED),음료 및 차류,뱅쇼,100g,28,0,,,390g
뱅쇼_히비스커스 뱅쇼 아이스(ICED) (R),음료 및 차류,뱅쇼,100g,28,0,,,390g
뱅쇼_히비스커스 뱅쇼 핫(HOT),음료 및 차류,뱅쇼,100g,58,0,,,260g
뱅쇼_히비스커스 뱅쇼 핫(HOT) (R),음료 및 차류,뱅쇼,100g,58,0,,,260g
뱅어포구이,구이류,뱅어포구이,100g,374,34.37,15.17,25.07,70g
뱅어포구이,구이류,뱅어포구이,100ml,277,31.2,8.87,18.12,42ml
뱅어포무침,생채·무침류,뱅어포무침,100ml,371,43.7,16.11,10.32,29ml
뱅어포무침,생채·무침류,뱅어포무침,100ml,411,48.3,17.88,11.5,13ml
뱅어포튀김,튀김류,뱅어포튀김,100ml,732,41.2,45.09,34.04,10.2
버거_1955 버거,빵 및 과자류,버거,100g,217,10.98,11.36,18.18,264g
버거_BBQ 치킨 버거,빵 및 과자류,버거,100g,245,11.42,,,100g
버거_BLT 오믈렛 킹모닝,빵 및 과자류,버거,100g,270,9.05,,,210g
버거_BLT오믈렛킹모닝,빵 및 과자류,버거,100g,260,7.87,,,216g
버거_JG 버거,빵 및 과자류,버거,100g,315,18.64,,,190g
버거_JG 버거 (L),빵 및 과자류,버거,100g,319,18.55,,,260g
버거_NBB 시그니처 버거,빵 및 과자류,버거,100g,249,9.86,15.49,17.37,213g
버거_NBB 어메이징 감바스,빵 및 과자류,버거,100g,235,8.56,,,187g
만두_군만두,면 및 만두류,만두,100g,234,7.03,11.5,25.57,220g
뱅쇼_시트러스 티 뱅쇼 아이스(ICED) (Mini Venti),음료 및 차류,뱅쇼,100ml,28,0,,,570ml
뱅쇼_시트러스 티 뱅쇼 핫(HOT) (Grande),음료 및 차류,뱅쇼,100ml,30,0,,,480ml
뱅쇼_시트러스 티 뱅쇼 핫(HOT) (Mini Venti),음료 및 차류,뱅쇼,100ml,28,0,,,570ml
뱅쇼_얼그레이 레몬 뱅쇼 아이스(ICED) (Grande),음료 및 차류,뱅쇼,100ml,30,0,,,480ml
뱅쇼_얼그레이 레몬 뱅쇼 아이스(ICED) (Mini Venti),음료 및 차류,뱅쇼,100ml,28,0,,,570ml
뱅쇼_얼그레이 레몬 뱅쇼 핫(HOT) (Grande),음료 및 차류,뱅쇼,100ml,30,0,,,480ml
뱅쇼_얼그레이 레몬 뱅쇼 핫(HOT) (Mini Venti),음료 및 차류,뱅쇼,100ml,28,0,,,570ml
뱅쇼_원터 화이트 뱅쇼 아이스(ICED) (EX),음료 및 차류,뱅쇼,100ml,51,0.15,,,680ml
뱅쇼_원터 화이트 뱅쇼 아이스(ICED) (R),음료 및 차류,뱅쇼,100ml,54,0.24,,,414ml
뱅쇼_원터 화이트 뱅쇼 핫(HOT) (EX),음료 및 차류,뱅쇼,100ml,53,0.15,,,651ml
뱅쇼_원터 화이트 뱅쇼 핫(HOT) (R),음료 및 차류,뱅쇼,100ml,58,0.26,,,384ml
뱅쇼_제로 뱅쇼 제로슈거 (Grande),음료 및 차류,뱅쇼,100ml,2,0,,,450ml
뱅쇼_홀리데이 레드뱅쇼 아이스(ICED) (EX),음료 및 차류,뱅쇼,100ml,46,0.15,,,680ml
뱅쇼_홀리데이 레드뱅쇼 아이스(ICED) (R),음료 및 차류,뱅쇼,100ml,49,0.24,,,414ml
뱅쇼_홀리데이 레드뱅쇼 핫(HOT) (EX),음료 및 차류,뱅쇼,100ml,48,0.15,,,651ml
뱅쇼_홀리데이 레드뱅쇼 핫(HOT) (R),음료 및 차류,뱅쇼,100ml,52,0.26,,,384ml
뱅쇼_화이트 뱅쇼,음료 및 차류,뱅쇼,100g,23,0,,,415g
뱅쇼_화이트뱅쇼 아이스(ICED),음료 및 차류,뱅쇼,100g,61,0.24,,,451g
배추전,전·적 및 부침류,배추전,100ml,109,3.2,6.01,10.29,96.5
배추전,전·적 및 부침류,배추전,100ml,111,3.3,6.13,10.38,96.5
백김치,김치류,백김치,100g,16,0.95,0.07,3,100g
백설기,빵 및 과자류,백설기,100g,230,3.71,1.45,50.4,100g
백설기,빵 및 과자류,백설기,100g,224,3.78,0.9,50.28,100g
백설기_검정콩,빵 및 과자류,백설기,100g,229,5.75,1.46,48.31,100g
백합죽,죽 및 스프류,백합죽,100g,65,2.36,0.8,12.1,700g
밴댕이무침,생채·무침류,밴댕이무침,100g,150,7.45,8.25,11.5,400g
뱅쇼_경산모과 레드뱅쇼 아이스(ICED),음료 및 차류,뱅쇼,100ml,30,0.11,,,560ml
뱅쇼_경산모과 레드뱅쇼 핫(HOT),음료 및 차류,뱅쇼,100ml,35,0.11,,,560ml
뱅쇼_레드 시나몬 뱅쇼 아이스(ICED),음료 및 차류,뱅쇼,100ml,68,0.28,,,354ml
뱅쇼_레드 시나몬 뱅쇼 핫(HOT),음료 및 차류,뱅쇼,100ml,68,0.28,,,354ml
뱅쇼_루비뱅쇼 아이스(ICED),음료 및 차류,뱅쇼,100g,56,0.16,,,484g
뱅쇼_뱅쇼,음료 및 차류,뱅쇼,100g,42,0.26,,,385g
뱅쇼_뱅쇼 아이스(ICED),음료 및 차류,뱅쇼,100ml,30,0.06,,,710ml
뱅쇼_뱅쇼 티 (ICED),음료 및 차류,뱅쇼,100ml,39,0.05,,,415ml
뱅쇼_뱅쇼 티 핫(HOT),음료 및 차류,뱅쇼,100ml,39,0.05,,,415ml
뱅쇼_뱅쇼 핫(HOT),음료 및 차류,뱅쇼,100ml,47,0.06,,,473ml
뱅쇼_시트러스 티 뱅쇼 아이스(ICED) (Grande),음료 및 차류,뱅쇼,100ml,30,0,,,480ml
배추국_들깨,국 및 탕류,배추국,100ml,21,1.1,1.26,1.85,165.8
배추국_소고기,국 및 탕류,배추국,100g,16,1.84,0.41,1.14,400g
배추김치,김치류,배추김치,100g,38,1.98,0.43,6.49,100g
배추김치_가을재배,김치류,배추김치,100g,37,1.85,0.54,6.1,100g
배추김치_봄재배,김치류,배추김치,100g,39,2.22,0.67,5.95,100g
배추김치_여름재배,김치류,배추김치,100g,38,1.84,0.49,6.56,100g
배추나물,나물·숙채류,배추나물,100ml,53,2.4,1.7,7.95,48.2
배추나물,나물·숙채류,배추나물,100ml,38,2.2,1.55,4.76,100ml
배추나물,나물·숙채류,배추나물,100ml,38,2.2,1.55,4.76,100ml
배추나물,나물·숙채류,배추나물,100ml,53,2.4,1.7,7.95,48.2
배추나물,나물·숙채류,배추나물,100g,61,2.01,2.19,8.45,80g
배추나물_간장,나물·숙채류,배추나물,100ml,31,1.8,1.17,4.07,86.7
배추나물_간장_소금,나물·숙채류,배추나물,100ml,18,1.01,0.73,2.45,140ml
배추나물_된장,나물·숙채류,배추나물,100ml,31,1.67,1.28,3.68,50ml
배추나물_된장,나물·숙채류,배추나물,100ml,32,1.72,1.25,4.25,120ml
배추숙주나물,나물·숙채류,배추숙주나물,100ml,22,1.5,0.62,3.58,44ml
배추전,전·적 및 부침류,배추전,100g,160,3.44,5.78,23.68,150g
배추전,전·적 및 부침류,배추전,100ml,109,3.2,6.01,10.29,96.5
배추 겉절이,생채·무침류,배추 겉절이,100ml,24,1.3,0.38,4.68,160ml
배추 된장국,국 및 탕류,배추 된장국,100ml,13,0.9,0.29,1.8,200ml
배추 된장국,국 및 탕류,배추 된장국,100ml,11,0.8,0.23,1.52,280ml
배추 된장국,국 및 탕류,배추 된장국,100ml,17,1.7,0.37,2.05,188.6
배추 된장국,국 및 탕류,배추 된장국,100ml,17,1.3,0.48,2.28,260ml
배추 된장국_바지락,국 및 탕류,배추 된장국,100ml,25,3,0.51,2.14,320ml
배추 된장국_소고기,국 및 탕류,배추 된장국,100ml,40,2.9,2.32,1.88,350ml
배추 된장국_소고기,국 및 탕류,배추 된장국,100ml,30,2,1.63,1.92,219.3
배추 된장국_소고기,국 및 탕류,배추 된장국,100ml,29,2,1.49,1.92,219.3
배추 된장국_소고기,국 및 탕류,배추 된장국,100ml,30,2.9,1.1,2.18,270ml
배추겉절이,생채·무침류,배추겉절이,100ml,23,1.26,0.39,4.52,160ml
배추겉절이,생채·무침류,배추겉절이,100g,43,2.18,0.92,6.51,100g
배추겉절이,생채·무침류,배추겉절이,100ml,40,1.95,0.95,7.13,50ml
배추국,국 및 탕류,배추국,100ml,9,1.3,0.1,0.89,320ml
배추국,국 및 탕류,배추국,100ml,9,1.3,0.1,0.89,165.6
배추국,국 및 탕류,배추국,100ml,9,1.3,0.1,0.89,165.6
배추국_들깨,국 및 탕류,배추국,100ml,20,1,1.25,1.77,320ml
배추국_들깨,국 및 탕류,배추국,100ml,21,1.1,1.26,1.85,165.8
바지락 미역국_떡,국 및 탕류,바지락 미역국,100ml,8,0.9,0.15,1.14,190ml
바지락 수제비_감자,면 및 만두류,바지락 수제비,100ml,43,1.7,0.49,7.52,1072
바지락 수제비_감자,면 및 만두류,바지락 수제비,100ml,31,1.3,0.45,5.08,1000m
바지락국,국 및 탕류,바지락국,100ml,17,2.2,0.51,0.74,320ml
바지락국,국 및 탕류,바지락국,100ml,17,2.2,0.52,0.74,203.3
바지락국,국 및 탕류,바지락국,100ml,17,2.2,0.52,0.74,203.3
바지락찜,찜류,바지락찜,100ml,83,8,1.71,9.15,146.8
바지락찜,찜류,바지락찜,100ml,83,8,1.71,9.15,146.8
밤밥,밥류,밤밥,100ml,152,3.4,0.23,32.65,209.8
밤밥,밥류,밤밥,100ml,152,3.4,0.23,32.65,209.8
방풍나물_고추장,나물·숙채류,방풍나물,100ml,37,1.5,0.79,7.19,50ml
방풍나물_고추장,나물·숙채류,방풍나물,100ml,37,1.5,0.79,7.19,50ml
방풍나물_된장,나물·숙채류,방풍나물,100ml,31,1.6,0.94,4.9,50ml
방풍나물_소금,나물·숙채류,방풍나물,100ml,23,1.1,0.79,3.68,50ml
방풍나물무침,나물·숙채류,방풍나물무침,100g,76,4.39,1.73,10.74,80g
배추 겉절이,생채·무침류,배추 겉절이,100ml,41,2,0.97,7.35,50ml
배추 겉절이,생채·무침류,배추 겉절이,100ml,30,1.5,1.24,4.04,148.1
배추 겉절이,생채·무침류,배추 겉절이,100ml,30,1.5,0.79,5.29,56.9
만두_고기만두,면 및 만두류,만두,100g,208,9.38,6.58,27.79,100g
바게트_통검정보리브레드,빵 및 과자류,바게트,100g,217,6,,,510g
바게트_통밀깜파뉴,빵 및 과자류,바게트,100g,241,7,,,350g
바게트_파리의 갈릭바게뜨,빵 및 과자류,바게트,100g,429,7.5,,,120g
바게트_파리의 바게뜨,빵 및 과자류,바게트,100g,265,9,,,200g
바게트_프랑스바게트,빵 및 과자류,바게트,100g,274,10.8,,,250g
바게트_프렌치마늘바게뜨,빵 및 과자류,바게트,100g,323,6.83,11.8,45.96,161g
바게트_프렌치바게뜨,빵 및 과자류,바게트,100g,252,8.87,,,248g
바게트_피자 바게트,빵 및 과자류,바게트,100g,297,7.5,,,160g
바게트_피자바게트,빵 및 과자류,바게트,100g,213,10,,,248g
바게트_피자바게트,빵 및 과자류,바게트,100g,297,8.13,,,160g
바게트_허니바게트볼,빵 및 과자류,바게트,100g,366,7.03,,,128g
바게트_허니버터 바게트볼,빵 및 과자류,바게트,100g,66,1.25,,,480g
바게트_호두바게트,빵 및 과자류,바게트,100g,318,10.72,,,140g
바게트_호두연유바게트,빵 및 과자류,바게트,100g,384,7.41,,,216g
바지락 된장국,국 및 탕류,바지락 된장국,100ml,16,1.6,0.35,1.78,300ml
바지락 미역국,국 및 탕류,바지락 미역국,100ml,13,1.9,0.28,1.22,300ml
바지락 미역국,국 및 탕류,바지락 미역국,100ml,13,1.9,0.28,1.22,300ml
바지락 미역국,국 및 탕류,바지락 미역국,100ml,13,1.9,0.28,1.22,300ml
만두_고기만두,면 및 만두류,만두,100g,159,12.38,4.45,17.4,220g
바게트_무화과크림 바게트,빵 및 과자류,바게트,100g,405,5.8,22.5,44.9,140g
바게트_미엘프로마쥬,빵 및 과자류,바게트,100g,278,7.76,,,245g
바게트_바게트볼,빵 및 과자류,바게트,100g,390,7,,45,100g
바게트_반미마늘스틱,빵 및 과자류,바게트,100g,405,4.55,,,44g
바게트_반미바게뜨,빵 및 과자류,바게트,100g,246,5.13,,,78g
바게트_순수바게트,빵 및 과자류,바게트,100g,264,8.1,,,250g
바게트_스위트깜빠뉴,빵 및 과자류,바게트,100g,264,7.2,8.4,39.8,290g
바게트_쌀모닝 바게트 (2개입),빵 및 과자류,바게트,100g,327,8.91,,,101g
바게트_쌀모닝 바게트(2개입),빵 및 과자류,바게트,100g,327,8.91,,,101g
바게트_자꾸 생각나는 갈릭바게뜨,빵 및 과자류,바게트,100g,444,6.67,,,45g
바게트_정통바게뜨,빵 및 과자류,바게트,100g,255,9,1.2,51,270g
바게트_치즈바게뜨,빵 및 과자류,바게트,100g,305,11,,,250g
바게트_콘에그바게뜨,빵 및 과자류,바게트,100g,265,8.14,15.7,22.67,172g
바게트_크랜베리 로프,빵 및 과자류,바게트,100g,249,7.14,,,350g
바게트_크랜베리윌넛,빵 및 과자류,바게트,100g,414,4.76,,,42g
바게트_크림치즈모닝바게뜨,빵 및 과자류,바게트,100g,292,9.85,,,264g
바게트_크림치즈모닝바게뜨 (H),빵 및 과자류,바게트,100g,292,9.85,6.82,46.21,132g
바게트_토마토 치즈 부기브레드,빵 및 과자류,바게트,100g,247,10,,,170g
막창구이_소고기,구이류,막창구이,100g,358,15.34,32.73,0.4,100g
바게트_갈릭 치즈 부기브레드,빵 및 과자류,바게트,100g,369,9.41,,,170g
바게트_갈릭바게뜨,빵 및 과자류,바게트,100g,375,7.5,17.5,45,80g
바게트_겉바속촉꿀버터바게트,빵 및 과자류,바게트,100g,368,6.14,,,114g
바게트_꿀버터 바게트,빵 및 과자류,바게트,100g,363,5.83,,,120g
바게트_남해마늘로만든갈릭퐁당브레드(대),빵 및 과자류,바게트,100g,399,6.6,,,303g
바게트_남해마늘로만든갈릭퐁당브레드(소),빵 및 과자류,바게트,100g,401,6.62,,,151g
바게트_달콤바삭 연유 바게뜨,빵 및 과자류,바게트,100g,374,6.59,,,182g
바게트_달콤바삭연유바게뜨,빵 및 과자류,바게트,100g,374,6.59,17.03,48.35,182g
바게트_달콤한 연유바게뜨,빵 및 과자류,바게트,100g,373,6.67,,,150g
바게트_대파 바게트볼,빵 및 과자류,바게트,100g,424,7.78,,,90g
바게트_마늘 바게트,빵 및 과자류,바게트,100g,425,8,,,135g
바게트_마늘 바게트,빵 및 과자류,바게트,100g,377,7.9,,,130g
바게트_마늘모닝바게뜨,빵 및 과자류,바게트,100g,324,8.57,8.57,51.9,210g
바게트_마늘바게뜨,빵 및 과자류,바게트,100g,330,7,,,205g
바게트_마늘빵 (5개입),빵 및 과자류,바게트,100g,350,7.14,,,70g
바게트_마롱깜파뉴,빵 및 과자류,바게트,100g,243,6.82,,,220g
바게트_명란바게뜨,빵 및 과자류,바게트,100g,350,7.5,17.5,41.25,80g
바게트_모닝바게뜨,빵 및 과자류,바게트,100g,258,8.95,,,190g
밀크티/버블티_흑당 펄 밀크티 핫(HOT) (L),음료 및 차류,밀크티/버블티,100g,86,2.03,,,395g
밀크티/버블티_흑당 펄 밀크티 핫(HOT) (R),음료 및 차류,밀크티/버블티,100g,86,2.15,,,325g
밀크티/버블티_흑당 홍차 버블티,음료 및 차류,밀크티/버블티,100ml,72,0.98,,,480ml
밀크티/버블티_흑설탕 버블티,음료 및 차류,밀크티/버블티,100ml,78,1.17,,,600ml
밀크티/버블티_흑설탕 버블티 (더벤티),음료 및 차류,밀크티/버블티,100ml,86,1.36,,,960ml
밀크티_블랙,음료 및 차류,밀크티,100g,49,1,2.64,5.3,100g
밀크티_초콜릿,음료 및 차류,밀크티,100g,76,1.23,3.68,9.61,100g
밀크티_타로,음료 및 차류,밀크티,100g,102,0.37,5.83,11.95,100g
밀크티_흑당,음료 및 차류,밀크티,100g,94,2.38,2.55,15.37,100g
밀크티_흑당밀크 아이스(ICED),음료 및 차류,밀크티,100ml,63,1.27,1.69,8.21,591ml
밀푀유나베_간편조리세트_매콤 밀푀유나베,찌개 및 전골류,밀푀유나베,100g,55,4.13,3.11,2.52,1269g
밀푀유나베_간편조리세트_밀푀유나베,찌개 및 전골류,밀푀유나베,100g,36,3.45,1.64,1.8,1657g
밀푀유나베_간편조리세트_밀푀유나베,찌개 및 전골류,밀푀유나베,100g,41,3.66,1.17,3.83,1655g
밀푀유나베_간편조리세트_밀푀유나베,찌개 및 전골류,밀푀유나베,100g,47,3.53,1.02,5.94,1473g
바게트_NEW 마늘바게뜨,빵 및 과자류,바게트,100g,308,8.3,,,265g
바게트_NEW 모닝바게뜨,빵 및 과자류,바게트,100g,258,8.95,1.21,51.58,190g
바게트_NEW마늘바게뜨,빵 및 과자류,바게트,100g,308,8.3,6.79,51.7,265g
바게트_갈릭 바게트볼,빵 및 과자류,바게트,100g,327,7.78,,,90g
밀크티/버블티_흑당 밀크티 아이스(ICED) (M),음료 및 차류,밀크티/버블티,100g,51,1.3,,,591g
밀크티/버블티_흑당 밀크티 아이스(ICED) (XL),음료 및 차류,밀크티/버블티,100g,85,1.38,,,618g
밀크티/버블티_흑당 밀크티 아이스(ICED) 빅사이즈,음료 및 차류,밀크티/버블티,100g,85,1.38,,,618g
밀크티/버블티_흑당 밀크티 핫(HOT),음료 및 차류,밀크티/버블티,100g,120,2.37,,,358g
밀크티/버블티_흑당 밀크티 핫(HOT) (L),음료 및 차류,밀크티/버블티,100g,120,2.37,,,358g
밀크티/버블티_흑당 밀크티 핫(HOT) (XL),음료 및 차류,밀크티/버블티,100g,119,2.38,,,484g
밀크티/버블티_흑당 밀크티 핫(HOT) 빅사이즈,음료 및 차류,밀크티/버블티,100g,119,2.38,,,484g
밀크티/버블티_흑당 버블티,음료 및 차류,밀크티/버블티,100ml,66,1.1,,,480ml
밀크티/버블티_흑당 버블티,음료 및 차류,밀크티/버블티,100g,83,1.28,1.7,15.74,470g
밀크티/버블티_흑당 버블티,음료 및 차류,밀크티/버블티,100ml,89,1.41,,,354ml
밀크티/버블티_흑당 버블티 (L),음료 및 차류,밀크티/버블티,100ml,45,1.2,,6,1000m
밀크티/버블티_흑당 버블티 (ML),음료 및 차류,밀크티/버블티,100ml,44,1.13,,5.49,710ml
밀크티/버블티_흑당 버블티 아이스(ICED),음료 및 차류,밀크티/버블티,100ml,69,1.2,1.58,12.49,650ml
밀크티/버블티_흑당 쇼콜라 버블티,음료 및 차류,밀크티/버블티,100ml,63,0.83,,,480ml
밀크티/버블티_흑당 시나몬 버블티,음료 및 차류,밀크티/버블티,100g,74,1.25,,,480g
밀크티/버블티_흑당 카페 버블티,음료 및 차류,밀크티/버블티,100ml,60,0.98,,,480ml
밀크티/버블티_흑당 펄 밀크티 아이스(ICED) (L),음료 및 차류,밀크티/버블티,100g,62,1.4,,,500g
밀크티/버블티_흑당 펄 밀크티 아이스(ICED) (R),음료 및 차류,밀크티/버블티,100g,63,1.25,,,400g
밀크티/버블티_피치 아삭 밀크티,음료 및 차류,밀크티/버블티,100g,55,0.58,,,467g
밀크티/버블티_피치 아삭 밀크티 빅사이즈,음료 및 차류,밀크티/버블티,100g,56,0.58,,,639.7
밀크티/버블티_하동 호지 밀크티 아이스(ICED) (J),음료 및 차류,밀크티/버블티,100g,52,1.69,,,651g
밀크티/버블티_하동 호지 밀크티 아이스(ICED) (L),음료 및 차류,밀크티/버블티,100g,52,1.69,,,473g
밀크티/버블티_하동 호지 밀크티 핫(HOT) (J),음료 및 차류,밀크티/버블티,100g,80,3.17,,,473g
밀크티/버블티_하동 호지 밀크티 핫(HOT) (L),음료 및 차류,밀크티/버블티,100g,80,3.14,,,414g
밀크티/버블티_허니 밀크티 아이스(ICED) (L),음료 및 차류,밀크티/버블티,100g,33,1.31,,,946g
밀크티/버블티_허니 밀크티 아이스(ICED) (M),음료 및 차류,밀크티/버블티,100g,32,1.25,,,591g
밀크티/버블티_허니 밀크티 핫(HOT) (L),음료 및 차류,밀크티/버블티,100g,29,1.11,,,946g
밀크티/버블티_허니 밀크티 핫(HOT) (M),음료 및 차류,밀크티/버블티,100g,34,1.35,,,591g
밀크티/버블티_허니 얼 그레이 밀크티 아이스(ICED) (Grande),음료 및 차류,밀크티/버블티,100g,47,0.85,,,473g
밀크티/버블티_허니 얼 그레이 밀크티 핫(HOT) (Grande),음료 및 차류,밀크티/버블티,100g,84,2.54,,,473g
밀크티/버블티_허니자몽 버블티,음료 및 차류,밀크티/버블티,100ml,128,2.03,,,246ml
밀크티/버블티_홍차 버블티,음료 및 차류,밀크티/버블티,100ml,64,1.04,,,480ml
밀크티/버블티_흑당 말차 버블티,음료 및 차류,밀크티/버블티,100ml,81,1.88,,,480ml
밀크티/버블티_흑당 밀크티 아이스(ICED),음료 및 차류,밀크티/버블티,100ml,59,1.45,1.94,8.77,650ml
밀크티/버블티_흑당 밀크티 아이스(ICED),음료 및 차류,밀크티/버블티,100g,77,1.29,,,472g
밀크티/버블티_흑당 밀크티 아이스(ICED) (L),음료 및 차류,밀크티/버블티,100g,77,1.29,,,472g
밀크티/버블티_타로버블 밀크티 아이스(ICED) (Grande),음료 및 차류,밀크티/버블티,100ml,99,1.88,,,480ml
밀크티/버블티_타로버블 밀크티 아이스(ICED) (Mini Venti),음료 및 차류,밀크티/버블티,100ml,96,1.75,,,570ml
밀크티/버블티_타로버블 밀크티 아이스(ICED) (Tall),음료 및 차류,밀크티/버블티,100ml,107,1.95,,,360ml
밀크티/버블티_타로버블 밀크티 아이스(ICED) (Venti),음료 및 차류,밀크티/버블티,100ml,87,1.53,,,720ml
밀크티/버블티_피스타치오 밀크티 아이스(ICED),음료 및 차류,밀크티/버블티,100g,84,0.63,,,477.2
밀크티/버블티_피스타치오 밀크티 아이스(ICED) (J),음료 및 차류,밀크티/버블티,100ml,53,1.54,,,651ml
밀크티/버블티_피스타치오 밀크티 아이스(ICED) (L),음료 및 차류,밀크티/버블티,100ml,48,1.48,,,473ml
밀크티/버블티_피스타치오 밀크티 아이스(ICED) 빅사이즈,음료 및 차류,밀크티/버블티,100g,83,0.61,,,683.4
밀크티/버블티_피스타치오 밀크티 핫(HOT),음료 및 차류,밀크티/버블티,100g,123,1.39,,,445.2
밀크티/버블티_피스타치오 밀크티 핫(HOT) (J),음료 및 차류,밀크티/버블티,100ml,69,2.11,,,473ml
밀크티/버블티_피스타치오 밀크티 핫(HOT) (L),음료 및 차류,밀크티/버블티,100ml,61,1.93,,,414ml
밀크티/버블티_피스타치오 밀크티 핫(HOT) 빅사이즈,음료 및 차류,밀크티/버블티,100g,117,1.43,,,656.4
밀크티/버블티_피스타치오 밀크티+펄 아이스(ICED) (J),음료 및 차류,밀크티/버블티,100g,67,1.69,,,651g
밀크티/버블티_피스타치오 밀크티+펄 아이스(ICED)) (L),음료 및 차류,밀크티/버블티,100g,67,1.69,,,473g
밀크티/버블티_피스타치오 밀크티+펄 핫(HOT) (J),음료 및 차류,밀크티/버블티,100g,107,2.75,,,473g
밀크티/버블티_피스타치오 밀크티+펄 핫(HOT) (L),음료 및 차류,밀크티/버블티,100g,104,2.9,,,414g
밀크티/버블티_피스타치오 버블티 (L),음료 및 차류,밀크티/버블티,100ml,54,1.2,,7.8,1000m
밀크티/버블티_피스타치오 버블티 (ML),음료 및 차류,밀크티/버블티,100ml,54,1.13,,7.46,710ml
밀크티/버블티_타로 밀크티 아이스(ICED) 빅사이즈,음료 및 차류,밀크티/버블티,100g,82,1.43,,,638g
밀크티/버블티_타로 밀크티 핫(HOT) (J),음료 및 차류,밀크티/버블티,100ml,56,0.21,,,473ml
밀크티/버블티_타로 밀크티 핫(HOT) (L),음료 및 차류,밀크티/버블티,100g,103,2.41,,,378g
밀크티/버블티_타로 밀크티 핫(HOT) (L),음료 및 차류,밀크티/버블티,100ml,51,0.24,,,414ml
밀크티/버블티_타로 밀크티 핫(HOT) (XL),음료 및 차류,밀크티/버블티,100g,113,2.4,,,504g
밀크티/버블티_타로 밀크티+펄 아이스(ICED) (J),음료 및 차류,밀크티/버블티,100g,79,0.31,,,651g
밀크티/버블티_타로 밀크티+펄 아이스(ICED) (L),음료 및 차류,밀크티/버블티,100g,80,0.21,,,473g
밀크티/버블티_타로 밀크티+펄 핫(HOT) (J),음료 및 차류,밀크티/버블티,100g,118,0.42,,,473g
밀크티/버블티_타로 밀크티+펄 핫(HOT) (L),음료 및 차류,밀크티/버블티,100g,115,0.48,,,414g
밀크티/버블티_타로 버블티,음료 및 차류,밀크티/버블티,100ml,98,0.33,,,600ml
밀크티/버블티_타로 버블티,음료 및 차류,밀크티/버블티,100g,69,0.7,,,545g
밀크티/버블티_타로 버블티,음료 및 차류,밀크티/버블티,100ml,91,1.89,,,360ml
밀크티/버블티_타로 버블티,음료 및 차류,밀크티/버블티,100g,71,1.32,1.95,12.08,100g
밀크티/버블티_타로 버블티,음료 및 차류,밀크티/버블티,100g,75,1.34,,,595g
밀크티/버블티_타로 버블티 (더벤티),음료 및 차류,밀크티/버블티,100ml,102,0.31,,,960ml
밀크티/버블티_타로밀크티 핫(HOT),음료 및 차류,밀크티/버블티,100g,103,2.41,,,378g
밀크티/버블티_타로밀크티 핫(HOT) 빅사이즈,음료 및 차류,밀크티/버블티,100g,113,2.4,,,504g
밀크티/버블티_타로버블 밀크티,음료 및 차류,밀크티/버블티,100g,106,2.82,,,355g
밀크티/버블티_초콜렛 밀크티 아이스(ICED) (J),음료 및 차류,밀크티/버블티,100ml,37,0.77,,,651ml
밀크티/버블티_초콜렛 밀크티 아이스(ICED) (L),음료 및 차류,밀크티/버블티,100ml,41,0.85,,,473ml
밀크티/버블티_초콜렛 밀크티 핫(HOT) (J),음료 및 차류,밀크티/버블티,100ml,41,0.85,,,473ml
밀크티/버블티_초콜렛 밀크티 핫(HOT) (L),음료 및 차류,밀크티/버블티,100ml,35,0.73,,,414ml
밀크티/버블티_초콜릿 밀크티 아이스(ICED),음료 및 차류,밀크티/버블티,100g,50,1.45,,,415g
밀크티/버블티_초콜릿 밀크티 핫(HOT),음료 및 차류,밀크티/버블티,100g,58,1.56,,,385g
밀크티/버블티_치즈 폼 밀크티 아이스(ICED),음료 및 차류,밀크티/버블티,100g,64,1.02,,,591g
밀크티/버블티_커반 밀크티 아이스(ICED),음료 및 차류,밀크티/버블티,100ml,104,2.5,,,480ml
밀크티/버블티_커피베이 달고나 버블티,음료 및 차류,밀크티/버블티,100g,75,0.82,,,550g
밀크티/버블티_코코넛 버블티,음료 및 차류,밀크티/버블티,100g,85,1.51,,,595g
밀크티/버블티_코코넛 버블티,음료 및 차류,밀크티/버블티,100ml,49,0.24,,,420ml
밀크티/버블티_클래식 밀크티 아이스(ICED),음료 및 차류,밀크티/버블티,100g,36,0.75,,5.96,650g
밀크티/버블티_클래식 밀크티 핫(HOT),음료 및 차류,밀크티/버블티,100g,69,1.93,,9.35,500g
밀크티/버블티_타로 밀크티 아이스(ICED),음료 및 차류,밀크티/버블티,100g,66,1.24,,,492g
밀크티/버블티_타로 밀크티 아이스(ICED) (J),음료 및 차류,밀크티/버블티,100ml,48,0.15,,,651ml
밀크티/버블티_타로 밀크티 아이스(ICED) (L),음료 및 차류,밀크티/버블티,100g,66,1.24,,,492g
밀크티/버블티_타로 밀크티 아이스(ICED) (L),음료 및 차류,밀크티/버블티,100ml,56,0.21,,,473ml
밀크티/버블티_타로 밀크티 아이스(ICED) (XL),음료 및 차류,밀크티/버블티,100g,82,1.43,,,638g
밀크티/버블티_제주 말차 밀크티 핫(HOT) (XL),음료 및 차류,밀크티/버블티,100g,81,0.44,,,642.1
밀크티/버블티_제주 말차 밀크티 핫(HOT) 빅사이즈,음료 및 차류,밀크티/버블티,100g,81,0.44,,,642.1
밀크티/버블티_진저 밀크티,음료 및 차류,밀크티/버블티,100g,64,1.56,,,385g
밀크티/버블티_진저 밀크티 아이스(ICED),음료 및 차류,밀크티/버블티,100g,56,1.2,,,415g
밀크티/버블티_청송 사과 밀크티 아이스(ICED) (L),음료 및 차류,밀크티/버블티,100ml,51,1.3,,8.8,1000m
밀크티/버블티_청송 사과 밀크티 아이스(ICED) (ML),음료 및 차류,밀크티/버블티,100ml,52,1.27,,9.01,710ml
밀크티/버블티_청송 사과 밀크티 핫(HOT),음료 및 차류,밀크티/버블티,100ml,58,1.55,,9.57,710ml
밀크티/버블티_청순밀크티 보틀,음료 및 차류,밀크티/버블티,100g,51,1.33,,,300g
밀크티/버블티_초당옥수수 밀크티+펄,음료 및 차류,밀크티/버블티,100g,65,1.48,,,473g
밀크티/버블티_초코 밀크티 아이스(ICED),음료 및 차류,밀크티/버블티,100g,73,0.44,,,524.2
밀크티/버블티_초코 밀크티 아이스(ICED) (L),음료 및 차류,밀크티/버블티,100g,73,0.44,,,524.2
밀크티/버블티_초코 밀크티 아이스(ICED) (XL),음료 및 차류,밀크티/버블티,100g,83,0.53,,,643.8
밀크티/버블티_초코 밀크티 아이스(ICED) 빅사이즈,음료 및 차류,밀크티/버블티,100g,83,0.53,,,643.8
밀크티/버블티_초코 밀크티 핫(HOT),음료 및 차류,밀크티/버블티,100g,111,0.8,,,410.4
밀크티/버블티_초코 밀크티 핫(HOT) (L),음료 및 차류,밀크티/버블티,100g,111,0.8,,,410.4
밀크티/버블티_초코 밀크티 핫(HOT) (XL),음료 및 차류,밀크티/버블티,100g,104,0.82,,,533.4
밀크티/버블티_초코 밀크티 핫(HOT) 빅사이즈,음료 및 차류,밀크티/버블티,100g,104,0.83,,,533.4
밀크티/버블티_초코 버블티,음료 및 차류,밀크티/버블티,100g,68,1.5,1.59,11.99,100g
밀크티/버블티_자스민 밀크티 핫(HOT) (J),음료 및 차류,밀크티/버블티,100ml,18,0.85,,,473ml
밀크티/버블티_자스민 밀크티 핫(HOT) (L),음료 및 차류,밀크티/버블티,100ml,15,0.73,,,414ml
밀크티/버블티_자스민우롱 밀크티 아이스(ICED),음료 및 차류,밀크티/버블티,100g,37,1.22,,4.78,650g
밀크티/버블티_자스민우롱 밀크티 핫(HOT),음료 및 차류,밀크티/버블티,100g,62,2.19,,7.21,500g
밀크티/버블티_제주 그린 밀크티 아이스(ICED) (J),음료 및 차류,밀크티/버블티,100ml,39,1.54,,,651ml
밀크티/버블티_제주 그린 밀크티 아이스(ICED) (L),음료 및 차류,밀크티/버블티,100ml,39,1.48,,,473ml
밀크티/버블티_제주 그린 밀크티 핫(HOT) (J),음료 및 차류,밀크티/버블티,100ml,71,2.96,,,473ml
밀크티/버블티_제주 그린 밀크티 핫(HOT) (L),음료 및 차류,밀크티/버블티,100ml,71,2.9,,,414ml
밀크티/버블티_제주 그린 밀크티+펄 아이스(ICED) (J),음료 및 차류,밀크티/버블티,100g,56,1.54,,,651g
밀크티/버블티_제주 그린 밀크티+펄 아이스(ICED) (L),음료 및 차류,밀크티/버블티,100g,56,1.69,,,473g
밀크티/버블티_제주 그린 밀크티+펄 핫(HOT) (J),음료 및 차류,밀크티/버블티,100g,94,2.96,,,473g
밀크티/버블티_제주 그린 밀크티+펄 핫(HOT) (L),음료 및 차류,밀크티/버블티,100g,91,2.9,,,414g
밀크티/버블티_제주 말차 밀크티 아이스(ICED),음료 및 차류,밀크티/버블티,100g,73,0.28,,,527.4
밀크티/버블티_제주 말차 밀크티 아이스(ICED) (L),음료 및 차류,밀크티/버블티,100g,73,0.28,,,527.4
밀크티/버블티_제주 말차 밀크티 아이스(ICED) (XL),음료 및 차류,밀크티/버블티,100g,81,0.34,,,642.1
밀크티/버블티_제주 말차 밀크티 아이스(ICED) 빅사이즈,음료 및 차류,밀크티/버블티,100g,81,0.34,,,642.1
밀크티/버블티_제주 말차 밀크티 핫(HOT),음료 및 차류,밀크티/버블티,100g,105,0.52,,,402.1
밀크티/버블티_제주 말차 밀크티 핫(HOT) (L),음료 및 차류,밀크티/버블티,100g,105,0.52,,,402.1
밀크티/버블티_우롱 버블티 (L),음료 및 차류,밀크티/버블티,100ml,51,1.3,,7.5,1000m
밀크티/버블티_우롱 버블티 (ML),음료 및 차류,밀크티/버블티,100ml,52,1.13,,7.74,710ml
밀크티/버블티_자색고구마 버블티 (L),음료 및 차류,밀크티/버블티,100ml,46,1,,6.5,1000m
밀크티/버블티_자색고구마 버블티(ML),음료 및 차류,밀크티/버블티,100ml,45,0.99,,5.77,710ml
밀크티/버블티_자스민 그린 밀크티 아이스(ICED),음료 및 차류,밀크티/버블티,100g,65,0.13,,,476.4
밀크티/버블티_자스민 그린 밀크티 아이스(ICED) (J),음료 및 차류,밀크티/버블티,100g,39,0.31,,,651g
밀크티/버블티_자스민 그린 밀크티 아이스(ICED) (L),음료 및 차류,밀크티/버블티,100g,65,0.13,,,476.4
밀크티/버블티_자스민 그린 밀크티 아이스(ICED) (L),음료 및 차류,밀크티/버블티,100g,39,0.21,,,473g
밀크티/버블티_자스민 그린 밀크티 아이스(ICED) (XL),음료 및 차류,밀크티/버블티,100g,70,0.16,,,638.1
밀크티/버블티_자스민 그린 밀크티 아이스(ICED) 빅사이즈,음료 및 차류,밀크티/버블티,100g,70,0.16,,,638.1
밀크티/버블티_자스민 그린 밀크티 핫(HOT),음료 및 차류,밀크티/버블티,100g,97,0.25,,,358.1
밀크티/버블티_자스민 그린 밀크티 핫(HOT) (J),음료 및 차류,밀크티/버블티,100g,26,1.27,,,473g
밀크티/버블티_자스민 그린 밀크티 핫(HOT) (L),음료 및 차류,밀크티/버블티,100g,26,1.21,,,414g
밀크티/버블티_자스민 그린 밀크티 핫(HOT) (L),음료 및 차류,밀크티/버블티,100g,97,0.25,,,358.1
밀크티/버블티_자스민 그린 밀크티 핫(HOT) (XL),음료 및 차류,밀크티/버블티,100g,96,0.25,,,486.3
밀크티/버블티_자스민 그린 밀크티 핫(HOT) 빅사이즈,음료 및 차류,밀크티/버블티,100g,96,0.25,,,486.3
밀크티/버블티_자스민 밀크티 아이스(ICED) (J),음료 및 차류,밀크티/버블티,100ml,41,1.08,,,651ml
밀크티/버블티_자스민 밀크티 아이스(ICED) (L),음료 및 차류,밀크티/버블티,100ml,44,0.21,,,473ml
밀크티/버블티_얼그레이 버블티 (L),음료 및 차류,밀크티/버블티,100ml,47,1.3,,6.7,1000m
밀크티/버블티_얼그레이 버블티 (ML),음료 및 차류,밀크티/버블티,100ml,34,1.13,0,6.76,710ml
밀크티/버블티_얼그레이버블티 아이스(ICED),음료 및 차류,밀크티/버블티,100g,59,0.87,,10.76,650g
밀크티/버블티_우롱 밀크티 아이스(ICED),음료 및 차류,밀크티/버블티,100g,61,0.12,,,506.4
밀크티/버블티_우롱 밀크티 아이스(ICED) (J),음료 및 차류,밀크티/버블티,100ml,41,0.15,,,651ml
밀크티/버블티_우롱 밀크티 아이스(ICED) (L),음료 및 차류,밀크티/버블티,100g,61,0.12,,,506.4
밀크티/버블티_우롱 밀크티 아이스(ICED) (L),음료 및 차류,밀크티/버블티,100ml,49,1.4,,8.3,1000m
밀크티/버블티_우롱 밀크티 아이스(ICED) (L),음료 및 차류,밀크티/버블티,100ml,44,0.21,,,473ml
밀크티/버블티_우롱 밀크티 아이스(ICED) (ML),음료 및 차류,밀크티/버블티,100ml,49,1.41,,8.45,710ml
밀크티/버블티_우롱 밀크티 아이스(ICED) (XL),음료 및 차류,밀크티/버블티,100g,70,0.14,,,638.1
밀크티/버블티_우롱 밀크티 아이스(ICED) 빅사이즈,음료 및 차류,밀크티/버블티,100g,70,0.14,,,638.1
밀크티/버블티_우롱 밀크티 핫(HOT),음료 및 차류,밀크티/버블티,100ml,58,1.69,,9.86,710ml
밀크티/버블티_우롱 밀크티 핫(HOT),음료 및 차류,밀크티/버블티,100g,73,0.19,,,363.1
밀크티/버블티_우롱 밀크티 핫(HOT) (J),음료 및 차류,밀크티/버블티,100ml,18,0.85,,,473ml
밀크티/버블티_우롱 밀크티 핫(HOT) (L),음료 및 차류,밀크티/버블티,100ml,14,0.73,,,414ml
밀크티/버블티_우롱 밀크티 핫(HOT) (L),음료 및 차류,밀크티/버블티,100g,73,0.19,,,363.1
밀크티/버블티_우롱 밀크티 핫(HOT) (XL),음료 및 차류,밀크티/버블티,100g,78,0.18,,,491.3
밀크티/버블티_우롱 밀크티 핫(HOT) 빅사이즈,음료 및 차류,밀크티/버블티,100g,78,0.18,,,491.3
밀크티/버블티_얼그레이 밀크티 아이스(ICED),음료 및 차류,밀크티/버블티,100g,61,0.16,,,506.4
밀크티/버블티_얼그레이 밀크티 아이스(ICED),음료 및 차류,밀크티/버블티,100ml,45,1.41,,7.46,710ml
밀크티/버블티_얼그레이 밀크티 아이스(ICED) (J),음료 및 차류,밀크티/버블티,100ml,41,0.15,,,651ml
밀크티/버블티_얼그레이 밀크티 아이스(ICED) (L),음료 및 차류,밀크티/버블티,100g,61,0.16,,,506.4
밀크티/버블티_얼그레이 밀크티 아이스(ICED) (L),음료 및 차류,밀크티/버블티,100ml,44,0.21,,,473ml
밀크티/버블티_얼그레이 밀크티 아이스(ICED) (XL),음료 및 차류,밀크티/버블티,100g,70,0.17,,,638.1
밀크티/버블티_얼그레이 밀크티 아이스(ICED) 빅사이즈,음료 및 차류,밀크티/버블티,100g,70,0.17,,,638.1
밀크티/버블티_얼그레이 밀크티 핫(HOT),음료 및 차류,밀크티/버블티,100ml,60,1.4,1.86,8.8,650ml
밀크티/버블티_얼그레이 밀크티 핫(HOT),음료 및 차류,밀크티/버블티,100g,92,2.37,,13.95,380g
밀크티/버블티_얼그레이 밀크티 핫(HOT),음료 및 차류,밀크티/버블티,100g,65,2.58,3.23,6.45,310g
밀크티/버블티_얼그레이 밀크티 핫(HOT),음료 및 차류,밀크티/버블티,100ml,54,1.69,,8.73,710ml
밀크티/버블티_얼그레이 밀크티 핫(HOT),음료 및 차류,밀크티/버블티,100g,73,0.25,,,363.1
밀크티/버블티_얼그레이 밀크티 핫(HOT) (J),음료 및 차류,밀크티/버블티,100ml,18,0.85,,,473ml
밀크티/버블티_얼그레이 밀크티 핫(HOT) (L),음료 및 차류,밀크티/버블티,100ml,14,0.73,,,414ml
밀크티/버블티_얼그레이 밀크티 핫(HOT) (L),음료 및 차류,밀크티/버블티,100g,73,0.25,,,363.1
밀크티/버블티_얼그레이 밀크티 핫(HOT) (XL),음료 및 차류,밀크티/버블티,100g,79,0.24,,,491.3
밀크티/버블티_얼그레이 밀크티 핫(HOT) 빅사이즈,음료 및 차류,밀크티/버블티,100g,79,0.24,,,491.3
밀크티/버블티_얼그레이 버블티,음료 및 차류,밀크티/버블티,100g,62,1.19,1.4,11.12,100g
밀크티/버블티_블루베리 버블티,음료 및 차류,밀크티/버블티,100ml,123,1.73,,,347ml
밀크티/버블티_빠나나 밀크티 아이스(ICED),음료 및 차류,밀크티/버블티,100g,76,0.23,,,484.2
밀크티/버블티_빠나나 밀크티 아이스(ICED) 빅사이즈,음료 및 차류,밀크티/버블티,100g,78,0.25,,,637.2
밀크티/버블티_빠나나 밀크티 핫(HOT),음료 및 차류,밀크티/버블티,100g,100,0.38,,,397.2
밀크티/버블티_빠나나 밀크티 핫(HOT) 빅사이즈,음료 및 차류,밀크티/버블티,100g,100,0.39,,,507.1
밀크티/버블티_순수 밀크티 보틀,음료 및 차류,밀크티/버블티,100g,73,2.67,,,300g
밀크티/버블티_순수 카페 밀크티 보틀,음료 및 차류,밀크티/버블티,100g,105,2.33,,,300g
밀크티/버블티_슬림 타로 JMT,음료 및 차류,밀크티/버블티,100g,31,1.56,,,100g
밀크티/버블티_아몬드 밀크티 아이스(ICED),음료 및 차류,밀크티/버블티,100ml,49,1.42,,,591ml
밀크티/버블티_아몬드 밀크티 아이스(ICED),음료 및 차류,밀크티/버블티,100g,47,1.24,,,591g
밀크티/버블티_아몬드 밀크티 핫(HOT),음료 및 차류,밀크티/버블티,100g,70,2.05,,,473g
밀크티/버블티_아몬드 밀크티 핫(HOT),음료 및 차류,밀크티/버블티,100ml,71,2.28,,,473ml
밀크티/버블티_아쌈 버블티,음료 및 차류,밀크티/버블티,100g,68,1.51,,,595g
밀크티/버블티_아이스버블 밀크티 아이스(ICED) (L),음료 및 차류,밀크티/버블티,100g,74,1.48,,,473g
밀크티/버블티_아이스버블 밀크티 아이스(ICED) (R),음료 및 차류,밀크티/버블티,100g,66,1.21,,,414g
밀크티/버블티_얼그레이 밀크티 아이스(ICED),음료 및 차류,밀크티/버블티,100g,41,1.49,2.13,4.04,470g
밀크티/버블티_얼그레이 밀크티 아이스(ICED),음료 및 차류,밀크티/버블티,100ml,53,1.07,1.43,8.26,650ml
밀크티/버블티_얼그레이 밀크티 아이스(ICED),음료 및 차류,밀크티/버블티,100g,66,1.59,,11.14,440g
밀크티/버블티_블랙 밀크티 핫(HOT) (L),음료 및 차류,밀크티/버블티,100g,73,0.19,,,363.1
밀크티/버블티_블랙 밀크티 핫(HOT) (L),음료 및 차류,밀크티/버블티,100ml,15,0.73,,,414ml
밀크티/버블티_블랙 밀크티 핫(HOT) (L),음료 및 차류,밀크티/버블티,100g,29,1.11,,,946g
밀크티/버블티_블랙 밀크티 핫(HOT) (M),음료 및 차류,밀크티/버블티,100g,34,1.35,,,591g
밀크티/버블티_블랙 밀크티 핫(HOT) (XL),음료 및 차류,밀크티/버블티,100g,78,0.18,,,491.3
밀크티/버블티_블랙 밀크티 핫(HOT) 빅사이즈,음료 및 차류,밀크티/버블티,100g,78,0.18,,,491.3
밀크티/버블티_블랙 밀크티+펄 아이스(ICED) (J),음료 및 차류,밀크티/버블티,100g,58,0.31,,,651g
밀크티/버블티_블랙 밀크티+펄 아이스(ICED) (L),음료 및 차류,밀크티/버블티,100g,59,0.21,,,473g
밀크티/버블티_블랙 밀크티+펄 핫(HOT) (J),음료 및 차류,밀크티/버블티,100g,52,1.48,,,473g
밀크티/버블티_블랙 밀크티+펄 핫(HOT) (L),음료 및 차류,밀크티/버블티,100g,49,1.45,,,414g
밀크티/버블티_블랙버블 밀크티,음료 및 차류,밀크티/버블티,100g,105,2.82,,,355g
밀크티/버블티_블랙버블 밀크티 아이스(ICED) (Grande),음료 및 차류,밀크티/버블티,100ml,98,9.79,,,480ml
밀크티/버블티_블랙버블 밀크티 아이스(ICED) (Mini Venti),음료 및 차류,밀크티/버블티,100ml,93,9.65,,,570ml
밀크티/버블티_블랙버블 밀크티 아이스(ICED) (Tall),음료 및 차류,밀크티/버블티,100ml,106,10,,,360ml
밀크티/버블티_블랙버블 밀크티 아이스(ICED) (Venti),음료 및 차류,밀크티/버블티,100ml,86,9.17,,,720ml
밀크티/버블티_블랙슈가 버블티,음료 및 차류,밀크티/버블티,100g,67,1.32,1.72,11.56,100g
밀크티/버블티_블랙펄 밀크티 아이스(ICED),음료 및 차류,밀크티/버블티,100ml,72,0.85,,,710ml
피자_치즈피자씬(L),빵 및 과자류,피자,100g,422,18.67,,,685.5
밀크티/버블티_버블 크림 밀크티 아이스(ICED),음료 및 차류,밀크티/버블티,100ml,77,1.21,,,414ml
밀크티/버블티_버터스카치폼 밀크티 아이스(ICED),음료 및 차류,밀크티/버블티,100g,68,0.97,,,431g
밀크티/버블티_브라운 슈가 쥬얼리 밀크티 아이스(ICED),음료 및 차류,밀크티/버블티,100g,69,1.48,,,473g
밀크티/버블티_브라운 슈가 쥬얼리 밀크티 핫(HOT),음료 및 차류,밀크티/버블티,100g,105,2.66,,,414g
밀크티/버블티_브라운슈가 버블 밀크티,음료 및 차류,밀크티/버블티,100g,104,1.45,,,550g
밀크티/버블티_브라운슈가 버블티,음료 및 차류,밀크티/버블티,100ml,87,1.39,,,560ml
밀크티/버블티_브라운슈가 쥬얼리 밀크티 아이스(ICED),음료 및 차류,밀크티/버블티,100ml,72,1.27,,,473ml
밀크티/버블티_브라운슈가 쥬얼리 밀크티 핫(HOT),음료 및 차류,밀크티/버블티,100ml,78,1.45,,,414ml
밀크티/버블티_블랙 밀크티 아이스(ICED),음료 및 차류,밀크티/버블티,100g,61,0.12,,,506.4
밀크티/버블티_블랙 밀크티 아이스(ICED) (J),음료 및 차류,밀크티/버블티,100ml,41,0.15,,,651ml
밀크티/버블티_블랙 밀크티 아이스(ICED) (L),음료 및 차류,밀크티/버블티,100g,33,1.31,,,946g
밀크티/버블티_블랙 밀크티 아이스(ICED) (L),음료 및 차류,밀크티/버블티,100g,61,0.12,,,506.4
밀크티/버블티_블랙 밀크티 아이스(ICED) (L),음료 및 차류,밀크티/버블티,100ml,44,0.21,,,473ml
밀크티/버블티_블랙 밀크티 아이스(ICED) (M),음료 및 차류,밀크티/버블티,100g,32,1.25,,,591g
밀크티/버블티_블랙 밀크티 아이스(ICED) (XL),음료 및 차류,밀크티/버블티,100g,70,0.14,,,638.1
밀크티/버블티_블랙 밀크티 아이스(ICED) 빅사이즈,음료 및 차류,밀크티/버블티,100g,70,0.14,,,638.1
밀크티/버블티_블랙 밀크티 핫(HOT),음료 및 차류,밀크티/버블티,100g,73,0.19,,,363.1
밀크티/버블티_블랙 밀크티 핫(HOT) (J),음료 및 차류,밀크티/버블티,100ml,18,0.85,,,473ml
밀크티/버블티_밀크티 달구나 아이스(ICED) (L),음료 및 차류,밀크티/버블티,100g,56,1.37,,9.94,946g
밀크티/버블티_밀크티 달구나 아이스(ICED) (ML),음료 및 차류,밀크티/버블티,100g,51,1.13,,9.15,710g
밀크티/버블티_밀크티 달구나 핫(HOT) (ML),음료 및 차류,밀크티/버블티,100g,68,1.86,,11.68,591g
밀크티/버블티_밀크티 아이스(ICED),음료 및 차류,밀크티/버블티,100ml,40,1.45,,,414ml
밀크티/버블티_밀크티 아이스(ICED),음료 및 차류,밀크티/버블티,100ml,54,1.5,,,360ml
밀크티/버블티_밀크티 아이스(ICED),음료 및 차류,밀크티/버블티,100ml,46,1.12,1.62,6.67,591ml
밀크티/버블티_밀크티 아이스(ICED),음료 및 차류,밀크티/버블티,100ml,50,1.27,,,710ml
밀크티/버블티_밀크티 아이스(ICED),음료 및 차류,밀크티/버블티,100g,46,1.2,,,415g
밀크티/버블티_밀크티 아이스(ICED) (EX),음료 및 차류,밀크티/버블티,100g,41,1.3,,,414g
밀크티/버블티_밀크티 아이스(ICED) (R),음료 및 차류,밀크티/버블티,100g,46,1.35,,,370g
밀크티/버블티_밀크티 핫(HOT),음료 및 차류,밀크티/버블티,100ml,68,7.64,,,360ml
밀크티/버블티_밀크티 핫(HOT),음료 및 차류,밀크티/버블티,100ml,60,2.34,,,384ml
밀크티/버블티_밀크티 핫(HOT),음료 및 차류,밀크티/버블티,100ml,66,1.9,,,473ml
밀크티/버블티_밀크티 핫(HOT) (EX),음료 및 차류,밀크티/버블티,100g,57,1.93,,,414g
밀크티/버블티_밀크티 핫(HOT) (R),음료 및 차류,밀크티/버블티,100g,84,2.46,,,285g
밀크티/버블티_바나나 버블티,음료 및 차류,밀크티/버블티,100ml,135,2.03,,,246ml
밀크티/버블티_버블 밀크티 아이스(ICED),음료 및 차류,밀크티/버블티,100ml,64,1.31,,,360ml
밀크티/버블티_버블 밀크티 핫(HOT),음료 및 차류,밀크티/버블티,100ml,80,1.89,,,360ml
밀크티/버블티_망고사고 밀크티,음료 및 차류,밀크티/버블티,100g,60,0.55,,,476.4
밀크티/버블티_메론 버블티,음료 및 차류,밀크티/버블티,100ml,49,0.24,,,420ml
밀크티/버블티_미니펄 딸기 밀크티 아이스(ICED) (J),음료 및 차류,밀크티/버블티,100ml,60,0.61,,,651ml
밀크티/버블티_미니펄 딸기 밀크티 아이스(ICED) (L),음료 및 차류,밀크티/버블티,100ml,62,0.85,,,473ml
밀크티/버블티_미니펄 망고 밀크 아이스(ICED) (J),음료 및 차류,밀크티/버블티,100ml,61,0.92,,,651ml
밀크티/버블티_미니펄 망고 밀크 아이스(ICED) (L),음료 및 차류,밀크티/버블티,100ml,64,1.27,,,473ml
밀크티/버블티_미숫가루 라떼 아이스(ICED) (더벤티),음료 및 차류,밀크티/버블티,100ml,74,2.29,,,960ml
밀크티/버블티_민트 밀크티 아이스(ICED),음료 및 차류,밀크티/버블티,100g,67,1.39,,,475g
밀크티/버블티_민트 밀크티 아이스(ICED) (L),음료 및 차류,밀크티/버블티,100g,67,1.39,,,475g
밀크티/버블티_민트 밀크티 아이스(ICED) (XL),음료 및 차류,밀크티/버블티,100g,78,1.45,,,660g
밀크티/버블티_민트 밀크티 아이스(ICED) 빅사이즈,음료 및 차류,밀크티/버블티,100g,78,1.45,,,660g
밀크티/버블티_민트 밀크티 핫(HOT),음료 및 차류,밀크티/버블티,100g,88,2.51,,,335g
밀크티/버블티_민트 밀크티 핫(HOT) (L),음료 및 차류,밀크티/버블티,100g,88,2.51,,,335g
밀크티/버블티_민트 밀크티 핫(HOT) (XL),음료 및 차류,밀크티/버블티,100g,94,2.52,,,500g
밀크티/버블티_민트 밀크티 핫(HOT) 빅사이즈,음료 및 차류,밀크티/버블티,100g,94,2.52,,,500g
밀크티/버블티_밀크 버블티,음료 및 차류,밀크티/버블티,100ml,50,1.17,,,420ml
밀크티/버블티_밀크티,음료 및 차류,밀크티/버블티,100g,53,1.56,,,385g
밀크티/버블티_밀크티,음료 및 차류,밀크티/버블티,100g,51,1.78,,,100g
밀크티/버블티_로얄 밀크티 아이스(ICED) (더벤티),음료 및 차류,밀크티/버블티,100ml,67,1.46,,,960ml
밀크티/버블티_로얄 밀크티 핫(HOT),음료 및 차류,밀크티/버블티,100ml,69,2.05,,,473ml
밀크티/버블티_로얄 밀크티 핫(HOT),음료 및 차류,밀크티/버블티,100g,112,2.58,3.87,16.45,310g
밀크티/버블티_로얄 밀크티 핫(HOT),음료 및 차류,밀크티/버블티,100g,65,2.05,,,473g
밀크티/버블티_로얄 밀크티 핫(HOT),음료 및 차류,밀크티/버블티,100ml,65,1.67,,,600ml
밀크티/버블티_로얄 밀크티 핫(HOT) (L),음료 및 차류,밀크티/버블티,100g,67,2.54,,,473g
밀크티/버블티_로얄 밀크티 핫(HOT) (R),음료 및 차류,밀크티/버블티,100g,68,2.54,,,355g
밀크티/버블티_로얄 클래식 밀크티 아이스(ICED),음료 및 차류,밀크티/버블티,100ml,44,1.25,,,415ml
밀크티/버블티_로얄 클래식 밀크티 핫(HOT),음료 및 차류,밀크티/버블티,100ml,63,2.07,,,415ml
밀크티/버블티_로얄 흑당 밀크티,음료 및 차류,밀크티/버블티,100g,87,2.22,,,360g
밀크티/버블티_로얄밀크 버블티,음료 및 차류,밀크티/버블티,100g,76,1.35,,,591g
밀크티/버블티_로열 밀크티 아이스(ICED),음료 및 차류,밀크티/버블티,100g,51,1.06,,8.23,650g
밀크티/버블티_로열 밀크티 핫(HOT),음료 및 차류,밀크티/버블티,100g,80,1.98,,11.7,500g
밀크티/버블티_리얼 딸기 쥬얼리 밀크티,음료 및 차류,밀크티/버블티,100g,60,1.27,,,473g
밀크티/버블티_말차 버블티,음료 및 차류,밀크티/버블티,100ml,64,1.04,,,480ml
밀크티/버블티_말차 버블티 (L),음료 및 차류,밀크티/버블티,100ml,46,1.3,,6.3,1000m
밀크티/버블티_말차 버블티 (ML),음료 및 차류,밀크티/버블티,100ml,45,1.13,,5.63,710ml
밀크티/버블티_망고 버블티,음료 및 차류,밀크티/버블티,100ml,126,2.02,,,347ml
밀크티/버블티_딸기 블랙 밀크티 핫(HOT) (Mini Venti),음료 및 차류,밀크티/버블티,100ml,80,2.11,,,570ml
밀크티/버블티_딸기 블랙 밀크티 핫(HOT) (Tall),음료 및 차류,밀크티/버블티,100ml,72,1.95,,,360ml
밀크티/버블티_딸기 블랙 밀크티 핫(HOT) (Venti),음료 및 차류,밀크티/버블티,100ml,74,1.81,,,720ml
밀크티/버블티_딸기 쥬얼리 밀크티 아이스(ICED),음료 및 차류,밀크티/버블티,100ml,49,1.06,,,473ml
밀크티/버블티_딸기심쿵 프렌치바닐라 밀크티,음료 및 차류,밀크티/버블티,100g,68,0.72,,,473g
밀크티/버블티_레몬 버블티,음료 및 차류,밀크티/버블티,100ml,146,1.79,,,280ml
밀크티/버블티_로얄 달고나 밀크티,음료 및 차류,밀크티/버블티,100g,86,1.94,,,360g
밀크티/버블티_로얄 밀크 버블티,음료 및 차류,밀크티/버블티,100ml,99,1.7,,,354ml
밀크티/버블티_로얄 밀크 티 아이스(ICED),음료 및 차류,밀크티/버블티,100ml,54,1.48,,,473ml
밀크티/버블티_로얄 밀크 티 핫(HOT),음료 및 차류,밀크티/버블티,100ml,49,2.03,,,473ml
밀크티/버블티_로얄 밀크티,음료 및 차류,밀크티/버블티,100g,93,1.94,,,360g
밀크티/버블티_로얄 밀크티 아이스(ICED),음료 및 차류,밀크티/버블티,100g,54,1.48,,,473g
밀크티/버블티_로얄 밀크티 아이스(ICED),음료 및 차류,밀크티/버블티,100g,74,1.46,2.2,11.95,410g
밀크티/버블티_로얄 밀크티 아이스(ICED),음료 및 차류,밀크티/버블티,100ml,47,1.24,,,591ml
밀크티/버블티_로얄 밀크티 아이스(ICED),음료 및 차류,밀크티/버블티,100ml,57,1.33,,,600ml
밀크티/버블티_로얄 밀크티 아이스(ICED),음료 및 차류,밀크티/버블티,100g,44,1.24,,,591g
밀크티/버블티_로얄 밀크티 아이스(ICED) (L),음료 및 차류,밀크티/버블티,100g,67,1.48,,,473g
밀크티/버블티_로얄 밀크티 아이스(ICED) (R),음료 및 차류,밀크티/버블티,100g,43,1.21,,,414g
밀크티/버블티_골든펄 돌체 밀크티,음료 및 차류,밀크티/버블티,100g,61,1.06,,,473g
밀크티/버블티_그린 밀크티 아이스(ICED),음료 및 차류,밀크티/버블티,100g,59,1.79,,9.38,448g
밀크티/버블티_그린 밀크티 핫(HOT),음료 및 차류,밀크티/버블티,100g,83,2.98,,11.91,403g
밀크티/버블티_납작복숭아 쥬얼리 밀크티,음료 및 차류,밀크티/버블티,100g,60,1.27,,,473g
밀크티/버블티_달고나 버블티,음료 및 차류,밀크티/버블티,100ml,80,1.25,,,480ml
밀크티/버블티_달달한 밤 밀크티 아이스(ICED),음료 및 차류,밀크티/버블티,100ml,82,1.62,,,415ml
밀크티/버블티_달달한 밤 밀크티 핫(HOT),음료 및 차류,밀크티/버블티,100ml,93,0.22,,,415ml
밀크티/버블티_돌체 블랙 밀크티 아이스(ICED),음료 및 차류,밀크티/버블티,100g,64,1.27,,,528.2
밀크티/버블티_돌체 블랙 밀크티 아이스(ICED) (Tall),음료 및 차류,밀크티/버블티,100g,59,1.69,,,355g
밀크티/버블티_돌체 블랙 밀크티 핫(HOT),음료 및 차류,밀크티/버블티,100g,86,2.32,,,358.2
밀크티/버블티_돌체 블랙 밀크티 핫(HOT) (Tall),음료 및 차류,밀크티/버블티,100g,70,2.25,,,355g
밀크티/버블티_딸기 듬뿍 밀크티,음료 및 차류,밀크티/버블티,100g,60,1.27,,,473g
밀크티/버블티_딸기 버블티,음료 및 차류,밀크티/버블티,100ml,124,2.02,,,347ml
밀크티/버블티_딸기 블랙 밀크티 아이스(ICED) (Grande),음료 및 차류,밀크티/버블티,100ml,65,1.25,,,480ml
밀크티/버블티_딸기 블랙 밀크티 아이스(ICED) (Mini Venti),음료 및 차류,밀크티/버블티,100ml,72,1.23,,,570ml
밀크티/버블티_딸기 블랙 밀크티 아이스(ICED) (Tall),음료 및 차류,밀크티/버블티,100ml,57,1.11,,,360ml
밀크티/버블티_딸기 블랙 밀크티 아이스(ICED) (Venti),음료 및 차류,밀크티/버블티,100ml,63,0.97,,,720ml
밀크티/버블티_딸기 블랙 밀크티 핫(HOT) (Grande),음료 및 차류,밀크티/버블티,100ml,77,1.88,,,480ml
미음_칠분도미,죽 및 스프류,미음,100g,20,0.3,0.1,4.6,100g
미음_현미,죽 및 스프류,미음,100g,19,0.4,0.1,4.4,100g
미트 스파게티,면 및 만두류,미트 스파게티,100ml,109,4.3,1.9,18.58,350ml
미트 스파게티,면 및 만두류,미트 스파게티,100ml,109,4.3,1.9,18.58,350ml
미트 스파게티,면 및 만두류,미트 스파게티,100ml,109,4.3,1.97,18.59,350ml
미트 스파게티_미트스파게티,면 및 만두류,미트 스파게티,100g,134,4.55,,,348g
미트볼조림,조림류,미트볼조림,100ml,126,5.1,6.99,11.5,105.2
미트볼조림,조림류,미트볼조림,100g,221,18.15,10.73,12.95,150g
미트볼조림,조림류,미트볼조림,100ml,156,5.8,8.14,16.1,72.8
미트볼조림,조림류,미트볼조림,100ml,126,5.1,6.99,11.5,105.2
미트볼조림,조림류,미트볼조림,100ml,156,5.8,8.14,16.1,72.8
미트볼조림_샤샤삭슈카,조림류,미트볼조림,100g,108,4.7,5.1,10.7,370g
민들레무침,나물·숙채류,민들레무침,100ml,27,1.2,0.72,4.56,50ml
민들레잎무침,생채·무침류,민들레잎무침,100g,81,2.69,2.33,12.32,90g
민어 매운탕,찌개 및 전골류,민어 매운탕,100ml,35,4.5,0.79,2.98,450ml
민어구이,구이류,민어구이,100ml,106,12.6,5.53,0.38,100ml
밀면_물밀면,면 및 만두류,밀면,100g,71,2.46,0.5,14.19,100g
밀크쉐이크_바닐라,유제품류 및 빙과류,밀크쉐이크,100g,113,2.43,3.88,17.01,100g
미역냉국_오이,국 및 탕류,미역냉국,100ml,11,0.5,0.11,2.7,300ml
미역냉국_오이_고추,국 및 탕류,미역냉국,100ml,11,0.5,0.11,2.55,300ml
미역냉국_오이_고추,국 및 탕류,미역냉국,100ml,14,0.6,0.19,3.11,200ml
미역줄기볶음,볶음류,미역줄기볶음,100ml,26,0.8,1.86,2.85,110ml
미역줄기볶음,볶음류,미역줄기볶음,100g,89,1.03,7.84,3.65,100g
미역줄기볶음,볶음류,미역줄기볶음,100ml,60,1.8,4.73,4.4,65ml
미역줄기볶음,볶음류,미역줄기볶음,100ml,51,1.3,4.13,4.02,100ml
미역줄기볶음,볶음류,미역줄기볶음,100g,77,0.96,5.95,4.85,80g
미역줄기볶음,볶음류,미역줄기볶음,100ml,95,2.5,7.47,6.56,30ml
미역줄기볶음_미역줄기,볶음류,미역줄기볶음,100ml,31,0.59,2.55,2.71,140ml
미역줄기볶음_미역줄기,볶음류,미역줄기볶음,100ml,39,1.23,3.12,3.14,70ml
미역줄기볶음_미역줄기_채소,볶음류,미역줄기볶음,100ml,35,0.72,2.74,3.27,70ml
미역초무침,생채·무침류,미역초무침,100g,63,2.19,0.48,12.57,100g
미역초무침,생채·무침류,미역초무침,100ml,31,1.48,0.71,6.85,120ml
미역초무침,생채·무침류,미역초무침,100g,35,1.18,1.02,5.24,50g
미역튀각,튀김류,미역튀각,100g,443,13.24,33.9,21.14,50g
미역튀각,튀김류,미역튀각,100ml,363,14.4,30.22,28.31,15.3
미음,죽 및 스프류,미음,100g,19,0.3,0,4.7,100g
레몬차_레몬차 아이스(ICED) (M),음료 및 차류,레몬차,100g,42,0.02,,,591g
미역국_들깨,국 및 탕류,미역국,100ml,17,0.75,1.21,1.29,180ml
미역국_바지락,국 및 탕류,미역국,100ml,8,0.9,0.16,1.11,190ml
미역국_바지락,국 및 탕류,미역국,100g,9,0.89,0.22,0.95,100g
미역국_북어,국 및 탕류,미역국,100ml,11,1.8,0.26,0.77,300ml
미역국_북어,국 및 탕류,미역국,100ml,11,1.8,0.26,0.77,300ml
미역국_북어,국 및 탕류,미역국,100ml,11,1.8,0.26,0.77,300ml
미역국_북어,국 및 탕류,미역국,100g,19,2.46,0.56,1.04,100g
미역국_북어,국 및 탕류,미역국,100ml,11,1.8,0.26,0.81,300ml
미역국_새우,국 및 탕류,미역국,100g,16,1.09,0.46,1.83,400g
미역국_소고기,국 및 탕류,미역국,100g,13,1.86,0.26,0.82,400g
미역국_소고기,국 및 탕류,미역국,100ml,17,1.45,1.05,0.7,320ml
미역국_소고기,국 및 탕류,미역국,100ml,23,1.69,1.38,1.28,190ml
미역국_소고기,국 및 탕류,미역국,100ml,23,1.84,1.54,0.67,200ml
미역국_참치,국 및 탕류,미역국,100g,19,2.62,0.57,0.9,100g
미역국_홍합,국 및 탕류,미역국,100g,26,3.03,0.72,1.78,650g
미역국_홍합,국 및 탕류,미역국,100ml,9,1.11,0.25,0.85,320ml
미역냉국,국 및 탕류,미역냉국,100ml,26,0.9,1.65,2.58,160ml
미역냉국_오이,국 및 탕류,미역냉국,100ml,11,0.5,0.11,2.7,300ml
미숫가루_미숫가루 아이스(ICED) (더벤티),음료 및 차류,미숫가루,100ml,75,1.98,,,960ml
미숫가루_오곡 미숫가루,음료 및 차류,미숫가루,100g,68,1.83,,,100g
미숫가루_제주 미숫가루 아이스(ICED),음료 및 차류,미숫가루,100ml,77,2.2,,,473ml
미숫가루_제주 미숫가루 핫(HOT),음료 및 차류,미숫가루,100ml,84,2.83,,,473ml
미숫가루_제주 보리개역 아이스(ICED),음료 및 차류,미숫가루,100g,77,2.2,,,473g
미숫가루_제주 보리개역 핫(HOT),음료 및 차류,미숫가루,100g,84,2.83,,,473g
미역 된장국,국 및 탕류,미역 된장국,100ml,12,1.2,0.42,1.44,170ml
미역 된장국,국 및 탕류,미역 된장국,100ml,15,1.2,0.57,1.81,280ml
미역 오이무침,생채·무침류,미역 오이무침,100ml,61,1.8,1.75,12.32,100ml
미역 오이무침,생채·무침류,미역 오이무침,100ml,57,1.9,0.36,14.77,42.9
미역 오이무침,생채·무침류,미역 오이무침,100ml,61,1.8,1.75,12.32,100ml
미역국,국 및 탕류,미역국,100ml,7,0.8,0.33,0.88,122ml
미역국,국 및 탕류,미역국,100g,12,0.65,0.61,0.87,400g
미역국,국 및 탕류,미역국,100ml,7,0.8,0.32,0.94,88ml
미역국,국 및 탕류,미역국,100ml,11,1.6,0.46,0.92,240.2
미역국,국 및 탕류,미역국,100ml,10,0.8,0.58,0.88,200ml
미역국_굴,국 및 탕류,미역국,100g,17,1.43,0.64,1.37,100g
미역국_대합,국 및 탕류,미역국,100g,11,1.23,0.45,0.56,400g
미소된장국,국 및 탕류,미소된장국,100ml,8,0.6,0.22,0.93,300ml
미소된장국,국 및 탕류,미소된장국,100ml,21,1.58,0.83,2.04,230ml
미소된장국,국 및 탕류,미소된장국,100ml,23,1.85,0.92,2.12,130ml
미소된장국,국 및 탕류,미소된장국,100ml,26,1.99,1.18,2.35,150ml
미소된장국,국 및 탕류,미소된장국,100g,25,1.87,1.2,1.87,150g
미숫가루,음료 및 차류,미숫가루,100g,70,2.08,2.27,10.42,300g
미숫가루(선식)음료,음료 및 차류,미숫가루(선식)음료,100ml,128,2.9,1.1,27.73,100ml
미숫가루(선식)음료,음료 및 차류,미숫가루(선식)음료,100ml,128,2.9,1.1,27.73,100ml
미숫가루(선식)음료,음료 및 차류,미숫가루(선식)음료,100ml,128,2.9,1.1,27.73,100ml
미숫가루(선식)음료,음료 및 차류,미숫가루(선식)음료,100ml,128,2.9,1.1,27.73,100ml
미숫가루(선식)음료_정말 맛있는 프로틴 17곡 영양 선식 (Venti),음료 및 차류,미숫가루(선식)음료,100ml,57,4.65,,,650ml
미숫가루_냉 미숫가루 아이스(ICED) (Grande),음료 및 차류,미숫가루,100ml,125,3.54,,,480ml
미숫가루_냉 미숫가루 아이스(ICED) (Mini Venti),음료 및 차류,미숫가루,100ml,112,3.33,,,570ml
미숫가루_냉 미숫가루 아이스(ICED) (Tall),음료 및 차류,미숫가루,100ml,139,3.89,,,360ml
미숫가루_냉 미숫가루 아이스(ICED) (Venti),음료 및 차류,미숫가루,100ml,101,2.78,,,720ml
미숫가루_미숫가루,음료 및 차류,미숫가루,100ml,43,1.27,,,710ml
미숫가루_미숫가루 아이스(ICED),음료 및 차류,미숫가루,100ml,70,2,,,600ml
미숫가루_미숫가루 아이스(ICED),음료 및 차류,미숫가루,100g,139,4.79,,,355g
미나리 초무침,생채·무침류,미나리 초무침,100ml,41,1.7,0.48,8.87,98.6
미나리 초무침,생채·무침류,미나리 초무침,100ml,49,2.1,1.76,7.89,36.5
미나리나물,나물·숙채류,미나리나물,100g,59,2.03,3.67,4.48,50g
미나리나물_고추장,나물·숙채류,미나리나물,100ml,25,1.2,0.59,4.83,50ml
미나리나물_고추장,나물·숙채류,미나리나물,100ml,25,1.2,0.59,4.83,50ml
미나리나물_고추장,나물·숙채류,미나리나물,100ml,25,1.2,0.59,4.83,50ml
미나리나물_모듬,나물·숙채류,미나리나물,100ml,20,1,0.74,2.97,50ml
미나리나물_소금,나물·숙채류,미나리나물,100ml,27,1.2,1.31,3.18,70ml
미나리나물_팽이버섯,나물·숙채류,미나리나물,100ml,16,0.8,0.81,1.96,50ml
미나리나물_팽이버섯,나물·숙채류,미나리나물,100ml,16,0.8,0.81,1.96,50ml
미나리무침,생채·무침류,미나리무침,100g,46,1.31,2.13,5.41,90g
미나리무침,생채·무침류,미나리무침,100ml,20,1,0.85,2.87,50ml
미나리무침,생채·무침류,미나리무침,100ml,20,1,0.85,2.85,50ml
미나리무침_고추장,생채·무침류,미나리무침,100ml,20,0.9,0.5,3.57,100ml
미나리무침_고추장,생채·무침류,미나리무침,100ml,19,0.8,0.5,3.54,100ml
미나리무침_고추장,생채·무침류,미나리무침,100ml,20,0.9,0.5,3.57,100ml
미나리전,전·적 및 부침류,미나리전,100g,151,3.49,5.08,22.82,150g
미더덕찜,찜류,미더덕찜,100ml,77,7.7,1.82,8.05,118.9
문어볶음,볶음류,문어볶음,100ml,67,5.9,2.63,5.55,223.4
문어볶음_고추장,볶음류,문어볶음,100g,88,10.97,1.02,8.62,200g
물김치_돌나물,김치류,물김치,100g,5,0.31,0.08,0.75,400g
물냉면,면 및 만두류,물냉면,100ml,83,4.2,0.83,14.21,385.1
물냉면,면 및 만두류,물냉면,100ml,96,3.6,0.71,18.22,780ml
물냉면,면 및 만두류,물냉면,100ml,83,4.2,0.83,14.21,385.1
물냉면,면 및 만두류,물냉면,100ml,78,4,0.85,13.24,747.8
물냉면_열무,면 및 만두류,물냉면,100ml,95,4.7,0.95,16.41,578ml
물냉면_열무,면 및 만두류,물냉면,100ml,95,4.7,0.95,16.41,578ml
물만두,면 및 만두류,물만두,100ml,97,6.7,2.34,13.08,382.1
물만두,면 및 만두류,물만두,100ml,98,6.6,2.42,13.04,265ml
물만두,면 및 만두류,물만두,100ml,98,6.6,2.42,13.04,265ml
물만두,면 및 만두류,물만두,100ml,92,6.1,2.56,10.5,350ml
물회,생채·무침류,물회,100g,76,4.91,2.7,7.9,700g
물회_생선,생채·무침류,물회,100g,72,4.29,1.54,10.31,800g
물회_오징어,생채·무침류,물회,100g,49,6.19,1.2,3.26,700g
미꾸라지튀김,튀김류,미꾸라지튀김,100g,387,10.89,25.39,28.85,100g
미나리 초무침,생채·무침류,미나리 초무침,100ml,49,2.1,1.76,7.89,36.5
피자_직화 불고기리치골드 (L),빵 및 과자류,피자,100g,263,11.82,,,1098g
회덮밥,밥류,회덮밥,100g,137,6.04,3.31,20.66,500g
회덮밥_모듬,밥류,회덮밥,100g,145,9.1,4.15,17.76,410g
회덮밥_참치,밥류,회덮밥,100ml,79,3.8,0.58,14.17,698.1
회덮밥_참치,밥류,회덮밥,100ml,108,4.9,1.78,17.65,572ml
회무침,생채·무침류,회무침,100g,82,8.09,1.65,8.6,250g
회무침_가오리,생채·무침류,회무침,100g,81,11.33,1.16,6.35,230g
회무침_서대,생채·무침류,회무침,100g,105,7.53,1.53,15.3,300g
효모빵_건포도 천연효모빵 (H),빵 및 과자류,효모빵,100g,271,7.04,3.17,54.93,142g
효모빵_건포도 토종효모빵,빵 및 과자류,효모빵,100g,272,6.67,,,285g
효모빵_건포도천연효모빵,빵 및 과자류,효모빵,100g,240,6,,,300g
효모빵_쫄깃담백 토종효모빵,빵 및 과자류,효모빵,100g,266,9.65,,,290g
효모빵_쫄깃담백 토종효모빵 (H),빵 및 과자류,효모빵,100g,266,9.66,3.45,48.97,145g
효모빵_쫄깃담백 토종효모빵(1/2),빵 및 과자류,효모빵,100g,266,9.66,,,145g
효모빵_쫄깃한 천연효모빵,빵 및 과자류,효모빵,100g,265,9.6,,,375g
효모빵_쫄깃한 천연효모빵 (H),빵 및 과자류,효모빵,100g,266,9.57,,,188g
효모빵_쫄깃한 천연효모빵 (미니),빵 및 과자류,효모빵,100g,269,9.44,,,180g
효모빵_착한빵식통밀빵,빵 및 과자류,효모빵,100g,292,8.57,,,245g
훈제오리,구이류,훈제오리,100g,319,17.22,25.63,4.83,250g
홍합 미역국,국 및 탕류,홍합 미역국,100ml,17,1.8,0.77,1.05,192ml
홍합 미역국,국 및 탕류,홍합 미역국,100ml,5,0.7,0.16,0.32,300ml
홍합 소고기죽,죽 및 스프류,홍합 소고기죽,100ml,131,6.2,3.2,18.4,225.8
홍합 소고기죽,죽 및 스프류,홍합 소고기죽,100ml,130,6.2,3.33,17.83,225.8
홍합 소고기죽,죽 및 스프류,홍합 소고기죽,100ml,80,3.8,2.03,10.92,236.3
홍합국(홍합탕),국 및 탕류,홍합국(홍합탕),100ml,17,2.8,0.24,0.75,300ml
홍합국(홍합탕),국 및 탕류,홍합국(홍합탕),100ml,17,2.8,0.24,0.75,300ml
홍합국(홍합탕),국 및 탕류,홍합국(홍합탕),100ml,17,2.8,0.24,0.75,300ml
홍합국(홍합탕),국 및 탕류,홍합국(홍합탕),100ml,17,2.8,0.24,0.75,300ml
홍합산적,전·적 및 부침류,홍합산적,100g,196,22.23,6,13.22,80g
홍합탕_홍합만,국 및 탕류,홍합탕,100g,29,3.68,0.57,2.28,100g
화양적,전·적 및 부침류,화양적,100ml,128,10.4,6.69,6.39,119.6
화양적,전·적 및 부침류,화양적,100g,182,9.05,9.85,14.23,150g
황태구이,구이류,황태구이,100g,219,23.9,7.7,13.45,200g
황태구이_양념,구이류,황태구이,100ml,144,20.64,3.78,5.91,170ml
황태콩나물찜,찜류,황태콩나물찜,100ml,82,10.17,1.99,6.92,650ml
황태해장국,국 및 탕류,황태해장국,100g,30,4.08,1.13,0.95,600g
회냉면,면 및 만두류,회냉면,100ml,80,3.4,0.87,14.38,732.6
홍차_얼그레이 핫(HOT) (M),음료 및 차류,홍차,100g,0,0,,,591g
홍차_얼그레이티,음료 및 차류,홍차,100ml,0,0,,,360ml
홍차_얼그레이티 아이스(ICED),음료 및 차류,홍차,100g,1,0.05,,,591g
홍차_얼그레이티 아이스(ICED),음료 및 차류,홍차,100ml,1,0.05,,,591ml
홍차_얼그레이티 아이스(ICED) (J),음료 및 차류,홍차,100ml,1,0,,,651ml
홍차_얼그레이티 아이스(ICED) (L),음료 및 차류,홍차,100ml,1,0,,,473ml
홍차_얼그레이티 아이스(ICED) (L),음료 및 차류,홍차,100g,0,0.09,,,450g
홍차_얼그레이티 핫(HOT),음료 및 차류,홍차,100ml,1,0.09,,,473ml
홍차_얼그레이티 핫(HOT),음료 및 차류,홍차,100g,1,0.08,,,473g
홍차_얼그레이티 핫(HOT) (J),음료 및 차류,홍차,100ml,1,0,,,473ml
홍차_얼그레이티 핫(HOT) (L),음료 및 차류,홍차,100ml,1,0,,,414ml
홍차_얼그레이티 핫(HOT) (L),음료 및 차류,홍차,100g,0,0.09,,,450g
홍차_영그레이 아이스(ICED) (L),음료 및 차류,홍차,100g,1,0,,,450g
홍차_영그레이 핫(HOT) (L),음료 및 차류,홍차,100g,1,0,,,350g
홍차_유스베리티 아이스(ICED) (Tall),음료 및 차류,홍차,100g,0,0,,,355g
홍차_유스베리티 핫(HOT) (Tall),음료 및 차류,홍차,100g,0,0,,,355g
홍차_잉글리쉬 브랙퍼스트 아이스(ICED),음료 및 차류,홍차,100g,0,0,,,355g
홍차_잉글리쉬 브랙퍼스트 핫(HOT),음료 및 차류,홍차,100g,0,0,,,355g
홍차_잉글리쉬 브렉퍼스트,음료 및 차류,홍차,100g,1,0,,,360g
홍차_블랙티 아이스(ICED) (J),음료 및 차류,홍차,100ml,1,0,,,651ml
홍차_블랙티 아이스(ICED) (L),음료 및 차류,홍차,100g,0,0,,,474g
홍차_블랙티 아이스(ICED) (L),음료 및 차류,홍차,100ml,1,0,,,473ml
홍차_블랙티 핫(HOT),음료 및 차류,홍차,100g,6,0.05,,,406.6
홍차_블랙티 핫(HOT) (J),음료 및 차류,홍차,100ml,1,0,,,473ml
홍차_블랙티 핫(HOT) (L),음료 및 차류,홍차,100ml,1,0,,,414ml
홍차_블랙티 핫(HOT) (L),음료 및 차류,홍차,100g,0,0,,,474g
홍차_아쌈오렌지,음료 및 차류,홍차,100g,2,0,,,360g
홍차_아쌈티 아이스(ICED),음료 및 차류,홍차,100g,0,0,,,595g
홍차_아쌈티 아이스(ICED) (L),음료 및 차류,홍차,100g,1,0.07,,,450g
홍차_아쌈티 핫(HOT),음료 및 차류,홍차,100g,0,0,,,505g
홍차_아쌈티 핫(HOT) (L),음료 및 차류,홍차,100g,1,0.07,,,450g
홍차_얼 그레이티 아이스(ICED) (Tall),음료 및 차류,홍차,100g,0,0,,,355g
홍차_얼 그레이티 핫(HOT) (Tall),음료 및 차류,홍차,100g,0,0,,,355g
홍차_얼그레이,음료 및 차류,홍차,100g,1,0,,,360g
홍차_얼그레이,음료 및 차류,홍차,100g,1,0.07,0,,360g
홍차_얼그레이,음료 및 차류,홍차,100g,1,0.05,,,100g
홍차_얼그레이 리저브 아이스(ICED),음료 및 차류,홍차,100g,2,0.23,,0.47,430g
홍차_얼그레이 리저브 핫(HOT),음료 및 차류,홍차,100g,3,0.25,,0.5,400g
호박 된장국,국 및 탕류,호박 된장국,100ml,17,1.2,0.4,2.17,170ml
호박 된장국,국 및 탕류,호박 된장국,100ml,17,1.2,0.4,2.17,170ml
호박 된장국,국 및 탕류,호박 된장국,100ml,17,1.2,0.4,2.17,170ml
호박고지볶음,볶음류,호박고지볶음,100ml,104,2.4,2.17,20.28,120ml
호박나물,나물·숙채류,호박나물,100ml,38,0.7,2.71,3.16,55ml
호박나물,나물·숙채류,호박나물,100ml,54,1.1,3.4,5.37,70ml
호박볶음_호박,볶음류,호박볶음,100ml,27,0.84,1.32,3.53,70ml
호박볶음_호박_채소,볶음류,호박볶음,100ml,34,0.86,1.96,3.68,70ml
호박오가리나물무침,나물·숙채류,호박오가리나물무침,100g,201,6.14,10.01,21.46,100g
호박잎 된장국,국 및 탕류,호박잎 된장국,100ml,17,1.3,0.37,2.53,180ml
호박전,전·적 및 부침류,호박전,100ml,126,3.5,6.98,12.12,60ml
호박전,전·적 및 부침류,호박전,100ml,84,2.18,5.27,6.78,70ml
호박전,전·적 및 부침류,호박전,100g,139,4.32,8.73,10.73,150g
호박전,전·적 및 부침류,호박전,100ml,142,3.53,8.53,12.25,50ml
호박죽,죽 및 스프류,호박죽,100ml,43,0.8,0.17,9.7,270ml
호박죽,죽 및 스프류,호박죽,100ml,71,1.39,0.28,16.08,150ml
호박죽,죽 및 스프류,호박죽,100g,49,1.93,1.71,6.58,400g
호박죽,죽 및 스프류,호박죽,100ml,38,0.7,0.06,8.79,345.9
피자_직화불고기 피자 프리미엄 오리지널 (L),빵 및 과자류,피자,100g,275,12.97,,,783g
허브차_히비스커스 블렌드티 아이스(ICED) (L),음료 및 차류,허브차,100g,1,0.07,,,450g
허브차_히비스커스 블렌드티 아이스(ICED) (Tall),음료 및 차류,허브차,100g,0,0,,,355g
허브차_히비스커스 블렌드티 핫(HOT) (L),음료 및 차류,허브차,100g,1,0.07,,,450g
허브차_히비스커스 블렌드티 핫(HOT) (Tall),음료 및 차류,허브차,100g,0,0,,,355g
허브차_히비스커스 아이스(ICED),음료 및 차류,허브차,100ml,0,0.01,0.01,0.06,650ml
허브차_히비스커스 아이스(ICED) (R),음료 및 차류,허브차,100g,2,0.03,,,400g
허브차_히비스커스 핫(HOT),음료 및 차류,허브차,100ml,0,0.01,0.01,0.07,500ml
허브차_히비스커스 핫(HOT) (R),음료 및 차류,허브차,100g,3,0.03,,,340g
허브차_히비스커스티 아이스(ICED),음료 및 차류,허브차,100ml,1,0.06,,,473ml
허브차_히비스커스티 핫(HOT),음료 및 차류,허브차,100ml,1,0.06,,,473ml
현미밥,밥류,현미밥,100g,172,3.1,0.47,38.9,230g
현미밥,밥류,현미밥,100ml,118,2.2,0.36,25.4,290ml
현미밥,밥류,현미밥,100ml,120,2.3,0.38,25.75,300ml
현미밥,밥류,현미밥,100ml,120,2.3,0.39,25.87,190ml
현미밥,밥류,현미밥,100ml,121,2.3,0.38,25.91,370ml
현미밥_쌀,밥류,현미밥,100ml,120,2.18,0.21,26.21,190ml
현미밥_쌀,밥류,현미밥,100ml,118,2.12,0.17,25.73,290ml
현미밥_쌀,밥류,현미밥,100ml,120,2.15,0.2,26.15,370ml
허브차_페퍼민트 아이스(ICED) (L),음료 및 차류,허브차,100g,0,0,,,946g
허브차_페퍼민트 아이스(ICED) (M),음료 및 차류,허브차,100g,0,0,,,591g
허브차_페퍼민트 아이스(ICED) (R),음료 및 차류,허브차,100g,3,0.1,,,400g
허브차_페퍼민트 핫(HOT),음료 및 차류,허브차,100g,0,0,,,505g
허브차_페퍼민트 핫(HOT),음료 및 차류,허브차,100g,0,0,,,473g
허브차_페퍼민트 핫(HOT),음료 및 차류,허브차,100ml,0,0,0,0,591ml
허브차_페퍼민트 핫(HOT),음료 및 차류,허브차,100ml,1,0,,,354ml
허브차_페퍼민트 핫(HOT),음료 및 차류,허브차,100g,0,0,,,355g
허브차_페퍼민트 핫(HOT),음료 및 차류,허브차,100ml,0,0.01,0.03,0.02,500ml
허브차_페퍼민트 핫(HOT) (L),음료 및 차류,허브차,100g,0,0,,,946g
허브차_페퍼민트 핫(HOT) (M),음료 및 차류,허브차,100g,0,0,,,591g
허브차_페퍼민트 핫(HOT) (R),음료 및 차류,허브차,100g,2,0.06,,,340g
허브차_페퍼민트 허브티 아이스(ICED),음료 및 차류,허브차,100ml,1,0.06,0,0,473ml
허브차_페퍼민트 허브티 핫(HOT),음료 및 차류,허브차,100ml,1,0.06,0,0,473ml
허브차_페퍼민트티 아이스(ICED),음료 및 차류,허브차,100ml,0,0.03,0,0,710ml
허브차_페퍼민트티 아이스(ICED),음료 및 차류,허브차,100g,1,0.03,,,591g
허브차_페퍼민트티 아이스(ICED),음료 및 차류,허브차,100ml,1,0.03,0,0,591ml
허브차_페퍼민트티 아이스(ICED) (L),음료 및 차류,허브차,100g,0,0.04,,,450g
허브차_페퍼민트티 핫(HOT),음료 및 차류,허브차,100ml,2,0.06,,,473ml
허브차_캐모마일 핫(HOT),음료 및 차류,허브차,100ml,0,0.01,0.03,0,500ml
허브차_캐모마일 핫(HOT),음료 및 차류,허브차,100ml,0,0,0,0.02,591ml
허브차_캐모마일 핫(HOT),음료 및 차류,허브차,100ml,1,0,,,354ml
허브차_캐모마일 핫(HOT),음료 및 차류,허브차,100g,0,0,,,505g
허브차_캐모마일 핫(HOT),음료 및 차류,허브차,100g,0,0,,,355g
허브차_캐모마일 핫(HOT),음료 및 차류,허브차,100g,0,0,,,350g
허브차_캐모마일 핫(HOT),음료 및 차류,허브차,100g,0,0,,,473g
허브차_캐모마일 핫(HOT) (R),음료 및 차류,허브차,100g,2,0.06,,,340g
허브차_캐모마일티 아이스(ICED),음료 및 차류,허브차,100g,1,0.03,,,591g
허브차_캐모마일티 아이스(ICED),음료 및 차류,허브차,100g,0,0,,,430g
허브차_캐모마일티 아이스(ICED),음료 및 차류,허브차,100ml,1,0.03,0,0,591ml
허브차_캐모마일티 아이스(ICED) (L),음료 및 차류,허브차,100g,1,0.22,,,450g
허브차_캐모마일티 핫(HOT),음료 및 차류,허브차,100ml,1,0.06,,,473ml
허브차_캐모마일티 핫(HOT),음료 및 차류,허브차,100g,1,0.06,,,473g
허브차_캐모마일티 핫(HOT) (L),음료 및 차류,허브차,100g,1,0.22,,,450g
허브차_커즈마인 아이스(ICED) (L),음료 및 차류,허브차,100g,0,0,,,450g
허브차_커즈마인 핫(HOT) (L),음료 및 차류,허브차,100g,0,0,,,350g
허브차_쿨 허벌티 아이스(ICED),음료 및 차류,허브차,100g,0,0,,,473g
허브차_쿨 허벌티 핫(HOT),음료 및 차류,허브차,100g,0,0,,,473g
허브차_샤인히비스커스 핫(HOT),음료 및 차류,허브차,100g,1,0,,,414g
허브차_스위트후르츠 아이스(ICED),음료 및 차류,허브차,100g,0,0,,,355g
허브차_스위트후르츠 핫(HOT),음료 및 차류,허브차,100g,0,0,,,355g
허브차_스프링 캐모마일 아이스(ICED),음료 및 차류,허브차,100ml,2,0,,,414ml
허브차_스프링 캐모마일 아이스(ICED) (EX),음료 및 차류,허브차,100ml,2,0.15,,,680ml
허브차_스프링 캐모마일 핫(HOT),음료 및 차류,허브차,100ml,2,0,,,384ml
허브차_스프링 캐모마일 핫(HOT) (EX),음료 및 차류,허브차,100ml,2,0.15,,,651ml
허브차_스프링캐모마일 아이스(ICED),음료 및 차류,허브차,100g,2,0,,,414g
허브차_스프링캐모마일 핫(HOT),음료 및 차류,허브차,100g,2,0,,,414g
허브차_시나몬 진저티,음료 및 차류,허브차,100g,1,0,,,360g
허브차_오렌지 보스,음료 및 차류,허브차,100g,0,0,0,0,350g
허브차_오렌지 보스 아이스(ICED) (L),음료 및 차류,허브차,100g,0,0,,,450g
허브차_오렌지 보스 핫(HOT) (L),음료 및 차류,허브차,100g,0,0,,,350g
허브차_유러피안 후르츠,음료 및 차류,허브차,100g,0,0,,,360g
허브차_자스민티 아이스(ICED) (J),음료 및 차류,허브차,100ml,1,0,,,651ml
허브차_자스민티 아이스(ICED) (L),음료 및 차류,허브차,100ml,1,0,,,473ml
허브차_자스민티 핫(HOT) (J),음료 및 차류,허브차,100ml,1,0,,,473ml
허브차_자스민티 핫(HOT) (L),음료 및 차류,허브차,100ml,1,0,,,414ml
허브차_카모마일 아이스(ICED) (L),음료 및 차류,허브차,100g,2,0.21,,,473g
허브차_루이보스 아이스(ICED),음료 및 차류,허브차,100g,2,0,,,420g
허브차_루이보스 아이스(ICED),음료 및 차류,허브차,100g,0,0,,,473g
허브차_루이보스 핫(HOT),음료 및 차류,허브차,100g,2,0,,,300g
허브차_루이보스 핫(HOT),음료 및 차류,허브차,100g,0,0,,,473g
허브차_루이보스오렌지 아이스(ICED),음료 및 차류,허브차,100g,0,0,,,355g
허브차_루이보스오렌지 핫(HOT),음료 및 차류,허브차,100g,0,0,,,355g
허브차_메도우 캐모마일티 아이스(ICED),음료 및 차류,허브차,100ml,0,0.04,0,0,473ml
허브차_메도우 캐모마일티 핫(HOT),음료 및 차류,허브차,100ml,0,0.04,0,0,473ml
허브차_민트 블렌드티 아이스(ICED) (Tall),음료 및 차류,허브차,100g,0,0,,,355g
허브차_민트 블렌드티 핫(HOT) (Tall),음료 및 차류,허브차,100g,0,0,,,355g
허브차_민트 아이스(ICED) (L),음료 및 차류,허브차,100g,0,0,,,473g
허브차_민트 핫(HOT) (L),음료 및 차류,허브차,100g,0,0,,,473g
허브차_민트크루 아이스(ICED) (L),음료 및 차류,허브차,100g,0,0,,,450g
허브차_민트크루 핫(HOT) (L),음료 및 차류,허브차,100g,0,0,0,0,350g
허브차_샤인 히비스커스 아이스(ICED),음료 및 차류,허브차,100ml,1,0,,,414ml
허브차_샤인 히비스커스 아이스(ICED) (EX),음료 및 차류,허브차,100ml,2,0,,,680ml
허브차_샤인 히비스커스 핫(HOT),음료 및 차류,허브차,100ml,2,0,,,384ml
허브차_샤인 히비스커스 핫(HOT) (EX),음료 및 차류,허브차,100ml,2,0,,,651ml
허브차_샤인히비스커스 아이스(ICED),음료 및 차류,허브차,100g,1,0,,,414g
허니브레드_허니 버터 브레드,빵 및 과자류,허니브레드,100g,404,8.15,17.78,51.48,270g
허니브레드_허니 버터볼,빵 및 과자류,허니브레드,100g,200,36,,,125g
허니브레드_허니 브레드+생크림,빵 및 과자류,허니브레드,100g,310,4.29,,,210g
허니브레드_허니 브레드+젤라또,빵 및 과자류,허니브레드,100g,290,4,,,260g
허니브레드_허니 카라멜 브레드,빵 및 과자류,허니브레드,100g,333,4.02,,,224g
허니브레드_허니버터 브레드,빵 및 과자류,허니브레드,100g,416,8.42,,,190g
허니브레드_허니브래드,빵 및 과자류,허니브레드,100g,308,6.09,,,279g
허니브레드_허니브레드,빵 및 과자류,허니브레드,100g,491,6.67,,,150g
허니브레드_허니브레드,빵 및 과자류,허니브레드,100g,284,3.86,,,285g
허니브레드_허니브레드,빵 및 과자류,허니브레드,100g,322,6.14,,,249g
허니브레드_허니브레드,빵 및 과자류,허니브레드,100g,324,8.12,,,245g
허니브레드_허니브레드,빵 및 과자류,허니브레드,100g,307,5.26,,,190g
허니브레드_허니브레드,빵 및 과자류,허니브레드,100g,300,4.04,,,272g
허니브레드_허니브레드볼,빵 및 과자류,허니브레드,100g,340,5.92,,,238g
허니브레드_허니초코브레드,빵 및 과자류,허니브레드,100g,310,4.44,,,232g
허니브레드_허니카라멜브레드,빵 및 과자류,허니브레드,100g,312,4.4,,,232g
허브차_감잎차 아이스(ICED) (L),음료 및 차류,허브차,100g,0,0.04,,,450g
허브차_감잎차 핫(HOT) (L),음료 및 차류,허브차,100g,0,0.04,,,450g
햄채소볶음,볶음류,햄채소볶음,100ml,68,6.3,3.03,3.82,210ml
햄채소볶음,볶음류,햄채소볶음,100ml,67,6.3,3.03,3.82,210ml
허니브레드_갈릭 버터 브레드,빵 및 과자류,허니브레드,100g,365,10.42,12.5,53.13,192g
허니브레드_갈릭 치즈 브레드,빵 및 과자류,허니브레드,100g,273,7.2,,,250g
허니브레드_갈릭 허니브레드,빵 및 과자류,허니브레드,100g,320,3.91,,,230g
허니브레드_갈릭&치즈 브레드,빵 및 과자류,허니브레드,100g,392,6.88,,,176g
허니브레드_갈릭버터 브레드,빵 및 과자류,허니브레드,100g,408,8.42,,,190g
허니브레드_갈릭부기 브레드,빵 및 과자류,허니브레드,100g,214,9.41,,,170g
허니브레드_갈릭치즈 허니브레드,빵 및 과자류,허니브레드,100g,323,12.31,7.69,,260g
허니브레드_갈릭치즈브레드,빵 및 과자류,허니브레드,100g,369,11.01,,,238g
허니브레드_리치골드브레드,빵 및 과자류,허니브레드,100g,309,12.96,,,409g
허니브레드_메이플 넛 브레드,빵 및 과자류,허니브레드,100g,336,7.14,,,245g
허니브레드_메이플 넛 프레드,빵 및 과자류,허니브레드,100g,354,5.42,,,240g
허니브레드_메이플 허니브레드,빵 및 과자류,허니브레드,100g,327,6.07,10.71,,280g
허니브레드_무화과브레드&이즈니버터,빵 및 과자류,허니브레드,100g,239,7.88,,,165g
허니브레드_미니 허니브레드 초코,빵 및 과자류,허니브레드,100g,320,5.92,,,157g
허니브레드_미니 허니브레드 카라멜,빵 및 과자류,허니브레드,100g,324,6.5,,,157g
허니브레드_미니 허니브레드 플레인,빵 및 과자류,허니브레드,100g,330,7.69,,,147g
햄버거_시그니처불고기버거,빵 및 과자류,햄버거,100g,236,7.74,,,241g
햄버거_에그김치불고기버거,빵 및 과자류,햄버거,100g,222,10.02,,,260g
햄버거_에그베이컨버거,빵 및 과자류,햄버거,100g,280,13.09,,,250g
햄버거_에그불고기버거,빵 및 과자류,햄버거,100g,329,13.67,,,247g
햄버거_에드워드리 비프버거,빵 및 과자류,햄버거,100g,258,12.39,,,247g
햄버거_오리지널,빵 및 과자류,햄버거,100g,232,8.99,,,189g
햄버거_오리지널스 뉴욕스테이크,빵 및 과자류,햄버거,100g,269,16.61,,,307g
햄버거_오리지널스 메이플갈릭,빵 및 과자류,햄버거,100g,269,12.96,,,324g
햄버거_와퍼,빵 및 과자류,햄버거,100g,247,10.49,,,286g
햄버거_와퍼주니어,빵 및 과자류,햄버거,100g,241,10.9,,,156g
햄버거_치즈,빵 및 과자류,햄버거,100g,284,15.07,15.35,21.51,100g
햄버거_치즈,빵 및 과자류,햄버거,100g,302,10,,,140g
햄버거_치즈버거,빵 및 과자류,햄버거,100g,292,12.31,,,130g
햄버거_치즈와퍼,빵 및 과자류,햄버거,100g,258,11.29,,,310g
햄버거_치즈와퍼주니어,빵 및 과자류,햄버거,100g,251,10.71,,,168g
햄버거_치킨,빵 및 과자류,햄버거,100ml,123,7.5,4.06,13.92,366ml
햄버거_치킨,빵 및 과자류,햄버거,100ml,123,7.5,4.06,13.92,366ml
햄버거_치킨,빵 및 과자류,햄버거,100ml,123,7.5,4.06,13.92,366ml
햄버거_치킨치즈마요버거,빵 및 과자류,햄버거,100g,328,10.26,,,195g
햄버거_멕시칸 칠리 치즈,빵 및 과자류,햄버거,100g,264,13,,,200g
햄버거_모짜렐라버거 발사믹 바질,빵 및 과자류,햄버거,100g,295,10.84,,,250g
햄버거_모짜렐라버거 토마토 바질,빵 및 과자류,햄버거,100g,307,11.37,,,240g
햄버거_모짜렐라인더버거 베이컨,빵 및 과자류,햄버거,100g,313,13.47,,,223g
햄버거_몬스터와퍼,빵 및 과자류,햄버거,100g,271,12.9,,,403g
햄버거_몬스터와퍼주니어,빵 및 과자류,햄버거,100g,283,12.35,,,243g
햄버거_미트 마니아,빵 및 과자류,햄버거,100g,246,12.13,,,305g
햄버거_버거리버거,빵 및 과자류,햄버거,100g,273,11.41,,,245g
햄버거_베이컨치즈와퍼,빵 및 과자류,햄버거,100g,264,11.56,,,320g
햄버거_불고기버거,빵 및 과자류,햄버거,100g,246,8.66,,,164g
햄버거_불고기버거,빵 및 과자류,햄버거,100g,250,13.88,11.52,22.68,200g
햄버거_불고기와퍼,빵 및 과자류,햄버거,100g,252,10.58,,,293g
햄버거_불고기와퍼주니어,빵 및 과자류,햄버거,100g,258,10,,,160g
햄버거_비프&슈림프버거,빵 및 과자류,햄버거,100g,259,9.72,,,247g
햄버거_비프불고기버거,빵 및 과자류,햄버거,100g,282,11.03,,,136g
햄버거_비프불고기버거,빵 및 과자류,햄버거,100g,231,12.28,,,171g
햄버거_비프스테이크버거,빵 및 과자류,햄버거,100g,274,13.29,,,270g
햄버거_비프앤쉬림프버거,빵 및 과자류,햄버거,100g,285,10.17,,,282g
햄버거_빅더블클래식치즈버거,빵 및 과자류,햄버거,100g,336,18.08,,,369g
피자_이탈리아 마르게리따 피자 치즈버스트 오리지널 (L),빵 및 과자류,피자,100g,257,11.8,12.1,25.17,1127g
햄구이,구이류,햄구이,100ml,260,17.8,19.52,3.34,22.6
햄구이,구이류,햄구이,100ml,148,20.2,6.51,1.95,61.3
햄버거,빵 및 과자류,햄버거,100g,264,12.85,13.98,21.67,200g
햄버거,빵 및 과자류,햄버거,100ml,229,8,12.79,19.35,210ml
햄버거,빵 및 과자류,햄버거,100g,225,11.04,13.12,15.64,100g
햄버거,빵 및 과자류,햄버거,100ml,229,8,12.79,19.35,210ml
햄버거_NBB 어메이징 더블,빵 및 과자류,햄버거,100g,272,11.77,,,204g
햄버거_NBB 어메이징 더블 업,빵 및 과자류,햄버거,100g,257,11.35,,,282g
햄버거_갈릭불고기와퍼,빵 및 과자류,햄버거,100g,262,10.58,,,293g
햄버거_갈릭앤갈릭,빵 및 과자류,햄버거,100g,278,9.14,,,175g
햄버거_그릴드 불고기,빵 및 과자류,햄버거,100g,260,9.76,,,164g
햄버거_그릴드더블비프버거,빵 및 과자류,햄버거,100g,251,15.23,,,329g
햄버거_그릴드비프버거,빵 및 과자류,햄버거,100g,242,12.2,,,233g
햄버거_그릴드토마토더블,빵 및 과자류,햄버거,100g,203,11.31,,,283g
햄버거_김치불고기버거,빵 및 과자류,햄버거,100g,248,10.23,,,215g
햄버거_뉴욕버거,빵 및 과자류,햄버거,100g,234,11.45,,,227g
햄버거_뉴욕트러플치즈버거,빵 및 과자류,햄버거,100g,207,9.09,,,220g
햄버거_더블 그릴드 불고기,빵 및 과자류,햄버거,100g,250,12.12,,,231g
해물 스파게티,면 및 만두류,해물 스파게티,100ml,82,4.8,1.13,12.76,700ml
해물 스파게티,면 및 만두류,해물 스파게티,100ml,82,4.8,1.13,12.76,700ml
해물 완자전,전·적 및 부침류,해물 완자전,100ml,236,15.4,9.39,20.69,54.7
해물 완자전,전·적 및 부침류,해물 완자전,100ml,206,15.4,10.71,10.64,75.2
해물 완자전,전·적 및 부침류,해물 완자전,100ml,236,15.4,9.39,20.69,54.7
해물 완자전,전·적 및 부침류,해물 완자전,100ml,206,15.4,10.71,10.64,75.2
해물 채소전,전·적 및 부침류,해물 채소전,100ml,195,10.7,7.77,18.92,60ml
해물볶음,볶음류,해물볶음,100ml,133,14.1,4.35,9.22,168.7
해물볶음,볶음류,해물볶음,100ml,62,6.8,2.22,3.5,136.3
해물볶음,볶음류,해물볶음,100ml,137,14.7,4.45,9.29,168.7
해물볶음,볶음류,해물볶음,100g,105,9.55,3.83,8.05,400g
해물전골,찌개 및 전골류,해물전골,100ml,26,3.2,0.64,1.95,500ml
해물찜,찜류,해물찜,100g,80,8.52,1.96,7.08,500g
해물찜_간편조리세트_낙지한마리해물찜,찜류,해물찜,100g,88,6.63,3.53,7.52,844g
해물찜_간편조리세트_백합&바지락통찜,찜류,해물찜,100g,49,3.31,0.95,6.85,771g
해물칼국수,면 및 만두류,해물칼국수,100ml,77,3.09,0.4,14.64,1100m
해물콩나물찜,찜류,해물콩나물찜,100ml,48,6.3,0.8,4.77,129.2
해물콩나물찜,찜류,해물콩나물찜,100ml,51,7.04,1.11,3.83,850ml
핫도그_타피오카쫀도그 (2개),빵 및 과자류,핫도그,100g,313,8.21,,31.43,100g
핫도그_토마토칠리 핫도그,빵 및 과자류,핫도그,100g,220,8.54,,,164g
핫도그_통소시지감자핫도그,빵 및 과자류,핫도그,100g,322,7.03,,,185g
핫도그_플레인 핫도그,빵 및 과자류,핫도그,100g,248,5,,,219g
핫도그_할라피뇨 치즈 핫도그,빵 및 과자류,핫도그,100g,255,12.58,,,159g
핫도그_핫도그,빵 및 과자류,핫도그,100g,275,8.55,,,131g
핫도그_핫도그,빵 및 과자류,핫도그,100g,261,11.41,,,149g
핫도그_핫도그패스트리,빵 및 과자류,핫도그,100g,372,10.74,,,121g
핫도그_회오리 핫도그,빵 및 과자류,핫도그,100g,401,7.5,,50.83,120g
핫케이크,빵 및 과자류,핫케이크,100ml,193,4.7,5.18,30.48,222ml
해물 덮밥,밥류,해물 덮밥,100ml,78,3.8,0.39,14.15,572ml
해물 된장국,국 및 탕류,해물 된장국,100ml,38,5.9,0.65,1.94,320ml
해물 된장국,국 및 탕류,해물 된장국,100ml,38,5.9,0.65,1.95,227.5
해물 된장국,국 및 탕류,해물 된장국,100ml,38,5.9,0.65,1.94,320ml
해물 된장국,국 및 탕류,해물 된장국,100ml,36,5.3,0.76,1.85,227.5
해물 매운탕,찌개 및 전골류,해물 매운탕,100ml,33,5.5,0.53,1.82,650ml
해물 매운탕,찌개 및 전골류,해물 매운탕,100ml,34,5.7,0.52,1.89,650ml
해물 스파게티,면 및 만두류,해물 스파게티,100ml,82,4.8,1.13,12.82,700ml
핫도그_오리지널 핫도그 치즈,빵 및 과자류,핫도그,100g,309,5.83,,,120g
핫도그_오리지널핫도그,빵 및 과자류,핫도그,100g,263,10.07,,,139g
핫도그_오리지널핫도그,빵 및 과자류,핫도그,100g,300,8,,,195g
핫도그_왕빅도그오리지날,빵 및 과자류,핫도그,100g,354,8,,,144g
핫도그_쫄깃한핫도그빵,빵 및 과자류,핫도그,100g,325,6,,,100g
핫도그_치즈 미니 핫도그,빵 및 과자류,핫도그,100g,337,12.82,,,195g
핫도그_치즈덕,빵 및 과자류,핫도그,100g,266,8.48,16.36,21.21,100g
핫도그_치즈츄로덕,빵 및 과자류,핫도그,100g,266,8.48,,,165g
핫도그_칠리 핫도그,빵 및 과자류,핫도그,100g,235,5,,,215g
핫도그_칠리덕,빵 및 과자류,핫도그,100g,265,8.48,15.76,22.42,100g
핫도그_칠리미트핫도그,빵 및 과자류,핫도그,100g,262,11.72,,,128g
핫도그_칠리앤치즈 핫도그,빵 및 과자류,핫도그,100g,265,12.67,,,150g
핫도그_칠리츄로덕,빵 및 과자류,핫도그,100g,265,8.48,,,165g
핫도그_콘 소시지 핫도그,빵 및 과자류,핫도그,100g,274,8.83,,,145g
핫도그_콘마요 킬바사 핫도그,빵 및 과자류,핫도그,100g,290,9.68,,,155g
핫도그_콘어니언 핫도그,빵 및 과자류,핫도그,100g,269,12.14,,,140g
핫도그_콘치즈 빅도그,빵 및 과자류,핫도그,100g,278,10.5,,23,200g
핫도그_킹불소고,빵 및 과자류,핫도그,100g,239,10,,,250g
핫도그_킹콘소고,빵 및 과자류,핫도그,100g,239,10,,,250g
피자_이탈리아 마르게리따 피자 치즈버스트 나폴리 (L),빵 및 과자류,피자,100g,264,12,13.85,22.66,907g
핫도그_못난이찹쌀매콤 핫도그,빵 및 과자류,핫도그,100g,310,9.09,,,110g
핫도그_못난이찹쌀모짜렐라치즈 핫도그,빵 및 과자류,핫도그,100g,280,9.26,,,95g
핫도그_못난이찹쌀모짜렐라치즈핫도그,빵 및 과자류,핫도그,100g,280,9.26,,,95g
핫도그_못난이찹쌀핫도그,빵 및 과자류,핫도그,100g,295,8.63,,,95g
핫도그_미니치즈찰도그,빵 및 과자류,핫도그,100g,440,9.23,,,65g
핫도그_미트칠리 핫도그,빵 및 과자류,핫도그,100g,220,8.54,,,164g
핫도그_불고기핫도그,빵 및 과자류,핫도그,100g,275,10,,,245g
핫도그_불닭 치즈 핫도그,빵 및 과자류,핫도그,100g,300,12.35,,,153g
핫도그_블랙페퍼 치즈 핫도그,빵 및 과자류,핫도그,100g,273,13.33,,,150g
핫도그_소시지 치즈 롤 핫도그,빵 및 과자류,핫도그,100g,260,8.24,,,148g
핫도그_스위트칠리 킬바사 핫도그,빵 및 과자류,핫도그,100g,247,9.09,,,165g
핫도그_스위트핫도그,빵 및 과자류,핫도그,100g,205,12.5,,,216g
핫도그_스윗칠리 빅도그,빵 및 과자류,핫도그,100g,273,11.43,,25.71,175g
핫도그_스윗콘에그 핫도그,빵 및 과자류,핫도그,100g,302,10.86,,,175g
핫도그_오리지날 핫도그,빵 및 과자류,핫도그,100g,267,5.6,14.4,28.8,125g
핫도그_오리지널 핫도그,빵 및 과자류,핫도그,100g,310,10.3,14.55,34.55,165g
핫도그_오리지널 핫도그,빵 및 과자류,핫도그,100g,218,8.84,,,215g
핫도그_오리지널 핫도그 매콤치즈,빵 및 과자류,핫도그,100g,261,5.83,,,120g
함박스테이크,구이류,함박스테이크,100ml,250,22,9.85,16.12,105.3
함박스테이크,구이류,함박스테이크,100g,174,12.1,10.73,7.19,200g
함박스테이크_간편조리세트_더블체다 함박스테이크,구이류,함박스테이크,100g,189,9.9,10.46,13.88,593g
핫도그,빵 및 과자류,핫도그,100g,341,7.98,23.23,24.95,100g
핫도그_갈릭 핫도그,빵 및 과자류,핫도그,100g,257,5,,,212g
핫도그_갈릭치즈 핫도그,빵 및 과자류,핫도그,100g,226,10,,,210g
핫도그_감자,빵 및 과자류,핫도그,100g,324,8.31,23.17,20.45,100g
핫도그_뉴욕칠리 핫도그,빵 및 과자류,핫도그,100g,235,8.65,,,185g
핫도그_달콤 어니언 핫도그,빵 및 과자류,핫도그,100g,263,10.24,,,205g
핫도그_달콤어니언핫도그,빵 및 과자류,핫도그,100g,263,10.24,,,205g
핫도그_롤핫도그,빵 및 과자류,핫도그,100g,264,10,,,110g
핫도그_매콤 칠리 핫도그,빵 및 과자류,핫도그,100g,282,12,,,175g
핫도그_매콤칠리핫도그,빵 및 과자류,핫도그,100g,282,12,,,175g
핫도그_맥앤치즈 핫도그,빵 및 과자류,핫도그,100g,220,7.93,,,164g
핫도그_멕시칸 칠리 핫도그,빵 및 과자류,핫도그,100g,258,10.22,11.56,28,225g
핫도그_모짜렐라,빵 및 과자류,핫도그,100g,318,11.78,17.83,27.58,100g
핫도그_모짜렐라&소시지반반핫도그,빵 및 과자류,핫도그,100g,294,11.25,13.75,31.25,80g
핫도그_못난이찹쌀 핫도그,빵 및 과자류,핫도그,100g,295,8.63,,,95g
피자빵_쫄깃한피자빵,빵 및 과자류,피자빵,100g,260,5,,,100g
피자빵_치즈듬뿍어니언,빵 및 과자류,피자빵,100g,353,9.38,,,160g
피자빵_치즈치킨롤 피자,빵 및 과자류,피자빵,100g,241,9.81,,,214g
피자빵_치킨치즈롤,빵 및 과자류,피자빵,100g,236,10.34,,,203g
피자빵_콘치즈 베이글피자,빵 및 과자류,피자빵,100g,272,10.14,,,138g
피자빵_피자 페스츄리 붕어빵,빵 및 과자류,피자빵,100g,229,6.15,,26.92,130g
피자빵_피자빵 (대),빵 및 과자류,피자빵,100g,305,11,,,276g
피자빵_핫 페퍼로니 베이글피자,빵 및 과자류,피자빵,100g,245,11.82,,,110g
피자빵_햄치콘듬뿍베이글피자,빵 및 과자류,피자빵,100g,373,8.96,26.12,25.37,134g
피조개무침,생채·무침류,피조개무침,100g,52,4.71,0.95,6.07,100g
피조개무침,생채·무침류,피조개무침,100ml,77,7.4,1.33,9.48,150ml
하이라이스,밥류,하이라이스,100ml,111,2.7,1.29,21.33,607.4
하이라이스,밥류,하이라이스,100ml,120,3.3,1.69,22.08,340.7
하이라이스,밥류,하이라이스,100g,112,4.02,1.13,21.34,360g
함박스테이크,구이류,함박스테이크,100ml,155,17.5,4.08,10.42,132.3
함박스테이크,구이류,함박스테이크,100g,229,13.48,14.82,10.38,200g
함박스테이크,구이류,함박스테이크,100ml,165,15,5.94,11.25,157ml
함박스테이크,구이류,함박스테이크,100ml,250,22,9.85,16.12,105.3
피자_이탈리아 마르게리따 피자 오리지널 (L),빵 및 과자류,피자,100g,237,10.5,8.22,30.18,935g
피자_흥부포테이토 피자 리코타링 (R),빵 및 과자류,피자,100g,278,13.59,,,737g
피자_흥부포테이토 피자 석쇠 (G),빵 및 과자류,피자,100g,274,13.87,,,1372g
피자_흥부포테이토 피자 석쇠 (L),빵 및 과자류,피자,100g,274,14.02,,,856g
피자_흥부포테이토 피자 석쇠 (R),빵 및 과자류,피자,100g,274,13.41,,,657g
피자_흥부포테이토 피자 씬도우 (L),빵 및 과자류,피자,100g,289,11.48,,,733g
피자_흥부포테이토 피자 씬도우 (R),빵 및 과자류,피자,100g,278,11.94,,,536g
피자_흥부포테이토 피자 치즈링 (G),빵 및 과자류,피자,100g,269,15.09,,,1592g
피자_흥부포테이토 피자 치즈링 (L),빵 및 과자류,피자,100g,270,14.75,,,976g
피자_흥부포테이토 피자 치즈링 (R),빵 및 과자류,피자,100g,269,14.29,,,757g
피자빵,빵 및 과자류,피자빵,100g,298,8.85,15.05,31.76,200g
피자빵_리코타치즈토마토피자빵,빵 및 과자류,피자빵,100g,197,7.34,,,109g
피자빵_바토베듬뿍베이글피자,빵 및 과자류,피자빵,100g,286,7.14,13.39,33.04,112g
피자빵_베이글,빵 및 과자류,피자빵,100g,268,7.76,,,130.2
피자빵_볼로네제미트 브레드,빵 및 과자류,피자빵,100g,259,10.34,,,145g
피자빵_사각피자빵,빵 및 과자류,피자빵,100g,267,6.67,,,135g
피자빵_소시지피자빵,빵 및 과자류,피자빵,100g,307,12,,,450g
피자빵_와앙 보름달빵,빵 및 과자류,피자빵,100g,220,8.21,9.74,24.61,195g
피자빵_이탈리안 피자,빵 및 과자류,피자빵,100g,273,17.87,,,235g
피자_흐르쥬퐁듀 시카고 피자,빵 및 과자류,피자,100g,221,9.73,6.49,24.32,1112g
피자_흑마늘불고기피자,빵 및 과자류,피자,100g,255,12.28,,,728g
피자_흑마늘불고기피자바이트,빵 및 과자류,피자,100g,247,11.7,,,888g
피자_흥부박포테이토 피자 골드스윗 (L),빵 및 과자류,피자,100g,278,10.81,,,1180g
피자_흥부박포테이토 피자 골드스윗 (R),빵 및 과자류,피자,100g,278,10.31,,,775g
피자_흥부박포테이토 피자 리코타링 (L),빵 및 과자류,피자,100g,281,11.03,,,1090g
피자_흥부박포테이토 피자 리코타링 (R),빵 및 과자류,피자,100g,280,10.67,,,710g
피자_흥부박포테이토 피자 석쇠 (L),빵 및 과자류,피자,100g,276,10.48,,,990g
피자_흥부박포테이토 피자 석쇠 (R),빵 및 과자류,피자,100g,275,10.13,,,630g
피자_흥부박포테이토 피자 씬바샤삭 (L),빵 및 과자류,피자,100g,303,10.89,,,809g
피자_흥부박포테이토 피자 씬바샤삭 (R),빵 및 과자류,피자,100g,291,9.4,,,595g
피자_흥부박포테이토 피자 치즈링 (L),빵 및 과자류,피자,100g,272,11.51,,,1110g
피자_흥부박포테이토 피자 치즈링 (R),빵 및 과자류,피자,100g,270,11.48,,,730g
피자_흥부포테이토 피자 골드스윗 (G),빵 및 과자류,피자,100g,277,13.45,,,1707g
피자_흥부포테이토 피자 골드스윗 (L),빵 및 과자류,피자,100g,277,13.74,,,1046g
피자_흥부포테이토 피자 골드스윗 (R),빵 및 과자류,피자,100g,275,13,,,802g
피자_흥부포테이토 피자 리코타링 (G),빵 및 과자류,피자,100g,279,13.55,,,1552g
피자_흥부포테이토 피자 리코타링 (L),빵 및 과자류,피자,100g,278,14.17,,,956g
피자_이탈리아 마르게리따 피자 씬 (L),빵 및 과자류,피자,100g,283,12.6,16.43,21.07,564g
피자_홍대 피자 치즈링 (R),빵 및 과자류,피자,100g,251,14.66,,,765g
피자_홍성판우김치불고기피자 (XL),빵 및 과자류,피자,100g,240,14.18,,,1065g
피자_홍성한우김치불고기피자 (L),빵 및 과자류,피자,100g,241,14.15,,,898g
피자_홍성한우김치불고기피자 (R),빵 및 과자류,피자,100g,251,14.03,,,506g
피자_홍성한우불고기피자 (L),빵 및 과자류,피자,100g,272,16.25,,,769g
피자_홍성한우불고기피자 (R),빵 및 과자류,피자,100g,276,15.76,,,444g
피자_홍성한우불고기피자 (XL),빵 및 과자류,피자,100g,258,15.33,,,965g
피자_홍페퍼치노 (L),빵 및 과자류,피자,100g,212,10.17,,,866g
피자_홍페퍼치노 (R),빵 및 과자류,피자,100g,212,11,,,550g
피자_홍페퍼치노 피자 (L),빵 및 과자류,피자,100g,231,11.23,,,865.7
피자_홍페퍼치노 피자 (R),빵 및 과자류,피자,100g,231,11.66,,,550.1
피자_화이트갈릭 피자,빵 및 과자류,피자,100g,242,11.86,,,100g
피자_화이트고구마무스 피자 (L),빵 및 과자류,피자,100g,236,8.88,,,1252g
피자_화이트시푸드피자(L),빵 및 과자류,피자,100g,204,11.82,7.67,21.9,1065g
피자_화이트시푸드피자(P),빵 및 과자류,피자,100g,204,11.82,7.67,21.9,490g
피자_화이트시푸드피자(R),빵 및 과자류,피자,100g,204,11.82,7.67,21.9,760g
피자_화이트포테이토피자오리지널(L),빵 및 과자류,피자,100g,255,10.16,,,1041g
피자_황제천왕 피자 (L),빵 및 과자류,피자,100g,253,11.88,,,1280g
피자_허리케인골드 피자 (XL),빵 및 과자류,피자,100g,224,10.66,,,1272g
피자_허리케인포테이토 피자 (L),빵 및 과자류,피자,100g,328,13.82,,33.14,817g
피자_허리케인포테이토 피자 (R),빵 및 과자류,피자,100g,308,12.03,,34.2,548g
피자_허브포테이토 피자 씬 (L),빵 및 과자류,피자,100g,242,10.68,,,824g
피자_허브포테이토 피자 씬 (R),빵 및 과자류,피자,100g,241,10.26,,,468g
피자_허브포테이토씬(L),빵 및 과자류,피자,100g,241,11.01,,,825g
피자_허브포테이토씬R,빵 및 과자류,피자,100g,241,10.24,,,468g
피자_헤븐스페셜 피자 (L),빵 및 과자류,피자,100g,273,13.49,,,1004g
피자_홍대 피자 골드스윗 (L),빵 및 과자류,피자,100g,260,13.85,,,1038g
피자_홍대 피자 골드스윗 (R),빵 및 과자류,피자,100g,258,13.86,,,810g
피자_홍대 피자 리코타링 (L),빵 및 과자류,피자,100g,259,14.29,,,948g
피자_홍대 피자 리코타링 (R),빵 및 과자류,피자,100g,260,13.98,,,745g
피자_홍대 피자 석쇠 (L),빵 및 과자류,피자,100g,253,14.15,,,848g
피자_홍대 피자 석쇠 (R),빵 및 과자류,피자,100g,253,13.86,,,665g
피자_홍대 피자 씬도우 (L),빵 및 과자류,피자,100g,268,11.86,,,777g
피자_홍대 피자 씬도우 (R),빵 및 과자류,피자,100g,261,12.42,,,612g
피자_홍대 피자 씬바샤삭 (L),빵 및 과자류,피자,100g,290,12.7,,,755g
피자_홍대 피자 씬바샤삭 (R),빵 및 과자류,피자,100g,297,14.75,,,486g
피자_홍대 피자 치즈링 (L),빵 및 과자류,피자,100g,251,14.88,,,968g
피자_행복하새우 피자 (L),빵 및 과자류,피자,100g,241,13.01,6.86,23.47,970g
피자_허니 고르곤졸라 스퀘어 피자,빵 및 과자류,피자,100g,254,12,,,100g
피자_허니갈릭쉬림프 피자 (L),빵 및 과자류,피자,100g,245,11.57,,,865g
피자_허니갈릭쉬림프 피자 (M),빵 및 과자류,피자,100g,242,10.91,,,651g
피자_허니갈릭텐더 피자 (L),빵 및 과자류,피자,100g,249,10.95,,,751g
피자_허니갈릭텐더 피자 (M),빵 및 과자류,피자,100g,262,11.43,,,565g
피자_허니고르곤 피자 (L),빵 및 과자류,피자,100g,239,13.33,,,360g
피자_허니리코타 시카고 피자,빵 및 과자류,피자,100g,276,11.99,,,100g
피자_허니멜로 스윗포테이토 피자,빵 및 과자류,피자,100g,316,11.64,,32.88,100g
피자_허니비프 피자,빵 및 과자류,피자,100g,284,13.35,,,674g
피자_허니크런치스테이크 피자,빵 및 과자류,피자,100g,251,13,,,1048g
피자_허니통옥수수피자 (L),빵 및 과자류,피자,100g,242,9.24,,,991g
피자_허니통옥수수피자 (M),빵 및 과자류,피자,100g,235,8.51,,,740g
피자_허니통옥수수피자 리치골드크러스트 (L),빵 및 과자류,피자,100g,247,9.99,,,1191g
피자_허니통옥수수피자 리치골드크러스트 (M),빵 및 과자류,피자,100g,239,9.12,,,840g
피자_허니통옥수수피자 치즈크러스트 (L),빵 및 과자류,피자,100g,246,9.65,,,1091g
피자_허니통옥수수피자 치즈크러스트 (M),빵 및 과자류,피자,100g,240,8.99,,,815g
피자_허리케인골드 (R),빵 및 과자류,피자,100g,224,10.66,,,816g
피자_햄 머쉬룸 식스치즈 치즈롤 (L),빵 및 과자류,피자,100g,251,12.27,,,978.3
피자_햄 머쉬룸 식스치즈 치즈롤 (P),빵 및 과자류,피자,100g,251,12.81,,,1638
피자_햄 머쉬룸 식스치즈 크루아상,빵 및 과자류,피자,100g,289,11.23,,,651.4
피자_햄벅한새우 피자 골드 (L),빵 및 과자류,피자,100g,223,10.67,,,1451
피자_햄벅한새우 피자 골드 (M),빵 및 과자류,피자,100g,215,11.04,,,929.2
피자_햄벅한새우 피자 골드 (R),빵 및 과자류,피자,100g,259,12.39,,,903g
피자_햄벅한새우 피자 노엣지 (L),빵 및 과자류,피자,100g,219,10.64,,,1288g
피자_햄벅한새우 피자 노엣지 (M),빵 및 과자류,피자,100g,210,11.13,,,820g
피자_햄벅한새우 피자 노엣지 (R),빵 및 과자류,피자,100g,259,12.56,,,794g
피자_햄벅한새우 피자 에그타르트 (L),빵 및 과자류,피자,100g,228,9.92,,,1451
피자_햄벅한새우 피자 에그타르트 (M),빵 및 과자류,피자,100g,221,10.32,,,929.2
피자_햄벅한새우 피자 에그타르트 (R),빵 및 과자류,피자,100g,265,11.5,,,903g
피자_햄벅한새우 피자 치즈캡 (L),빵 및 과자류,피자,100g,223,11.74,,,1410
피자_햄벅한새우 피자 치즈캡 (M),빵 및 과자류,피자,100g,216,12.4,,,915.5
피자_햄벅한새우 피자 치즈캡 (R),빵 및 과자류,피자,100g,261,13.51,,,890g
피자_햄벅한새우 피자 크림치즈 (L),빵 및 과자류,피자,100g,224,9.82,,,1497
피자_햄벅한새우 피자 크림치즈 (M),빵 및 과자류,피자,100g,217,10.23,,,956.5
피자_햄벅한새우 피자 크림치즈 (R),빵 및 과자류,피자,100g,260,11.21,,,931g
피자_해쉬베이컨 피자 석쇠 (L),빵 및 과자류,피자,100g,233,12.93,,,928g
피자_해쉬베이컨 피자 석쇠 (R),빵 및 과자류,피자,100g,233,12.9,,,620g
피자_해쉬베이컨 피자 씬도우 (L),빵 및 과자류,피자,100g,266,12.75,,,817g
피자_해쉬베이컨 피자 씬도우 (R),빵 및 과자류,피자,100g,282,10.67,,,599g
피자_해쉬베이컨 피자 치즈링 (L),빵 및 과자류,피자,100g,234,13.74,,,1048g
피자_해쉬베이컨 피자 치즈링 (R),빵 및 과자류,피자,100g,234,13.89,,,720g
피자_햄 머쉬룸 식스치즈 (F),빵 및 과자류,피자,100g,242,11.28,,,993.1
피자_햄 머쉬룸 식스치즈 (L),빵 및 과자류,피자,100g,243,10.84,,,738g
피자_햄 머쉬룸 식스치즈 (P),빵 및 과자류,피자,100g,243,11.09,,,1262
피자_햄 머쉬룸 식스치즈 골드링 (F),빵 및 과자류,피자,100g,258,12.42,,,1288
피자_햄 머쉬룸 식스치즈 골드링 (L),빵 및 과자류,피자,100g,258,12.99,,,862
피자_햄 머쉬룸 식스치즈 골드링 (P),빵 및 과자류,피자,100g,258,12.63,,,1741
피자_햄 머쉬룸 식스치즈 골드링 씬,빵 및 과자류,피자,100g,269,11.32,,,1272
피자_햄 머쉬룸 식스치즈 스파이시 갈릭 치즈롤 (F),빵 및 과자류,피자,100g,257,12.64,,,1265
피자_햄 머쉬룸 식스치즈 스파이시 갈릭 치즈롤 (L),빵 및 과자류,피자,100g,257,12.46,,,963
피자_햄 머쉬룸 식스치즈 스파이시 갈릭 치즈롤 (P),빵 및 과자류,피자,100g,256,12.62,,,1584
피자_햄 머쉬룸 식스치즈 씬,빵 및 과자류,피자,100g,271,12.28,,,977.2
피자_햄 머쉬룸 식스치즈 치즈롤 (F),빵 및 과자류,피자,100g,251,12.91,,,1301
피자_이탈리아 마르게리따 피자 슈화 더블치즈 페퍼로니 엣지 (L),빵 및 과자류,피자,100g,301,13.37,11.65,28.07,1097g
피자_핫칠리서오릉갈비 피자 (L),빵 및 과자류,피자,100g,236,10.6,,,1013
피자_핫칠리서오릉갈비 피자 (R),빵 및 과자류,피자,100g,239,11.1,,,603.5
피자_핫칠리킹쉬림프 (L),빵 및 과자류,피자,100g,193,9.02,,,978g
피자_핫칠리킹쉬림프 (R),빵 및 과자류,피자,100g,192,8.85,,,626g
피자_핫칠리킹쉬림프 피자 (L),빵 및 과자류,피자,100g,211,9.77,,,972.4
피자_핫칠리킹쉬림프 피자 (R),빵 및 과자류,피자,100g,210,9.92,,,621.9
피자_핫커리치킨 피자 밀도우 (L),빵 및 과자류,피자,100g,107,8.99,,,970g
피자_핫커리치킨 피자 밀도우 (R),빵 및 과자류,피자,100g,71,6,,,650g
피자_핫커리치킨 피자 씬도우 (L),빵 및 과자류,피자,100g,107,8.99,,,760g
피자_핫커리치킨 피자 씬도우 (R),빵 및 과자류,피자,100g,71,5.99,,,550g
피자_핫페퍼로니 (L),빵 및 과자류,피자,100g,269,13.99,,,772g
피자_핫페퍼로니(R),빵 및 과자류,피자,100g,195,13.8,,,651g
피자_핫페퍼로니(XL),빵 및 과자류,피자,100g,260,18.29,,,986g
피자_핫페퍼불고기 피자 (L),빵 및 과자류,피자,100g,353,19,,,735g
피자_해쉬베이컨 피자 골드스윗 (L),빵 및 과자류,피자,100g,243,12.86,,,1118g
피자_해쉬베이컨 피자 골드스윗 (R),빵 및 과자류,피자,100g,243,12.57,,,765g
피자_해쉬베이컨 피자 리코타링 (L),빵 및 과자류,피자,100g,240,13.18,,,1028g
피자_해쉬베이컨 피자 리코타링 (R),빵 및 과자류,피자,100g,242,13.14,,,700g
피자_핫치킨(R),빵 및 과자류,피자,100g,202,14.32,,,713g
피자_핫치킨(XL),빵 및 과자류,피자,100g,268,18.89,,,1080g
피자_핫치킨바베큐 피자,빵 및 과자류,피자,100g,148,5.72,,,100g
피자_핫치킨바베큐 피자 (L),빵 및 과자류,피자,100g,213,3.73,,,995g
피자_핫치킨쉬림프 피자 (L),빵 및 과자류,피자,100g,236,12.07,,,1210g
피자_핫치킨쉬림프 피자 (L),빵 및 과자류,피자,100g,83,3.74,,,1230g
피자_핫치킨쉬림프 피자 (L),빵 및 과자류,피자,100g,210,13.33,,,880g
피자_핫치킨쉬림프 피자 (M),빵 및 과자류,피자,100g,200,12.56,,,660g
피자_핫치킨쉬림프(R),빵 및 과자류,피자,100g,124,5.43,,,779g
피자_핫치킨쉬림프(XL),빵 및 과자류,피자,100g,177,8.84,,,1180g
피자_핫치킨쉬림프피자씬(L),빵 및 과자류,피자,100g,343,14.44,,,986.5
피자_핫치킨페스츄리 피자,빵 및 과자류,피자,100g,297,13.33,,,295g
피자_핫치킨포테이토 피자 (L),빵 및 과자류,피자,100g,230,14,,,1485g
피자_핫치킨피자,빵 및 과자류,피자,100g,243,14.27,,,715g
피자_핫치킨피자씬(L),빵 및 과자류,피자,100g,358,13.74,,,960.5
피자_핫치킨하와이안클럽 (R),빵 및 과자류,피자,100g,226,13.49,,,655g
피자_핫칠리새우 피자 (L),빵 및 과자류,피자,100g,88,3.75,,,1120g
피자_핫칠리서오릉갈비 (L),빵 및 과자류,피자,100g,221,10,,,1029g
피자_핫칠리서오릉갈비 (R),빵 및 과자류,피자,100g,226,10.62,,,626g
피자_핫앤스파이시 피자 (L),빵 및 과자류,피자,100g,264,12.14,,,1118g
피자_핫앤스파이시멕시칸 피자 (F),빵 및 과자류,피자,100g,232,9.7,,,1075g
피자_핫앤스파이시멕시칸 피자 (L),빵 및 과자류,피자,100g,232,9.5,,,799g
피자_핫앤스파이시멕시칸 피자 (P),빵 및 과자류,피자,100g,231,9.49,,,1367g
피자_핫앤스파이시멕시칸 피자 (R),빵 및 과자류,피자,100g,232,9.52,,,442g
피자_핫제육쉬림프 피자 (L),빵 및 과자류,피자,100g,208,11.97,,,880g
피자_핫제육쉬림프 피자 (M),빵 및 과자류,피자,100g,209,13.65,,,660g
피자_핫직화불고기 피자 (L),빵 및 과자류,피자,100g,225,11.75,,,825g
피자_핫직화불고기 피자 (M),빵 및 과자류,피자,100g,226,12.23,,,611g
피자_핫치킨 쉬림프 피자 (XL),빵 및 과자류,피자,100g,177,8.84,,,1180g
피자_핫치킨 알픽,빵 및 과자류,피자,100g,257,15.51,,,183g
피자_핫치킨 피자,빵 및 과자류,피자,100g,244,11.8,7.87,30.9,715g
피자_핫치킨 피자,빵 및 과자류,피자,100g,244,15.53,,,872g
피자_핫치킨 피자 (L),빵 및 과자류,피자,100g,250,13.74,,,792g
피자_핫치킨 피자 (L),빵 및 과자류,피자,100g,217,11.11,,,1008g
피자_핫치킨 피자 (L),빵 및 과자류,피자,100g,213,9.58,,,1200g
피자_핫치킨 피자 (L),빵 및 과자류,피자,100g,245,12.72,,,1105
피자_핫치킨 피자 (L),빵 및 과자류,피자,100g,301,17.44,9.65,36.06,600g
피자_핫치킨 피자 (XL),빵 및 과자류,피자,100g,268,18.89,,,1080g
피자_이탈리아 마르게리따 피자 슈퍼시드 화이버 오리지널 (L),빵 및 과자류,피자,100g,249,10,8.32,33.47,900g
피자_핫멕시칸팬(L),빵 및 과자류,피자,100g,230,13.24,,,1010g
피자_핫멕시칸팬(R),빵 및 과자류,피자,100g,230,12.72,,,579.8
피자_핫멕시칸흑미스크린(L),빵 및 과자류,피자,100g,221,13.12,,,948.2
피자_핫멕시칸흑미스크린(R),빵 및 과자류,피자,100g,216,12.7,,,507.6
피자_핫멕시칸흑미치즈크러스트(L),빵 및 과자류,피자,100g,216,13.33,,,1043
피자_핫멕시칸흑미치즈크러스트(R),빵 및 과자류,피자,100g,210,13.03,,,575.4
피자_핫바베큐 피자,빵 및 과자류,피자,100g,268,14.29,,,840g
피자_핫베이컨할라피뇨 피자,빵 및 과자류,피자,100g,252,13.43,,26.87,1070g
피자_핫불고기 피자,빵 및 과자류,피자,100g,238,14.96,,23.62,1019g
피자_핫불고기 피자 (L),빵 및 과자류,피자,100g,242,14.43,,,872g
피자_핫쉬림프 피자 (L),빵 및 과자류,피자,100g,225,13.45,,,960g
피자_핫쉬림프골드 피자 (L),빵 및 과자류,피자,100g,242,12.08,,,1104g
피자_핫스파이스 피자 (L),빵 및 과자류,피자,100g,227,13.98,,,742g
피자_핫스파이시치킨 피자 (L),빵 및 과자류,피자,100g,209,11.74,,,795g
피자_핫스파이시치킨 피자 (M),빵 및 과자류,피자,100g,215,12.37,,,586g
피자_핫스파이시치킨 피자 오리지널 (M),빵 및 과자류,피자,100g,288,13.48,12.87,36.36,535g
피자_핫스파이시치킨피자 오리지널,빵 및 과자류,피자,100g,272,14.46,,,500g
피자_핫스파이시페퍼로니 (R),빵 및 과자류,피자,100g,258,14.23,,,600g
피자_핫멕시칸 피자 흑미스크린치즈크러스트 (L),빵 및 과자류,피자,100g,216,13.08,,,1040g
피자_핫멕시칸 피자 흑미스크린치즈크러스트 (R),빵 및 과자류,피자,100g,208,12.5,,,576g
피자_핫멕시칸고구마크러스트(L),빵 및 과자류,피자,100g,227,12.2,,,1105g
피자_핫멕시칸고구마크러스트(R),빵 및 과자류,피자,100g,226,11.68,,,636.8
피자_핫멕시칸밀스크린(L),빵 및 과자류,피자,100g,233,13.2,,,974.6
피자_핫멕시칸밀스크린(R),빵 및 과자류,피자,100g,227,12.79,,,520.8
피자_핫멕시칸밀스크린치즈크러스트(L),빵 및 과자류,피자,100g,227,13.4,,,1069
피자_핫멕시칸밀스크린치즈크러스트(R),빵 및 과자류,피자,100g,220,13.1,,,588.6
피자_핫멕시칸백미스크린(L),빵 및 과자류,피자,100g,227,13.2,,,943.8
피자_핫멕시칸백미스크린(R),빵 및 과자류,피자,100g,221,12.78,,,505.4
피자_핫멕시칸백미치즈크러스트(L),빵 및 과자류,피자,100g,221,13.41,,,1038
피자_핫멕시칸백미치즈크러스트(R),빵 및 과자류,피자,100g,214,13.1,,,573.2
피자_핫멕시칸씬(L),빵 및 과자류,피자,100g,231,13.98,,,745g
피자_핫멕시칸씬(R),빵 및 과자류,피자,100g,230,13.3,,,420g
피자_핫멕시칸체다크림크러스트(L),빵 및 과자류,피자,100g,229,12.64,,,1110g
피자_핫멕시칸체다크림크러스트(R),빵 및 과자류,피자,100g,228,12.14,,,639.8
피자_핫멕시칸치즈크러스트(L),빵 및 과자류,피자,100g,224,13.44,,,1105g
피자_핫멕시칸치즈크러스트(R),빵 및 과자류,피자,100g,223,13.01,,,647.7
피자_핫멕시칸 피자 밀스크린체다크림크러스트 (L),빵 및 과자류,피자,100g,232,12.69,,,1072g
피자_핫멕시칸 피자 밀스크린체다크림크러스트 (R),빵 및 과자류,피자,100g,226,12.37,,,582g
피자_핫멕시칸 피자 밀스크린치즈크러스트 (L),빵 및 과자류,피자,100g,226,13.43,,,1072g
피자_핫멕시칸 피자 밀스크린치즈크러스트 (R),빵 및 과자류,피자,100g,219,13.27,,,588g
피자_핫멕시칸 피자 백미스크린 (L),빵 및 과자류,피자,100g,227,13.56,,,944g
피자_핫멕시칸 피자 백미스크린 (R),빵 및 과자류,피자,100g,221,13.1,,,504g
피자_핫멕시칸 피자 백미스크린치즈크러스트 (L),빵 및 과자류,피자,100g,221,13.08,,,1040g
피자_핫멕시칸 피자 백미스크린치즈크러스트 (R),빵 및 과자류,피자,100g,213,12.5,,,576g
피자_핫멕시칸 피자 씬 (L),빵 및 과자류,피자,100g,231,13.98,,,744g
피자_핫멕시칸 피자 씬 (R),빵 및 과자류,피자,100g,230,12.86,,,420g
피자_핫멕시칸 피자 체다크림크러스트 (L),빵 및 과자류,피자,100g,228,12.95,,,1112g
피자_핫멕시칸 피자 체다크림크러스트 (R),빵 및 과자류,피자,100g,228,12.15,,,642g
피자_핫멕시칸 피자 치즈크러스트 (L),빵 및 과자류,피자,100g,224,13.04,,,1104g
피자_핫멕시칸 피자 치즈크러스트 (R),빵 및 과자류,피자,100g,222,12.96,,,648g
피자_핫멕시칸 피자 팬 (L),빵 및 과자류,피자,100g,230,13.49,,,1008g
피자_핫멕시칸 피자 팬 (R),빵 및 과자류,피자,100g,229,12.37,,,582g
피자_핫멕시칸 피자 흑미스크린 (L),빵 및 과자류,피자,100g,220,13.45,,,952g
피자_핫멕시칸 피자 흑미스크린 (R),빵 및 과자류,피자,100g,214,12.94,,,510g
피자_전주불백 피자 (L),빵 및 과자류,피자,100g,217,10.87,,,1105g
피자_할루미팬(L),빵 및 과자류,피자,100g,271,16.4,,,920g
피자_할루미팬(R),빵 및 과자류,피자,100g,272,16.11,,,534.8
피자_할루미흑미스크린(L),빵 및 과자류,피자,100g,265,16.48,,,858.2
피자_할루미흑미스크린(R),빵 및 과자류,피자,100g,264,16.63,,,462.6
피자_할루미흑미치즈크러스트(L),빵 및 과자류,피자,100g,255,16.39,,,953.2
피자_할루미흑미치즈크러스트(R),빵 및 과자류,피자,100g,251,16.49,,,530.4
피자_함박벅벅피자오리지널,빵 및 과자류,피자,100g,248,13.28,,,1020g
피자_함박스테이크피자,빵 및 과자류,피자,100g,226,13.61,,,1174g
피자_함박스테이크피자 (1인),빵 및 과자류,피자,100g,149,11.66,,,360g
피자_핫&스파이시치킨 피자 (L),빵 및 과자류,피자,100g,244,11.36,,,1060g
피자_핫&스파이시치킨 피자 (R),빵 및 과자류,피자,100g,241,11.39,,,630g
피자_핫갈베 피자 (L),빵 및 과자류,피자,100g,281,6.32,,,850g
피자_핫멕시칸 피자 고구마크러스트 (L),빵 및 과자류,피자,100g,227,12.32,,,1104g
피자_핫멕시칸 피자 고구마크러스트 (R),빵 및 과자류,피자,100g,226,11.32,,,636g
피자_핫멕시칸 피자 밀스크린 (L),빵 및 과자류,피자,100g,233,13.11,,,976g
피자_핫멕시칸 피자 밀스크린 (R),빵 및 과자류,피자,100g,226,12.64,,,522g
피자_핫멕시칸 피자 밀스크린고구마크러스트 (L),빵 및 과자류,피자,100g,231,12.03,,,1064g
피자_핫멕시칸 피자 밀스크린고구마크러스트 (R),빵 및 과자류,피자,100g,224,11.46,,,576g
피자_쟌슨빌콰트로피자 (XL),빵 및 과자류,피자,100g,281,13.16,,,1095g
피자_할루미 피자 흑미스크린치즈크러스트 (L),빵 및 과자류,피자,100g,255,15.97,,,952g
피자_할루미 피자 흑미스크린치즈크러스트 (R),빵 및 과자류,피자,100g,251,15.91,,,528g
피자_할루미고구마크러스트(L),빵 및 과자류,피자,100g,264,14.97,,,1015g
피자_할루미고구마크러스트(R),빵 및 과자류,피자,100g,265,14.68,,,591.8
피자_할루미밀스크린(L),빵 및 과자류,피자,100g,277,16.47,,,884.6
피자_할루미밀스크린(R),빵 및 과자류,피자,100g,275,16.62,,,475.8
피자_할루미밀스크린치즈크러스트(L),빵 및 과자류,피자,100g,266,16.38,,,979.6
피자_할루미밀스크린치즈크러스트(R),빵 및 과자류,피자,100g,261,16.48,,,543.6
피자_할루미백미스크린(L),빵 및 과자류,피자,100g,271,16.59,,,853.8
피자_할루미백미스크린(R),빵 및 과자류,피자,100g,270,16.73,,,460.4
피자_할루미백미치즈크러스트(L),빵 및 과자류,피자,100g,261,16.48,,,948.8
피자_할루미백미치즈크러스트(R),빵 및 과자류,피자,100g,256,16.58,,,528.2
피자_할루미씬(L),빵 및 과자류,피자,100g,289,18.51,,,655g
피자_할루미씬(R),빵 및 과자류,피자,100g,291,18.22,,,375g
피자_할루미체다크림크러스트(L),빵 및 과자류,피자,100g,266,15.43,,,1020g
피자_할루미체다크림크러스트(R),빵 및 과자류,피자,100g,267,15.15,,,594.8
피자_할루미치즈크러스트(L),빵 및 과자류,피자,100g,261,16.31,,,1015g
피자_할루미치즈크러스트(R),빵 및 과자류,피자,100g,260,16.05,,,602.7
피자_할루미 피자 밀스크린체다크림크러스트 (L),빵 및 과자류,피자,100g,271,15.45,,,984g
피자_할루미 피자 밀스크린체다크림크러스트 (R),빵 및 과자류,피자,100g,269,15.73,,,534g
피자_할루미 피자 밀스크린치즈크러스트 (L),빵 및 과자류,피자,100g,266,16.39,,,976g
피자_할루미 피자 밀스크린치즈크러스트 (R),빵 및 과자류,피자,100g,259,16.48,,,546g
피자_할루미 피자 백미스크린 (L),빵 및 과자류,피자,100g,271,16.82,,,856g
피자_할루미 피자 백미스크린 (R),빵 및 과자류,피자,100g,269,16.88,,,462g
피자_할루미 피자 백미스크린치즈크러스트 (L),빵 및 과자류,피자,100g,259,15.97,,,952g
피자_할루미 피자 백미스크린치즈크러스트 (R),빵 및 과자류,피자,100g,256,17.05,,,528g
피자_할루미 피자 씬 (L),빵 및 과자류,피자,100g,288,18.29,,,656g
피자_할루미 피자 씬 (R),빵 및 과자류,피자,100g,289,17.46,,,378g
피자_할루미 피자 체다크림크러스트 (L),빵 및 과자류,피자,100g,265,15.63,,,1024g
피자_할루미 피자 체다크림크러스트 (R),빵 및 과자류,피자,100g,267,15.15,,,594g
피자_할루미 피자 치즈크러스트 (L),빵 및 과자류,피자,100g,261,16.54,,,1016g
피자_할루미 피자 치즈크러스트 (R),빵 및 과자류,피자,100g,261,16,,,600g
피자_할루미 피자 팬 (L),빵 및 과자류,피자,100g,271,16.52,,,920g
피자_할루미 피자 팬 (R),빵 및 과자류,피자,100g,273,15.73,,,534g
피자_할루미 피자 흑미스크린 (L),빵 및 과자류,피자,100g,265,16.82,,,856g
피자_할루미 피자 흑미스크린 (R),빵 및 과자류,피자,100g,264,16.88,,,462g
피자_쟌슨빌콰트로피자 (L),빵 및 과자류,피자,100g,281,13.16,,,900g
피자_할라로니 피자 (L),빵 및 과자류,피자,100g,270,14.67,,,709g
피자_할라로니피자씬(L),빵 및 과자류,피자,100g,388,15.05,,,733.5
피자_할라로니피자오리지널(L),빵 및 과자류,피자,100g,269,15.31,,,690g
피자_할라불고기 피자 (L),빵 및 과자류,피자,100g,243,12.64,,,979g
피자_할라불고기 피자 (L),빵 및 과자류,피자,100g,215,12.03,8.31,23.1,885g
피자_할라불고기피자오리지널(L),빵 및 과자류,피자,100g,236,14.05,,,785g
피자_할라직화불고기피자씬(L),빵 및 과자류,피자,100g,367,16.88,,,805.5
피자_할라피노 피자 (L),빵 및 과자류,피자,100g,289,6.47,,,822g
피자_할라피뇨 페이버릿 피자 (XL),빵 및 과자류,피자,100g,256,14.45,,,824g
피자_할라피뇨 피자 오리지널 (M),빵 및 과자류,피자,100g,295,19.28,15.39,31.07,495g
피자_할라피뇨프라이 피자 (L),빵 및 과자류,피자,100g,268,14,,,1391g
피자_할라피뇨피자 오리지널,빵 및 과자류,피자,100g,284,17.81,,,440g
피자_할루미 피자 고구마크러스트 (L),빵 및 과자류,피자,100g,264,14.96,,,1016g
피자_할루미 피자 고구마크러스트 (R),빵 및 과자류,피자,100g,264,14.14,,,594g
피자_할루미 피자 밀스크린 (L),빵 및 과자류,피자,100g,276,16.22,,,888g
피자_할루미 피자 밀스크린 (R),빵 및 과자류,피자,100g,276,16.46,,,474g
피자_할루미 피자 밀스크린고구마크러스트 (L),빵 및 과자류,피자,100g,270,14.75,,,976g
피자_할루미 피자 밀스크린고구마크러스트 (R),빵 및 과자류,피자,100g,265,14.61,,,534g
피자_한우핫불고기 피자 라이스골드 (R),빵 및 과자류,피자,100g,274,16.88,,,708g
피자_한우핫불고기 피자 라이스바이트 (F),빵 및 과자류,피자,100g,273,15.85,,,1550g
피자_한우핫불고기 피자 라이스바이트 (L),빵 및 과자류,피자,100g,269,16.11,,,1335g
피자_한우핫불고기 피자 라이스바이트 (R),빵 및 과자류,피자,100g,275,15.46,,,808g
피자_한우핫불고기 피자 석쇠 (F),빵 및 과자류,피자,100g,273,17.13,,,1045g
피자_한우핫불고기 피자 석쇠 (L),빵 및 과자류,피자,100g,259,16.93,,,895g
피자_한우핫불고기 피자 석쇠 (R),빵 및 과자류,피자,100g,260,16.93,,,458g
피자_한우핫불고기 피자 치즈크러스트 (F),빵 및 과자류,피자,100g,272,17.6,,,1175g
피자_한우핫불고기 피자 치즈크러스트 (L),빵 및 과자류,피자,100g,267,17.54,,,1095g
피자_한우핫불고기 피자 치즈크러스트 (R),빵 및 과자류,피자,100g,274,17.76,,,628g
피자_한우핫불고기 피자 팬 (F),빵 및 과자류,피자,100g,280,17.29,,,1145g
피자_한우핫불고기 피자 팬 (L),빵 및 과자류,피자,100g,266,17.12,,,955g
피자_할라 페페로니 러버 피자 씬 (L),빵 및 과자류,피자,100g,341,15.13,,,455g
피자_할라 페페로니 러버 피자 오리지널 (L),빵 및 과자류,피자,100g,288,13.11,,,733g
피자_할라 페페로니 러버 피자 오리지널 (M),빵 및 과자류,피자,100g,290,13.64,,,422g
피자_할라 페페로니 러버 피자 오리지널 파마산 치즈 (L),빵 및 과자류,피자,100g,294,13.83,,,755g
피자_할라 페페로니 러버 피자 오리지널 파마산 치즈 (M),빵 및 과자류,피자,100g,294,14.28,,,436g
피자_할라 페페로니 러버 피자 팬 (L),빵 및 과자류,피자,100g,318,11.84,,,788g
피자_하프앤하프 피자 크림치즈 (M),빵 및 과자류,피자,100g,235,10.57,,,786.5
피자_하프앤하프 피자 크림치즈 (R),빵 및 과자류,피자,100g,233,10.05,,,756g
피자_한우불고기 피자 라이스골드 (R),빵 및 과자류,피자,100g,274,16.88,,,708g
피자_한우불고기 피자 라이스바이트 (F),빵 및 과자류,피자,100g,261,15.73,,,1752g
피자_한우불고기 피자 라이스바이트 (L),빵 및 과자류,피자,100g,269,16.11,,,1335g
피자_한우불고기 피자 라이스바이트 (R),빵 및 과자류,피자,100g,275,15.46,,,808g
피자_한우불고기 피자 석쇠 (F),빵 및 과자류,피자,100g,255,16.76,,,1247g
피자_한우불고기 피자 석쇠 (L),빵 및 과자류,피자,100g,259,16.93,,,895g
피자_한우불고기 피자 석쇠 (R),빵 및 과자류,피자,100g,260,16.93,,,458g
피자_한우불고기 피자 치즈크러스트 (F),빵 및 과자류,피자,100g,256,17.2,,,1377g
피자_한우불고기 피자 치즈크러스트 (L),빵 및 과자류,피자,100g,267,17.54,,,1095g
피자_한우불고기 피자 치즈크러스트 (R),빵 및 과자류,피자,100g,274,17.76,,,628g
피자_한우불고기 피자 팬 (F),빵 및 과자류,피자,100g,263,16.92,,,1347g
피자_한우불고기 피자 팬 (L),빵 및 과자류,피자,100g,266,17.12,,,955g
피자_한우불고기 피자 팬 (R),빵 및 과자류,피자,100g,267,17.06,,,488g
피자_한우불고기감자피자,빵 및 과자류,피자,100g,238,12.92,,,687g
피자_한우핫불고기 피자 골드 (L),빵 및 과자류,피자,100g,267,16.52,,,1255g
피자_한우핫불고기 피자 라이스골드 (F),빵 및 과자류,피자,100g,264,17.09,,,1468g
피자_인싸 피자 (L),빵 및 과자류,피자,100g,290,15.4,,,855g
피자_하와이언씬(R),빵 및 과자류,피자,100g,209,10.06,,,420g
피자_하와이언체다크림크러스트(L),빵 및 과자류,피자,100g,215,10.59,,,1110g
피자_하와이언체다크림크러스트(R),빵 및 과자류,피자,100g,215,10.01,,,639.8
피자_하와이언치즈크러스트(L),빵 및 과자류,피자,100g,211,11.38,,,1105g
피자_하와이언치즈크러스트(R),빵 및 과자류,피자,100g,209,10.9,,,647.7
피자_하와이언팬(L),빵 및 과자류,피자,100g,215,10.99,,,1010g
피자_하와이언팬(R),빵 및 과자류,피자,100g,214,10.36,,,579.8
피자_하와이언흑미스크린(L),빵 및 과자류,피자,100g,206,10.72,,,948.2
피자_하와이언흑미스크린(R),빵 및 과자류,피자,100g,198,10.02,,,507.6
피자_하와이언흑미치즈크러스트(L),빵 및 과자류,피자,100g,202,11.16,,,1043
피자_하와이언흑미치즈크러스트(R),빵 및 과자류,피자,100g,194,10.67,,,575.4
피자_하프앤하프 피자 골드 (L),빵 및 과자류,피자,100g,231,10.2,,,1191
피자_하프앤하프 피자 골드 (M),빵 및 과자류,피자,100g,234,11.57,,,759.2
피자_하프앤하프 피자 골드 (R),빵 및 과자류,피자,100g,231,10.99,,,728g
피자_하프앤하프 피자 에그타르트 (L),빵 및 과자류,피자,100g,237,9.28,,,1191
피자_하프앤하프 피자 에그타르트 (M),빵 및 과자류,피자,100g,241,10.69,,,759.2
피자_하프앤하프 피자 에그타르트 (R),빵 및 과자류,피자,100g,239,10.44,,,728g
피자_하프앤하프 피자 크림치즈 (L),빵 및 과자류,피자,100g,232,9.19,,,1237
피자_이탈리안치즈피자바이트,빵 및 과자류,피자,100g,272,15.45,,,765g
피자_하와이언 피자 흑미스크린 (R),빵 및 과자류,피자,100g,198,9.41,,,510g
피자_하와이언 피자 흑미스크린치즈크러스트 (L),빵 및 과자류,피자,100g,202,10.77,,,1040g
피자_하와이언 피자 흑미스크린치즈크러스트 (R),빵 및 과자류,피자,100g,194,10.42,,,576g
피자_하와이언(R),빵 및 과자류,피자,100g,248,7.17,,,682g
피자_하와이언(XL),빵 및 과자류,피자,100g,212,9.38,,,1032g
피자_하와이언고구마크러스트(L),빵 및 과자류,피자,100g,213,10.15,,,1105g
피자_하와이언고구마크러스트(R),빵 및 과자류,피자,100g,213,9.54,,,636.8
피자_하와이언밀스크린(L),빵 및 과자류,피자,100g,218,10.86,,,974.6
피자_하와이언밀스크린(R),빵 및 과자류,피자,100g,210,10.17,,,520.8
피자_하와이언밀스크린치즈크러스트(L),빵 및 과자류,피자,100g,214,11.28,,,1069
피자_하와이언밀스크린치즈크러스트(R),빵 및 과자류,피자,100g,205,10.79,,,588.6
피자_하와이언백미스크린(L),빵 및 과자류,피자,100g,211,10.79,,,943.8
피자_하와이언백미스크린(R),빵 및 과자류,피자,100g,203,10.08,,,505.4
피자_하와이언백미치즈크러스트(L),빵 및 과자류,피자,100g,207,11.22,,,1038
피자_하와이언백미치즈크러스트(R),빵 및 과자류,피자,100g,199,10.72,,,573.2
피자_하와이언쉬림프 피자 (L),빵 및 과자류,피자,100g,219,10.98,,,878g
피자_하와이언쉬림프 피자 (M),빵 및 과자류,피자,100g,204,11.22,,,666g
피자_하와이언씬(L),빵 및 과자류,피자,100g,211,10.92,,,745g
피자_이탈리안치즈피자,빵 및 과자류,피자,100g,283,17.07,,,600g
피자_하와이언 피자 석쇠 (F),빵 및 과자류,피자,100g,289,16.29,,,1120g
피자_하와이언 피자 석쇠 (L),빵 및 과자류,피자,100g,292,16.42,,,810g
피자_하와이언 피자 석쇠 (R),빵 및 과자류,피자,100g,286,14.9,,,415g
피자_하와이언 피자 씬 (L),빵 및 과자류,피자,100g,211,10.75,,,744g
피자_하와이언 피자 씬 (R),빵 및 과자류,피자,100g,209,10,,,420g
피자_하와이언 피자 체다크림크러스트 (L),빵 및 과자류,피자,100g,215,10.79,,,1112g
피자_하와이언 피자 체다크림크러스트 (R),빵 및 과자류,피자,100g,214,10.28,,,642g
피자_하와이언 피자 치즈크러스트 (F),빵 및 과자류,피자,100g,287,16.82,,,1250g
피자_하와이언 피자 치즈크러스트 (L),빵 및 과자류,피자,100g,295,17.18,,,1010g
피자_하와이언 피자 치즈크러스트 (L),빵 및 과자류,피자,100g,211,11.59,,,1104g
피자_하와이언 피자 치즈크러스트 (R),빵 및 과자류,피자,100g,208,11.11,,,648g
피자_하와이언 피자 치즈크러스트 (R),빵 및 과자류,피자,100g,294,16.38,,,585g
피자_하와이언 피자 팬 (F),빵 및 과자류,피자,100g,295,16.49,,,1220g
피자_하와이언 피자 팬 (L),빵 및 과자류,피자,100g,292,16.42,,,870g
피자_하와이언 피자 팬 (L),빵 및 과자류,피자,100g,216,11.11,,,1008g
피자_하와이언 피자 팬 (R),빵 및 과자류,피자,100g,292,15.16,,,445g
피자_하와이언 피자 팬 (R),빵 및 과자류,피자,100g,213,10.31,,,582g
피자_하와이언 피자 흑미스크린 (L),빵 및 과자류,피자,100g,205,10.92,,,952g
피자_하와이언 피자 (M),빵 및 과자류,피자,100g,223,11.5,,,545g
피자_하와이언 피자 (XL),빵 및 과자류,피자,100g,212,9.38,,,1032g
피자_하와이언 피자 고구마크러스트 (L),빵 및 과자류,피자,100g,214,10.14,,,1104g
피자_하와이언 피자 고구마크러스트 (R),빵 및 과자류,피자,100g,213,9.43,,,636g
피자_하와이언 피자 라이스골드 (F),빵 및 과자류,피자,100g,277,16.47,,,1543g
피자_하와이언 피자 라이스바이트 (F),빵 및 과자류,피자,100g,283,15.21,,,1652g
피자_하와이언 피자 밀스크린 (L),빵 및 과자류,피자,100g,218,10.66,,,976g
피자_하와이언 피자 밀스크린 (R),빵 및 과자류,피자,100g,209,10.34,,,522g
피자_하와이언 피자 밀스크린고구마크러스트 (L),빵 및 과자류,피자,100g,216,9.7,,,1072g
피자_하와이언 피자 밀스크린고구마크러스트 (R),빵 및 과자류,피자,100g,209,9.38,,,576g
피자_하와이언 피자 밀스크린체다크림크러스트 (L),빵 및 과자류,피자,100g,219,10.45,,,1072g
피자_하와이언 피자 밀스크린체다크림크러스트 (R),빵 및 과자류,피자,100g,210,9.28,,,582g
피자_하와이언 피자 밀스크린치즈크러스트 (L),빵 및 과자류,피자,100g,213,11.19,,,1072g
피자_하와이언 피자 밀스크린치즈크러스트 (R),빵 및 과자류,피자,100g,204,10.2,,,588g
피자_하와이언 피자 백미스크린 (L),빵 및 과자류,피자,100g,211,11.02,,,944g
피자_하와이언 피자 백미스크린 (R),빵 및 과자류,피자,100g,204,9.52,,,504g
피자_하와이언 피자 백미스크린치즈크러스트 (L),빵 및 과자류,피자,100g,206,10.77,,,1040g
피자_하와이언 피자 백미스크린치즈크러스트 (R),빵 및 과자류,피자,100g,197,10.42,,,576g
피자_이탈리안치즈 피자 (L),빵 및 과자류,피자,100g,283,17.07,,,600g
피자_하와이안슈림프 피자 오리지널 (L),빵 및 과자류,피자,100g,207,10.14,,,1102g
피자_하와이안스페셜 1인피자,빵 및 과자류,피자,100g,246,9.02,,,237g
피자_하와이안스페셜 피자 오리진 (L),빵 및 과자류,피자,100g,251,12.69,,,948g
피자_하와이안스페셜 피자 오리진 (M),빵 및 과자류,피자,100g,240,12.55,,,626g
피자_하와이안스페셜 피자 오리진 (R),빵 및 과자류,피자,100g,242,14.38,,,612g
피자_하와이안스페셜 피자 치즈캡 (L),빵 및 과자류,피자,100g,253,13.91,,,1070
피자_하와이안스페셜 피자 치즈캡 (M),빵 및 과자류,피자,100g,244,13.97,,,721.5
피자_하와이안스페셜 피자 치즈캡 (R),빵 및 과자류,피자,100g,246,15.82,,,708g
피자_하와이안피자 (L),빵 및 과자류,피자,100g,246,10.36,,,774g
피자_하와이안피자 (R),빵 및 과자류,피자,100g,246,10.33,,,466g
피자_하와이안피자 (XL),빵 및 과자류,피자,100g,246,10.42,,,940g
피자_하와이안피자 오리지널,빵 및 과자류,피자,100g,278,10.23,,,525g
피자_하와이안피자씬(L),빵 및 과자류,피자,100g,377,14.31,,,553.5
피자_하와이안피자오리지널(L),빵 및 과자류,피자,100g,226,11.03,,,810g
피자_하와이언 피자,빵 및 과자류,피자,100g,144,6.32,,,100g
피자_하와이언 피자,빵 및 과자류,피자,100g,264,13.5,,,1300g
피자_하와이언 피자 (L),빵 및 과자류,피자,100g,235,11.43,,,763g
피자_하와이언 피자 (L),빵 및 과자류,피자,100g,236,11.29,,,705g
피자_이탈리안치즈 피자 (L),빵 및 과자류,피자,100g,288,11.61,,,727g
피자_하와이안 피자 골드링 (L),빵 및 과자류,피자,100g,248,11.32,,,848
피자_하와이안 피자 골드링 (P),빵 및 과자류,피자,100g,248,11.67,,,1713
피자_하와이안 피자 골드링씬 (F),빵 및 과자류,피자,100g,259,10.22,,,1251
피자_하와이안 피자 씬 (F),빵 및 과자류,피자,100g,260,10.82,,,961.3
피자_하와이안 피자 오리지널 (F),빵 및 과자류,피자,100g,233,9.83,,,976.9
피자_하와이안 피자 오리지널 (L),빵 및 과자류,피자,100g,233,9.91,,,726g
피자_하와이안 피자 오리지널 (M),빵 및 과자류,피자,100g,268,14.29,12.86,29.48,545g
피자_하와이안 피자 오리지널 (P),빵 및 과자류,피자,100g,233,9.66,,,1241
피자_하와이안 피자 오리지널 (R),빵 및 과자류,피자,100g,233,9.72,,,401.2
피자_하와이안 피자 치즈롤 (F),빵 및 과자류,피자,100g,241,11.25,,,1280
피자_하와이안 피자 치즈롤 (L),빵 및 과자류,피자,100g,241,11.64,,,962.4
피자_하와이안 피자 치즈롤 (P),빵 및 과자류,피자,100g,241,11.79,,,1612
피자_하와이안 피자(L),빵 및 과자류,피자,100g,288,15.18,,,773g
피자_하와이안나이트 피자 (L),빵 및 과자류,피자,100g,223,4.59,,,1065g
피자_하와이안쉬림프 피자 (L),빵 및 과자류,피자,100g,149,8.44,,,1202g
피자_하와이안쉬림프 피자바이트 (L),빵 및 과자류,피자,100g,223,11.76,,,999g
피자_하와이안쉬림프피자,빵 및 과자류,피자,100g,214,13.73,,,840g
피자_하와이안쉬림프피자바이트,빵 및 과자류,피자,100g,223,11.76,,,999g
피자_하와이안 치즈롤 (P),빵 및 과자류,피자,100g,241,11.79,,,1612
피자_하와이안 크루아상,빵 및 과자류,피자,100g,278,10.28,,,640.8
피자_하와이안 포카챠,빵 및 과자류,피자,100g,189,8.64,,,220g
피자_하와이안 피자,빵 및 과자류,피자,100g,194,7.87,,,445g
피자_하와이안 피자 (F),빵 및 과자류,피자,100g,234,9.84,,,977g
피자_하와이안 피자 (L),빵 및 과자류,피자,100g,233,10,,,717g
피자_하와이안 피자 (L),빵 및 과자류,피자,100g,252,13.8,,,794g
피자_하와이안 피자 (L),빵 및 과자류,피자,100g,297,17.08,10.16,34.36,580g
피자_하와이안 피자 (L),빵 및 과자류,피자,100g,254,14.22,,,776g
피자_하와이안 피자 (L),빵 및 과자류,피자,100g,244,12,,,750g
피자_하와이안 피자 (L),빵 및 과자류,피자,100g,233,9.89,,,726g
피자_하와이안 피자 (L),빵 및 과자류,피자,100g,250,10.26,,,940g
피자_하와이안 피자 (L),빵 및 과자류,피자,100g,271,17.24,,,924g
피자_하와이안 피자 (L),빵 및 과자류,피자,100g,305,6.41,,,831g
피자_하와이안 피자 (P),빵 및 과자류,피자,100g,234,9.68,,,1242g
피자_하와이안 피자 (R),빵 및 과자류,피자,100g,233,9.7,,,401g
피자_하와이안 피자 (R),빵 및 과자류,피자,100g,246,9.86,,,565g
피자_하와이안 피자 (XL),빵 및 과자류,피자,100g,243,9.84,,,1160g
피자_하와이안 피자 골드링 (F),빵 및 과자류,피자,100g,247,11.36,,,1267
피자_필라치즈불고기 피자 (R),빵 및 과자류,피자,100g,263,15.39,,29.74,609g
피자_하나둘셋치즈 피자 (L),빵 및 과자류,피자,100g,323,21,,,982g
피자_하바네로쉬림프피자오리지널,빵 및 과자류,피자,100g,240,12.04,,,650g
피자_하와이간안다다씨 피자 (L),빵 및 과자류,피자,100g,255,14.71,,,816g
피자_하와이간안다다씨 피자 (M),빵 및 과자류,피자,100g,255,14.58,,,576g
피자_하와이안 (F),빵 및 과자류,피자,100g,233,9.83,,,976.9
피자_하와이안 (L),빵 및 과자류,피자,100g,234,9.91,,,726g
피자_하와이안 (P),빵 및 과자류,피자,100g,234,9.66,,,1241
피자_하와이안 (R),빵 및 과자류,피자,100g,233,9.7,,,401g
피자_하와이안 골드링 (F),빵 및 과자류,피자,100g,247,11.36,,,1267
피자_하와이안 골드링 (L),빵 및 과자류,피자,100g,248,11.32,,,848
피자_하와이안 골드링 (P),빵 및 과자류,피자,100g,248,11.67,,,1713
피자_하와이안 골드링 씬,빵 및 과자류,피자,100g,259,10.22,,,1251
피자_하와이안 스파이시 갈릭 치즈롤 (F),빵 및 과자류,피자,100g,247,11.56,,,1245
피자_하와이안 스파이시 갈릭 치즈롤 (L),빵 및 과자류,피자,100g,247,11.82,,,947.4
피자_하와이안 스파이시 갈릭 치즈롤 (P),빵 및 과자류,피자,100g,246,11.55,,,1558
피자_하와이안 씬,빵 및 과자류,피자,100g,260,10.82,,,961.3
피자_하와이안 치즈롤 (F),빵 및 과자류,피자,100g,241,11.25,,,1280
피자_하와이안 치즈롤 (L),빵 및 과자류,피자,100g,241,11.64,,,962.4
피자_프리미엄 직화불고기 피자 골드링씬 (F),빵 및 과자류,피자,100g,301,12.35,,,1101
피자_프리미엄 직화불고기 피자 씬 (F),빵 및 과자류,피자,100g,304,13.23,,,846.1
피자_프리미엄 직화불고기 피자 오리지널 (F),빵 및 과자류,피자,100g,272,12.09,,,859.9
피자_프리미엄 직화불고기 피자 오리지널 (L),빵 및 과자류,피자,100g,272,11.89,,,639g
피자_프리미엄 직화불고기 피자 오리지널 (P),빵 및 과자류,피자,100g,272,11.89,,,1093
피자_프리미엄 직화불고기 피자 치즈롤 (F),빵 및 과자류,피자,100g,281,13.48,,,1126
피자_프리미엄 직화불고기 피자 치즈롤 (L),빵 및 과자류,피자,100g,281,13.22,,,847.1
피자_프리미엄 직화불고기 피자 치즈롤 (P),빵 및 과자류,피자,100g,281,13.39,,,1419
피자_프리미엄불고기 피자 (L),빵 및 과자류,피자,100g,307,14.33,10.76,38.11,492g
피자_프리미엄불고기 피자 (XL),빵 및 과자류,피자,100g,260,13.41,,,984g
피자_프리미엄스테이크피자,빵 및 과자류,피자,100g,233,11.42,,,788g
피자_프리미엄직화불고기 (F),빵 및 과자류,피자,100g,263,11.43,,,936.8
피자_프리미엄직화불고기 피자 (F),빵 및 과자류,피자,100g,270,12.04,,,860g
피자_프리미엄직화불고기 피자 (L),빵 및 과자류,피자,100g,272,11.88,,,639g
피자_프리미엄직화불고기 피자 (P),빵 및 과자류,피자,100g,272,11.93,,,1093g
피자_프리미엄포테이토 피자 (L),빵 및 과자류,피자,100g,242,12.6,,,824g
피자_필라델피아 치즈스테이크 오리지널(L),빵 및 과자류,피자,100g,287,14.67,,,960g
피자_필라치즈불고기 피자 (L),빵 및 과자류,피자,100g,263,15.39,,29.74,922g
피자_프렌치밤 피자 (L),빵 및 과자류,피자,100g,322,14.22,,,1063g
피자_프리미엄 직화불고기 (L),빵 및 과자류,피자,100g,263,11.43,,,677g
피자_프리미엄 직화불고기 (P),빵 및 과자류,피자,100g,263,11.43,,,1260
피자_프리미엄 직화불고기 골드링 (F),빵 및 과자류,피자,100g,279,13.12,,,1116
피자_프리미엄 직화불고기 골드링 (L),빵 및 과자류,피자,100g,279,13.12,,,806.6
피자_프리미엄 직화불고기 골드링 (P),빵 및 과자류,피자,100g,279,13.12,,,1502
피자_프리미엄 직화불고기 골드링 씬,빵 및 과자류,피자,100g,291,11.99,,,887.7
피자_프리미엄 직화불고기 스파이시 갈릭 치즈롤 (F),빵 및 과자류,피자,100g,277,13.28,,,1065
피자_프리미엄 직화불고기 스파이시 갈릭 치즈롤 (L),빵 및 과자류,피자,100g,277,13.28,,,769.9
피자_프리미엄 직화불고기 스파이시 갈릭 치즈롤 (P),빵 및 과자류,피자,100g,277,13.28,,,1434
피자_프리미엄 직화불고기 씬,빵 및 과자류,피자,100g,293,12.66,,,670.2
피자_프리미엄 직화불고기 치즈롤 (F),빵 및 과자류,피자,100g,271,13.12,,,1069
피자_프리미엄 직화불고기 치즈롤 (L),빵 및 과자류,피자,100g,271,13.12,,,773
피자_프리미엄 직화불고기 치즈롤 (P),빵 및 과자류,피자,100g,271,13.12,,,1439
피자_프리미엄 직화불고기 크루아상,빵 및 과자류,피자,100g,313,11.69,,,597.5
피자_프리미엄 직화불고기 피자 골드링 (F),빵 및 과자류,피자,100g,288,13.63,,,1115
피자_프리미엄 직화불고기 피자 골드링 (L),빵 및 과자류,피자,100g,289,13.4,,,746.3
피자_프리미엄 직화불고기 피자 골드링 (P),빵 및 과자류,피자,100g,288,13.26,,,1508
피자_폭탄페퍼로니 피자 (M),빵 및 과자류,피자,100g,308,16.44,,,438g
피자_폴드포크 피자 (L),빵 및 과자류,피자,100g,257,12.71,,,954g
피자_폴드포크 피자 (L),빵 및 과자류,피자,100g,244,11.24,,,1164
피자_폴드포크BBQ 피자 (L),빵 및 과자류,피자,100g,226,4.85,,,885g
피자_퐁듀골드포테이토 피자 (L),빵 및 과자류,피자,100g,300,12.45,,,1113g
피자_퐁듀눈꽃치즈 피자 (L),빵 및 과자류,피자,100g,248,8.75,,,1279g
피자_퐁듀불금 피자 (L),빵 및 과자류,피자,100g,263,13.95,,,1028g
피자_푸팟퐁커리 피자,빵 및 과자류,피자,100g,296,12.46,,,457g
피자_푸팟퐁커리 피자 (L),빵 및 과자류,피자,100g,280,9.4,,,930g
피자_푸팟퐁커리 피자 마니아 에어도우 (L),빵 및 과자류,피자,100g,259,9.91,,,891g
피자_푸팟퐁커리 피자 마니아 파마산엣지 (L),빵 및 과자류,피자,100g,261,10.44,,,914g
피자_풀드포크 피자 (L),빵 및 과자류,피자,100g,214,11.61,,,1065g
피자_풀드포크 피자 (M),빵 및 과자류,피자,100g,205,11.33,,,820g
피자_풀드포크바베큐 피자 (F),빵 및 과자류,피자,100g,262,12.32,,,1103g
피자_풀드포크바베큐 피자 (L),빵 및 과자류,피자,100g,260,12.62,,,820g
피자_풀드포크바베큐 피자 (P),빵 및 과자류,피자,100g,262,12.14,,,1403g
피자_풀소유 피자 (L),빵 및 과자류,피자,100g,270,5.22,,,1213g
피자_프랑크필레 피자 (L),빵 및 과자류,피자,100g,259,11.26,,,1206g
피자_프레드 피자 (L),빵 및 과자류,피자,100g,246,13.47,,,1001g
피자_포테이토피자 (L),빵 및 과자류,피자,100g,240,12.34,,,883g
피자_포테이토피자 (M),빵 및 과자류,피자,100g,249,9.83,,,622g
피자_포테이토피자 (R),빵 및 과자류,피자,100g,225,9.97,,,570g
피자_포테이토피자 (XL),빵 및 과자류,피자,100g,224,10.02,,,1185g
피자_포테이토피자 리치골드크러스트 (L),빵 및 과자류,피자,100g,246,12.57,,,1083g
피자_포테이토피자 리치골드크러스트 (M),빵 및 과자류,피자,100g,253,10.36,,,722g
피자_포테이토피자 치즈크러스트 (L),빵 및 과자류,피자,100g,244,12.47,,,983g
피자_포테이토피자 치즈크러스트 (M),빵 및 과자류,피자,100g,253,10.25,,,697g
피자_포테이토피자바이트,빵 및 과자류,피자,100g,256,12,,,940g
피자_포테이토피자씬(L),빵 및 과자류,피자,100g,260,12,,,810g
피자_포테이토피자씬(M),빵 및 과자류,피자,100g,277,13.33,,,350g
피자_포테이토피자오리지널(M),빵 및 과자류,피자,100g,253,10.67,,,599g
피자_포테이토흑미스크린(L),빵 및 과자류,피자,100g,217,10.13,,,932.2
피자_포테이토흑미스크린(R),빵 및 과자류,피자,100g,211,9.34,,,498g
피자_포테이토흑미치즈크러스트(L),빵 및 과자류,피자,100g,212,10.63,,,1027
피자_포테이토흑미치즈크러스트(R),빵 및 과자류,피자,100g,205,10.08,,,565.8
피자_포텐 피자 (L),빵 및 과자류,피자,100g,246,11.64,,,1170g
피자_폭탄페퍼로니 피자 (L),빵 및 과자류,피자,100g,311,16.22,,,888g
피자_이탈리아 마르게리따 피자 슈퍼시드 화이버 버스트 오리지널 (L),빵 및 과자류,피자,100g,301,12.77,10.72,29.36,1086g
피자_포테이토베이컨 피자,빵 및 과자류,피자,100g,242,12.6,,,824g
피자_포테이토베이컨골드 피자,빵 및 과자류,피자,100g,253,12.36,,24.16,1422g
피자_포테이토씬(L),빵 및 과자류,피자,100g,225,10.17,,,729g
피자_포테이토씬(R),빵 및 과자류,피자,100g,224,9.23,,,410.4
피자_포테이토오리지널(L),빵 및 과자류,피자,100g,247,11.33,,,1112g
피자_포테이토체다크림크러스트(L),빵 및 과자류,피자,100g,225,10.09,,,1094g
피자_포테이토체다크림크러스트(R),빵 및 과자류,피자,100g,225,9.47,,,630.2
피자_포테이토치즈크러스트(L),빵 및 과자류,피자,100g,221,10.88,,,1089g
피자_포테이토치즈크러스트(R),빵 및 과자류,피자,100g,219,10.39,,,638.1
피자_포테이토팬(L),빵 및 과자류,피자,100g,226,10.44,,,994g
피자_포테이토팬(R),빵 및 과자류,피자,100g,225,9.78,,,570.2
피자_포테이토펍스 피자 (L),빵 및 과자류,피자,100g,251,9.83,,,1188g
피자_포테이토피자,빵 및 과자류,피자,100g,227,9.69,,,485g
피자_포테이토피자,빵 및 과자류,피자,100g,252,10.89,,,735g
피자_포테이토피자,빵 및 과자류,피자,100g,261,12.58,,,775g
피자_포테이토피자,빵 및 과자류,피자,100g,225,12.86,,,1120g
피자_포테이토피자,빵 및 과자류,피자,100g,251,11.2,10.2,28.64,250g
피자_포테이토피자 (L),빵 및 과자류,피자,100g,225,9.99,,,960g
피자_포테이토 피자바이트 (L),빵 및 과자류,피자,100g,256,12,,,940g
피자_포테이토(R),빵 및 과자류,피자,100g,163,14.48,,,755g
피자_포테이토(XL),빵 및 과자류,피자,100g,216,19.16,,,1144g
피자_포테이토고구마크러스트(L),빵 및 과자류,피자,100g,223,9.63,,,1089g
피자_포테이토고구마크러스트(R),빵 및 과자류,피자,100g,222,8.99,,,627.2
피자_포테이토골드 피자 (L),빵 및 과자류,피자,100g,259,13.61,,,1048g
피자_포테이토골드 피자 석쇠 (F),빵 및 과자류,피자,100g,254,13.57,,,1474g
피자_포테이토골드 피자 석쇠 (L),빵 및 과자류,피자,100g,256,14.19,,,966g
피자_포테이토골드 피자 석쇠 (R),빵 및 과자류,피자,100g,252,12.75,,,514g
피자_포테이토나폴리(L),빵 및 과자류,피자,100g,253,10,,,885g
피자_포테이토밀스크린(L),빵 및 과자류,피자,100g,229,10.29,,,958.6
피자_포테이토밀스크린(R),빵 및 과자류,피자,100g,222,9.51,,,511.2
피자_포테이토밀스크린치즈크러스트(L),빵 및 과자류,피자,100g,223,10.76,,,1053
피자_포테이토밀스크린치즈크러스트(R),빵 및 과자류,피자,100g,216,10.22,,,579
피자_포테이토백미스크린(L),빵 및 과자류,피자,100g,223,10.2,,,927.8
피자_포테이토백미스크린(R),빵 및 과자류,피자,100g,216,9.4,,,495.8
피자_포테이토백미치즈크러스트(L),빵 및 과자류,피자,100g,217,10.69,,,1022
피자_포테이토백미치즈크러스트(R),빵 및 과자류,피자,100g,210,10.14,,,563.6
피자_포테이토 피자 치즈링 (R),빵 및 과자류,피자,100g,276,14.29,,,531g
피자_포테이토 피자 치즈버스트 나폴리 (L),빵 및 과자류,피자,100g,249,11,14.3,,1179g
피자_포테이토 피자 치즈버스트 오리지널 (L),빵 및 과자류,피자,100g,232,10.09,12.05,20.87,1376g
피자_포테이토 피자 치즈캡 (L),빵 및 과자류,피자,100g,253,12.04,,,1082g
피자_포테이토 피자 치즈캡 (M),빵 및 과자류,피자,100g,238,12.45,,,833.5
피자_포테이토 피자 치즈캡 (R),빵 및 과자류,피자,100g,244,12.28,,,685g
피자_포테이토 피자 치즈크러스트 (L),빵 및 과자류,피자,100g,220,11.03,,,1088g
피자_포테이토 피자 치즈크러스트 (R),빵 및 과자류,피자,100g,219,10.38,,,636g
피자_포테이토 피자 크림치즈 (L),빵 및 과자류,피자,100g,237,9.91,,,1353
피자_포테이토 피자 크림치즈 (M),빵 및 과자류,피자,100g,235,10.43,,,864.5
피자_포테이토 피자 크림치즈 (R),빵 및 과자류,피자,100g,235,9.24,,,735g
피자_포테이토 피자 트리플치즈버스트 엣지 (L),빵 및 과자류,피자,100g,234,10.98,,,1387g
피자_포테이토 피자 팬 (L),빵 및 과자류,피자,100g,227,10.48,,,992g
피자_포테이토 피자 팬 (R),빵 및 과자류,피자,100g,225,9.47,,,570g
피자_포테이토 피자 흑미스크린 (L),빵 및 과자류,피자,100g,216,10.26,,,936g
피자_포테이토 피자 흑미스크린 (R),빵 및 과자류,피자,100g,211,9.64,,,498g
피자_포테이토 피자 흑미스크린치즈크러스트 (L),빵 및 과자류,피자,100g,213,10.94,,,1024g
피자_포테이토 피자 흑미스크린치즈크러스트 (R),빵 및 과자류,피자,100g,205,9.57,,,564g
피자_포테이토 피자 슈화 더블 치즈 페퍼로니 엣지 (L),빵 및 과자류,피자,100g,266,11.79,11.35,23.28,1337g
피자_포테이토 피자 슈화 더블 치즈 페퍼로니 엣지 (M),빵 및 과자류,피자,100g,282,12.29,12.18,23.39,762g
피자_포테이토 피자 씬 (L),빵 및 과자류,피자,100g,225,9.89,,,728g
피자_포테이토 피자 씬 (L),빵 및 과자류,피자,100g,241,9.56,14.62,,843g
피자_포테이토 피자 씬 (M),빵 및 과자류,피자,100g,254,9.85,15.28,,411g
피자_포테이토 피자 씬 (R),빵 및 과자류,피자,100g,225,8.82,,,408g
피자_포테이토 피자 씬바샤삭 (L),빵 및 과자류,피자,100g,347,15.79,,,531g
피자_포테이토 피자 씬바샤삭 (R),빵 및 과자류,피자,100g,327,12.75,,,396g
피자_포테이토 피자 에그타르트 (L),빵 및 과자류,피자,100g,228,11.42,,,1255
피자_포테이토 피자 에그타르트 (R),빵 및 과자류,피자,100g,241,9.04,,,707g
피자_포테이토 피자 오리지널 (L),빵 및 과자류,피자,100g,222,9.14,8.79,26.51,1142g
피자_포테이토 피자 오리지널 (M),빵 및 과자류,피자,100g,239,9.96,9.42,28.48,631g
피자_포테이토 피자 오리진 (L),빵 및 과자류,피자,100g,249,10.42,,,959g
피자_포테이토 피자 오리진 (M),빵 및 과자류,피자,100g,234,11.04,,,738g
피자_포테이토 피자 오리진 (R),빵 및 과자류,피자,100g,240,10.88,,,589g
피자_포테이토 피자 체다크림크러스트 (L),빵 및 과자류,피자,100g,225,10.22,,,1096g
피자_포테이토 피자 체다크림크러스트 (R),빵 및 과자류,피자,100g,225,9.52,,,630g
피자_포테이토 피자 치즈링 (L),빵 및 과자류,피자,100g,278,13.46,,,830g
레몬차_레몬차 아이스(ICED) (L),음료 및 차류,레몬차,100g,36,0.01,,,946g
무조림,조림류,무조림,100ml,48,2.6,0.74,8.69,65.8
무조림,조림류,무조림,100ml,47,2.4,0.73,8.57,79.3
무조림,조림류,무조림,100g,48,2.26,2.38,4.29,150g
무지개떡,빵 및 과자류,무지개떡,100g,229,3.53,0.31,53.01,100g
무짠지,장아찌·절임류,무짠지,100g,11,0.54,0.12,1.98,50g
무청나물,나물·숙채류,무청나물,100ml,80,2.8,5.44,6.04,100ml
무초절임(치킨무),장아찌·절임류,무초절임(치킨무),100g,17,0.52,0.3,3.05,130g
묵국_메밀묵,국 및 탕류,묵국,100g,22,1,0.4,3.57,400g
묵말이_도토리묵,국 및 탕류,묵말이,100g,36,0.52,0.65,6.9,1300g
묵무침_도토리묵,생채·무침류,묵무침,100g,46,0.29,0.32,10.38,100g
묵무침_도토리묵,생채·무침류,묵무침,100g,74,0.93,2.95,10.92,200g
묵무침_청포묵,생채·무침류,묵무침,100g,60,1.16,2.08,9.08,250g
묵밥,밥류,묵밥,100ml,70,2.6,0.74,12.99,600ml
묵밥,밥류,묵밥,100ml,70,2.6,0.74,12.99,600ml
묵밥,밥류,묵밥,100ml,69,2.6,0.56,13.05,600ml
묵밥,밥류,묵밥,100g,68,1.56,0.81,13.54,950g
문어무침,생채·무침류,문어무침,100ml,63,7.2,1.95,4.91,130.5
문어무침,생채·무침류,문어무침,100ml,70,8,2.19,5.34,51.9
무생채,생채·무침류,무생채,100ml,32,0.9,0.63,6.38,70ml
무생채(무만),생채·무침류,무생채(무만),100ml,30,1.03,0.56,5.77,120ml
무생채_굴,생채·무침류,무생채,100ml,40,2.8,0.7,6.17,100ml
무생채_굴,생채·무침류,무생채,100ml,41,2.6,0.66,6.51,100ml
무생채_굴,생채·무침류,무생채,100g,50,3.68,1.26,5.92,300g
무생채_미나리,생채·무침류,무생채,100ml,46,1.4,1.12,8.53,85ml
무생채_미나리,생채·무침류,무생채,100ml,46,1.4,1.12,8.53,85ml
무생채_미역,생채·무침류,무생채,100ml,34,1.2,0.48,7.57,42ml
무생채_식초,생채·무침류,무생채,100ml,42,1.18,0.84,8.18,50ml
무생채_식초,생채·무침류,무생채,100ml,40,1.09,0.67,8.15,40ml
무생채_식초,생채·무침류,무생채,100ml,35,1.01,0.8,6.59,120ml
무생채_액젓,생채·무침류,무생채,100ml,42,1.2,0.84,8.18,50ml
무생채_액젓,생채·무침류,무생채,100ml,38,1.3,0.83,7.08,40ml
무숙장아찌,장아찌·절임류,무숙장아찌,100ml,93,3.7,6.44,4.78,94ml
무장아찌,장아찌·절임류,무장아찌,100ml,116,2.5,5.97,14.25,15.7
무장아찌,장아찌·절임류,무장아찌,100g,80,1.47,0.76,16.76,30g
무조림,조림류,무조림,100ml,48,2.6,0.74,8.69,65.8
무조림,조림류,무조림,100ml,47,2.4,0.73,8.57,79.3
무나물,나물·숙채류,무나물,100ml,36,0.7,2.13,3.77,53.3
무나물,나물·숙채류,무나물,100ml,28,0.7,1.14,3.86,60ml
무나물,나물·숙채류,무나물,100ml,36,0.7,2.13,3.77,53.3
무나물무침,나물·숙채류,무나물무침,100g,21,0.62,0.46,3.64,50g
무말랭이무침,생채·무침류,무말랭이무침,100ml,88,3.3,1.2,16.82,85ml
무말랭이무침,생채·무침류,무말랭이무침,100ml,124,2.8,2.08,24.6,34.6
무말랭이무침,생채·무침류,무말랭이무침,100ml,88,3.3,1.2,16.82,85ml
무말랭이무침,생채·무침류,무말랭이무침,100ml,61,2,0.69,12.3,80ml
무말랭이무침,생채·무침류,무말랭이무침,100g,131,2.25,0.61,29.24,100g
무말랭이무침,생채·무침류,무말랭이무침,100g,131,3.08,0.87,27.77,100g
무말랭이무침,생채·무침류,무말랭이무침,100g,121,4.2,1.55,22.5,20g
무말랭이무침_오징어,생채·무침류,무말랭이무침,100ml,150,10,2.98,21.13,44.2
무말랭이무침_오징어,생채·무침류,무말랭이무침,100ml,150,10,2.94,21.07,100ml
무말랭이장아찌,장아찌·절임류,무말랭이장아찌,100ml,117,4.1,3.23,18.34,94.2
무밥,밥류,무밥,100ml,177,3.7,1.06,36.68,246.2
무생채,생채·무침류,무생채,100ml,40,1.1,0.67,8.15,40ml
무생채,생채·무침류,무생채,100ml,35,1,0.8,6.59,120ml
무생채,생채·무침류,무생채,100g,49,2.43,1.11,7.33,150g
레몬차_레몬차 아이스(ICED) (L),음료 및 차류,레몬차,100g,35,0,,8.67,946g
무국_소고기,국 및 탕류,무국,100ml,39,2.6,2.19,1.95,270ml
무국_소고기,국 및 탕류,무국,100ml,26,1.9,1.66,0.99,170.6
무국_소고기,국 및 탕류,무국,100g,15,1.33,0.64,1.1,400g
무국_소고기,국 및 탕류,무국,100ml,24,1.7,1.27,1.33,300ml
무국_소고기,국 및 탕류,무국,100g,31,3.55,1,1.95,400g
무국_소고기_느타리,국 및 탕류,무국,100ml,32,1.7,2.11,1.85,233.2
무국_소고기_당면,국 및 탕류,무국,100ml,45,1.9,1.78,5.36,168.7
무국_소고기_두부,국 및 탕류,무국,100ml,27,2,1.58,0.92,200ml
무국_소고기_콩나물,국 및 탕류,무국,100ml,36,2.9,1.83,2.16,300ml
무국_소고기_콩나물,국 및 탕류,무국,100ml,36,2.9,1.83,2.16,300ml
무국_소고기_콩나물,국 및 탕류,무국,100ml,36,2.9,1.83,2.16,300ml
무국_어묵,국 및 탕류,무국,100ml,21,1.9,0.39,2.53,320ml
무국_어묵,국 및 탕류,무국,100ml,22,1.9,0.4,2.62,227.6
무국_어묵,국 및 탕류,무국,100ml,22,1.9,0.4,2.62,320ml
무국_어묵,국 및 탕류,무국,100ml,22,1.9,0.4,2.62,227.6
무국_홍합,국 및 탕류,무국,100g,25,0.79,2.03,0.86,350g
무국물,국 및 탕류,무국물,100g,3,0.16,0,0.55,
무나물,나물·숙채류,무나물,100ml,19,0.3,1.23,1.78,70ml
무 된장국,국 및 탕류,무 된장국,100ml,19,1.6,0.42,2.14,320ml
무 된장국,국 및 탕류,무 된장국,100ml,18,1.6,0.41,2.11,198.2
무 된장국,국 및 탕류,무 된장국,100ml,15,1,0.35,2.03,280ml
무 된장국,국 및 탕류,무 된장국,100ml,18,1.6,0.41,2.11,198.2
무 북어국,국 및 탕류,무 북어국,100ml,27,4.1,0.7,1.05,300ml
무 북어국,국 및 탕류,무 북어국,100ml,27,4.1,0.7,1.05,300ml
무 북어국,국 및 탕류,무 북어국,100ml,18,2.4,0.5,0.95,210ml
무 북어국,국 및 탕류,무 북어국,100ml,27,4.1,0.7,1.05,300ml
무 어묵조림,조림류,무 어묵조림,100ml,109,6.3,3.06,14.58,107.8
무 어묵조림,조림류,무 어묵조림,100ml,112,6.3,3.06,14.92,65.7
무 파래무침,생채·무침류,무 파래무침,100ml,23,1.1,0.38,4.86,130ml
무국,국 및 탕류,무국,100ml,7,0.26,0.17,1.28,320ml
무국,국 및 탕류,무국,100ml,7,0.3,0.17,1.2,320ml
무국_들깨,국 및 탕류,무국,100ml,14,0.6,0.76,1.37,190ml
무국_들깨,국 및 탕류,무국,100ml,15,0.7,0.77,1.6,190ml
무국_들깨,국 및 탕류,무국,100ml,15,0.6,0.76,1.63,270ml
무국_들깨,국 및 탕류,무국,100ml,15,0.6,0.76,1.63,270ml
무국_소고기,국 및 탕류,무국,100ml,26,1.9,1.66,0.99,170.6
모듬버섯볶음,볶음류,모듬버섯볶음,100ml,69,3,4.56,6.82,100ml
모듬버섯볶음,볶음류,모듬버섯볶음,100ml,69,3,4.56,6.82,100ml
모듬버섯볶음,볶음류,모듬버섯볶음,100ml,69,3,4.56,6.82,100ml
모듬버섯볶음,볶음류,모듬버섯볶음,100ml,69,3,4.56,6.82,100ml
모듬찰떡,빵 및 과자류,모듬찰떡,100g,218,6.78,2.44,42.27,100g
모듬찰떡,빵 및 과자류,모듬찰떡,100g,233,6.31,4.12,42.59,
모듬채소전,전·적 및 부침류,모듬채소전,100ml,154,3.4,5.65,21.32,110ml
모듬채소전골,찌개 및 전골류,모듬채소전골,100ml,20,1.8,0.6,2.1,450ml
모듬회,수·조·어·육류,모듬회,100ml,133,22.5,2.31,5.15,150ml
모밀국수,면 및 만두류,모밀국수,100ml,154,6,0.51,31.06,340ml
모밀국수,면 및 만두류,모밀국수,100ml,126,4.8,0.42,25.31,228.1
모밀국수,면 및 만두류,모밀국수,100ml,126,4.8,0.42,25.31,228.1
모밀국수,면 및 만두류,모밀국수,100ml,86,2.5,0.32,17.96,400ml
모싯잎송편_동부,빵 및 과자류,모싯잎송편,100g,190,5.65,0.66,40.29,100g
모싯잎송편_동부(국내산),빵 및 과자류,모싯잎송편,100g,190,5.28,0.65,40.68,100g
모싯잎송편_동부(수입산),빵 및 과자류,모싯잎송편,100g,190,6.03,0.67,39.9,100g
모카빵,빵 및 과자류,모카빵,100g,339,8.55,8.05,57.96,150g
몸국,국 및 탕류,몸국,100ml,22,2.9,0.65,1.54,650ml
모닝빵_연유퐁당밀크브레드(소),빵 및 과자류,모닝빵,100g,408,6.15,,,130g
모닝빵_우유 듬뿍 연유 브레드,빵 및 과자류,모닝빵,100g,396,6.79,,,280g
모닝빵_우유듬뿍연유브레드,빵 및 과자류,모닝빵,100g,396,6.95,14.44,57.75,187g
모닝빵_우유듬뿍연유브레드 (대),빵 및 과자류,모닝빵,100g,396,6.79,14.64,57.5,280g
모닝빵_진한초코브레드,빵 및 과자류,모닝빵,100g,383,7.3,,,137g
모닝빵_초코아몬드브레드,빵 및 과자류,모닝빵,100g,372,8.53,14.73,48.84,129g
모닝빵_폭신폭신우유 브레드,빵 및 과자류,모닝빵,100g,291,8.82,,,170g
모닝빵_폭신폭신우유브레드,빵 및 과자류,모닝빵,100g,297,9.41,,,170g
모닝빵_한겹한겹촉촉한밀크 브레드,빵 및 과자류,모닝빵,100g,348,7.81,,,128g
모닝빵_혼자서도즐기는연유브레드,빵 및 과자류,모닝빵,100g,391,7.03,,,128g
모듬 김밥,밥류,모듬 김밥,100ml,113,4.2,2.75,17.49,400ml
모듬 초밥,밥류,모듬 초밥,100ml,188,9.8,2.93,28.9,245ml
모듬 초밥,밥류,모듬 초밥,100ml,189,10,3.14,28.65,245ml
모듬 콩조림,조림류,모듬 콩조림,100ml,181,11.1,9.11,15.38,15ml
모듬배추나물_된장,나물·숙채류,모듬배추나물,100ml,33,1.7,1.26,4.32,120ml
모듬배추나물_된장,나물·숙채류,모듬배추나물,100ml,31,1.7,1.28,3.69,50ml
모듬배추나물_된장,나물·숙채류,모듬배추나물,100ml,33,1.7,1.26,4.32,120ml
모듬배추나물_된장,나물·숙채류,모듬배추나물,100ml,31,1.7,1.28,3.69,50ml
명란찜,찜류,명란찜,100ml,61,7.1,2.24,3.1,125.2
명태 매운탕,찌개 및 전골류,명태 매운탕,100ml,49,7.1,1.03,3.15,625ml
모닝빵,빵 및 과자류,모닝빵,100g,314,9.5,7.43,52.17,70g
모닝빵_굿모닝브리오슈,빵 및 과자류,모닝빵,100g,345,9.1,,,180g
모닝빵_바로만든모닝빵 (10입),빵 및 과자류,모닝빵,100g,329,10,,,270g
모닝빵_부드러운연유브레드,빵 및 과자류,모닝빵,100g,390,7,,,320g
모닝빵_순수한맛순우유롤 (봉),빵 및 과자류,모닝빵,100g,323,9.24,,,184g
모닝빵_순수한맛순우유롤(봉),빵 및 과자류,모닝빵,100g,343,9.66,,,207g
모닝빵_스위트밀크롤 (1개입),빵 및 과자류,모닝빵,100g,386,9.09,17.27,50,22g
모닝빵_스위트밀크롤 (2개입),빵 및 과자류,모닝빵,100g,386,9.09,18.18,50,44g
모닝빵_스위트밀크롤 (3개입),빵 및 과자류,모닝빵,100g,386,9.09,16.67,50,66g
모닝빵_스위트밀크롤 (4개입),빵 및 과자류,모닝빵,100g,381,9.09,17.05,48.86,88g
모닝빵_스위트밀크롤 (5개입),빵 및 과자류,모닝빵,100g,382,9.09,17.27,49.09,110g
모닝빵_스위트밀크롤 (6개입),빵 및 과자류,모닝빵,100g,383,8.33,17.42,49.24,132g
모닝빵_슬로우오트모닝롤,빵 및 과자류,모닝빵,100g,288,7.35,,,177g
모닝빵_야채모닝롤 (8입),빵 및 과자류,모닝빵,100g,366,11,,,240g
모닝빵_연유퐁당밀크 브레드 (소),빵 및 과자류,모닝빵,100g,436,7.2,,,125g
모닝빵_연유퐁당밀크브레드(대),빵 및 과자류,모닝빵,100g,409,6.56,,,259g
멸치볶음_견과류,볶음류,멸치볶음,100ml,171,13,10.39,7.46,15ml
멸치볶음_견과류,볶음류,멸치볶음,100ml,172,13,10.41,7.45,15ml
멸치볶음_견과류,볶음류,멸치볶음,100ml,172,13,10.41,7.45,15ml
멸치볶음_견과류,볶음류,멸치볶음,100ml,172,13,10.41,7.45,15ml
멸치볶음_견과류,볶음류,멸치볶음,100g,414,30.4,24.32,18.36,50g
멸치볶음_꽈리고추,볶음류,멸치볶음,100ml,79,8.03,2.74,5.59,90ml
멸치볶음_꽈리고추,볶음류,멸치볶음,100g,253,23.62,14.08,7.96,50g
멸치볶음_마늘쫑,볶음류,멸치볶음,100g,277,32.4,10.84,12.42,50g
멸치볶음_풋고추,볶음류,멸치볶음,100g,190,20.62,6,13.3,50g
멸치볶음_풋고추,볶음류,멸치볶음,100g,262,23.25,11.2,17.03,20g
멸치젓_양념,젓갈류,멸치젓,100g,90,11.4,1.6,7.4,5g
멸치조림,조림류,멸치조림,100ml,150,15,6.69,6.5,60ml
멸치조림,조림류,멸치조림,100ml,150,15,6.69,6.5,60ml
멸치조림,조림류,멸치조림,100g,318,40.92,13.22,8.93,100g
멸치조림,조림류,멸치조림,100ml,150,15,6.69,6.5,60ml
멸치조림,조림류,멸치조림,100ml,150,15,6.69,6.5,60ml
명란젓_양념,젓갈류,명란젓,100g,147,17.96,6.54,3.98,100g
명란찌개,찌개 및 전골류,명란찌개,100ml,27,3.1,0.58,2.74,263.3
메추리알 어묵조림,조림류,메추리알 어묵조림,100ml,227,13.3,9.37,22.09,28.6
메추리알 어묵조림,조림류,메추리알 어묵조림,100ml,156,9.3,6.19,15.39,67.2
메추리알장조림,조림류,메추리알장조림,100ml,151,11.3,6.79,8.89,61.5
메추리알장조림,조림류,메추리알장조림,100ml,151,11.3,6.79,8.89,61.5
메추리알장조림,조림류,메추리알장조림,100ml,152,11.3,6.79,8.99,66.6
메추리알장조림_꽈리고추,조림류,메추리알장조림,100ml,96,6.6,4.94,5.61,75ml
멕시컨샐러드,생채·무침류,멕시컨샐러드,100ml,93,4.6,7.07,3.2,85.8
멕시컨샐러드,생채·무침류,멕시컨샐러드,100ml,118,5.8,8.92,4.03,166.1
멕시컨샐러드,생채·무침류,멕시컨샐러드,100ml,96,3.7,5.94,7.11,200ml
멘보샤,튀김류,멘보샤,100g,289,10.52,21.6,13.22,100g
멘보샤_텃만꿍멘보샤 (4개),튀김류,멘보샤,100g,228,8.3,,22.7,100g
멘보샤_통새우 멘보샤 (5개),튀김류,멘보샤,100g,284,8.65,,,100g
멸치 미역국,국 및 탕류,멸치 미역국,100ml,9,1.1,0.38,0.71,320ml
멸치볶음,볶음류,멸치볶음,100ml,114,14.9,3.41,5.15,80ml
멸치볶음,볶음류,멸치볶음,100ml,114,14.9,3.41,5.15,80ml
멸치볶음,볶음류,멸치볶음,100g,276,39.44,7.08,13.62,50g
멸치볶음,볶음류,멸치볶음,100ml,114,14.9,3.41,5.15,80ml
멸치볶음(멸치만),볶음류,멸치볶음(멸치만),100ml,114,14.9,3.41,5.15,80ml
피자_점보포테이토피자,빵 및 과자류,피자,100g,233,11.17,,,1656g
피자_치즈 피자 (L),빵 및 과자류,피자,100g,312,11.92,,,770g
피자_치즈 피자 (L),빵 및 과자류,피자,100g,366,7.16,,,595g
피자_치즈 피자 (L),빵 및 과자류,피자,100g,273,17.19,,,765g
피자_치즈 피자 (L),빵 및 과자류,피자,100g,273,13.07,,,894.8
피자_치즈 피자 (L),빵 및 과자류,피자,100g,289,17.29,,,680g
피자_치즈 피자 (M),빵 및 과자류,피자,100g,269,14.99,,,455g
피자_치즈 피자 (R),빵 및 과자류,피자,100g,287,16.67,,,540g
피자_치즈 피자 (R),빵 및 과자류,피자,100g,278,16.67,,,435g
피자_치즈 피자 (XL),빵 및 과자류,피자,100g,272,14.91,,,910g
피자_치즈 피자 (XL),빵 및 과자류,피자,100g,321,12.86,,,840g
피자_치즈 피자 골드스윗 (L),빵 및 과자류,피자,100g,300,13.86,,,810g
피자_치즈 피자 골드스윗 (R),빵 및 과자류,피자,100g,296,13.6,,,500g
피자_치즈 피자 나폴리 (L),빵 및 과자류,피자,100g,262,12.59,10.34,29.72,556g
피자_치즈 피자 나폴리 (M),빵 및 과자류,피자,100g,272,13.3,10.47,31.13,322g
피자_치즈 피자 더블치즈 엣지 (L),빵 및 과자류,피자,100g,267,13.09,10.94,28.21,962g
피자_치즈 피자 더블치즈 엣지 (M),빵 및 과자류,피자,100g,264,13.24,11.19,28.52,588g
피자_치즈 피자 더블치즈 엣지 오리지널 (L),빵 및 과자류,피자,100g,249,12.4,,,970g
피자_치즈 피자 더블치즈 페퍼로니 엣지 (L),빵 및 과자류,피자,100g,272,13.6,10.11,26.55,1002g
피자_치즈 러버치즈크러스트 골드 (L),빵 및 과자류,피자,100g,280,13.96,,,893g
피자_치즈 러버치즈크러스트 골드 (M),빵 및 과자류,피자,100g,288,14.97,,,556g
피자_치즈 러버팬 (L),빵 및 과자류,피자,100g,311,11.85,,,737g
피자_치즈 마니아 피자,빵 및 과자류,피자,100g,307,12.83,,,290g
피자_치즈 페페로니크래프티드 플래츠 (P),빵 및 과자류,피자,100g,305,13.84,,,277g
피자_치즈 피자,빵 및 과자류,피자,100g,181,6,,,100g
피자_치즈 피자,빵 및 과자류,피자,100g,301,15.53,10.5,36.53,585g
피자_치즈 피자,빵 및 과자류,피자,100g,268,15,,,864g
피자_치즈 피자 (12인치),빵 및 과자류,피자,100g,247,11.33,,,100g
피자_치즈 피자 (7인치),빵 및 과자류,피자,100g,247,12.94,,,170g
피자_치즈 피자 (L),빵 및 과자류,피자,100g,266,15.98,,,595g
피자_치즈 피자 (L),빵 및 과자류,피자,100g,268,13.33,,,632g
피자_치즈 피자 (L),빵 및 과자류,피자,100g,279,16.19,,,815g
피자_치즈 피자 (L),빵 및 과자류,피자,100g,265,17.46,,,630g
피자_치즈 피자 (L),빵 및 과자류,피자,100g,257,14.01,,,626g
피자_치즈 피자 (L),빵 및 과자류,피자,100g,287,17.12,,,890g
피자_치즈 피자 (L),빵 및 과자류,피자,100g,288,17.76,,,624g
피자_치즈 피자 (L),빵 및 과자류,피자,100g,317,14.02,9.56,43.72,420g
피자_치즈 피자 (L),빵 및 과자류,피자,100g,286,17.33,9.27,30.4,845g
피자_치왕밀스크린고구마크러스트,빵 및 과자류,피자,100g,250,11.61,,,1264
피자_치왕밀스크린체다크러스트,빵 및 과자류,피자,100g,252,12,,,1269
피자_치왕밀스크린치즈크러스트,빵 및 과자류,피자,100g,248,12.69,,,1264
피자_치왕체다크림크러스트,빵 및 과자류,피자,100g,249,12.07,,,1305g
피자_치왕치즈크러스트,빵 및 과자류,피자,100g,245,12.74,,,1300g
피자_치즈 (L),빵 및 과자류,피자,100g,268,13.83,,,750g
피자_치즈 러버 피자 씬 (L),빵 및 과자류,피자,100g,338,16.57,,,422g
피자_치즈 러버 피자 오리지널 (L),빵 및 과자류,피자,100g,286,13.97,,,698g
피자_치즈 러버 피자 오리지널 (M),빵 및 과자류,피자,100g,301,15.33,,,406g
피자_치즈 러버 피자 오리지널 파마산 치즈 (L),빵 및 과자류,피자,100g,291,14.61,,,720g
피자_치즈 러버 피자 오리지널 파마산 치즈 (M),빵 및 과자류,피자,100g,308,16.04,,,419g
피자_치즈 러버 피자 팬 (L),빵 및 과자류,피자,100g,316,12.55,,,753g
피자_치즈 러버리치골드 (L),빵 및 과자류,피자,100g,273,12.36,,,1020g
피자_치즈 러버리치골드 (M),빵 및 과자류,피자,100g,281,13.06,,,653g
피자_치즈 러버씬 (L),빵 및 과자류,피자,100g,331,15.45,,,407g
피자_치즈 러버오리지널 (L),빵 및 과자류,피자,100g,274,13.23,,,657g
피자_치즈 러버오리지널 (M),빵 및 과자류,피자,100g,283,13.85,,,431g
피자_치즈 러버치즈크러스트 (L),빵 및 과자류,피자,100g,275,13.37,,,861g
피자_치즈 러버치즈크러스트 (M),빵 및 과자류,피자,100g,284,14.53,,,538g
피자_체다파인애플 피자 리코타링 (R),빵 및 과자류,피자,100g,257,11.18,,,645g
피자_체다파인애플 피자 석쇠 (L),빵 및 과자류,피자,100g,249,10.68,,,820g
피자_체다파인애플 피자 석쇠 (R),빵 및 과자류,피자,100g,248,10.64,,,565g
피자_체다파인애플 피자 씬바샤삭 (L),빵 및 과자류,피자,100g,288,12.8,,,654g
피자_체다파인애플 피자 씬바샤삭 (R),빵 및 과자류,피자,100g,287,10.08,,,475g
피자_체다파인애플 피자 치즈링 (L),빵 및 과자류,피자,100g,247,11.86,,,940g
피자_체다파인애플 피자 치즈링 (R),빵 및 과자류,피자,100g,247,12.05,,,665g
피자_체다폭탄베이컨체다 피자,빵 및 과자류,피자,100g,291,15.03,,,1220g
피자_충성콤비네이션 피자 (L),빵 및 과자류,피자,100g,257,13.76,,,872g
피자_충성콤비네이션 피자 (M),빵 및 과자류,피자,100g,255,14.15,,,636g
피자_치왕 피자 고구마크러스트 (L),빵 및 과자류,피자,100g,247,11.66,,,1304g
피자_치왕 피자 밀스크린고구마크러스트 (L),빵 및 과자류,피자,100g,251,11.39,,,1264g
피자_치왕 피자 밀스크린체다크림크러스트 (L),빵 및 과자류,피자,100g,252,11.95,,,1272g
피자_치왕 피자 밀스크린치즈크러스트 (L),빵 및 과자류,피자,100g,248,12.66,,,1264g
피자_치왕 피자 체다크림크러스트 (L),빵 및 과자류,피자,100g,250,12.27,,,1304g
피자_치왕 피자 치즈크러스트 (L),빵 및 과자류,피자,100g,245,12.88,,,1304g
피자_치왕고구마크러스트,빵 및 과자류,피자,100g,247,11.69,,,1300g
피자_치즈 피자 더블치즈 페퍼로니 엣지 (M),빵 및 과자류,피자,100g,268,13.65,12.12,27.34,608g
에이드_깔라만시 에이드,음료 및 차류,에이드,100g,31,0.21,,,473g
치즈빵_후라잉치즈감자볼,빵 및 과자류,치즈빵,100g,336,3.45,,,58g
치즈스틱,튀김류,치즈스틱,100g,329,16,18.78,24,
치즈스틱,튀김류,치즈스틱,100g,329,12.59,21.85,20.57,100g
피자_체다소세지 피자 바이트 (L),빵 및 과자류,피자,100g,246,12.8,,,845g
피자_체다스리라차케이준불고기 피자 (L),빵 및 과자류,피자,100g,227,9.01,,,1270g
피자_체다왕손뚱베이컨 피자 (L),빵 및 과자류,피자,100g,256,16,,,1025g
피자_체다치즈 피자,빵 및 과자류,피자,100g,298,16.67,13.49,27.78,1008g
피자_체다치즈베이컨 (L),빵 및 과자류,피자,100g,250,12.38,,,771g
피자_체다치즈베이컨 (R),빵 및 과자류,피자,100g,251,12.64,,,483g
피자_체다치즈베이컨 피자 (L),빵 및 과자류,피자,100g,272,13.69,,,770.9
피자_체다치즈베이컨 피자 (R),빵 및 과자류,피자,100g,270,13.85,,,483g
피자_체다치즈브레드 (1인),빵 및 과자류,피자,100g,291,10.11,,,219g
피자_체다콘치즈 피자 (L),빵 및 과자류,피자,100g,256,11.85,,30.22,734g
피자_체다콘치즈 피자 (R),빵 및 과자류,피자,100g,252,11.29,,31.29,561g
피자_체다콤비네이션 피자 (L),빵 및 과자류,피자,100g,349,20.76,15.33,32.04,730g
피자_체다파인애플 피자 골드스윗 (L),빵 및 과자류,피자,100g,259,11.11,,,1010g
피자_체다파인애플 피자 골드스윗 (R),빵 및 과자류,피자,100g,255,10.67,,,710g
피자_체다파인애플 피자 리코타링 (L),빵 및 과자류,피자,100g,257,11.3,,,920g
에이드_깔라만시 에이드,음료 및 차류,에이드,100ml,27,0.05,,,591ml
치즈빵_크림치즈월넛 브레드,빵 및 과자류,치즈빵,100g,376,8.48,,,165g
치즈빵_크림치즈월넛브레드,빵 및 과자류,치즈빵,100g,380,9.58,,,167g
치즈빵_크림치즈쫀득이(1EA),빵 및 과자류,치즈빵,100g,348,3.03,,,33g
치즈빵_크림치즈호두빵,빵 및 과자류,치즈빵,100g,328,9.44,,,180g
치즈빵_톡톡콘치즈브레드,빵 및 과자류,치즈빵,100g,286,8.33,16.67,25,84g
치즈빵_톡톡콘치즈브레드 (2개입),빵 및 과자류,치즈빵,100g,289,8.33,17.26,25,168g
치즈빵_트리플 치즈,빵 및 과자류,치즈빵,100g,266,10.7,,,215g
치즈빵_트리플치즈캐슈넛,빵 및 과자류,치즈빵,100g,294,10.49,9.09,41.96,143g
치즈빵_트리플치즈캐슈넛&스위트콘크림치즈,빵 및 과자류,치즈빵,100g,270,8.77,10.96,33.77,228g
치즈빵_파르메산,빵 및 과자류,치즈빵,100g,298,1.21,,,165g
치즈빵_한조각씩크림치즈호두빵,빵 및 과자류,치즈빵,100g,367,10,,,175g
치즈빵_햄치즈조리빵,빵 및 과자류,치즈빵,100g,350,8.57,,,70g
치즈빵_호두아몬드크림치즈빵,빵 및 과자류,치즈빵,100g,332,8.76,16.06,40.15,137g
치즈빵_화이트치즈볼 (1개입),빵 및 과자류,치즈빵,100g,357,5.71,,,35g
치즈빵_화이트치즈볼 (2개입),빵 및 과자류,치즈빵,100g,364,4.29,,,70g
치즈빵_화이트치즈볼 (3개입),빵 및 과자류,치즈빵,100g,362,4.76,,,105g
치즈빵_화이트치즈볼 (4개입),빵 및 과자류,치즈빵,100g,364,5,,,140g
치즈빵_화이트치즈볼 (5개입),빵 및 과자류,치즈빵,100g,363,5.14,,,175g
에이드_그린애플 스파클링 에이드,음료 및 차류,에이드,100ml,40,0,,,600ml
치즈빵_진한크림치즈빵,빵 및 과자류,치즈빵,100g,346,7.41,,,81g
치즈빵_쫀득치즈스틱,빵 및 과자류,치즈빵,100g,350,3,,,30g
치즈빵_쫀득치즈스틱 (3개입),빵 및 과자류,치즈빵,100g,356,2.22,17.78,47.78,90g
치즈빵_처음만난크림치즈,빵 및 과자류,치즈빵,100g,356,10,,,149g
치즈빵_치즈 앤 치즈 블랑,빵 및 과자류,치즈빵,100g,246,10.95,,,210g
치즈빵_치즈 퐁듀,빵 및 과자류,치즈빵,100g,316,4,,,25g
치즈빵_치즈 푸가스,빵 및 과자류,치즈빵,100g,324,11.2,10.4,46.3,160g
치즈빵_치즈감자봉,빵 및 과자류,치즈빵,100g,353,6.32,,,95g
치즈빵_치즈방앗간,빵 및 과자류,치즈빵,100g,315,5.2,,,154g
치즈빵_치즈빵빵,빵 및 과자류,치즈빵,100g,288,6.67,,,90g
치즈빵_치즈클라우드브레드,빵 및 과자류,치즈빵,100g,372,12.18,,,156g
치즈빵_치즈퐁듀,빵 및 과자류,치즈빵,100g,263,11.11,,,135g
치즈빵_카스타드화이트치즈볼,빵 및 과자류,치즈빵,100g,333,5,,,60g
치즈빵_카스타드화이트치즈볼 (3개입),빵 및 과자류,치즈빵,100g,336,4.44,,,180g
치즈빵_카스타드화이트치즈볼 (4개입),빵 및 과자류,치즈빵,100g,338,4.58,,,240g
치즈빵_카스타드화이트치즈볼 (5개입),빵 및 과자류,치즈빵,100g,337,4.67,,,300g
치즈빵_크랜베리애플크림치즈,빵 및 과자류,치즈빵,100g,299,6.1,,,82g
치즈빵_크림치즈 살라망드,빵 및 과자류,치즈빵,100g,371,7.78,,,270g
에이드_감귤 레몬 에이드 (L),음료 및 차류,에이드,100ml,26,0.06,,,532ml
치즈빵_미니치즈롤,빵 및 과자류,치즈빵,100g,288,11.62,,,198g
치즈빵_미니크림치즈호두빵,빵 및 과자류,치즈빵,100g,328,9.45,,,180g
치즈빵_미니크림치즈호두빵 (8개입),빵 및 과자류,치즈빵,100g,333,10,,,30g
치즈빵_미니크림치즈호두빵(8개입),빵 및 과자류,치즈빵,100g,333,10,,,30g
치즈빵_미니햄치즈롤(10개입),빵 및 과자류,치즈빵,100g,269,10.95,,,210g
치즈빵_미니호두아몬드크림치즈빵 (5개입),빵 및 과자류,치즈빵,100g,332,8.76,16.06,40.15,137g
치즈빵_미엘 고르곤졸라,빵 및 과자류,치즈빵,100g,285,2.29,,,175g
치즈빵_부드러운 시골 치즈빵(W),빵 및 과자류,치즈빵,100g,267,9.95,,,372g
치즈빵_블루베리크림치즈,빵 및 과자류,치즈빵,100g,264,4.29,,,70g
치즈빵_블루치즈브레드,빵 및 과자류,치즈빵,100g,286,7.94,,,63g
치즈빵_빙빙크림치즈,빵 및 과자류,치즈빵,100g,342,8.89,,,90g
치즈빵_빵속에리얼초코,빵 및 과자류,치즈빵,100g,329,7.9,,,76g
치즈빵_순진크림치즈빵,빵 및 과자류,치즈빵,100g,346,7.41,,,81g
치즈빵_쉑쉑모찌볼 어니언 (1개입),빵 및 과자류,치즈빵,100g,409,8.18,,,11g
치즈빵_쉑쉑모찌볼 어니언 (3개입),빵 및 과자류,치즈빵,100g,409,3.03,,,33g
치즈빵_쉑쉑모찌볼 어니언 (6개입),빵 및 과자류,치즈빵,100g,409,3.03,,,66g
치즈빵_쉑쉑모찌볼 어니언 (9개입),빵 및 과자류,치즈빵,100g,414,7.07,,,99g
치즈빵_양파치즈브레드,빵 및 과자류,치즈빵,100g,327,8.54,,,246g
에이드_감귤 레몬 에이드 (EX),음료 및 차류,에이드,100ml,32,0.06,,,680ml
치즈볼_밀크치즈볼,튀김류,치즈볼,100g,342,5.14,,,100g
치즈볼_치즈볼 6개,튀김류,치즈볼,100g,362,4.17,,,170g
치즈볼_치즈볼 오리지널,튀김류,치즈볼,100g,343,6.3,,,100g
치즈볼_치즈쫀득볼,튀김류,치즈볼,100g,336,4.91,,,50g
치즈볼_크림치즈볼,튀김류,치즈볼,100g,340,4.49,,,156g
치즈볼_트리플치즈볼 (6개),튀김류,치즈볼,100g,259,9.69,,33.28,100g
치즈볼_퐁듀 치즈볼,튀김류,치즈볼,100g,366,4.3,,,100g
치즈빵_고다치즈와 체다치즈를 넣은 롤치즈빵,빵 및 과자류,치즈빵,100g,311,9.63,9.63,47.41,135g
치즈빵_고다치즈와 체다치즈를 넣은 롤치즈빵(8개입),빵 및 과자류,치즈빵,100g,311,9.63,,,135g
치즈빵_고소짭짤 햄치즈브레드,빵 및 과자류,치즈빵,100g,294,10,12.5,35,80g
치즈빵_깨알치즈감자볼,빵 및 과자류,치즈빵,100g,345,5.45,,,55g
치즈빵_다시만난크림치즈,빵 및 과자류,치즈빵,100g,314,9.88,,,81g
치즈빵_달콤한고르곤졸라,빵 및 과자류,치즈빵,100g,308,8.97,,,78g
치즈빵_동글동글순치즈,빵 및 과자류,치즈빵,100g,392,8.49,,,106g
치즈빵_뚜레1번가치킨치즈롤,빵 및 과자류,치즈빵,100g,266,8.87,,,203g
치즈빵_먹물퐁당감자치즈,빵 및 과자류,치즈빵,100g,373,7.5,,,120g
치즈빵_모짜렐라 치즈볼,빵 및 과자류,치즈빵,100g,321,10.71,,,28g
치즈빵_모찌모찌치즈스틱,빵 및 과자류,치즈빵,100g,367,3,,,30g
에이드_라임 에이드,음료 및 차류,에이드,100ml,25,0,,,360ml
치아바타_시금치 치아바타,빵 및 과자류,치아바타,100g,223,8.65,,,185g
치아바타_올리브 치아바타,빵 및 과자류,치아바타,100g,243,2.5,,,120g
치아바타_치즈감자치아바타,빵 및 과자류,치아바타,100g,234,7.6,,,158g
치아바타_콘치즈 치아바타,빵 및 과자류,치아바타,100g,285,8.33,,,180g
치아바타_페페로니 치아바타,빵 및 과자류,치아바타,100g,243,10,,,230g
치즈 스파게티_해물,면 및 만두류,치즈 스파게티,100ml,99,4.5,2.09,15.18,700ml
치즈 스파게티_해물,면 및 만두류,치즈 스파게티,100ml,99,4.5,2.09,15.18,700ml
치즈 스파게티_해물,면 및 만두류,치즈 스파게티,100ml,99,4.5,2.09,15.18,700ml
치즈_메이플피칸크림치즈,유제품류 및 빙과류,치즈,100g,329,4.29,,,70g
치즈_블루베리 크림치즈,유제품류 및 빙과류,치즈,100g,273,8.96,,,67g
치즈_쪽파&베이컨크림치즈,유제품류 및 빙과류,치즈,100g,364,8.57,,,70g
치즈_초코청크 크림치즈,유제품류 및 빙과류,치즈,100g,301,5.97,,,67g
치즈_플레인 크림치즈,유제품류 및 빙과류,치즈,100g,284,4.48,,,67g
치즈_허브갈릭 크림치즈,유제품류 및 빙과류,치즈,100g,279,7.46,,,67g
치즈볼,튀김류,치즈볼,100g,333,9.56,20,28.66,100g
치즈볼_고르곤 치즈볼,튀김류,치즈볼,100g,373,6.51,,,100g
치즈볼_로제크림치즈볼 (6개),튀김류,치즈볼,100g,357,4.5,,45.6,100g
치즈볼_모짜감짜 오리지널,튀김류,치즈볼,100g,330,8,,,100g
츄러스_치즈 시즈닝 링츄,빵 및 과자류,츄러스,100g,327,6.39,11.11,50.56,72g
츄러스_치즈스틱츄,빵 및 과자류,츄러스,100g,367,5.14,15.43,52,100g
츄러스_치즈츄러스,빵 및 과자류,츄러스,100g,355,5,15,50,100g
츄러스_컵츄볶이,빵 및 과자류,츄러스,100g,273,7.47,10.06,38.1,158g
츄러스_케이준츄라이,빵 및 과자류,츄러스,100g,478,6.11,26.67,53.33,100g
츄러스_콘소메 스틱츄,빵 및 과자류,츄러스,100g,320,5.36,12.4,50.83,192g
츄러스_크리미 인절미 링츄,빵 및 과자류,츄러스,100g,368,8.31,12.89,55.42,83g
츄러스_크림치즈 필링 롱츄,빵 및 과자류,츄러스,100g,387,5.51,18.06,50.41,98g
츄러스_톡톡 슈팅스타 링츄,빵 및 과자류,츄러스,100g,380,7.22,12.15,60.25,79g
츄러스_플레인 츄러스,빵 및 과자류,츄러스,100g,355,4.35,,,52g
츄러스_흑임자 링츄,빵 및 과자류,츄러스,100g,414,6.96,14.52,62.53,79g
치아바타_갈릭 고르곤 치아바타,빵 및 과자류,치아바타,100g,264,13.78,,,225g
치아바타_감자 치아바타,빵 및 과자류,치아바타,100g,233,9.17,,,120g
치아바타_데일리 치아바타,빵 및 과자류,치아바타,100g,244,7.5,,,80g
치아바타_멜팅 치즈 바질 치폴레치킨 치아바타,빵 및 과자류,치아바타,100g,260,10.78,13.77,23.35,167g
치아바타_미니 치아바타,빵 및 과자류,치아바타,100g,278,10,,,50g
치아바타_블랙올리브치즈 치아바타,빵 및 과자류,치아바타,100g,276,7.57,6.49,45.95,185g
피자_치즈 피자 리치골드 (M),빵 및 과자류,피자,100g,263,12.87,,,585g
에이드_라임 모히또 (ML),음료 및 차류,에이드,100g,33,0,,8.17,710g
츄러스_아몬드초코 링츄,빵 및 과자류,츄러스,100g,406,9.11,12,57,90g
츄러스_아이스크림 시나몬 츄로넛,빵 및 과자류,츄러스,100g,202,2.89,,,173g
츄러스_어니언츄라이,빵 및 과자류,츄러스,100g,502,6.11,30.56,50.56,100g
츄러스_오레오 롱츄,빵 및 과자류,츄러스,100g,350,6.95,11.83,53.66,82g
츄러스_오레오 스틱츄,빵 및 과자류,츄러스,100g,325,5.21,11.24,50.52,192g
츄러스_오레오 초코 링츄,빵 및 과자류,츄러스,100g,356,1.71,11.1,56.95,82g
츄러스_오리지널 롱츄,빵 및 과자류,츄러스,100g,327,4.79,13.56,46.3,73g
츄러스_오리지널 링츄,빵 및 과자류,츄러스,100g,455,9.14,15.43,70,70g
츄러스_쫀듸기,빵 및 과자류,츄러스,100g,347,7,5.49,67.32,71g
츄러스_초코 츄러스,빵 및 과자류,츄러스,100g,405,4.35,,,52g
츄러스_초코필링츄,빵 및 과자류,츄러스,100g,400,5.58,17.21,55.81,100g
츄러스_초콜릿 스틱츄,빵 및 과자류,츄러스,100g,366,5.56,15,52.18,216g
츄러스_초콜릿 필링 롱츄,빵 및 과자류,츄러스,100g,313,4.27,10.1,51.75,103g
츄러스_츄러스,빵 및 과자류,츄러스,100g,375,2.78,16.67,55.56,36g
츄러스_츄러스,빵 및 과자류,츄러스,100g,355,5,15,50,100g
츄러스_츄러스 바바리안 크림,빵 및 과자류,츄러스,100g,308,5.13,,,78g
츄러스_츄로독,빵 및 과자류,츄러스,100g,289,9.39,15.87,27.09,196g
츄러스_치즈 스틱츄,빵 및 과자류,츄러스,100g,334,5.21,12.49,49.95,192g
취나물무침_간장,나물·숙채류,취나물무침,100ml,25,1,1.01,3.64,180ml
취나물무침_소금,나물·숙채류,취나물무침,100ml,99,3.4,4.95,12.32,70ml
취나물무침_소금,나물·숙채류,취나물무침,100ml,99,3.4,4.95,12.32,70ml
취나물무침_소금,나물·숙채류,취나물무침,100ml,99,3.4,4.95,12.32,70ml
츄러스,빵 및 과자류,츄러스,100ml,185,4.2,4.29,30.74,140ml
츄러스,빵 및 과자류,츄러스,100g,361,6.6,11.29,58.17,70g
츄러스_고구마 필링 롱츄,빵 및 과자류,츄러스,100g,398,5.21,14.58,61.46,96g
츄러스_달콤 허니버터 스틱츄,빵 및 과자류,츄러스,100g,322,4.9,10.8,50.83,192g
츄러스_레인보우 초코 링츄,빵 및 과자류,츄러스,100g,370,6.71,11.59,59.39,82g
츄러스_바삭 후레이크 링츄,빵 및 과자류,츄러스,100g,374,6.71,11.5,52.93,82g
츄러스_버터 갈릭 스틱츄,빵 및 과자류,츄러스,100g,304,5.1,11.09,50.1,192g
츄러스_슈크림 필링 롱츄,빵 및 과자류,츄러스,100g,356,5.51,14.59,51.02,98g
츄러스_스틱 츄러스,빵 및 과자류,츄러스,100g,316,5.22,11.06,48.89,180g
츄러스_스틱츄,빵 및 과자류,츄러스,100g,370,5.14,16,51.43,100g
츄러스_스페셜링츄 세트 (8개입),빵 및 과자류,츄러스,100g,325,5.7,10.34,52.19,489g
츄러스_스페셜스틱 세트 (10개입),빵 및 과자류,츄러스,100g,325,5.5,12.9,46.59,631g
츄러스_시나몬츄라이,빵 및 과자류,츄러스,100g,484,5.56,26.67,55.56,100g
츄러스_쌍쌍 츄로스,빵 및 과자류,츄러스,100g,434,4.92,,,61g
추어탕,찌개 및 전골류,추어탕,100ml,30,3.09,1.05,2.28,160ml
추어탕,찌개 및 전골류,추어탕,100g,54,3.24,3.18,3.07,350g
충무김밥,밥류,충무김밥,100ml,128,3.5,1.9,23.59,327ml
충무김밥,밥류,충무김밥,100g,146,5.86,1.49,27.29,400g
취나물_간장_소금,나물·숙채류,취나물,100ml,25,0.97,1.15,3.42,80ml
취나물_간장_소금,나물·숙채류,취나물,100ml,25,1.04,1.01,3.7,180ml
취나물_된장,나물·숙채류,취나물,100ml,29,1.36,0.91,4.7,44.3
취나물_된장,나물·숙채류,취나물,100g,44,3.08,1.66,4.12,90g
취나물_된장,나물·숙채류,취나물,100ml,63,3,1.81,10.79,100ml
취나물_된장,나물·숙채류,취나물,100ml,63,3,1.81,10.75,100ml
취나물_된장,나물·숙채류,취나물,100ml,59,2.6,1.95,9.33,44.3
취나물_취나물(마른것),나물·숙채류,취나물,100g,89,3.62,5.4,6.4,50g
취나물무침,나물·숙채류,취나물무침,100ml,29,1.4,0.91,4.69,80ml
취나물무침,나물·숙채류,취나물무침,100ml,44,2,1.52,6.74,40ml
취나물무침,나물·숙채류,취나물무침,100g,148,2.75,12.31,6.61,50g
취나물무침_간장,나물·숙채류,취나물무침,100ml,25,1,1.15,3.32,80ml
취나물무침_간장,나물·숙채류,취나물무침,100ml,25,1,1.01,3.64,180ml
취나물무침_간장,나물·숙채류,취나물무침,100ml,25,1,1.01,3.64,180ml
에이드_딸기레몬 에이드,음료 및 차류,에이드,100g,49,0.01,0.02,12.24,100g
초밥_유부초밥,밥류,초밥,100g,165,4.32,2.51,31.26,100g
초밥_장어,밥류,초밥,100g,195,6.61,4.33,32.27,250g
초밥_한치,밥류,초밥,100g,150,5.48,0.34,31.17,250g
초코소라빵,빵 및 과자류,초코소라빵,100g,319,3.29,10.93,51.76,70g
초콜릿_로고 코인 다크 초콜릿 골드,빵 및 과자류,초콜릿,100g,510,10,,,50g
초콜릿_로고 코인 밀크 초콜릿 실버,빵 및 과자류,초콜릿,100g,512,8,,,50g
초콜릿_로스티드 아몬드 앤 초콜릿,빵 및 과자류,초콜릿,100g,527,5.36,,,56g
초콜릿_로스티드 헤이즐넛 초콜릿,빵 및 과자류,초콜릿,100g,611,9.09,,40,55g
초콜릿_로아커 초콜릿 클래식 다크,빵 및 과자류,초콜릿,100g,518,6.4,,,50g
초콜릿_로아커 초콜릿 클래식 밀크,빵 및 과자류,초콜릿,100g,530,10.6,,,50g
초콜릿_리저브 초콜릿 세트,빵 및 과자류,초콜릿,100g,503,5.56,,,36g
초콜릿_마이 스위티 까페,빵 및 과자류,초콜릿,100g,571,4.76,,,21g
초콜릿_마이 스위티 브라운,빵 및 과자류,초콜릿,100g,571,4.76,,,21g
총각김치,김치류,총각김치,100g,42,1.92,0.29,7.89,100g
추어탕,찌개 및 전골류,추어탕,100ml,26,2.65,0.77,2.36,180ml
추어탕,찌개 및 전골류,추어탕,100ml,41,4.8,1.2,2.92,356.4
추어탕,찌개 및 전골류,추어탕,100ml,30,3.5,0.91,1.97,450ml
추어탕,찌개 및 전골류,추어탕,100g,32,2.27,1.32,2.68,1000g
에이드_딸기 에이드 (L),음료 및 차류,에이드,100g,39,0.04,,,946g
청포묵 무침,생채·무침류,청포묵 무침,100ml,43,1.3,1.68,6.54,150ml
청포묵국,국 및 탕류,청포묵국,100ml,44,2.9,2.62,2.16,142.6
청포묵무침,생채·무침류,청포묵무침,100ml,53,1.96,2.16,7.48,90ml
청포묵무침,생채·무침류,청포묵무침,100ml,57,2.17,2.7,6.86,60ml
청포묵무침,생채·무침류,청포묵무침,100ml,43,1.3,1.68,6.54,150ml
초간장,"장류, 양념류",초간장,100ml,72,6.6,0,11.33,15ml
초간장,"장류, 양념류",초간장,100ml,72,6.6,0,11.33,15ml
초간장,"장류, 양념류",초간장,100ml,72,6.6,0,11.33,15ml
초간장,"장류, 양념류",초간장,100ml,73,6.1,0,12.19,15ml
초당순두부,국 및 탕류,초당순두부,100g,58,5.46,3.24,1.76,900g
초밥_광어,밥류,초밥,100g,151,9.02,1.31,25.85,300g
초밥_농어,밥류,초밥,100g,159,6.97,0.53,31.5,250g
초밥_모듬,밥류,초밥,100g,160,9.66,1.59,26.72,380g
초밥_모듬,밥류,초밥,100g,154,8.47,2.02,25.48,300g
초밥_문어,밥류,초밥,100g,157,5.85,0.3,32.71,250g
초밥_새우,밥류,초밥,100g,130,7.78,1.94,20.41,100g
초밥_연어,밥류,초밥,100g,207,11.2,9.36,19.59,100g
초밥_유부초밥,밥류,초밥,100g,194,5.78,5.77,29.82,200g
천사채무침,생채·무침류,천사채무침,100ml,73,3.3,5.51,2.95,220ml
천사채무침,생채·무침류,천사채무침,100ml,73,3.3,5.51,2.95,220ml
천사채무침,생채·무침류,천사채무침,100ml,73,3.3,5.51,2.95,220ml
청경채나물,나물·숙채류,청경채나물,100ml,14,1.06,0.58,1.59,100ml
청국장찌개,찌개 및 전골류,청국장찌개,100ml,45,4,1.01,4.91,240ml
청국장찌개,찌개 및 전골류,청국장찌개,100g,47,5.03,2.11,1.92,200g
청국장찌개_간편조리세트_영월식 청국장,찌개 및 전골류,청국장찌개,100g,74,6.09,3.13,5.38,909g
청국장찌개_간편조리세트_우삼겹 청국장찌개,찌개 및 전골류,청국장찌개,100g,80,5.58,4.88,3.32,801g
청국장찌개_두부_채소,찌개 및 전골류,청국장찌개,100g,79,6.32,4.63,2.94,100g
청국장찌개_모듬,찌개 및 전골류,청국장찌개,100ml,42,3.8,0.96,4.57,240ml
청국장찌개_배추김치,찌개 및 전골류,청국장찌개,100ml,28,2.53,0.68,2.93,340ml
청국장찌개_배추김치,찌개 및 전골류,청국장찌개,100ml,29,2.56,0.88,2.85,160ml
청국장찌개_배추김치,찌개 및 전골류,청국장찌개,100ml,29,2.54,0.88,3.09,210ml
청국장찌개_해물,찌개 및 전골류,청국장찌개,100ml,37,3.8,0.8,3.83,240ml
청어구이,구이류,청어구이,100ml,129,8.2,10.03,0.22,200ml
청포묵 무침,생채·무침류,청포묵 무침,100ml,57,2.2,2.72,6.76,60ml
청포묵 무침,생채·무침류,청포묵 무침,100ml,53,2,2.18,7.38,90ml
청포묵 무침,생채·무침류,청포묵 무침,100ml,43,1.3,1.68,6.54,150ml
채소전,전·적 및 부침류,채소전,100g,194,5.4,9.5,21.6,100g
채소전,전·적 및 부침류,채소전,100g,145,3.57,4.5,22.59,100g
채소전,전·적 및 부침류,채소전,100ml,204,4.7,8.58,25.38,132.4
채소전,전·적 및 부침류,채소전,100ml,204,4.7,8.58,25.38,132.4
채소전,전·적 및 부침류,채소전,100ml,204,4.6,8.5,25.64,132.4
채소죽,죽 및 스프류,채소죽,100g,70,1.15,1.39,13.3,100g
채소죽,죽 및 스프류,채소죽,100g,43,1.69,0.69,7.62,400g
채소죽,죽 및 스프류,채소죽,100ml,74,1.8,0.24,15.77,286.8
채소죽,죽 및 스프류,채소죽,100ml,47,1,0.32,9.68,254.9
채소죽_달걀,죽 및 스프류,채소죽,100ml,61,1.4,1.69,9.88,600ml
채소죽_달걀,죽 및 스프류,채소죽,100ml,61,1.4,1.69,9.88,600ml
채소죽_달걀,죽 및 스프류,채소죽,100ml,61,1.4,1.69,9.88,600ml
채소튀김,튀김류,채소튀김,100ml,214,3.4,10.51,25.35,41.5
채소튀김,튀김류,채소튀김,100ml,214,3.4,10.51,25.35,41.5
채소튀김,튀김류,채소튀김,100ml,101,1.3,5.28,11.65,100ml
채소튀김,튀김류,채소튀김,100ml,101,1.3,5.28,11.65,100ml
천사채무침,생채·무침류,천사채무침,100ml,73,3.3,5.51,2.95,220ml
피자_치즈 피자 리치골드(L),빵 및 과자류,피자,100g,272,12.82,,,1053g
참치찌개,찌개 및 전골류,참치찌개,100ml,45,5.8,1.06,3.11,225.5
참치찌개,찌개 및 전골류,참치찌개,100ml,42,5.4,0.97,3.05,348.6
참치찌개,찌개 및 전골류,참치찌개,100ml,42,5.4,0.97,3.05,348.6
참치회덮밥_양념장,밥류,참치회덮밥,100ml,76,4.73,0.81,12.14,600ml
찹쌀떡,빵 및 과자류,찹쌀떡,100g,277,3.26,0.15,65.61,100g
찹쌀떡,빵 및 과자류,찹쌀떡,100g,241,4.7,0.51,54.49,
찹쌀떡_요아정 고구마크림 찹쌀떡,빵 및 과자류,찹쌀떡,100g,238,2.5,5.5,45,40g
찹쌀떡_요아정 딸기요거트크림 찹쌀떡,빵 및 과자류,찹쌀떡,100g,238,2.5,5.25,45,40g
찹쌀떡_요아정 쑥팥크림 찹쌀떡,빵 및 과자류,찹쌀떡,100g,263,5,5.5,47.5,40g
찹쌀떡_요아정 카스테라 생크림 찹쌀떡,빵 및 과자류,찹쌀떡,100g,250,2.5,7.25,42.5,40g
찹쌀떡_팥,빵 및 과자류,찹쌀떡,100g,266,4.09,2.14,57.66,100g
찹쌀떡_팥,빵 및 과자류,찹쌀떡,100g,295,5.06,2.53,62.93,100g
찹쌀죽,죽 및 스프류,찹쌀죽,100ml,63,1.1,0.27,13.39,291.9
채소 꼬치구이,구이류,채소 꼬치구이,100ml,91,2.8,2.3,14.29,150ml
채소밥,밥류,채소밥,100ml,114,2.6,0.91,23.06,267.3
채소밥,밥류,채소밥,100ml,114,2.6,0.91,23.06,267.3
채소밥,밥류,채소밥,100ml,115,2.6,0.92,23.27,338.4
채소전,전·적 및 부침류,채소전,100ml,154,3.38,5.63,21.39,110ml
참치 미역국,국 및 탕류,참치 미역국,100ml,28,2.7,1.79,0.84,170.7
참치 미역국,국 및 탕류,참치 미역국,100ml,26,3.3,1.16,0.93,320ml
참치 샐러드,생채·무침류,참치 샐러드,100ml,250,13.6,20.6,2.67,33.7
참치 샐러드,생채·무침류,참치 샐러드,100ml,200,10.8,16.18,2.96,101.6
참치 샐러드,생채·무침류,참치 샐러드,100ml,245,17.6,17.78,2.86,33.7
참치 샐러드,생채·무침류,참치 샐러드,100ml,200,10.8,16.18,2.96,101.6
참치 완자전,전·적 및 부침류,참치 완자전,100ml,220,18.8,8.84,14.84,57.8
참치강정,튀김류,참치강정,100ml,353,30.3,14.12,23.55,89.6
참치강정,튀김류,참치강정,100ml,230,18.7,7.26,21.18,67.8
참치구이,구이류,참치구이,100ml,316,33.5,19.02,0.05,64.4
참치구이,구이류,참치구이,100ml,318,33.5,19.02,0.05,64.4
참치구이_머리,구이류,참치구이,100g,193,26.56,8.98,1.4,180g
참치덮밥,밥류,참치덮밥,100ml,108,5.8,2.13,15.91,580ml
참치죽,죽 및 스프류,참치죽,100g,82,3.02,2.01,13.07,800g
참치죽,죽 및 스프류,참치죽,100ml,60,2.4,1.8,8.45,600ml
참치죽,죽 및 스프류,참치죽,100ml,59,2.7,1.39,8.67,600ml
참치죽,죽 및 스프류,참치죽,100ml,60,2.4,1.8,8.45,600ml
참치죽,죽 및 스프류,참치죽,100ml,60,2.4,1.8,8.45,600ml
참나물,나물·숙채류,참나물,100ml,17,0.75,0.81,2.02,70ml
참나물,나물·숙채류,참나물,100ml,17,0.76,0.8,2.11,80ml
참나물,나물·숙채류,참나물,100g,60,2.51,3.69,4.14,90g
참나물,나물·숙채류,참나물,100ml,80,2.4,1.81,15.97,71.7
참나물 겉절이,생채·무침류,참나물 겉절이,100ml,17,0.8,0.72,2.43,50ml
참나물 겉절이,생채·무침류,참나물 겉절이,100ml,17,0.8,0.72,2.43,50ml
참나물 겉절이,생채·무침류,참나물 겉절이,100ml,17,0.8,0.72,2.43,50ml
참나물 겉절이,생채·무침류,참나물 겉절이,100ml,17,0.8,0.72,2.43,50ml
참나물 겉절이_간장,생채·무침류,참나물 겉절이,100ml,18,0.7,0.6,2.9,190ml
참나물 겉절이_단감,생채·무침류,참나물 겉절이,100ml,22,1,0.75,3.41,50ml
참나물 겉절이_단감,생채·무침류,참나물 겉절이,100ml,22,1,0.75,3.41,50ml
참나물 겉절이_단감,생채·무침류,참나물 겉절이,100ml,22,1,0.75,3.41,50ml
참나물 무침_된장,생채·무침류,참나물 무침,100ml,15,0.7,0.71,1.85,50ml
참나물 무침_된장,생채·무침류,참나물 무침,100ml,15,0.7,0.71,1.85,50ml
참나물 무침_된장,생채·무침류,참나물 무침,100ml,15,0.7,0.71,1.85,50ml
참나물겉절이_고춧가루,생채·무침류,참나물겉절이,100ml,18,0.74,0.6,2.91,190ml
참치 미역국,국 및 탕류,참치 미역국,100ml,28,2.7,1.75,0.75,320ml
피자_치즈 피자 리코타링 (L),빵 및 과자류,피자,100g,302,13.89,,,720g
에이드_딸기 에이드,음료 및 차류,에이드,100ml,26,0.28,,,710ml
차조밥,밥류,차조밥,100ml,119,2.19,0.22,25.73,370ml
차조밥,밥류,차조밥,100ml,119,2.21,0.2,25.77,190ml
차조밥,밥류,차조밥,100ml,119,2.18,0.19,25.81,290ml
찰떡빵_베이크치즈 크림치즈 찰떡,빵 및 과자류,찰떡빵,100g,283,5,,43.33,60g
찰떡빵_블루베리 크림치즈 찰떡,빵 및 과자류,찰떡빵,100g,342,6.67,,36.67,60g
찰떡빵_스트로베리 크림치즈 찰떡,빵 및 과자류,찰떡빵,100g,283,5,,43.33,60g
찰떡빵_쑥떡쑥떡콩쑥이,빵 및 과자류,찰떡빵,100g,301,7.14,,,168g
찰떡빵_연유콩떡빵,빵 및 과자류,찰떡빵,100g,316,6.32,,,95g
찰떡빵_울퉁불퉁왕찰떡빵 (대),빵 및 과자류,찰떡빵,100g,371,7.5,,,240g
찰떡빵_울퉁불퉁왕찰떡빵 (소),빵 및 과자류,찰떡빵,100g,371,7.5,,,120g
찰떡빵_쫀득찹쌀 브레드,빵 및 과자류,찰떡빵,100g,278,7,,,360g
찰떡빵_찹쌀고구마,빵 및 과자류,찰떡빵,100g,274,4.8,8.1,45.5,220g
찰밥,밥류,찰밥,100ml,120,2.2,0.34,25.75,450ml
찰밥,밥류,찰밥,100g,153,4.39,0.18,33.56,280g
찰밥,밥류,찰밥,100ml,120,2.2,0.34,25.75,450ml
찰시루떡,빵 및 과자류,찰시루떡,100g,181,6.63,0.41,37.63,100g
참깨죽,죽 및 스프류,참깨죽,100g,38,1,1.2,5.9,100g
참나물,나물·숙채류,참나물,100ml,14,0.72,0.56,1.94,200ml
에이드_딸기 아사이 레모네이드 스타벅스 리프레셔 (Tall),음료 및 차류,에이드,100g,30,0.28,,,355g
짬뽕_간편조리세트_통오징어짬뽕탕,면 및 만두류,짬뽕,100g,56,4.15,2.77,3.62,1204g
짬뽕_굴,면 및 만두류,짬뽕,100g,76,3.65,1.07,12.85,900g
짬뽕_백짬뽕,면 및 만두류,짬뽕,100g,63,3.66,1.54,8.54,100g
짬뽕_삼선,면 및 만두류,짬뽕,100g,74,4.4,1.2,11.3,900g
짬뽕_차돌박이,면 및 만두류,짬뽕,100g,88,4.58,3.42,9.82,100g
짬뽕라면,면 및 만두류,짬뽕라면,100ml,91,3.4,2.92,12.32,765ml
짬뽕밥,밥류,짬뽕밥,100ml,110,4.5,1.84,18.13,586.1
짬뽕밥,밥류,짬뽕밥,100g,72,3.2,1.4,11.65,900g
짬뽕밥,밥류,짬뽕밥,100ml,48,2.2,0.85,7.6,1347m
쫄면,면 및 만두류,쫄면,100ml,132,3.93,1.05,26.2,650ml
쫄면,면 및 만두류,쫄면,100ml,121,3.44,0.8,24.73,320ml
쫄면,면 및 만두류,쫄면,100ml,107,2.79,0.98,21.6,140ml
쫄면,면 및 만두류,쫄면,100g,129,3.21,2.52,23.26,550g
쫄면,면 및 만두류,쫄면,100ml,113,3.23,0.71,23.35,220ml
쫄볶이,볶음류,쫄볶이,100ml,150,4.7,1.41,29.37,630ml
차돌박이구이_소고기,구이류,차돌박이구이,100g,488,17.94,45.69,1.31,100g
차조밥,밥류,차조밥,100g,157,2.84,0.65,34.86,200g
차조밥,밥류,차조밥,100ml,120,2.3,0.4,25.66,300ml
짜장면,면 및 만두류,짜장면,100ml,153,5.3,2.57,29.14,600ml
짜장면,면 및 만두류,짜장면,100ml,98,3.8,1.2,19.22,460ml
짜장면,면 및 만두류,짜장면,100ml,105,4,1.25,20.9,650ml
짜장밥,밥류,짜장밥,100ml,134,4,1.54,25.26,270ml
짜장밥,밥류,짜장밥,100ml,140,4.03,1.38,26.91,350ml
짜장밥,밥류,짜장밥,100ml,139,3.74,1.81,26.19,450ml
짜장밥,밥류,짜장밥,100ml,93,2.85,1.94,15.58,520ml
짜장밥_오징어,밥류,짜장밥,100g,136,6.3,2.8,21.5,100g
짜장소스,"장류, 양념류",짜장소스,100ml,100,4.38,3.64,12.86,200ml
짜장소스,"장류, 양념류",짜장소스,100ml,101,4.3,3.71,12.86,200ml
짜장소스,"장류, 양념류",짜장소스,100ml,101,4.3,3.71,12.86,200ml
짜장소스,"장류, 양념류",짜장소스,100ml,101,4.3,3.71,12.86,200ml
짬뽕,면 및 만두류,짬뽕,100g,58,2.79,1.54,8.26,800g
짬뽕,면 및 만두류,짬뽕,100ml,61,2.8,1.08,9.65,810ml
짬뽕,면 및 만두류,짬뽕,100ml,74,2.7,1.31,12.29,458.3
짬뽕,면 및 만두류,짬뽕,100ml,86,4.3,1.29,14.92,1000m
짬뽕,면 및 만두류,짬뽕,100ml,73,2.8,1.27,11.93,637.4
짬뽕_간편조리세트_나가사키 짬뽕탕,면 및 만두류,짬뽕,100g,62,2.82,1.62,8.96,2152g
쥐포무침,생채·무침류,쥐포무침,100ml,298,26.1,7.41,32.77,31ml
쥐포무침,생채·무침류,쥐포무침,100ml,339,29.4,8.46,36.45,12.2
쥐포무침,생채·무침류,쥐포무침,100ml,339,29.4,8.46,36.45,12.2
쥐포무침,생채·무침류,쥐포무침,100ml,298,26.1,7.41,32.77,31ml
쥐포조림,조림류,쥐포조림,100g,276,13.03,8.86,36.12,100g
쥐포조림,조림류,쥐포조림,100ml,140,11.9,3.02,16.76,50ml
쥐포조림,조림류,쥐포조림,100ml,197,19,2.97,23.08,45.3
쥐포조림,조림류,쥐포조림,100ml,140,11.9,3.02,16.76,50ml
쥐포조림,조림류,쥐포조림,100ml,194,19,2.97,23.06,45.3
쥐포튀김,튀김류,쥐포튀김,100ml,184,13.7,9.45,10.54,55ml
쥐포튀김,튀김류,쥐포튀김,100g,357,9.62,16.49,42.5,100g
쥐포튀김_쥐포튀김,튀김류,쥐포튀김,100g,405,12.64,,,64g
증편,빵 및 과자류,증편,100g,200,3.17,1.2,44.15,100g
지리탕_대구,국 및 탕류,지리탕,100g,44,6.93,1.03,1.65,600g
지리탕_복,국 및 탕류,지리탕,100g,39,6.95,0.45,1.72,600g
짜사이무침,생채·무침류,짜사이무침,100ml,43,0.4,3.04,3.66,50ml
짜사이무침,생채·무침류,짜사이무침,100ml,43,0.4,3.04,3.66,50ml
짜장면,면 및 만두류,짜장면,100ml,117,4,2.06,22.06,550ml
에이드_딸기 스파클링 에이드,음료 및 차류,에이드,100g,33,0,,8.5,506g
주꾸미볶음_채소,볶음류,주꾸미볶음,100ml,74,6.94,1.91,7.99,315ml
주꾸미삼겹살,볶음류,주꾸미삼겹살,100g,161,10.11,8.66,10.66,100g
주먹밥,밥류,주먹밥,100ml,135,2.3,2.09,25.52,291ml
주먹밥,밥류,주먹밥,100ml,135,2.3,2.09,25.52,291ml
주먹밥,밥류,주먹밥,100ml,135,2.3,2.09,25.52,291ml
주먹밥,밥류,주먹밥,100ml,135,2.3,2.09,25.52,291ml
주먹밥_까르보나라 구운주먹밥,밥류,주먹밥,100g,211,6,,,100g
주먹밥_매콤 로제 구운주먹밥,밥류,주먹밥,100g,209,5,,,100g
주먹밥_멸치,밥류,주먹밥,100g,208,6,4.4,36.2,150g
주먹밥_배추김치,밥류,주먹밥,100ml,106,2.39,1.3,20.81,320ml
주먹밥_소고기,밥류,주먹밥,100g,178,4.76,2.18,34.73,200g
주먹밥_전주비빔라이스버거,밥류,주먹밥,100g,201,6.03,,,285g
주먹밥_참치,밥류,주먹밥,100ml,131,4.74,2.71,21.16,300ml
죽순볶음,볶음류,죽순볶음,100ml,133,4.3,10.85,6.19,58.5
죽순볶음,볶음류,죽순볶음,100ml,133,4.3,10.85,6.19,58.5
죽순볶음_소고기,볶음류,죽순볶음,100g,120,13.68,5.59,3.78,230g
중식우동,면 및 만두류,중식우동,100ml,91,4.73,0.84,15.29,960ml
중식잡채,볶음류,중식잡채,100ml,83,2.3,2.24,13.58,450ml
조기구이,구이류,조기구이,100ml,90,7.4,6.01,0.89,100ml
조기구이,구이류,조기구이,100ml,168,22.2,8.02,0.02,60ml
조기구이,구이류,조기구이,100ml,205,22.9,9.81,4.15,59.54
조기조림,조림류,조기조림,100g,128,13.7,6.27,4.27,300g
조기찌개,찌개 및 전골류,조기찌개,100ml,23,2.4,0.64,1.93,240ml
조기찌개,찌개 및 전골류,조기찌개,100ml,23,2.4,0.64,1.93,240ml
조기찜,찜류,조기찜,100ml,71,9.2,2.53,2.58,241.9
조기찜,찜류,조기찜,100g,182,20.06,10.59,1.64,100g
조기찜,찜류,조기찜,100ml,71,9.2,2.53,2.58,241.9
조기튀김,튀김류,조기튀김,100ml,144,13.4,7.77,3.62,111.4
조기튀김,튀김류,조기튀김,100ml,144,13.4,7.77,3.62,111.4
조미 김구이,구이류,조미 김구이,100ml,25,1.7,2.05,1.46,50ml
조미 김구이,구이류,조미 김구이,100ml,52,1.9,4.81,2.04,50ml
족발,찜류,족발,100g,233,26.04,13.91,0.93,250g
족발,찜류,족발,100g,220,28.91,11.65,0,100g
주꾸미볶음,볶음류,주꾸미볶음,100g,106,9.16,2.6,11.41,200g
주꾸미볶음,볶음류,주꾸미볶음,100ml,74,6.9,1.9,8.01,315ml
주꾸미볶음,볶음류,주꾸미볶음,100ml,74,6.9,1.9,8.01,315ml
젤리_베어리스타 오가닉 젤리,빵 및 과자류,젤리,100g,350,0,,,60g
젤리_트로피컬원더젤리,빵 및 과자류,젤리,100g,328,0,0,82,40g
조개 미역국,국 및 탕류,조개 미역국,100ml,11,1.5,0.24,0.97,300ml
조개 미역국,국 및 탕류,조개 미역국,100ml,11,1.5,0.24,0.97,300ml
조개 미역국,국 및 탕류,조개 미역국,100ml,11,1.5,0.24,0.97,300ml
조개 미역국,국 및 탕류,조개 미역국,100ml,11,1.5,0.24,0.97,300ml
조개구이_키조개,구이류,조개구이,100g,130,17.43,2.07,10.44,180g
조개국,국 및 탕류,조개국,100g,16,1.67,0.89,0.25,400g
조개국_바지락,국 및 탕류,조개국,100g,29,4,0.56,1.84,550g
조개젓_양념,젓갈류,조개젓,100g,103,8.61,2.05,12.61,100g
조개탕,국 및 탕류,조개탕,100ml,12,1.8,0.15,0.7,300ml
조기 양념구이,구이류,조기 양념구이,100ml,219,22.1,9.3,11.01,69.8
조기 양념구이,구이류,조기 양념구이,100ml,219,22.1,9.3,10.96,69.8
조기 오븐구이,구이류,조기 오븐구이,100ml,39,5.9,1.58,0.02,80ml
조기 오븐구이,구이류,조기 오븐구이,100ml,40,5.9,1.58,0.02,80ml
조기구이,구이류,조기구이,100g,177,19.33,10.86,0.44,180g
조기구이,구이류,조기구이,100ml,144,12.6,7.8,4.56,65ml
피자_치즈 피자 리코타링 (R),빵 및 과자류,피자,100g,302,14.68,,,435g
전어조림,조림류,전어조림,100ml,60,9,1.22,1.9,157.4
절편,빵 및 과자류,절편,100g,197,3.82,0.8,43.58,100g
절편_쑥,빵 및 과자류,절편,100g,192,7.72,2.42,34.87,100g
제육(돼지고기 수육),찜류,제육(돼지고기 수육),100ml,158,19.7,7.49,1.25,103.5
제육(돼지고기 수육),찜류,제육(돼지고기 수육),100ml,139,11.9,8.5,2.4,80ml
제육(돼지고기 수육),찜류,제육(돼지고기 수육),100ml,150,18.7,7.12,1.2,64.9
제육볶음,볶음류,제육볶음,100ml,168,15.4,6.34,12.19,64.9
제육볶음,볶음류,제육볶음,100ml,151,12.2,8.39,5.73,100ml
제육볶음,볶음류,제육볶음,100ml,103,10.2,4.43,5.33,70ml
제육볶음,볶음류,제육볶음,100ml,148,15.4,3.7,13.71,136.4
제육볶음_오징어,볶음류,제육볶음,100ml,148,11.2,8.04,7.13,110ml
제육볶음_오징어,볶음류,제육볶음,100ml,116,9.9,5.47,6.5,290ml
제육볶음_오징어,볶음류,제육볶음,100ml,96,9.2,4,5.63,260ml
제육볶음_오징어,볶음류,제육볶음,100ml,140,8.8,8.27,6.9,410ml
제육볶음_채소,볶음류,제육볶음,100ml,115,9.8,5.39,6.54,250ml
제육볶음_채소,볶음류,제육볶음,100ml,120,11.4,5.19,6.51,110ml
제육볶음_채소,볶음류,제육볶음,100ml,108,7.7,5.92,5.66,430ml
제육볶음_채소,볶음류,제육볶음,100ml,109,11.3,4.15,6.4,210ml
장조림_소고기_메추리알,조림류,장조림,100g,157,11.69,5.39,15.56,100g
장조림_소고기_메추리알,조림류,장조림,100g,121,16.27,3.68,5.77,50g
장조림_우엉,조림류,장조림,100g,149,2.1,0.3,34.37,100g
재첩국,국 및 탕류,재첩국,100g,23,0.67,0.29,4.54,350g
재첩국,국 및 탕류,재첩국,100ml,19,2.3,0.62,1.06,320ml
쟁반국수,면 및 만두류,쟁반국수,100ml,112,4.1,2.36,18.84,550ml
쟁반국수,면 및 만두류,쟁반국수,100ml,112,4.1,2.29,19.06,550ml
쟁반짜장,면 및 만두류,쟁반짜장,100ml,145,5.85,2.63,23.63,900ml
적어구이,구이류,적어구이,100ml,174,20.9,9.04,0.31,63.7
적어구이,구이류,적어구이,100ml,174,20.9,9.04,0.31,63.7
적어조림,조림류,적어조림,100ml,54,7,0.95,3.33,203.9
전갱이구이,구이류,전갱이구이,100ml,226,27.7,11.75,0.17,56ml
전복죽,죽 및 스프류,전복죽,100ml,120,3.1,3,19.12,200.9
전복죽,죽 및 스프류,전복죽,100ml,139,3.6,3.63,21.66,200ml
전복죽,죽 및 스프류,전복죽,100g,79,1.82,3.73,9.62,400g
전복죽,죽 및 스프류,전복죽,100ml,74,2.5,1.31,12.65,600ml
전복탕,국 및 탕류,전복탕,100g,33,4.47,0.5,2.63,600g
전어구이,구이류,전어구이,100ml,33,5.86,0.82,0.06,360ml
장어구이_고추장,구이류,장어구이,100g,259,19.82,17.21,6.18,100g
장어구이_붕장어_소금,구이류,장어구이,100g,297,26,16.2,11.6,100g
장어구이_소금,구이류,장어구이,100ml,137,9.94,10.37,0.23,185ml
장어구이_양념,구이류,장어구이,100g,289,20.51,20.37,5.87,150g
장어매운탕,찌개 및 전골류,장어매운탕,100ml,58,5.7,2.11,4.08,275.8
장어매운탕,찌개 및 전골류,장어매운탕,100ml,57,5.7,2.11,3.97,275.8
장어매운탕,찌개 및 전골류,장어매운탕,100ml,25,2.4,0.91,1.74,451.9
장어탕,국 및 탕류,장어탕,100g,67,4.32,3.91,3.68,800g
장어튀김,튀김류,장어튀김,100ml,209,10.2,14.75,6.64,67.2
장어튀김,튀김류,장어튀김,100ml,209,10.2,14.75,6.64,67.2
장조림_달걀,조림류,장조림,100g,138,9.85,7.12,8.67,100g
장조림_돼지고기_메추리알,조림류,장조림,100ml,141,15.38,5.93,5.53,150ml
장조림_돼지고기_메추리알,조림류,장조림,100ml,117,12.37,5.06,4.53,100ml
장조림_돼지고기_메추리알,조림류,장조림,100ml,114,11.35,5.15,4.75,250ml
장조림_돼지고기_메추리알,조림류,장조림,100g,127,16.67,3.7,6.74,50g
장조림_메추리알,조림류,장조림,100g,203,14.25,13.41,6.3,100g
장조림_메추리알,조림류,장조림,100ml,96,6.62,4.94,5.61,75ml
장조림_소고기,조림류,장조림,100g,69,10.41,0.86,4.84,100g
잡탕전골,찌개 및 전골류,잡탕전골,100ml,56,4.9,1.73,4.99,485.7
잣죽,죽 및 스프류,잣죽,100ml,151,3,4.27,24.83,145ml
잣죽,죽 및 스프류,잣죽,100ml,121,2.5,4.42,17.92,259ml
잣죽,죽 및 스프류,잣죽,100g,125,2.74,2.8,22.18,700g
장국국수,면 및 만두류,장국국수,100ml,144,6.4,3.06,21.12,215.9
장국국수,면 및 만두류,장국국수,100ml,71,3.1,1.45,10.64,736.8
장국국수,면 및 만두류,장국국수,100ml,144,6.4,3.06,21.12,215.9
장국국수,면 및 만두류,장국국수,100ml,72,3.3,1.84,9.82,800ml
장떡,전·적 및 부침류,장떡,100ml,197,3.67,7.64,27.28,70ml
장어 덮밥,밥류,장어 덮밥,100ml,95,3.5,1.99,15.04,500ml
장어 덮밥,밥류,장어 덮밥,100ml,95,3.5,1.99,15.04,500ml
장어 양념구이,구이류,장어 양념구이,100ml,331,16.5,21.39,16.89,69ml
장어 양념구이,구이류,장어 양념구이,100ml,331,16.5,21.42,16.91,68.9
장어 양념구이,구이류,장어 양념구이,100ml,331,16.5,21.39,16.89,69ml
장어 양념구이,구이류,장어 양념구이,100ml,331,16.5,21.42,16.91,68.9
장어 양념구이_들깨,구이류,장어 양념구이,100ml,180,14.4,7.19,14.4,84ml
장어 초밥,밥류,장어 초밥,100ml,95,3.5,1.99,15.04,500ml
장어구이_고추장,구이류,장어구이,100ml,134,10.05,8.25,4.82,190ml
에이드_라임민트 에이드,음료 및 차류,에이드,100g,44,0.07,,,355g
잡채_돼지고기,볶음류,잡채,100ml,93,3.02,2.49,14.87,100ml
잡채_돼지고기,볶음류,잡채,100ml,109,3.16,2.5,18.82,140ml
잡채_버섯,볶음류,잡채,100ml,107,0.94,2.53,20.62,180ml
잡채_버섯_소고기,볶음류,잡채,100ml,129,3.2,5.54,17.88,97.6
잡채_버섯_소고기,볶음류,잡채,100ml,129,3.2,5.54,17.88,97.6
잡채_부추,볶음류,잡채,100ml,68,2.6,1.89,10.37,200ml
잡채_소고기,볶음류,잡채,100ml,162,3.8,7.33,21.09,194ml
잡채_소고기,볶음류,잡채,100ml,112,2.5,4.18,16.38,118.7
잡채_소고기,볶음류,잡채,100ml,106,2.84,3.24,16.78,118.7
잡채_어묵,볶음류,잡채,100g,148,2.34,3.78,26.13,280g
잡채_콩나물,볶음류,잡채,100g,67,1.93,0.97,12.55,230g
잡채밥,밥류,잡채밥,100ml,107,2.8,1.3,20.43,591ml
잡채밥,밥류,잡채밥,100ml,102,2.9,1.31,18.82,449.2
잡채밥,밥류,잡채밥,100ml,113,3.1,2.08,19.65,572ml
잡채밥,밥류,잡채밥,100g,150,4.02,3.42,25.79,550g
잡채밥,밥류,잡채밥,100ml,102,2.9,1.31,18.82,449.2
잡탕밥,밥류,잡탕밥,100g,104,5.88,2.68,13.99,750g
잡탕밥,밥류,잡탕밥,100ml,115,5.5,1.84,18.63,550ml
에이드_라임 에이드,음료 및 차류,에이드,100g,42,0.02,0.05,10.4,100g
잡곡밥_보리_흑미,밥류,잡곡밥,100ml,134,2.8,0.43,28.55,300ml
잡곡밥_보리_흑미,밥류,잡곡밥,100ml,135,3,0.62,28.32,300ml
잡곡밥_서리태,밥류,잡곡밥,100ml,134,3.4,0.81,27.35,300ml
잡곡밥_서리태,밥류,잡곡밥,100ml,134,3.4,0.81,27.35,300ml
잡곡밥_서리태,밥류,잡곡밥,100ml,133,3.3,0.63,27.58,300ml
잡곡밥_현미,밥류,잡곡밥,100ml,133,3,0.65,27.88,300ml
잡곡밥_현미,밥류,잡곡밥,100ml,133,3,0.65,27.88,300ml
잡곡밥_현미,밥류,잡곡밥,100ml,132,2.9,0.49,28.08,300ml
잡곡밥_현미,밥류,잡곡밥,100ml,133,3,0.65,27.88,300ml
잡곡죽,죽 및 스프류,잡곡죽,100ml,81,3.5,1.17,14.21,324.6
잡곡죽,죽 및 스프류,잡곡죽,100ml,81,3.5,1.17,14.21,324.6
잡곡죽,죽 및 스프류,잡곡죽,100ml,81,3.5,1.17,14.21,324.6
잡채,볶음류,잡채,100g,146,4.71,3.3,24.26,200g
잡채_간편조리세트_소고기 버섯 잡채,볶음류,잡채,100g,105,2.18,1.8,19.97,512g
잡채_간편조리세트_소고기 버섯 잡채,볶음류,잡채,100g,153,2.74,5.9,22.13,341g
잡채_고추,볶음류,잡채,100g,128,5.5,6.01,13.09,200g
잡채_돼지고기,볶음류,잡채,100ml,126,2.69,3.13,21.92,190ml
피자_치즈 피자 마니아 에어도우 (L),빵 및 과자류,피자,100g,257,13.01,,,787g
잔멸치볶음_풋고추,볶음류,잔멸치볶음,100g,256,28.24,8.32,16.94,50g
잔멸치볶음_풋고추,볶음류,잔멸치볶음,100ml,93,9.6,3.28,5.97,110ml
잔멸치볶음_풋고추,볶음류,잔멸치볶음,100ml,93,9.6,3.28,5.97,110ml
잔멸치볶음_풋고추,볶음류,잔멸치볶음,100ml,108,7.1,5.82,6.71,101.5
잔멸치볶음_홍고추_풋고추,볶음류,잔멸치볶음,100g,228,33.28,8,5.72,50g
잔치국수,면 및 만두류,잔치국수,100ml,66,2.34,0.9,11.84,500ml
잔치국수,면 및 만두류,잔치국수,100ml,63,1.99,0.55,12.03,650ml
잔치국수,면 및 만두류,잔치국수,100ml,67,2.35,0.83,12.19,400ml
잔치국수,면 및 만두류,잔치국수,100ml,61,2.4,0.84,10.58,800ml
잡곡밥,밥류,잡곡밥,100ml,109,2.2,0.4,23.37,450ml
잡곡밥,밥류,잡곡밥,100g,146,5.3,0.87,29.33,200g
잡곡밥,밥류,잡곡밥,100ml,131,3.1,0.7,27.13,250ml
잡곡밥_보리,밥류,잡곡밥,100ml,137,3.1,0.65,28.75,300ml
잡곡밥_보리,밥류,잡곡밥,100ml,137,3.1,0.65,28.75,300ml
잡곡밥_보리,밥류,잡곡밥,100ml,137,3.1,0.65,28.75,300ml
잡곡밥_보리,밥류,잡곡밥,100ml,137,3.1,0.65,28.75,300ml
잡곡밥_보리_흑미,밥류,잡곡밥,100ml,135,3,0.62,28.32,300ml
잡곡밥_보리_흑미,밥류,잡곡밥,100ml,135,3,0.62,28.32,300ml
잔멸치볶음_견과류,볶음류,잔멸치볶음,100ml,147,9.8,8.68,8.18,50ml
잔멸치볶음_견과류,볶음류,잔멸치볶음,100ml,164,13.6,9.77,6.15,50ml
잔멸치볶음_견과류,볶음류,잔멸치볶음,100ml,120,7,7.15,7.25,50ml
잔멸치볶음_견과류,볶음류,잔멸치볶음,100ml,154,10.7,9.57,7.26,110ml
잔멸치볶음_견과류,볶음류,잔멸치볶음,100g,388,24.34,22.22,22.64,50g
잔멸치볶음_고추장,볶음류,잔멸치볶음,100ml,231,17,10.22,17.05,35ml
잔멸치볶음_고추장,볶음류,잔멸치볶음,100ml,231,17,10.22,17.05,35ml
잔멸치볶음_꽈리고추,볶음류,잔멸치볶음,100ml,156,12,6.01,13.07,77.4
잔멸치볶음_꽈리고추,볶음류,잔멸치볶음,100ml,90,7.1,3.61,7.16,40ml
잔멸치볶음_꽈리고추,볶음류,잔멸치볶음,100g,293,24.78,17.48,9.24,50g
잔멸치볶음_모듬,볶음류,잔멸치볶음,100ml,115,10.6,5.11,6.59,110ml
잔멸치볶음_잔멸치,볶음류,잔멸치볶음,100ml,118,14.05,3.94,5.82,40ml
잔멸치볶음_잔멸치_견과류,볶음류,잔멸치볶음,100ml,163,13.61,9.76,6.13,50ml
잔멸치볶음_잔멸치_견과류,볶음류,잔멸치볶음,100ml,120,7.04,7.14,7.24,50ml
잔멸치볶음_잔멸치_견과류,볶음류,잔멸치볶음,100ml,147,9.77,8.68,8.17,50ml
잔멸치볶음_잔멸치_꽈리고추,볶음류,잔멸치볶음,100ml,64,7.65,2.23,3.1,70ml
잔멸치볶음_잔멸치_꽈리고추,볶음류,잔멸치볶음,100ml,90,7.08,3.61,7.16,40ml
잔멸치볶음_풋고추,볶음류,잔멸치볶음,100ml,93,9.5,3.28,5.99,110ml
자장면,면 및 만두류,자장면,100g,88,2.69,2.22,14.37,600g
자장면,면 및 만두류,자장면,100ml,114,4.03,1.2,20.92,650ml
자장면,면 및 만두류,자장면,100ml,126,4,2.05,22.05,550ml
자장면,면 및 만두류,자장면,100ml,105,3.77,1.15,19.22,460ml
자장면,면 및 만두류,자장면,100ml,165,5.4,2.52,29.07,600ml
자장면_삼선,면 및 만두류,자장면,100g,115,4.81,2.59,18.08,700g
자장밥,밥류,자장밥,100g,148,3.05,4.46,24.01,500g
자장밥,밥류,자장밥,100g,122,4.27,4.72,15.57,470g
잔멸치 튀김,튀김류,잔멸치 튀김,100ml,67,4,4.12,2.9,235.6
잔멸치볶음,볶음류,잔멸치볶음,100g,330,34.97,8.97,27.43,100g
잔멸치볶음,볶음류,잔멸치볶음,100ml,130,10.4,6.51,6.66,42ml
잔멸치볶음,볶음류,잔멸치볶음,100ml,118,14.1,3.94,5.82,40ml
잔멸치볶음,볶음류,잔멸치볶음,100ml,130,10.4,6.51,6.66,42ml
잔멸치볶음_간장,볶음류,잔멸치볶음,100ml,194,14.9,10.02,10.14,61ml
잔멸치볶음_간장,볶음류,잔멸치볶음,100ml,194,14.9,10.02,10.14,61ml
잔멸치볶음_간장_고추장,볶음류,잔멸치볶음,100ml,109,11.3,3.89,6.7,110ml
잔멸치볶음_간장_고추장,볶음류,잔멸치볶음,100ml,109,11.3,3.89,6.7,110ml
잔멸치볶음_간장_고추장,볶음류,잔멸치볶음,100ml,109,11.3,3.89,6.7,110ml
자몽홍차_제로 허니자몽 블랙티 (Venti),음료 및 차류,자몽홍차,100ml,3,0.09,,,650ml
자몽홍차_허니 자몽 블랙티,음료 및 차류,자몽홍차,100g,39,0.08,,,505g
자몽홍차_허니 자몽 블랙티 아이스(ICED),음료 및 차류,자몽홍차,100ml,36,0.07,,,560ml
자몽홍차_허니 자몽 블랙티 아이스(ICED) (J),음료 및 차류,자몽홍차,100ml,27,0,,,651ml
자몽홍차_허니 자몽 블랙티 아이스(ICED) (L),음료 및 차류,자몽홍차,100ml,27,0,,,473ml
자몽홍차_허니 자몽 블랙티 핫(HOT),음료 및 차류,자몽홍차,100ml,58,0.09,,,450ml
자몽홍차_허니 자몽 블랙티 핫(HOT) (J),음료 및 차류,자몽홍차,100ml,38,0,,,473ml
자몽홍차_허니 자몽 블랙티 핫(HOT) (L),음료 및 차류,자몽홍차,100ml,30,0,,,414ml
자몽홍차_허니자몽블랙티,음료 및 차류,자몽홍차,100g,55,0.14,0.03,13.53,100g
자몽홍차_허니자몽블랙티,음료 및 차류,자몽홍차,100ml,45,0.03,,,360ml
자몽홍차_허니자몽블랙티 아이스(ICED),음료 및 차류,자몽홍차,100ml,62,0.17,,,591ml
자몽홍차_허니자몽블랙티 아이스(ICED),음료 및 차류,자몽홍차,100ml,37,0.06,0.01,9.28,710ml
자몽홍차_허니자몽블랙티 저당 아이스(ICED),음료 및 차류,자몽홍차,100ml,59,0.17,,,591ml
자몽홍차_허니자몽블랙티 저당 핫(HOT),음료 및 차류,자몽홍차,100ml,60,0.15,,,651ml
자몽홍차_허니자몽블랙티 핫(HOT),음료 및 차류,자몽홍차,100ml,62,0.15,,,651ml
자몽홍차_허니자몽블랙티 핫(HOT),음료 및 차류,자몽홍차,100ml,51,0.1,0.02,12.67,591ml
자장면,면 및 만두류,자장면,100g,123,3.04,3.13,20.56,650g
피자_치즈 피자 마니아 에어도우 (M),빵 및 과자류,피자,100g,259,12.77,,,424g
에이드_라임 모히또 (L),음료 및 차류,에이드,100g,52,0,,12.79,946g
자몽차_자몽티 핫(HOT),음료 및 차류,자몽차,100ml,49,0.31,,,651ml
자몽차_자몽티 핫(HOT),음료 및 차류,자몽차,100g,32,0.32,,7.74,310g
자몽차_저칼로리 허니자몽티 (Grande),음료 및 차류,자몽차,100ml,8,0.1,,,450ml
자몽차_캐모마일 자몽 릴렉싱티,음료 및 차류,자몽차,100g,29,0.08,,,509g
자몽차_허니 자몽티,음료 및 차류,자몽차,100g,52,0.32,,12.9,310g
자몽차_허니몽 아이스(ICED),음료 및 차류,자몽차,100ml,52,1.69,,,473ml
자몽차_허니몽 핫(HOT),음료 및 차류,자몽차,100ml,69,2.25,,,355ml
자몽차_홍자몽차 아이스(ICED),음료 및 차류,자몽차,100ml,38,0.28,,,354ml
자몽차_홍자몽차 핫(HOT),음료 및 차류,자몽차,100ml,38,0.28,,,354ml
자몽홍차_꿀 자몽 블랙티,음료 및 차류,자몽홍차,100g,47,0,,,595g
자몽홍차_오렌지자몽블랙티 아이스(ICED),음료 및 차류,자몽홍차,100ml,15,0.01,,,710ml
자몽홍차_오렌지자몽블랙티 핫(HOT),음료 및 차류,자몽홍차,100ml,23,0.01,,,473ml
자몽홍차_자몽 얼그레이 티 핫(HOT) (R),음료 및 차류,자몽홍차,100ml,70,0,,,355ml
자몽홍차_자몽 허니 블랙티 아이스(ICED) (Tall),음료 및 차류,자몽홍차,100g,35,0,,,355g
자몽홍차_자몽 허니 블랙티 핫(HOT) (Tall),음료 및 차류,자몽홍차,100g,35,0,,,355g
자몽홍차_자몽허니블랙티 아이스(ICED),음료 및 차류,자몽홍차,100ml,40,0.07,0.16,9.63,591ml
자몽홍차_자몽허니블랙티 아이스(ICED),음료 및 차류,자몽홍차,100ml,33,0.18,0.01,8.04,650ml
자몽홍차_자몽허니블랙티 핫(HOT),음료 및 차류,자몽홍차,100ml,43,0.23,0.01,10.45,500ml
자몽차_자몽차 핫(HOT) (L),음료 및 차류,자몽차,100g,49,0.22,,,450g
자몽차_자몽차 핫(HOT) (M),음료 및 차류,자몽차,100g,21,0.12,,,591g
자몽차_자몽차 핫(HOT) (ML),음료 및 차류,자몽차,100g,28,0.17,,5.58,591g
자몽차_자몽티,음료 및 차류,자몽차,100ml,40,0.28,,,360ml
자몽차_자몽티,음료 및 차류,자몽차,100ml,41,0,0,10.03,591ml
자몽차_자몽티 아이스(ICED),음료 및 차류,자몽차,100ml,36,0.17,,,591ml
자몽차_자몽티 아이스(ICED),음료 및 차류,자몽차,100ml,23,0.1,0,5.69,650ml
자몽차_자몽티 아이스(ICED),음료 및 차류,자몽차,100ml,34,0.28,,,710ml
자몽차_자몽티 아이스(ICED),음료 및 차류,자몽차,100g,32,0.11,,,360g
자몽차_자몽티 아이스(ICED),음료 및 차류,자몽차,100g,21,0,,,470g
자몽차_자몽티 아이스(ICED),음료 및 차류,자몽차,100g,24,0.24,,5.85,410g
자몽차_자몽티 아이스(ICED),음료 및 차류,자몽차,100g,41,0,,,415g
자몽차_자몽티 아이스(ICED),음료 및 차류,자몽차,100g,48,0.08,,,591g
자몽차_자몽티 핫(HOT),음료 및 차류,자몽차,100g,41,0,,,385g
자몽차_자몽티 핫(HOT),음료 및 차류,자몽차,100ml,30,0.13,0,7.4,500ml
자몽차_자몽티 핫(HOT),음료 및 차류,자몽차,100ml,59,0.21,,,473ml
자몽차_자몽티 핫(HOT),음료 및 차류,자몽차,100g,27,0.11,,,473g
자몽차_자몽티 핫(HOT),음료 및 차류,자몽차,100g,32,0.11,,,360g
자몽차_자몽티 핫(HOT),음료 및 차류,자몽차,100g,28,0,,,310g
자몽차_자몽 네이블오렌지 아이스(ICED),음료 및 차류,자몽차,100ml,47,0,,,680ml
자몽차_자몽 티 핫(HOT),음료 및 차류,자몽차,100ml,27,0.11,,,473ml
자몽차_자몽블랙티,음료 및 차류,자몽차,100g,45,0.03,,,360g
자몽차_자몽차,음료 및 차류,자몽차,100g,30,0.13,,,100g
자몽차_자몽차,음료 및 차류,자몽차,100g,36,0.17,0,,360g
자몽차_자몽차,음료 및 차류,자몽차,100g,45,0.08,,,414g
자몽차_자몽차 (L),음료 및 차류,자몽차,100g,30,0.14,,,450g
자몽차_자몽차 (R),음료 및 차류,자몽차,100g,26,0.13,,,400g
자몽차_자몽차 아이스(ICED),음료 및 차류,자몽차,100ml,35,6.94,,,415ml
자몽차_자몽차 아이스(ICED),음료 및 차류,자몽차,100ml,42,0.06,0,10.42,710ml
자몽차_자몽차 아이스(ICED) (L),음료 및 차류,자몽차,100g,24,0.11,,5.07,946g
자몽차_자몽차 아이스(ICED) (L),음료 및 차류,자몽차,100g,22,0.12,,,946g
자몽차_자몽차 아이스(ICED) (L),음료 및 차류,자몽차,100g,49,0.22,,,450g
자몽차_자몽차 아이스(ICED) (M),음료 및 차류,자몽차,100g,21,0.12,,,591g
자몽차_자몽차 아이스(ICED) (ML),음료 및 차류,자몽차,100g,24,0.14,,4.65,710g
자몽차_자몽차 핫(HOT),음료 및 차류,자몽차,100ml,48,0,,,384ml
자몽차_자몽차 핫(HOT),음료 및 차류,자몽차,100ml,50,0.07,0,12.37,591ml
자몽차_자몽차 핫(HOT),음료 및 차류,자몽차,100ml,32,0.15,,,415ml
자몽차_자몽차 핫(HOT) (L),음료 및 차류,자몽차,100g,22,0.12,,,946g
에이드_딸기 에이드 (M),음료 및 차류,에이드,100g,37,0.05,,,591g
임연수튀김,튀김류,임연수튀김,100ml,181,12.7,9.5,9.29,73ml
잉어 매운탕,찌개 및 전골류,잉어 매운탕,100ml,52,5.7,1.5,4.08,275.8
자몽차_꿀 자몽 티 아이스(ICED),음료 및 차류,자몽차,100ml,37,0.21,,,473ml
자몽차_꿀 자몽 티 핫(HOT),음료 및 차류,자몽차,100ml,51,0.21,,,473ml
자몽차_꿀 자몽티 아이스(ICED),음료 및 차류,자몽차,100g,42,0.08,,,473g
자몽차_꿀 자몽티 핫(HOT),음료 및 차류,자몽차,100g,54,0.15,,,473g
자몽차_꿀자몽티,음료 및 차류,자몽차,100g,58,0.13,0.07,14.3,100g
자몽차_루비자몽 아이스(ICED),음료 및 차류,자몽차,100g,56,0,,14.04,470g
자몽차_루비자몽 핫(HOT),음료 및 차류,자몽차,100g,64,0,,16.1,410g
자몽차_비타2000 저칼로리 허니자몽 블랜딩 (초대용량),음료 및 차류,자몽차,100ml,4,0.05,,,850ml
자몽차_상그리아 자몽티,음료 및 차류,자몽차,100ml,46,0.06,,,360ml
자몽차_시트러스자몽 아이스(ICED),음료 및 차류,자몽차,100g,33,0,,8.23,486g
자몽차_오렌지자몽티 아이스(ICED) (L),음료 및 차류,자몽차,100g,38,0.21,,,473g
자몽차_오렌지자몽티 아이스(ICED) (R),음료 및 차류,자몽차,100g,31,0.24,,,414g
자몽차_오렌지자몽티 핫(HOT) (L),음료 및 차류,자몽차,100g,47,0.21,,,473g
자몽차_자몽 네이블 오렌지 아이스(ICED),음료 및 차류,자몽차,100g,49,0.15,,,651g
자몽차_자몽 네이블 오렌지 핫(HOT),음료 및 차류,자몽차,100ml,51,0,,,384ml
자몽차_자몽 네이블오렌지,음료 및 차류,자몽차,100g,59,0,0,14.78,230g
율무죽,죽 및 스프류,율무죽,100g,77,3.26,0.98,13.75,100g
율무차,음료 및 차류,율무차,100ml,59,0.8,0.74,12.64,100ml
율무차,음료 및 차류,율무차,100ml,66,0.9,1.72,11.85,100ml
율무차_당 걱정 없는 율무차 (Grande),음료 및 차류,율무차,100ml,62,3.2,,,450ml
은대구구이,구이류,은대구구이,100ml,137,9.2,10.5,0.03,100ml
인절미,빵 및 과자류,인절미,100g,242,5.64,2.16,50.07,100g
인절미_콩고물,빵 및 과자류,인절미,100g,231,5.52,1.15,49.69,100g
인절미_팥고물,빵 및 과자류,인절미,100g,204,4.2,0.9,44.8,100g
임연수구이,구이류,임연수구이,100ml,81,8,4.76,0.73,100ml
임연수구이,구이류,임연수구이,100g,198,21.52,11.76,1.4,250g
임연수구이,구이류,임연수구이,100ml,256,26.4,15.09,0.71,77.9
임연수구이,구이류,임연수구이,100ml,81,8,4.76,0.73,100ml
임연수구이,구이류,임연수구이,100ml,256,26.4,15.09,0.71,77.9
임연수조림,조림류,임연수조림,100ml,91,9.9,3.44,4.5,148.6
임연수조림,조림류,임연수조림,100ml,144,15.9,5.54,6.95,56ml
임연수튀김,튀김류,임연수튀김,100ml,372,26.5,20.12,17.18,71.7
임연수튀김,튀김류,임연수튀김,100ml,369,26.5,20,17.54,71.7
임연수튀김,튀김류,임연수튀김,100ml,180,12.7,9.43,9.48,73ml
육개장_닭고기,국 및 탕류,육개장,100ml,39,5,1.08,2.46,420ml
육개장_닭고기,국 및 탕류,육개장,100ml,44,4.4,2.07,1.83,210ml
육개장_돼지고기,국 및 탕류,육개장,100ml,45,5.9,1.04,3.65,227.4
육개장_돼지고기,국 및 탕류,육개장,100ml,46,5.8,1.23,3.47,320ml
육개장_돼지고기,국 및 탕류,육개장,100ml,46,5.8,1.23,3.45,227.4
육개장_돼지고기,국 및 탕류,육개장,100ml,46,5.8,1.23,3.47,320ml
육개장_소고기,국 및 탕류,육개장,100ml,26,1.9,1.42,1.41,440ml
육개장_소고기,국 및 탕류,육개장,100ml,26,2.1,1.48,1.25,200ml
육개장_소고기,국 및 탕류,육개장,100ml,40,2,2.69,2.03,603ml
육개장_소고기,국 및 탕류,육개장,100ml,33,2.6,1.71,1.96,220ml
육회,수·조·어·육류,육회,100ml,158,9.5,7.65,13.17,300ml
육회,수·조·어·육류,육회,100g,130,9.93,6.43,8.12,150g
육회비빔밥,밥류,육회비빔밥,100ml,115,3.9,2.88,17.66,700ml
율무밥,밥류,율무밥,100ml,118,2.2,0.17,25.56,270ml
율무밥,밥류,율무밥,100ml,118,2.2,0.17,25.56,270ml
율무밥,밥류,율무밥,100ml,118,2.23,0.17,25.56,270ml
율무밥,밥류,율무밥,100ml,118,2.28,0.18,25.52,190ml
피자_치즈 피자 마니아 파마산엣지 (L),빵 및 과자류,피자,100g,259,13.47,,,810g
유채나물,나물·숙채류,유채나물,100ml,36,3.7,1.07,4.89,100ml
유채나물,나물·숙채류,유채나물,100ml,50,4.4,2.12,5.6,36.4
유채나물,나물·숙채류,유채나물,100ml,36,3.7,1.07,4.89,100ml
유채나물,나물·숙채류,유채나물,100ml,50,4.4,2.12,5.6,36.4
유채나물,나물·숙채류,유채나물,100g,96,5.8,4.6,7.82,90g
유채나물_간장_소금,나물·숙채류,유채나물,100ml,22,2.1,0.89,2.4,70ml
유채나물_간장_소금,나물·숙채류,유채나물,100ml,22,2.1,0.82,2.68,160ml
유채나물_된장,나물·숙채류,유채나물,100ml,30,2.79,0.97,3.65,80ml
유채무침,생채·무침류,유채무침,100ml,60,3.4,0.67,12.47,79.2
유채무침,생채·무침류,유채무침,100ml,60,3.4,0.67,12.47,79.2
유채무침,생채·무침류,유채무침,100ml,60,3.4,0.67,12.47,79.2
유채무침,생채·무침류,유채무침,100ml,60,3.4,0.67,12.47,79.2
유채물김치,김치류,유채물김치,100g,17,1,0.1,3,100g
육개장,국 및 탕류,육개장,100g,30,3.68,0.99,1.49,440g
육개장,국 및 탕류,육개장,100ml,47,3,3.14,1.58,119.3
육개장_닭고기,국 및 탕류,육개장,100ml,32,3.3,1.52,1.16,200ml
육개장_닭고기,국 및 탕류,육개장,100ml,28,2.7,1.33,1.46,440ml
육개장_닭고기,국 및 탕류,육개장,100g,20,2.74,0.42,1.41,700g
유자차_유자차 아이스(ICED) (M),음료 및 차류,유자차,100g,50,0.1,,,591g
유자차_유자차 아이스(ICED) (ML),음료 및 차류,유자차,100g,41,0,,7.75,710g
유자차_유자차 핫(HOT),음료 및 차류,유자차,100ml,49,0,,,384ml
유자차_유자차 핫(HOT),음료 및 차류,유자차,100g,43,0,,,355g
유자차_유자차 핫(HOT),음료 및 차류,유자차,100ml,48,0.05,0,12.06,591ml
유자차_유자차 핫(HOT) (L),음료 및 차류,유자차,100g,47,0.1,,,946g
유자차_유자차 핫(HOT) (L),음료 및 차류,유자차,100g,46,0.22,,,450g
유자차_유자차 핫(HOT) (M),음료 및 차류,유자차,100g,50,0.1,,,591g
유자차_유자차 핫(HOT) (ML),음료 및 차류,유자차,100g,50,0,,9.31,591g
유자차_유자티,음료 및 차류,유자차,100g,56,0.13,0.07,13.7,100g
유자차_유자티,음료 및 차류,유자차,100ml,19,0,,,360ml
유자차_유자티 아이스(ICED),음료 및 차류,유자차,100ml,37,0.14,,,710ml
유자차_유자티 아이스(ICED),음료 및 차류,유자차,100g,67,0.24,,,415g
유자차_유자티 핫(HOT),음료 및 차류,유자차,100ml,60,0.21,,,473ml
유자차_유자티 핫(HOT),음료 및 차류,유자차,100g,68,0.26,,,385g
유자차_유자피나콜라다 아이스(ICED),음료 및 차류,유자차,100ml,43,0,,,680ml
유자차_허니유자티 아이스(ICED),음료 및 차류,유자차,100ml,44,0.11,0,11.07,650ml
유자차_허니유자티 핫(HOT),음료 및 차류,유자차,100ml,58,0.14,0,14.4,500ml
유채김치,김치류,유채김치,100g,62,3.5,0.8,10.1,100g
유자차_우리 유차자 핫(HOT),음료 및 차류,유자차,100g,71,0.2,,,407g
유자차_유자 민트티 아이스(ICED) (Tall),음료 및 차류,유자차,100g,41,0,,,355g
유자차_유자 민트티 핫(HOT) (Tall),음료 및 차류,유자차,100g,66,0,,,355g
유자차_유자 캐모마일 아이스(ICED),음료 및 차류,유자차,100ml,44,0,,,354ml
유자차_유자 캐모마일 핫(HOT),음료 및 차류,유자차,100ml,44,0,,,354ml
유자차_유자 피나콜라다,음료 및 차류,유자차,100g,45,0,0,11.3,230g
유자차_유자 피나콜라다 아이스(ICED),음료 및 차류,유자차,100g,45,0.15,,,651g
유자차_유자 피나콜라다 핫(HOT),음료 및 차류,유자차,100ml,51,0,,,384ml
유자차_유자레몬티 아이스(ICED) (R),음료 및 차류,유자차,100g,52,0,,,414g
유자차_유자레몬티 핫(HOT) (L),음료 및 차류,유자차,100g,61,0,,,473g
유자차_유자레몬티 핫(HOT) (R),음료 및 차류,유자차,100g,73,0,,,355g
유자차_유자차,음료 및 차류,유자차,100ml,28,0,,,360ml
유자차_유자차,음료 및 차류,유자차,100g,45,0.1,,,414g
유자차_유자차,음료 및 차류,유자차,100g,39,0.05,,,100g
유자차_유자차 아이스(ICED),음료 및 차류,유자차,100g,43,0,,,355g
유자차_유자차 아이스(ICED),음료 및 차류,유자차,100ml,43,0.04,0,10.63,710ml
유자차_유자차 아이스(ICED) (L),음료 및 차류,유자차,100g,46,0.22,,,450g
유자차_유자차 아이스(ICED) (L),음료 및 차류,유자차,100g,41,0,,7.29,946g
유자차_유자차 아이스(ICED) (L),음료 및 차류,유자차,100g,47,0.1,,,946g
유산슬,볶음류,유산슬,100ml,71,9.09,1.96,4.84,410ml
유자차_고흥 유자 레몬 캐모마일티,음료 및 차류,유자차,100g,21,0,,5.07,473g
유자차_고흥 유자차 아이스(ICED),음료 및 차류,유자차,100ml,71,0,,,354ml
유자차_고흥 유자차 핫(HOT),음료 및 차류,유자차,100ml,71,0,,,354ml
유자차_고흥유자 아이스(ICED),음료 및 차류,유자차,100g,58,0,,14.47,470g
유자차_고흥유자 핫(HOT),음료 및 차류,유자차,100g,66,0,,16.59,410g
유자차_고흥유자차 (L),음료 및 차류,유자차,100g,81,1.6,,,450g
유자차_고흥유자차 (R),음료 및 차류,유자차,100g,61,1.2,,,400g
유자차_레몬 유자 티 아이스(ICED),음료 및 차류,유자차,100ml,50,0,,,473ml
유자차_레몬 유자 티 핫(HOT),음료 및 차류,유자차,100ml,58,0,,,473ml
유자차_레몬 유자티 아이스(ICED),음료 및 차류,유자차,100g,50,0,,,473g
유자차_레몬 유자티 핫(HOT),음료 및 차류,유자차,100g,58,0,,,473g
유자차_맑은 유자 플럼티,음료 및 차류,유자차,100g,34,0.06,,,360g
유자차_사과유자차,음료 및 차류,유자차,100g,38,0.1,0,,360g
유자차_상그리아 유자티,음료 및 차류,유자차,100ml,46,0.06,,,360ml
유자차_상그리아 유자티 아이스(ICED),음료 및 차류,유자차,100g,46,0.06,,,360g
유자차_상그리아 유자티 핫(HOT),음료 및 차류,유자차,100g,46,0.06,,,360g
유자차_우리 유차자 아이스(ICED),음료 및 차류,유자차,100g,69,0.17,,,470g
피자_치즈 피자 마니아 파마산엣지 (M),빵 및 과자류,피자,100g,261,13.29,,,439g
우유튀김_우유튀김,튀김류,우유튀김,100g,250,3,,,100g
울면,면 및 만두류,울면,100g,73,3.75,0.74,12.82,1000g
울면,면 및 만두류,울면,100ml,85,4.29,0.97,14.05,1020m
월남쌈,면 및 만두류,월남쌈,100g,118,5.94,4.97,12.25,250g
월남쌈_간편조리세트_불고기월남쌈,면 및 만두류,월남쌈,100g,150,7.22,5.81,17.1,733g
월남쌈_간편조리세트_소고기야채말이,면 및 만두류,월남쌈,100g,116,10.47,5.34,6.61,580g
월남쌈_간편조리세트_훈제오리월남쌈,면 및 만두류,월남쌈,100g,111,5.16,3.22,15.37,888g
웨이퍼_크리스피초콜릿웨이퍼,빵 및 과자류,웨이퍼,100g,528,7,31,55,50g
유과,빵 및 과자류,유과,100g,424,2.81,12.83,74.23,30g
유부 된장국_무,국 및 탕류,유부 된장국,100ml,66,4.4,4.1,2.7,234.4
유부 된장국_무,국 및 탕류,유부 된장국,100ml,79,5.2,5.21,2.72,320ml
유부 초밥,밥류,유부 초밥,100ml,199,5.8,6.92,27.04,300ml
유부 초밥,밥류,유부 초밥,100ml,200,6,7.09,26.78,243.4
유부 초밥,밥류,유부 초밥,100ml,199,5.8,6.72,27.48,298.4
유부국,국 및 탕류,유부국,100ml,17,1.08,1.02,1.13,190ml
유부조림,조림류,유부조림,100ml,254,13.7,18.34,7.95,100ml
유산슬,볶음류,유산슬,100g,86,7.54,4.4,4.1,220g
유산슬,볶음류,유산슬,100ml,62,6.8,2.23,3.52,136.3
에이드_레모 네이드,음료 및 차류,에이드,100g,39,0,,,625g
우롱차_피치 우롱티 아이스(ICED) (L),음료 및 차류,우롱차,100g,19,0,,4.76,946g
우롱차_피치 우롱티 아이스(ICED) (ML),음료 및 차류,우롱차,100g,25,0,,6.34,710g
우롱차_피치 우롱티 핫(HOT) (ML),음료 및 차류,우롱차,100g,30,0,,7.61,591g
우롱차_피치우롱 아이스(ICED),음료 및 차류,우롱차,100g,3,0.23,,0.47,430g
우롱차_피치우롱 핫(HOT),음료 및 차류,우롱차,100g,3,0.25,,0.5,400g
우엉 양념구이,구이류,우엉 양념구이,100ml,67,1.7,1.41,12.06,216.2
우엉볶음,볶음류,우엉볶음,100ml,65,1.7,3.72,6.6,80.9
우엉볶음,볶음류,우엉볶음,100ml,160,4.1,9.08,16.33,63.5
우엉볶음,볶음류,우엉볶음,100ml,160,4.1,9.08,16.33,63.5
우엉볶음,볶음류,우엉볶음,100ml,65,1.7,3.72,6.6,80.9
우엉조림,조림류,우엉조림,100ml,120,3.76,4.88,16.45,50ml
우엉조림,조림류,우엉조림,100g,188,4.8,3.33,34.8,30g
우엉조림,조림류,우엉조림,100ml,88,2.7,1.05,17.89,90ml
우엉조림,조림류,우엉조림,100ml,88,2.71,1.05,17.89,90ml
우엉조림,조림류,우엉조림,100ml,104,3.69,2.98,16.51,40ml
우유_딸기,유제품류 및 빙과류,우유,100g,73,2.04,2.31,11.04,100g
우유_스팀 우유 (Tall),유제품류 및 빙과류,우유,100g,61,3.66,,,355g
우유_우유 (Tall),유제품류 및 빙과류,우유,100g,68,3.38,,,355g
에이드_레드자몽 스파클링 에이드,음료 및 차류,에이드,100g,25,0,,6.4,422g
우동볶음,면 및 만두류,우동볶음,100g,128,2.8,2.01,24.79,300g
우럭 매운탕,찌개 및 전골류,우럭 매운탕,100ml,31,4,0.51,2.65,256.5
우럭 매운탕,찌개 및 전골류,우럭 매운탕,100ml,29,3.5,0.6,2.83,700ml
우럭구이,구이류,우럭구이,100ml,207,25.1,10.51,0.84,53.9
우럭구이,구이류,우럭구이,100ml,111,13.5,5.67,0.45,100ml
우럭구이,구이류,우럭구이,100ml,111,13.5,5.67,0.45,100ml
우럭튀김,튀김류,우럭튀김,100ml,289,24.7,12.12,19.21,61.8
우럭회덮밥_양념장,밥류,우럭회덮밥,100ml,67,3.49,0.77,11.47,750ml
우롱차_백도우롱 아이스(ICED),음료 및 차류,우롱차,100ml,0,8.6,,,473ml
우롱차_백도우롱 핫(HOT),음료 및 차류,우롱차,100ml,0,8.6,,,473ml
우롱차_우롱티 아이스(ICED),음료 및 차류,우롱차,100ml,0,0.14,,,710ml
우롱차_우롱티 아이스(ICED),음료 및 차류,우롱차,100g,4,0.03,,,586.6
우롱차_우롱티 아이스(ICED) (J),음료 및 차류,우롱차,100ml,1,0,,,651ml
우롱차_우롱티 아이스(ICED) (L),음료 및 차류,우롱차,100ml,1,0,,,473ml
우롱차_우롱티 핫(HOT),음료 및 차류,우롱차,100ml,1,0.21,,,473ml
우롱차_우롱티 핫(HOT),음료 및 차류,우롱차,100g,6,0.05,,,406.6
우롱차_우롱티 핫(HOT) (J),음료 및 차류,우롱차,100ml,1,0,,,473ml
우롱차_우롱티 핫(HOT) (L),음료 및 차류,우롱차,100ml,1,0,,,414ml
에이드_러브 미,음료 및 차류,에이드,100g,54,0.84,,,610g
요구르트(호상)_그릭요거 망고놀라,유제품류 및 빙과류,요구르트(호상),100g,93,3.43,,,414g
요구르트(호상)_오가닉 프로틴 그릭 요거트 & 그래놀라,유제품류 및 빙과류,요구르트(호상),100g,205,10.83,,,120g
요구르트(호상)_플레인그릭요거트,유제품류 및 빙과류,요구르트(호상),100g,135,4.12,,,170g
요구르트(호상)_허니바나나그릭요거트,유제품류 및 빙과류,요구르트(호상),100g,154,3.43,,,175g
우거지나물무침,나물·숙채류,우거지나물무침,100g,86,3,5.67,5.8,150g
우동,면 및 만두류,우동,100ml,52,1.56,0.65,9.54,410ml
우동,면 및 만두류,우동,100ml,61,1.81,0.8,11.24,530ml
우동,면 및 만두류,우동,100ml,61,1.86,0.72,11.22,630ml
우동,면 및 만두류,우동,100ml,71,2.14,1.1,12.76,800ml
우동_간편조리세트_쫄우동,면 및 만두류,우동,100g,99,2.62,2.89,15.66,1138g
우동_김치,면 및 만두류,우동,100g,63,1.94,0.58,12.39,800g
우동_배추김치,면 및 만두류,우동,100ml,65,1.85,0.79,12.11,770ml
우동_삼선,면 및 만두류,우동,100g,69,4.79,0.85,10.59,1000g
우동_일식,면 및 만두류,우동,100g,158,1.78,3.22,30.48,800g
우동_일식,면 및 만두류,우동,100g,60,1.91,1.13,10.6,700g
우동_중식,면 및 만두류,우동,100g,65,2.95,2.1,8.54,1000g
우동_해물,면 및 만두류,우동,100ml,69,2.94,0.85,11.84,740ml
피자_치즈 피자 석쇠 (L),빵 및 과자류,피자,100g,299,14.19,,,620g
요구르트(액상)_마시는요거트 딸기,유제품류 및 빙과류,요구르트(액상),100g,150,5.12,5.85,19.02,410g
요구르트(액상)_마시는요거트 블루베리,유제품류 및 빙과류,요구르트(액상),100g,154,5.12,5.85,20.24,410g
요구르트(액상)_마시는요거트 플레인,유제품류 및 빙과류,요구르트(액상),100g,126,5.25,6.25,12.25,400g
요구르트(액상)_망고 요구르트 (J),유제품류 및 빙과류,요구르트(액상),100ml,38,0.15,,,651ml
요구르트(액상)_망고 요구르트 (L),유제품류 및 빙과류,요구르트(액상),100ml,37,0.21,,,473ml
요구르트(액상)_망고 요구르트+화이트펄 (J),유제품류 및 빙과류,요구르트(액상),100g,44,0.15,,,651g
요구르트(액상)_망고 요구르트+화이트펄 (L),유제품류 및 빙과류,요구르트(액상),100g,44,0.21,,,473g
요구르트(액상)_망고요거트,유제품류 및 빙과류,요구르트(액상),100g,72,1.55,0.7,14.8,100g
요구르트(액상)_망고요구르트 (J),유제품류 및 빙과류,요구르트(액상),100g,36,0.15,,,651g
요구르트(액상)_망고요구르트 (L),유제품류 및 빙과류,요구르트(액상),100g,36,0.21,,,473g
요구르트(액상)_블루베리 요거트,유제품류 및 빙과류,요구르트(액상),100g,96,1.46,1.44,19.21,100g
요구르트(액상)_블루베리 요거트 병음료,유제품류 및 빙과류,요구르트(액상),100g,82,2.63,,,190g
요구르트(액상)_자몽 요구르트 (J),유제품류 및 빙과류,요구르트(액상),100ml,31,0.15,,,651ml
요구르트(액상)_자몽 요구르트 (L),유제품류 및 빙과류,요구르트(액상),100ml,31,0.21,,,473ml
요구르트(액상)_자몽요구르트 (J),유제품류 및 빙과류,요구르트(액상),100g,31,0.15,,,651g
요구르트(액상)_자몽요구르트 (L),유제품류 및 빙과류,요구르트(액상),100g,31,0.21,,,473g
요구르트(액상)_치아씨드 요거트 병음료,유제품류 및 빙과류,요구르트(액상),100g,76,3.16,,,190g
요구르트(액상)_플레인요거트,유제품류 및 빙과류,요구르트(액상),100g,62,2.16,0.7,13.2,100g
완자전,전·적 및 부침류,완자전,100ml,214,7.1,15.49,10.73,150ml
완자전,전·적 및 부침류,완자전,100ml,313,11,22.41,15.83,85.34
완자전,전·적 및 부침류,완자전,100ml,320,11,23.11,15.75,39.69
완자전,전·적 및 부침류,완자전,100ml,214,7.1,15.49,10.73,150ml
완자전_돼지고기,전·적 및 부침류,완자전,100g,139,14.78,5.95,6.51,200g
완자전_소고기,전·적 및 부침류,완자전,100g,162,18.73,7.56,4.68,200g
완자전_소고기(동그랑땡/육원전),전·적 및 부침류,완자전,100g,206,13.08,13.33,8.45,150g
완자전_참치,전·적 및 부침류,완자전,100g,173,15,6.49,13.57,200g
완자전_해물,전·적 및 부침류,완자전,100g,222,11.46,11.61,18.04,200g
완자조림,조림류,완자조림,100ml,171,14,6.7,12.18,137.4
완자조림,조림류,완자조림,100ml,171,13.9,6.35,13.35,109.2
완자조림,조림류,완자조림,100ml,168,14.2,6.25,12.47,137.4
완자조림,조림류,완자조림,100ml,171,13.9,6.35,13.35,109.2
요구르트(액상)_그래놀라 요거트,유제품류 및 빙과류,요구르트(액상),100g,61,1.3,2.66,8.03,390g
요구르트(액상)_그릭요거트,유제품류 및 빙과류,요구르트(액상),100g,144,6,7,14,400g
요구르트(액상)_딸기요거트,유제품류 및 빙과류,요구르트(액상),100g,75,1.73,0.55,15.8,100g
요구르트(액상)_레몬 요구르트 (J),유제품류 및 빙과류,요구르트(액상),100ml,42,0.15,,,651ml
요구르트(액상)_레몬 요구르트 (L),유제품류 및 빙과류,요구르트(액상),100ml,45,0.21,,,473ml
와플_플레인 와플,빵 및 과자류,와플,100g,132,5.78,,,100g
와플_플레인 와플,빵 및 과자류,와플,100g,254,2.72,,38.59,184g
와플_플레인 와플,빵 및 과자류,와플,100g,448,4.11,,,73g
와플_플레인 와플,빵 및 과자류,와플,100g,319,2.73,,,110g
와플_플레인 크로플,빵 및 과자류,와플,100g,435,8.62,,,58g
와플_플레인 크로플,빵 및 과자류,와플,100g,439,8.93,,,56g
와플_플레인 크로플,빵 및 과자류,와플,100g,348,5.77,,,52g
와플_플레인 크로플,빵 및 과자류,와플,100g,45,0.91,1.8,6.31,550g
와플_플레인 크로플바,빵 및 과자류,와플,100g,388,6.67,,,60g
와플_플레인시나몬 크로플,빵 및 과자류,와플,100g,388,6.38,,51.06,94g
와플_플레인와플,빵 및 과자류,와플,100g,373,5.33,,,75g
와플_플레인와플&젤라또,빵 및 과자류,와플,100g,198,2.95,,,685g
와플_피넛버터누텔라 와플,빵 및 과자류,와플,100g,384,7.45,,,94g
와플_허니브레드 와플,빵 및 과자류,와플,100g,302,3.33,,50,120g
와플_호두고구마 와플,빵 및 과자류,와플,100g,314,5.33,,48,150g
완두콩밥,밥류,완두콩밥,100ml,114,2.2,0.33,24.47,250ml
완두콩밥,밥류,완두콩밥,100ml,114,2.2,0.33,24.42,450ml
완두콩밥,밥류,완두콩밥,100ml,114,2.2,0.33,24.47,250ml
완두콩밥,밥류,완두콩밥,100ml,157,3.2,0.45,33.51,229.2
와플_크림치즈딸기 와플,빵 및 과자류,와플,100g,225,3.58,,,295g
와플_크림통팥 와플,빵 및 과자류,와플,100g,251,4.99,,,225g
와플_클래식 마롱 와플,빵 및 과자류,와플,100g,275,3.62,,,420g
와플_클래식 블루베리 와플,빵 및 과자류,와플,100g,259,3.84,,,448g
와플_클래식 플레인 와플,빵 및 과자류,와플,100g,288,4.72,,,379g
와플_토피넛 아이스크림 크로플,빵 및 과자류,와플,100g,231,4.2,,,262g
와플_토피넛 크로플,빵 및 과자류,와플,100g,280,3.95,,,157g
와플_통망고 와플,빵 및 과자류,와플,100g,216,3.4,,,195g
와플_통블루베리 와플,빵 및 과자류,와플,100g,218,3.6,,,195g
와플_통사과 와플,빵 및 과자류,와플,100g,214,3.25,,,205g
와플_티라미수 와플,빵 및 과자류,와플,100g,332,4.8,,,125g
와플_티라미수 와플,빵 및 과자류,와플,100g,385,3.57,,40,140g
와플_티라미수 와플,빵 및 과자류,와플,100g,276,2.94,,38.24,170g
와플_파인애플 와플,빵 및 과자류,와플,100g,216,3.4,,,175g
와플_팥스노우 와플,빵 및 과자류,와플,100g,292,5,,51.25,160g
와플_페퍼로리 와플,빵 및 과자류,와플,100g,220,5.3,,,306g
와플_포테이토 와플,빵 및 과자류,와플,100g,299,3.7,,,135g
와플_프레인 와플,빵 및 과자류,와플,100g,324,3.85,,,130g
와플_프렌치 아이스크림 와플,빵 및 과자류,와플,100g,207,1.97,,,203g
와플_치즈범벅 와플,빵 및 과자류,와플,100g,281,3.33,,37.92,240g
와플_치즈케이크&크랜베리 와플,빵 및 과자류,와플,100g,388,3.85,,53.08,130g
와플_치즈케이크누텔라젤라또 와플,빵 및 과자류,와플,100g,287,4.35,,40.87,230g
와플_카라멜 시나몬 크로플바,빵 및 과자류,와플,100g,379,6.06,,,66g
와플_카라멜월넛 와플,빵 및 과자류,와플,100g,328,2.85,,,123g
와플_카야잼 와플,빵 및 과자류,와플,100g,238,3.89,,,205g
와플_커스타드 와플,빵 및 과자류,와플,100g,193,3.3,,,205g
와플_콘치즈 와플,빵 및 과자류,와플,100g,167,7.8,,,261g
와플_콤비네이션 와플,빵 및 과자류,와플,100g,223,5.6,,,322g
와플_쿠키빼빼로 와플,빵 및 과자류,와플,100g,426,5.26,,,38g
와플_크런치딸기잼 와플,빵 및 과자류,와플,100g,334,4.17,,58.33,120g
와플_크런치딸기잼젤라또 와플,빵 및 과자류,와플,100g,260,3.37,,43.75,208g
와플_크런키빼빼로 와플,빵 및 과자류,와플,100g,426,5.26,,,38g
와플_크로플,빵 및 과자류,와플,100g,360,7,,,50g
와플_크림 와플,빵 및 과자류,와플,100g,415,4.55,,54.55,110g
와플_크림젤라또 와플,빵 및 과자류,와플,100g,309,3.18,,44.09,220g
와플_크림치즈 와플,빵 및 과자류,와플,100g,367,5.83,,,103g
와플_크림치즈 와플,빵 및 과자류,와플,100g,199,5.7,,,216g
와플_크림치즈 와플,빵 및 과자류,와플,100g,367,4.43,,,113g
와플_젤라또 와플,빵 및 과자류,와플,100g,258,3.68,,39.47,190g
와플_젤라또 크로플바,빵 및 과자류,와플,100g,301,4.17,,,120g
와플_젤라또약과 와플,빵 및 과자류,와플,100g,300,3.85,,47.01,234g
와플_청포도생크림 와플,빵 및 과자류,와플,100g,285,2.92,,,171g
와플_체다치즈 크로플,빵 및 과자류,와플,100g,399,11.11,,,81g
와플_체리크림치즈 와플,빵 및 과자류,와플,100g,284,3.88,,,129g
와플_초코 와플,빵 및 과자류,와플,100g,276,2.78,,38.33,180g
와플_초코 와플,빵 및 과자류,와플,100g,319,2.73,,,110g
와플_초코 와플,빵 및 과자류,와플,100g,220,4.32,,,155g
와플_초코벌집 와플,빵 및 과자류,와플,100g,418,4.95,,,101g
와플_초코범벅젤라또 와플,빵 및 과자류,와플,100g,284,3.33,,41.67,240g
와플_초코생크림 와플,빵 및 과자류,와플,100g,119,2,,,300g
와플_초코아몬드 와플,빵 및 과자류,와플,100g,266,6.48,,,185g
와플_초코와플&젤라또,빵 및 과자류,와플,100g,205,3,,,700g
와플_초코칩 와플,빵 및 과자류,와플,100g,248,3.69,,,200g
와플_초코카라멜 와플,빵 및 과자류,와플,100g,487,5.11,,,45g
와플_초코카라멜 크로플,빵 및 과자류,와플,100g,360,7,,,50g
와플_초코퐁듀 와플,빵 및 과자류,와플,100g,417,5,,,100g
와플_치즈 크로플,빵 및 과자류,와플,100g,383,8.89,,,90g
와플_아몬드카라멜 아이스크림 와플,빵 및 과자류,와플,100g,253,2.16,,,185g
와플_아이스크림 와플,빵 및 과자류,와플,100g,261,5.01,,,100g
와플_아이스크림 와플,빵 및 과자류,와플,100g,230,3.83,,,285g
와플_아이스크림 와플,빵 및 과자류,와플,100g,256,2.99,,,134g
와플_아이스크림 크로플,빵 및 과자류,와플,100g,299,2.92,,,137g
와플_아이스크림 크로플,빵 및 과자류,와플,100g,339,5.56,,40.28,144g
와플_아이스크림 크로플,빵 및 과자류,와플,100g,315,5.89,,,99g
와플_애플생크림 와플,빵 및 과자류,와플,100g,306,3.03,,,165g
와플_애플시나몬 와플,빵 및 과자류,와플,100g,321,3.08,,50.77,130g
와플_애플시나몬 와플,빵 및 과자류,와플,100g,160,3,,,300g
와플_애플시나몬와플,빵 및 과자류,와플,100g,323,4.17,,,96g
와플_오레오누텔라 와플,빵 및 과자류,와플,100g,293,4.29,,30,210g
와플_오레오누텔라젤라또 와플,빵 및 과자류,와플,100g,293,4.29,,42.38,210g
와플_오레오생크림 와플,빵 및 과자류,와플,100g,324,4.92,,,100g
와플_오레오생크림 와플,빵 및 과자류,와플,100g,375,3.82,,,157g
와플_와플,빵 및 과자류,와플,100g,180,45,0,0,100g
와플_인절미 와플,빵 및 과자류,와플,100g,165,4.56,,,160g
와플_인절미 와플,빵 및 과자류,와플,100g,258,3.53,,34.71,170g
피자_치즈 피자 석쇠 (R),빵 및 과자류,피자,100g,299,14.29,,,355g
와플_사과생크림 와플,빵 및 과자류,와플,100g,195,2.86,,,350g
와플_생딸기생크림 와플,빵 및 과자류,와플,100g,272,3.21,,,187g
와플_생체리생크림 와플,빵 및 과자류,와플,100g,298,3.64,,,165g
와플_생초콜릿생크림 와플,빵 및 과자류,와플,100g,392,3.85,,,182g
와플_생크림 딸기 망고 와플,빵 및 과자류,와플,100g,281,4.41,,,136g
와플_생크림 딸기 와플,빵 및 과자류,와플,100g,266,4.32,,,139g
와플_생크림 망고 와플,빵 및 과자류,와플,100g,276,4.2,,,143g
와플_생크림 와플,빵 및 과자류,와플,100g,384,5.68,,,88g
와플_생크림 와플,빵 및 과자류,와플,100g,436,4.4,,,91g
와플_생크림 와플,빵 및 과자류,와플,100g,360,4,,,125g
와플_생크림 와플,빵 및 과자류,와플,100g,207,3.43,,,125g
와플_생크림누텔라 와플,빵 및 과자류,와플,100g,373,4.05,,,148g
와플_스노우 와플,빵 및 과자류,와플,100g,372,3.85,,49.23,130g
와플_스페셜마마 와플,빵 및 과자류,와플,100g,188,1.98,,,459g
와플_스프링클빼빼로 와플,빵 및 과자류,와플,100g,425,5.56,,,36g
와플_시나몬 크로플,빵 및 과자류,와플,100g,360,7,,,50g
와플_시나몬카라멜 와플,빵 및 과자류,와플,100g,216,3.1,,,157g
와플_싸만코젤라또 와플,빵 및 과자류,와플,100g,254,4.4,,41.6,250g
와플_아몬드빼빼로 와플,빵 및 과자류,와플,100g,421,5.26,,,38g
와플_벨지움 와플,빵 및 과자류,와플,100g,369,6.25,,,80g
와플_복숭아잼 와플,빵 및 과자류,와플,100g,240,2.5,,35,200g
와플_불고기피자 와플,빵 및 과자류,와플,100g,222,5.39,,,322g
와플_불치플 불고기치즈피자 와플,빵 및 과자류,와플,100g,306,13.75,,36.25,160g
와플_브라운치즈 와플,빵 및 과자류,와플,100g,233,3.93,,,175g
와플_블루베리 아이스크림 와플,빵 및 과자류,와플,100g,226,1.95,,,205g
와플_블루베리 와플,빵 및 과자류,와플,100g,305,3.33,,47.5,120g
와플_블루베리 와플,빵 및 과자류,와플,100g,219,3.6,,,155g
와플_블루베리 크로플,빵 및 과자류,와플,100g,340,4.84,,49.19,124g
와플_블루베리 크림치즈 크로플,빵 및 과자류,와플,100g,63,1.13,2.5,9.09,540g
와플_블루베리범벅 와플,빵 및 과자류,와플,100g,261,2.92,,42.5,240g
와플_블루베리생크림 와플,빵 및 과자류,와플,100g,325,3.03,,,165g
와플_블루베리와플&젤라또,빵 및 과자류,와플,100g,190,2.68,,,755g
와플_블루베리잼 와플,빵 및 과자류,와플,100g,243,2.5,,35.5,200g
와플_블루베리젤라또 와플,빵 및 과자류,와플,100g,240,3.33,,39.52,210g
와플_블루베리크림치즈 와플,빵 및 과자류,와플,100g,333,3.88,,,129g
와플_블루베리크림치즈 와플,빵 및 과자류,와플,100g,290,2.84,,,148g
와플_사과 와플,빵 및 과자류,와플,100g,216,3.39,,,175g
와플_사과생크림 와플,빵 및 과자류,와플,100g,312,5.08,,,100g
와플_메이플시나몬 와플,빵 및 과자류,와플,100g,332,4.44,,60,90g
와플_메이플아몬드 와플,빵 및 과자류,와플,100g,322,2.93,,,123g
와플_미니 와플,빵 및 과자류,와플,100g,377,6.67,,,30g
와플_민트초코 아이스크림 와플,빵 및 과자류,와플,100g,252,3.33,,,210g
와플_민트초코 크로플,빵 및 과자류,와플,100g,379,5.22,,,115g
와플_밀크카라멜 와플,빵 및 과자류,와플,100g,339,3.64,,,110g
와플_바나나 와플,빵 및 과자류,와플,100g,235,3.14,,45.28,159g
와플_바나나누텔라 와플,빵 및 과자류,와플,100g,284,3.7,,,135g
와플_바나나누텔라 와플,빵 및 과자류,와플,100g,276,3.33,,40.56,180g
와플_바나나생크림누텔라 와플,빵 및 과자류,와플,100g,301,3.16,,,190g
와플_바닐라 아이스크림 와플,빵 및 과자류,와플,100g,245,3.72,,,188g
와플_바질 할라피뇨 크림치즈 크로플,빵 및 과자류,와플,100g,327,5.26,,,95g
와플_베리 아이스크림 크로플,빵 및 과자류,와플,100g,219,3.81,,,105g
와플_베리 크림치즈 크로플,빵 및 과자류,와플,100g,336,5.26,,,95g
와플_베리베리 와플,빵 및 과자류,와플,100g,304,3.85,,47.69,130g
와플_베리베리젤라또 와플,빵 및 과자류,와플,100g,243,3.18,,40.45,220g
와플_베리크런치 아이스크림 와플,빵 및 과자류,와플,100g,243,2.38,,,210g
와플_베이컨콘치즈 와플,빵 및 과자류,와플,100g,172,7.36,,,301g
와플_베치플 베이직치즈피자 와플,빵 및 과자류,와플,100g,320,13.22,,33.91,174g
와플_딸기커스타드 와플,빵 및 과자류,와플,100g,194,3.41,,,285g
와플_딸기케이크 와플,빵 및 과자류,와플,100g,245,3.13,,35.63,160g
와플_딸기크림 크로플,빵 및 과자류,와플,100g,268,3.33,,,189g
와플_땅콩딸기생크림 와플,빵 및 과자류,와플,100g,256,4.86,,,370g
와플_라즈베리바나나 와플,빵 및 과자류,와플,100g,211,1.79,,,240g
와플_로투스 아이스크림 와플,빵 및 과자류,와플,100g,255,2.91,,,172g
와플_로투스 와플,빵 및 과자류,와플,100g,247,4.39,,,180g
와플_루비자몽생크림 와플,빵 및 과자류,와플,100g,264,2.7,,,185g
와플_루토스생크림 와플,빵 및 과자류,와플,100g,374,4.08,,,147g
와플_리얼빼빼로 와플,빵 및 과자류,와플,100g,423,5.71,,,35g
와플_리얼초코 아이스크림 와플,빵 및 과자류,와플,100g,284,3.16,,,190g
와플_말차티라미수 와플,빵 및 과자류,와플,100g,332,4.8,,,125g
와플_망고 아이스크림 와플,빵 및 과자류,와플,100g,220,3.41,,,205g
와플_망고범벅 와플,빵 및 과자류,와플,100g,223,2.33,,34.33,300g
와플_망고잼 와플,빵 및 과자류,와플,100g,246,2.5,,36,200g
와플_망고크림치즈 와플,빵 및 과자류,와플,100g,311,4.07,,,123g
와플_맥치플 맥앤치즈피자 와플,빵 및 과자류,와플,100g,301,8.13,,38.75,160g
와플_메이플 와플,빵 및 과자류,와플,100g,426,3.61,,,83g
와플_메이플 월넛 크림치즈 크로플,빵 및 과자류,와플,100g,377,6.32,,,95g
와플_누텔라바나나 와플,빵 및 과자류,와플,100g,241,3.25,,,220g
와플_누텔라바나나 와플,빵 및 과자류,와플,100g,225,3.33,,,300g
와플_누텔라초코 와플,빵 및 과자류,와플,100g,248,3.69,,,150g
와플_누텔라크림치즈 와플,빵 및 과자류,와플,100g,384,6.09,,,115g
와플_누텔라키위 와플,빵 및 과자류,와플,100g,241,3.31,,,260g
와플_단팥 아이스크림 와플,빵 및 과자류,와플,100g,227,2.9,,,207g
와플_단팥생크림 와플,빵 및 과자류,와플,100g,323,4.24,,,165g
와플_달고나 아이스크림 와플,빵 및 과자류,와플,100g,258,2.78,,,216g
와플_달고나 아이스크림 와플,빵 및 과자류,와플,100g,244,2.27,,,176g
와플_더치카라멜 와플,빵 및 과자류,와플,100g,460,3.81,,,32g
와플_돼지바크런치 와플,빵 및 과자류,와플,100g,241,3.69,,,190g
와플_딸기 와플,빵 및 과자류,와플,100g,218,3.4,,,175g
와플_딸기 와플,빵 및 과자류,와플,100g,297,2.67,,40,150g
와플_딸기 크로플,빵 및 과자류,와플,100g,372,5.78,,,128g
와플_딸기누텔라 와플,빵 및 과자류,와플,100g,305,4.12,,38.82,170g
와플_딸기누텔라젤라또 와플,빵 및 과자류,와플,100g,242,3.6,,35.6,250g
와플_딸기듬뿍 와플,빵 및 과자류,와플,100g,220,1.82,,33.18,220g
와플_딸기범벅젤라또 와플,빵 및 과자류,와플,100g,227,2.22,,33.33,270g
와플_딸기잼 와플,빵 및 과자류,와플,100g,240,2.5,,35,200g
에이드_라임에이드,음료 및 차류,에이드,100g,25,0,,,360g
올갱이해장국,국 및 탕류,올갱이해장국,100ml,41,4,1.35,3.54,262ml
올갱이해장국,국 및 탕류,올갱이해장국,100ml,41,4,1.35,3.54,262ml
올갱이해장국,국 및 탕류,올갱이해장국,100ml,41,4,1.36,3.45,184.2
와플_17곡 와플,빵 및 과자류,와플,100g,300,5.38,,55.38,130g
와플_17곡 크로플,빵 및 과자류,와플,100g,360,7,,,50g
와플_THE한 인절미 와플,빵 및 과자류,와플,100g,266,3.15,,42.31,286g
와플_THE한 초코 와플,빵 및 과자류,와플,100g,248,3.33,,38.33,300g
와플_THE한 티라미수 와플,빵 및 과자류,와플,100g,256,3.36,,39.93,298g
와플_THE한 플레인 와플,빵 및 과자류,와플,100g,247,2.92,,39.29,308g
와플_가나슈 와플,빵 및 과자류,와플,100g,211,3.45,,,226g
와플_고구마 와플,빵 및 과자류,와플,100g,314,5.33,,,150g
와플_그린티 아이스크림 와플,빵 및 과자류,와플,100g,223,3.26,,,215g
와플_꿀호떡 크로플,빵 및 과자류,와플,100g,430,8.57,,,70g
와플_녹차와플&젤라또,빵 및 과자류,와플,100g,207,2.98,,,715g
와플_누텔라 아이스크림 와플,빵 및 과자류,와플,100g,256,2.94,,,170g
와플_누텔라 와플,빵 및 과자류,와플,100g,419,5.71,,,105g
와플_누텔라딸기 와플,빵 및 과자류,와플,100g,243,3.37,,,240g
피자_치즈 피자 슈퍼시드 화이버 버스트 오리지널 (L),빵 및 과자류,피자,100g,305,14.13,10.09,29.29,963g
옥수수구이,구이류,옥수수구이,100ml,148,1.43,9.01,15.41,90ml
옥수수구이_치즈,구이류,옥수수구이,100ml,140,4.4,7.41,13.6,70ml
옥수수밥,밥류,옥수수밥,100ml,113,2.1,0.35,24.3,250ml
옥수수밥,밥류,옥수수밥,100ml,113,2.1,0.34,24.39,450ml
옥수수밥,밥류,옥수수밥,100ml,113,2.1,0.34,24.39,450ml
옥수수밥,밥류,옥수수밥,100ml,170,3.5,0.76,36.22,215ml
옥수수부침,전·적 및 부침류,옥수수부침,100ml,176,3,7.95,22.96,130.9
옥수수부침,전·적 및 부침류,옥수수부침,100ml,184,3.6,6.99,25.89,62.4
옥수수부침,전·적 및 부침류,옥수수부침,100ml,176,3,7.95,22.95,130.9
옥수수샐러드,생채·무침류,옥수수샐러드,100ml,129,1.3,8.31,12.49,130ml
옥수수샐러드,생채·무침류,옥수수샐러드,100ml,130,1.4,6.36,17.53,64.6
옥수수샐러드,생채·무침류,옥수수샐러드,100ml,129,1.3,8.31,12.49,130ml
옥수수샐러드,생채·무침류,옥수수샐러드,100ml,130,1.4,6.36,17.53,64.6
옥수수샐러드_마요옥수수,생채·무침류,옥수수샐러드,100g,145,3,,,335g
옥수수샐러드_햄,생채·무침류,옥수수샐러드,100ml,178,7.7,11.06,11.88,112.4
옥수수샐러드_햄,생채·무침류,옥수수샐러드,100ml,190,7.7,12.75,11.42,112.4
올갱이국,국 및 탕류,올갱이국,100g,24,2.28,0.7,2.17,600g
올갱이국수,면 및 만두류,올갱이국수,100g,38,0.75,0.55,7.44,1500g
오징어채볶음,볶음류,오징어채볶음,100g,275,22.04,7.57,29.77,100g
오징어채볶음,볶음류,오징어채볶음,100ml,133,14.6,5.78,5.45,100ml
오징어채조림,조림류,오징어채조림,100g,240,23.52,4.9,25.36,50g
오징어탕수,튀김류,오징어탕수,100ml,158,8.3,7.62,12.98,81.9
오징어탕수,튀김류,오징어탕수,100ml,158,8.3,7.51,13.13,191.8
오징어탕수,튀김류,오징어탕수,100ml,149,10.4,6.03,12.99,83.1
오징어탕수,튀김류,오징어탕수,100ml,247,17.1,10.27,20.31,105.8
오징어튀김,튀김류,오징어튀김,100ml,163,12.2,7.58,9.96,77ml
오징어튀김,튀김류,오징어튀김,100ml,81,5.2,4.69,3.83,100ml
오징어튀김,튀김류,오징어튀김,100ml,81,5.2,4.69,3.83,100ml
오징어튀김,튀김류,오징어튀김,100ml,163,12.2,7.58,9.96,77ml
오징어튀김_오감볼,튀김류,오징어튀김,100g,166,9.84,,,100g
오징어튀김_오징어튀김 (3개),튀김류,오징어튀김,100g,238,13.21,,,100g
오징어튀김_통오징어링,튀김류,오징어튀김,100g,173,9.86,,,77g
오징어튀김_통오징어튀김,튀김류,오징어튀김,100g,160,12,,,100g
오징어포조림,조림류,오징어포조림,100ml,133,15.5,1.77,13.03,67.6
옥돔구이,구이류,옥돔구이,100ml,39,4.91,1.92,0.11,230ml
옥수수_찐옥수수,찜류,옥수수,100g,185,6.68,2.42,34.2,200g
오징어조림,조림류,오징어조림,100ml,66,8.3,0.93,6.07,123.7
오징어조림,조림류,오징어조림,100ml,61,8.2,0.66,5.48,153.7
오징어조림,조림류,오징어조림,100ml,61,8.2,0.66,5.48,153.7
오징어조림,조림류,오징어조림,100g,137,16.55,2.37,12.45,150g
오징어찌개,찌개 및 전골류,오징어찌개,100g,34,3.3,0.22,4.77,250g
오징어찌개,찌개 및 전골류,오징어찌개,100ml,27,3.6,0.33,2.37,348.9
오징어찌개,찌개 및 전골류,오징어찌개,100ml,27,3.6,0.33,2.53,348.9
오징어찌개,찌개 및 전골류,오징어찌개,100ml,25,3.1,0.56,1.86,323.8
오징어찜,찜류,오징어찜,100ml,56,8.5,1.32,2.61,166.1
오징어채무침,생채·무침류,오징어채무침,100ml,118,14.2,2.78,9.78,85ml
오징어채무침,생채·무침류,오징어채무침,100ml,355,47.5,8.95,19.55,14.6
오징어채무침,생채·무침류,오징어채무침,100ml,118,14.2,2.78,9.78,85ml
오징어채무침,생채·무침류,오징어채무침,100ml,355,47.5,8.95,19.55,14.6
오징어채무침,생채·무침류,오징어채무침,100g,258,23.6,5.53,28.41,80g
오징어채무침_채소,생채·무침류,오징어채무침,100ml,113,11.61,1.81,13.52,90ml
오징어채볶음,볶음류,오징어채볶음,100ml,163,16.1,6.75,10.13,70ml
오징어채볶음,볶음류,오징어채볶음,100ml,54,6.23,1.6,3.43,150ml
오징어채볶음,볶음류,오징어채볶음,100ml,164,25.48,3.41,6.56,70ml
오징어볶음,볶음류,오징어볶음,100ml,81,7.9,1.92,8.08,130ml
오징어볶음,볶음류,오징어볶음,100ml,88,10.1,2.16,7.25,330ml
오징어볶음,볶음류,오징어볶음,100ml,77,8.2,1.29,8.19,250ml
오징어볶음,볶음류,오징어볶음,100g,120,10.28,4.38,9.84,100g
오징어볶음,볶음류,오징어볶음,100g,128,9.85,6.52,7.43,200g
오징어볶음,볶음류,오징어볶음,100ml,82,8.5,2,7.65,270ml
오징어볶음_채소,볶음류,오징어볶음,100ml,88,10.06,2.16,7.23,330ml
오징어볶음_채소,볶음류,오징어볶음,100ml,77,8.2,1.29,8.19,250ml
오징어볶음_채소,볶음류,오징어볶음,100ml,81,7.84,1.92,8.08,130ml
오징어볶음_채소,볶음류,오징어볶음,100ml,82,8.49,2,7.65,270ml
오징어불고기,구이류,오징어불고기,100ml,123,16.4,3.22,7.35,231.8
오징어불고기,구이류,오징어불고기,100ml,123,16.4,3.24,7.2,231.8
오징어불고기,구이류,오징어불고기,100ml,123,16.4,3.24,7.2,231.8
오징어산적,전·적 및 부침류,오징어산적,100g,127,21.72,2.47,4.5,80g
오징어순대,찜류,오징어순대,100ml,43,6.7,1,1.44,250ml
오징어순대,찜류,오징어순대,100g,133,13.06,1.6,16.66,350g
오징어젓_양념,젓갈류,오징어젓,100g,60,10.1,0.7,3.4,10g
피자_치즈 피자 슈퍼시드 화이버 오리지널 (L),빵 및 과자류,피자,100g,246,11,7.15,34.04,777g
오징어 덮밥_채소,밥류,오징어 덮밥,100ml,93,5.2,1.25,15.02,900ml
오징어 덮밥_채소,밥류,오징어 덮밥,100ml,91,5.1,1.33,14.49,900ml
오징어국,국 및 탕류,오징어국,100ml,24,3.6,0.4,1.63,220ml
오징어국,국 및 탕류,오징어국,100ml,24,3.7,0.39,1.53,300ml
오징어국,국 및 탕류,오징어국,100g,18,2.22,0.73,0.73,500g
오징어국,국 및 탕류,오징어국,100ml,25,3.71,0.39,1.6,300ml
오징어국,국 및 탕류,오징어국,100ml,22,3.39,0.35,1.41,190ml
오징어무침,생채·무침류,오징어무침,100ml,82,9.7,1.48,7.68,70.4
오징어무침,생채·무침류,오징어무침,100ml,96,11.1,1.73,9.33,150ml
오징어무침,생채·무침류,오징어무침,100ml,83,9.7,1.49,8.03,70.4
오징어무침_미나리,생채·무침류,오징어무침,100ml,107,13,1.53,10.98,49.7
오징어무침_미나리,생채·무침류,오징어무침,100ml,107,13,1.53,10.98,49.7
오징어무침_채소,생채·무침류,오징어무침,100ml,48,5.91,0.63,4.92,190ml
오징어무침_채소,생채·무침류,오징어무침,100ml,63,6.91,0.85,7.25,80ml
오징어무침_채소,생채·무침류,오징어무침,100ml,51,5.49,0.82,5.8,85ml
오징어무침_채소,생채·무침류,오징어무침,100ml,59,7.7,1.04,4.88,85ml
오징어무침_채소,생채·무침류,오징어무침,100g,62,5.85,0.93,7.6,240g
오징어미역초무침,생채·무침류,오징어미역초무침,100ml,87,15,1.72,5.24,33.3
오이생채_오이만,생채·무침류,오이생채,100g,51,1.61,2.08,6.56,100g
오이소박이,김치류,오이소박이,100ml,39,2.7,0.5,7.61,100ml
오이소박이,김치류,오이소박이,100g,37,1.76,0.37,6.66,100g
오이소박이,김치류,오이소박이,100g,37,1.93,0.59,5.92,100g
오이장아찌,장아찌·절임류,오이장아찌,100ml,71,1.9,3.83,7.71,57.9
오이장아찌,장아찌·절임류,오이장아찌,100g,14,0.36,0.28,2.54,50g
오이장아찌,장아찌·절임류,오이장아찌,100ml,71,1.9,3.83,7.71,57.9
오이지,장아찌·절임류,오이지,100g,29,0.82,1.79,2.52,100g
오이지,장아찌·절임류,오이지,100g,21,0.74,0.72,2.84,50g
오이지무침,생채·무침류,오이지무침,100ml,45,1.1,1.35,8.12,70ml
오이지무침,생채·무침류,오이지무침,100g,52,0.96,3.51,4.21,100g
오이지무침,생채·무침류,오이지무침,100ml,28,0.76,1.09,4.3,100ml
오이지무침,생채·무침류,오이지무침,100ml,23,0.59,1.02,3.21,50ml
오이지무침,생채·무침류,오이지무침,100ml,189,2.3,13.71,15.13,22.5
오이지무침_고추,생채·무침류,오이지무침,100ml,28,1,0.99,4.46,50ml
오징어 덮밥,밥류,오징어 덮밥,100ml,65,3.3,0.25,11.88,708.2
오징어 덮밥,밥류,오징어 덮밥,100ml,94,4.4,0.47,17.35,420ml
오징어 덮밥_채소,밥류,오징어 덮밥,100ml,91,5.1,1.33,14.49,900ml
오이생채,생채·무침류,오이생채,100g,69,1.78,2.9,8.96,50g
오이생채_고추장,생채·무침류,오이생채,100ml,23,0.9,0.51,4.39,85ml
오이생채_고추장,생채·무침류,오이생채,100ml,31,1.3,0.44,6.38,40ml
오이생채_고추장,생채·무침류,오이생채,100ml,23,0.9,0.51,4.39,85ml
오이생채_부추,생채·무침류,오이생채,100ml,17,0.9,0.27,3.47,50ml
오이생채_부추,생채·무침류,오이생채,100ml,48,2.1,1.09,8.94,40ml
오이생채_부추,생채·무침류,오이생채,100ml,37,1.7,0.95,6.38,90ml
오이생채_부추,생채·무침류,오이생채,100ml,24,1,0.54,4.32,60ml
오이생채_양파,생채·무침류,오이생채,100ml,30,1.2,0.48,6.21,130ml
오이생채_양파,생채·무침류,오이생채,100ml,24,1.3,0.42,4.58,100ml
오이생채_오이,생채·무침류,오이생채,100ml,32,1.32,0.54,6.66,60ml
오이생채_오이,생채·무침류,오이생채,100ml,30,1.24,0.48,6.21,130ml
오이생채_오이,생채·무침류,오이생채,100ml,26,1.1,0.47,5.27,50ml
오이생채_오이_달래,생채·무침류,오이생채,100ml,28,1.22,0.45,5.72,70ml
오이생채_오이_달래,생채·무침류,오이생채,100ml,36,1.22,0.97,6.7,50ml
오이생채_오이_부추,생채·무침류,오이생채,100ml,48,2.13,1.09,8.93,40ml
오이생채_오이_부추,생채·무침류,오이생채,100ml,23,1.04,0.54,4.32,60ml
오이생채_오이_부추,생채·무침류,오이생채,100ml,36,1.72,0.95,6.4,90ml
오이나물,나물·숙채류,오이나물,100ml,73,1.3,6.42,2.96,108.1
오이나물,나물·숙채류,오이나물,100ml,73,1.3,6.42,2.96,108.1
오이냉국,국 및 탕류,오이냉국,100g,19,0.5,0.09,3.92,100g
오이냉국,국 및 탕류,오이냉국,100ml,17,0.57,0.21,3.59,160ml
오이냉국,국 및 탕류,오이냉국,100ml,6,0.3,0.33,0.62,156.1
오이냉국_미역,국 및 탕류,오이냉국,100ml,7,0.7,0.18,1.32,134.4
오이냉국_미역,국 및 탕류,오이냉국,100ml,7,0.7,0.18,1.32,134.4
오이모듬무침,생채·무침류,오이모듬무침,100ml,34,1.4,0.58,6.89,70ml
오이무침,생채·무침류,오이무침,100ml,35,1.3,1.28,5.44,108.2
오이무침,생채·무침류,오이무침,100ml,35,1.3,1.28,5.44,108.2
오이무침,생채·무침류,오이무침,100ml,60,1.8,2.85,8.13,46.6
오이무침_달래,생채·무침류,오이무침,100ml,36,1.2,0.97,6.7,50ml
오이무침_달래,생채·무침류,오이무침,100ml,28,1.2,0.45,5.72,70ml
오이무침_부추,생채·무침류,오이무침,100g,31,1.95,0.39,5.01,100g
오이무침_양파,생채·무침류,오이무침,100ml,33,1.3,0.54,6.65,60ml
오이무침_양파,생채·무침류,오이무침,100ml,26,1.1,0.47,5.26,50ml
오이부추무침,생채·무침류,오이부추무침,100ml,26,0.9,0.35,5.68,50ml
오이생채,생채·무침류,오이생채,100g,50,1.44,1.34,7.97,100g
오븐스파게티_치즈오븐크림스파게티,면 및 만두류,오븐스파게티,100g,169,5.48,,,420g
오이 도라지 생채,생채·무침류,오이 도라지 생채,100ml,40,1.1,0.42,8.9,50ml
오이 도라지 생채,생채·무침류,오이 도라지 생채,100ml,42,1.3,0.52,9.31,70ml
오이 도라지 생채,생채·무침류,오이 도라지 생채,100ml,41,1.3,0.52,8.78,130ml
오이 도라지 생채,생채·무침류,오이 도라지 생채,100ml,41,1.3,0.52,8.78,130ml
오이 물김치,김치류,오이 물김치,100ml,51,2.9,1.3,8.73,100ml
오이 미역냉국,국 및 탕류,오이 미역냉국,100ml,13,0.7,0.21,2.91,270ml
오이고추 된장무침,생채·무침류,오이고추 된장무침,100ml,32,1.4,0.91,5.18,50ml
오이고추 된장무침,생채·무침류,오이고추 된장무침,100ml,32,1.4,0.91,5.18,50ml
오이고추 된장무침,생채·무침류,오이고추 된장무침,100ml,32,1.4,0.91,5.18,50ml
오이고추 된장무침,생채·무침류,오이고추 된장무침,100ml,32,1.4,0.91,5.18,50ml
오이김치,김치류,오이김치,100ml,39,2.5,0.29,7.83,100ml
오이김치,김치류,오이김치,100g,38,2.06,0.8,5.64,70g
오이김치,김치류,오이김치,100ml,39,2.6,0.29,7.77,44.3
오이김치,김치류,오이김치,100ml,39,2.5,0.29,7.76,44.3
오이김치,김치류,오이김치,100ml,39,2.5,0.29,7.83,100ml
오이나물,나물·숙채류,오이나물,100ml,73,1.3,6.48,2.94,55.8
피자_치즈 피자 슈퍼시드 화이버 오리지널 (M),빵 및 과자류,피자,100g,250,11.9,7.65,33.25,442g
오믈렛,전·적 및 부침류,오믈렛,100ml,171,13.6,11.19,2.46,50.5
오믈렛,전·적 및 부침류,오믈렛,100ml,88,6.3,5.45,2.77,140ml
오믈렛,전·적 및 부침류,오믈렛,100ml,78,4.5,5.82,1.33,198ml
오미자차_감귤 오미자차 아이스(ICED),음료 및 차류,오미자차,100g,44,0.03,,,360g
오미자차_감귤 오미자차 핫(HOT),음료 및 차류,오미자차,100g,44,0.03,,,360g
오미자차_문경오미자차,음료 및 차류,오미자차,100g,27,0.29,,,100g
오미자차_문경오미자티 아이스(ICED),음료 및 차류,오미자차,100ml,39,0.01,0,9.18,650ml
오미자차_문경오미자티 핫(HOT),음료 및 차류,오미자차,100ml,50,0.01,0,11.94,500ml
오미자차_오미자차 핫(HOT),음료 및 차류,오미자차,100ml,44,0.03,,,360ml
오미자차_오미자차아이스(ICED),음료 및 차류,오미자차,100ml,44,0.03,,,360ml
오미자차_우리 오미자차 아이스(ICED),음료 및 차류,오미자차,100g,51,0.11,,,442g
오미자차_우리 오미자차 핫(HOT),음료 및 차류,오미자차,100g,54,0.13,,,397g
오븐스파게티,면 및 만두류,오븐스파게티,100ml,122,5.6,3.49,16.77,700ml
오븐스파게티_로제치즈오븐스파게티,면 및 만두류,오븐스파게티,100g,165,6.46,,,446g
오븐스파게티_점보치즈오븐스파게티,면 및 만두류,오븐스파게티,100g,118,5.46,,,1520g
오븐스파게티_치즈오븐스파게티,면 및 만두류,오븐스파게티,100g,172,7.74,,,414g
오븐스파게티_치즈오븐스파게티,면 및 만두류,오븐스파게티,100g,143,6.91,,,420g
오븐스파게티_치즈오븐스파게티,면 및 만두류,오븐스파게티,100g,147,5.98,,,418g
오리백숙,찌개 및 전골류,오리백숙,100ml,151,7.5,7.09,13.4,270.6
오리볶음,볶음류,오리볶음,100ml,171,10.47,11.27,7.3,420ml
오리불고기,구이류,오리불고기,100ml,75,9.2,1.63,5.92,150ml
오리불고기,구이류,오리불고기,100ml,81,9.62,1.54,7.36,260ml
오리불고기,구이류,오리불고기,100g,145,6.75,9.05,9.05,250g
오리불고기,구이류,오리불고기,100ml,130,14.3,3.79,9.62,127.3
오리죽,죽 및 스프류,오리죽,100g,155,7.5,4.99,19.95,400g
오리탕,찌개 및 전골류,오리탕,100ml,104,6.68,6.98,3.71,840ml
오리탕,찌개 및 전골류,오리탕,100ml,79,3.9,3.53,7.73,237ml
오리탕,찌개 및 전골류,오리탕,100ml,169,8.3,7.57,16.57,155.4
오리탕,찌개 및 전골류,오리탕,100g,121,9.5,6.56,6.08,600g
오리탕,찌개 및 전골류,오리탕,100ml,79,3.9,3.53,7.73,237ml
오므라이스,밥류,오므라이스,100g,173,6.5,7.23,20.54,400g
오므라이스,밥류,오므라이스,100ml,117,3.64,3.33,17.22,450ml
오므라이스,밥류,오므라이스,100ml,107,2.9,1.88,18.69,531.4
오므라이스,밥류,오므라이스,100ml,106,2.9,1.88,18.49,374.5
오므라이스,밥류,오므라이스,100ml,106,2.9,1.88,18.49,374.5
오므라이스_수플레 오믈렛 라이스,밥류,오므라이스,100g,167,4.94,,,243g
영양돌솥밥,밥류,영양돌솥밥,100ml,131,2.9,0.53,27.9,339.1
영양돌솥밥,밥류,영양돌솥밥,100ml,114,2.4,0.29,24.87,271.4
영양돌솥밥,밥류,영양돌솥밥,100ml,111,2.35,0.31,23.8,220ml
영양돌솥밥,밥류,영양돌솥밥,100g,184,3.43,2.87,36.06,350g
오겹살구이_돼지고기,구이류,오겹살구이,100g,408,20.18,35.14,2.72,100g
오곡밥,밥류,오곡밥,100g,156,4.78,0.52,32.93,250g
오곡밥,밥류,오곡밥,100ml,166,4.4,0.69,34.21,294ml
오곡밥,밥류,오곡밥,100ml,144,3.4,0.65,29.8,276ml
오곡밥,밥류,오곡밥,100ml,166,4.4,0.69,34.26,204ml
오리 간장불고기,구이류,오리 간장불고기,100ml,98,12.6,2.41,6.16,180ml
오리감자죽,죽 및 스프류,오리감자죽,100ml,97,3.7,2.14,15.11,302ml
오리고기구이,구이류,오리고기구이,100g,293,24.06,19.7,4.89,200g
오리고기로스,구이류,오리고기로스,100ml,169,29.7,4.37,0.78,42.7
오리고기로스,구이류,오리고기로스,100ml,169,29.7,4.37,0.78,42.7
오리고기로스,구이류,오리고기로스,100ml,169,29.7,4.37,0.78,42.7
오리고기로스,구이류,오리고기로스,100ml,174,11.76,13.5,0.5,330ml
오리백숙,찌개 및 전골류,오리백숙,100ml,124,7.36,7.72,5.57,810ml
오리백숙,찌개 및 전골류,오리백숙,100g,112,10.59,7.5,0.5,300g
열무 된장국,국 및 탕류,열무 된장국,100ml,20,2.1,0.51,2.14,152.5
열무 된장국,국 및 탕류,열무 된장국,100ml,20,2.1,0.5,2.04,320ml
열무 된장국,국 및 탕류,열무 된장국,100ml,20,2.1,0.51,2.09,152.5
열무 비빔밥,밥류,열무 비빔밥,100ml,84,2.5,0.51,16.86,600ml
열무 비빔밥,밥류,열무 비빔밥,100ml,89,2.3,1.14,16.86,600ml
열무김치,김치류,열무김치,100g,36,2.39,0.38,5.87,100g
열무나물,나물·숙채류,열무나물,100g,82,3.91,5.3,4.76,90g
열무나물_간장,나물·숙채류,열무나물,100ml,34,2.9,0.71,5.38,100ml
열무나물_간장,나물·숙채류,열무나물,100ml,34,2.9,0.7,5.4,42.4
열무나물_간장,나물·숙채류,열무나물,100ml,34,2.9,0.7,5.4,42.4
열무나물_된장,나물·숙채류,열무나물,100ml,30,2.2,1.15,3.61,120ml
열무나물_된장,나물·숙채류,열무나물,100g,68,3.71,4.09,4.09,90g
열무나물_된장,나물·숙채류,열무나물,100ml,50,3.7,2.37,4.65,40.4
열무나물_된장,나물·숙채류,열무나물,100ml,30,2.19,1.15,3.61,120ml
열무나물_된장,나물·숙채류,열무나물,100ml,36,2.18,1.76,3.65,40ml
열무물김치,김치류,열무물김치,100g,18,1.41,0.07,2.91,100g
열무얼갈이김치,김치류,열무얼갈이김치,100g,35,2.15,0.66,5.22,50g
영양돌솥밥,밥류,영양돌솥밥,100ml,119,2.43,0.44,25.29,350ml
연근튀김,튀김류,연근튀김,100ml,156,3.1,8.36,16.27,120.4
연근튀김,튀김류,연근튀김,100ml,156,3.1,8.36,16.27,120.4
연근튀김,튀김류,연근튀김,100ml,209,4.4,10.93,22.14,41.7
연두부찌개,찌개 및 전골류,연두부찌개,100ml,42,4.8,1.48,2.59,257.8
연두부찜,찜류,연두부찜,100ml,65,5.1,3.3,3.68,108.2
연두부찜,찜류,연두부찜,100ml,65,5.1,3.3,3.71,158.9
연두부찜,찜류,연두부찜,100ml,65,5.1,3.3,3.71,158.9
연두부찜,찜류,연두부찜,100ml,76,4.6,3.58,6.35,108.2
연어구이,구이류,연어구이,100ml,138,16.6,7.24,0.2,86.9
연어구이,구이류,연어구이,100g,234,24.78,14.94,0.2,100g
연어구이,구이류,연어구이,100ml,223,26.8,11.68,0.32,53.9
연어구이,구이류,연어구이,100ml,223,26.8,11.68,0.32,53.9
연어구이,구이류,연어구이,100ml,138,16.6,7.24,0.2,86.9
연어롤,밥류,연어롤,100g,170,6.19,5.13,24.77,300g
연어튀김,튀김류,연어튀김,100ml,149,13.1,5.71,9.66,70.9
연잎밥,밥류,연잎밥,100g,207,4,0.3,47,100g
연포탕,국 및 탕류,연포탕,100g,54,9.49,0.9,2.02,1000g
열무 겉절이,생채·무침류,열무 겉절이,100ml,25,1.6,0.26,4.78,68.8
에이드_레모네이드,음료 및 차류,에이드,100ml,35,0,,,710ml
에이드_한라봉 에이드,음료 및 차류,에이드,100ml,46,0.09,,,591ml
에이드_한라봉 에이드,음료 및 차류,에이드,100g,55,0.08,,,591g
에이드_한라봉 에이드,음료 및 차류,에이드,100g,31,0.28,,,355g
에이드_한라봉 에이드 (Grande),음료 및 차류,에이드,100ml,32,0.21,,,480ml
에이드_한라봉 에이드 (L),음료 및 차류,에이드,100g,35,0.05,,,450g
에이드_한라봉 에이드 (Mini Venti),음료 및 차류,에이드,100ml,31,0.18,,,570ml
에이드_한라봉 에이드 (R),음료 및 차류,에이드,100g,34,0.05,,,400g
에이드_한라봉 에이드 (Tall),음료 및 차류,에이드,100ml,31,0.28,,,360ml
에이드_한라봉 에이드 (Venti),음료 및 차류,에이드,100ml,31,0.14,,,720ml
에이드_히비스엘더에이드,음료 및 차류,에이드,100g,36,0.06,,,473g
연근전,전·적 및 부침류,연근전,100ml,82,1.9,3.53,10.31,161ml
연근전,전·적 및 부침류,연근전,100ml,82,1.9,3.52,10.21,108.4
연근조림,조림류,연근조림,100g,174,2.68,5.1,29.42,50g
연근조림,조림류,연근조림,100ml,185,5,6.46,28.37,40ml
연근조림,조림류,연근조림,100ml,76,1.32,0.98,15.97,60ml
연근조림,조림류,연근조림,100ml,76,1.6,0.74,16.09,110ml
연근조림,조림류,연근조림,100g,261,2.1,1.3,60.2,100g
연근조림,조림류,연근조림,100ml,71,1.54,1.04,14.28,40ml
에이드_청포도블라썸,음료 및 차류,에이드,100g,48,0.29,,,100g
에이드_체리 레몬 에이드,음료 및 차류,에이드,100g,65,0,,,360g
에이드_체리콕,음료 및 차류,에이드,100g,46,0.03,,,710g
에이드_체리콕,음료 및 차류,에이드,100g,56,0.01,0.05,13.9,100g
에이드_체리콕 에이드,음료 및 차류,에이드,100ml,40,0,,,591ml
에이드_체리콕콕,음료 및 차류,에이드,100ml,41,0.14,,,710ml
에이드_코코 에이드 청포도,음료 및 차류,에이드,100g,29,0.17,,,591g
에이드_크림소다 에이드,음료 및 차류,에이드,100g,35,0.17,,,591g
에이드_패션프루츠 에이드,음료 및 차류,에이드,100g,39,0,,,460g
에이드_포도 에이드 (더벤티),음료 및 차류,에이드,100ml,51,0.1,,,960ml
에이드_포레스트 에이드,음료 및 차류,에이드,100g,40,0.11,0.11,,480g
에이드_폭탄 에이드,음료 및 차류,에이드,100g,44,0.11,0.06,10.7,100g
에이드_핑크리치 에이드,음료 및 차류,에이드,100g,42,0.02,,,501.7
에이드_핑크리치 에이드 (L),음료 및 차류,에이드,100g,42,0.02,,,501.7
에이드_핑크리치 에이드 (XL),음료 및 차류,에이드,100g,44,0.02,,,660.9
에이드_핑크리치 에이드 빅사이즈,음료 및 차류,에이드,100g,44,0.02,,,660.9
에이드_한라 자몽 에이드,음료 및 차류,에이드,100g,33,1.01,,,595g
에이드_한라봉 스파클링 에이드,음료 및 차류,에이드,100g,39,0,,9.05,420g
피자_치즈 피자 슈퍼시드함유도우 (L),빵 및 과자류,피자,100g,264,10.99,,,764g
에이드_청포도 에이드,음료 및 차류,에이드,100g,35,0.17,,,591g
에이드_청포도 에이드,음료 및 차류,에이드,100g,28,0,,,473g
에이드_청포도 에이드,음료 및 차류,에이드,100g,43,0.03,,,710g
에이드_청포도 에이드,음료 및 차류,에이드,100g,53,0.01,0.18,12.7,100g
에이드_청포도 에이드,음료 및 차류,에이드,100ml,33,0,,,710ml
에이드_청포도 에이드,음료 및 차류,에이드,100ml,34,0.03,,,591ml
에이드_청포도 에이드,음료 및 차류,에이드,100ml,36,0.48,,,420ml
에이드_청포도 에이드,음료 및 차류,에이드,100ml,24,0.1,0.08,5.91,650ml
에이드_청포도 에이드,음료 및 차류,에이드,100ml,37,0.09,,,473ml
에이드_청포도 에이드,음료 및 차류,에이드,100g,43,0.1,,,591g
에이드_청포도 에이드 (EX),음료 및 차류,에이드,100g,30,0.04,,,651g
에이드_청포도 에이드 (L),음료 및 차류,에이드,100g,46,0.02,,,946g
에이드_청포도 에이드 (L),음료 및 차류,에이드,100g,43,0,,,488g
에이드_청포도 에이드 (L),음료 및 차류,에이드,100g,37,0,,,450g
에이드_청포도 에이드 (L),음료 및 차류,에이드,100g,45,0,,11.21,946g
에이드_청포도 에이드 (M),음료 및 차류,에이드,100g,39,0.02,,,591g
에이드_청포도 에이드 (ML),음료 및 차류,에이드,100g,34,0,,8.45,710g
에이드_청포도 에이드 (XL),음료 및 차류,에이드,100g,44,0,,,634g
에이드_청포도 펄 에이드,음료 및 차류,에이드,100g,35,0.02,,,550g
에이드_제로칼로리 깔라만시 탄산수 (Venti),음료 및 차류,에이드,100ml,2,0.04,,,650ml
에이드_제로칼로리 레몬 탄산수 제로슈거 (Venti),음료 및 차류,에이드,100ml,1,0.02,,,650ml
에이드_제로칼로리 청사과 탄산수 (Venti),음료 및 차류,에이드,100ml,1,0.06,,,650ml
에이드_제주 한라봉 에이드,음료 및 차류,에이드,100g,36,0,,,411g
에이드_제주 한라봉 에이드,음료 및 차류,에이드,100ml,34,0.13,,,473ml
에이드_제주 한라봉 크러쉬드 에이드,음료 및 차류,에이드,100g,86,0.22,0.04,21.09,410g
에이드_제주청귤 에이드,음료 및 차류,에이드,100ml,34,0.06,0,8.22,650ml
에이드_청귤 스파클링 티 (L),음료 및 차류,에이드,100ml,38,0,,,473ml
에이드_청귤 에이드,음료 및 차류,에이드,100ml,47,0.05,,,591ml
에이드_청귤 에이드,음료 및 차류,에이드,100g,56,0.05,,,591g
에이드_청귤 에이드,음료 및 차류,에이드,100ml,58,0,,,591ml
에이드_청귤 에이드 (L),음료 및 차류,에이드,100g,48,0.07,,,946g
에이드_청귤 에이드 (M),음료 및 차류,에이드,100g,45,0.08,,,591g
에이드_청자스페셜,음료 및 차류,에이드,100g,42,0.1,,,100g
에이드_청포도 스파클링,음료 및 차류,에이드,100ml,43,0.21,,,472ml
에이드_청포도 스파클링 (L),음료 및 차류,에이드,100g,46,0,,,470g
에이드_청포도 스파클링 (V),음료 및 차류,에이드,100g,46,0,,,610g
에이드_청포도 스파클링 에이드,음료 및 차류,에이드,100ml,33,0.08,,,360ml
에이드_청포도 에이드,음료 및 차류,에이드,100g,32,0.04,,,414g
에이드_자몽 에이드 (L),음료 및 차류,에이드,100g,22,0.1,,,450g
에이드_자몽 에이드 (L),음료 및 차류,에이드,100g,45,0.12,,,501.7
에이드_자몽 에이드 (M),음료 및 차류,에이드,100g,36,0.1,,,591g
에이드_자몽 에이드 (ML),음료 및 차류,에이드,100g,41,0,,9.01,710g
에이드_자몽 에이드 (R),음료 및 차류,에이드,100g,21,0.1,,,400g
에이드_자몽 에이드 (XL),음료 및 차류,에이드,100g,49,0.12,,,660.9
에이드_자몽 에이드 빅사이즈,음료 및 차류,에이드,100g,49,0.12,,,660.9
에이드_자몽 파인 스파클링,음료 및 차류,에이드,100g,45,0.21,,,472g
에이드_자몽 포멜로 에이드 (EX),음료 및 차류,에이드,100ml,40,0.1,,,680ml
에이드_자몽 포멜로 에이드 (L),음료 및 차류,에이드,100ml,35,0,,,532ml
에이드_자몽 히비스커스티 에이드 (L),음료 및 차류,에이드,100g,25,0,,,450g
에이드_자몽라임 에이드,음료 및 차류,에이드,100g,53,0.19,,,100g
에이드_자몽에이드,음료 및 차류,에이드,100ml,40,0.21,,,473ml
에이드_장수 오미자 에이드,음료 및 차류,에이드,100ml,36,0,,,591ml
에이드_장수 오미자 에이드,음료 및 차류,에이드,100g,36,0,,,591g
에이드_저칼로리 청포도 탄산수 제로슈거 (Venti),음료 및 차류,에이드,100ml,5,0.09,,,650ml
에이드_저칼로리 콜라겐 퀸즈베리 티에이드 (초대용량),음료 및 차류,에이드,100ml,13,0.19,,,850ml
에이드_저칼로리 허니자몽 탄산수 (Venti),음료 및 차류,에이드,100ml,5,0.08,,,650ml
에이드_제로 샹그리아 제로슈거 (Venti),음료 및 차류,에이드,100ml,1,0.05,,,650ml
에이드_자몽 에이드,음료 및 차류,에이드,100ml,40,0.21,,,420ml
에이드_자몽 에이드,음료 및 차류,에이드,100ml,23,0.1,0,5.69,650ml
에이드_자몽 에이드,음료 및 차류,에이드,100ml,52,0.17,,,591ml
에이드_자몽 에이드,음료 및 차류,에이드,100g,38,0.33,,,450g
에이드_자몽 에이드,음료 및 차류,에이드,100ml,37,0.17,,,473ml
에이드_자몽 에이드,음료 및 차류,에이드,100ml,32,0.11,,,360ml
에이드_자몽 에이드,음료 및 차류,에이드,100ml,36,0.14,,,710ml
에이드_자몽 에이드,음료 및 차류,에이드,100g,39,0.19,,,473g
에이드_자몽 에이드,음료 및 차류,에이드,100g,21,0,,,460g
에이드_자몽 에이드,음료 및 차류,에이드,100g,24,0,,,473g
에이드_자몽 에이드,음료 및 차류,에이드,100g,48,0.08,,,591g
에이드_자몽 에이드,음료 및 차류,에이드,100g,38,0.35,0.06,8.96,100g
에이드_자몽 에이드,음료 및 차류,에이드,100g,29,0.04,,,710g
에이드_자몽 에이드,음료 및 차류,에이드,100g,31,0,,,415g
에이드_자몽 에이드,음료 및 차류,에이드,100g,30,0.16,,,414g
에이드_자몽 에이드 (EX),음료 및 차류,에이드,100g,31,0.16,,,651g
에이드_자몽 에이드 (L),음료 및 차류,에이드,100g,38,1.56,,,450g
에이드_자몽 에이드 (L),음료 및 차류,에이드,100g,47,0.11,,9.94,946g
에이드_자몽 에이드 (L),음료 및 차류,에이드,100g,43,0.11,,,946g
에이드_오미자 에이드,음료 및 차류,에이드,100g,46,0.11,,,467g
에이드_오미자 에이드 빅사이즈,음료 및 차류,에이드,100g,48,0.11,,,618g
에이드_유니콘매직 에이드 블루,음료 및 차류,에이드,100g,39,0.01,,,710g
에이드_유니콘매직 에이드 핑크,음료 및 차류,에이드,100g,31,0.04,,,710g
에이드_유자 에이드,음료 및 차류,에이드,100g,55,0.16,,,490g
에이드_유자 에이드,음료 및 차류,에이드,100ml,35,0.14,,,710ml
에이드_유자 에이드,음료 및 차류,에이드,100g,59,0.17,,,100g
에이드_유자 에이드 (L),음료 및 차류,에이드,100g,62,0,,11.52,946g
에이드_유자 에이드 (ML),음료 및 차류,에이드,100g,58,0,,10.56,710g
에이드_유자 에이드 빅사이즈,음료 및 차류,에이드,100g,55,0.16,,,640g
에이드_유자레이드,음료 및 차류,에이드,100g,51,0.25,0.09,12.4,100g
에이드_유자몽 스파클링,음료 및 차류,에이드,100ml,49,0,,,472ml
에이드_자두 에이드,음료 및 차류,에이드,100g,47,0.13,,,100g
에이드_자두 에이드 (L),음료 및 차류,에이드,100g,36,0.13,,,450g
에이드_자몽 스파클링 (L),음료 및 차류,에이드,100g,42,0,,,480g
에이드_자몽 스파클링 (V),음료 및 차류,에이드,100g,39,0,,,620g
에이드_자몽 스파클링 에이드,음료 및 차류,에이드,100ml,28,0,,,360ml
에이드_자몽 에이드,음료 및 차류,에이드,100ml,40,0.09,,,591ml
에이드_자몽 에이드,음료 및 차류,에이드,100g,45,0.12,,,501.7
에이드_선샤인청귤 에이드 (L),음료 및 차류,에이드,100g,35,0.15,,,495g
에이드_선샤인청귤 에이드 (Max),음료 및 차류,에이드,100g,36,0.14,,,555g
에이드_선샤인청사과 에이드 (L),음료 및 차류,에이드,100g,45,0.15,,,510g
에이드_선샤인청사과 에이드 (Max),음료 및 차류,에이드,100g,45,0.13,,,565g
에이드_선셋 에이드,음료 및 차류,에이드,100g,37,0,0.09,,480g
에이드_솔라 에이드,음료 및 차류,에이드,100g,24,0,0.03,,1000g
에이드_스위티 파이,음료 및 차류,에이드,100g,54,0.62,,,579g
에이드_스파클링 고흥유자 레몬 캐모마일,음료 및 차류,에이드,100g,21,0,,5.07,473g
에이드_스파클링 망고,음료 및 차류,에이드,100g,35,0.06,,,355g
에이드_스파클링 망고 캐모마일,음료 및 차류,에이드,100g,45,0,,10.99,473g
에이드_스파클링 베리,음료 및 차류,에이드,100g,36,0.03,,,355g
에이드_스파클링 제주 레몬 스웨디쉬,음료 및 차류,에이드,100g,50,0,,12.47,473g
에이드_애사비 저칼로리 퀸즈베리 탄산수 (Venti),음료 및 차류,에이드,100ml,9,0.01,,,650ml
에이드_애사비 제로칼로리 청사과 탄산수 (Venti),음료 및 차류,에이드,100ml,2,0.09,,,650ml
에이드_애플망고 선셋티 에이드,음료 및 차류,에이드,100g,31,0,,,550g
에이드_애플망고 스파클링 에이드,음료 및 차류,에이드,100g,31,0.02,,,550g
에이드_오렌지 스파클링 에이드,음료 및 차류,에이드,100ml,33,0.08,,,360ml
에이드_오렌지 에이드,음료 및 차류,에이드,100g,36,0.33,,,450g
에이드_오렌지 크러쉬드 에이드,음료 및 차류,에이드,100g,31,0.17,,7.57,410g
스무디_리얼초코자바칩프라페,음료 및 차류,스무디,100ml,97,1.31,4.21,12.42,591ml
에이드_살구 에이드 (ML),음료 및 차류,에이드,100ml,28,0.14,,4.65,710ml
에이드_살구 자두 히비스 에이드 (Grande),음료 및 차류,에이드,100ml,49,0.21,,,480ml
에이드_살구 자두 히비스 에이드 (Mini Venti),음료 및 차류,에이드,100ml,55,0.18,,,570ml
에이드_살구 자두 히비스 에이드 (Tall),음료 및 차류,에이드,100ml,45,0.28,,,360ml
에이드_살구 자두 히비스 에이드 (Venti),음료 및 차류,에이드,100ml,53,0.14,,,720ml
에이드_삼라봉 에이드,음료 및 차류,에이드,100g,34,0.49,,,613g
에이드_샤인 망고 에이드,음료 및 차류,에이드,100g,60,0,,,415g
에이드_샤인머스캣 스파클링 에이드,음료 및 차류,에이드,100g,39,0,,9.88,506g
에이드_샤인머스캣 에이드,음료 및 차류,에이드,100g,48,0.14,0.01,,480g
에이드_샤인머스캣 에이드,음료 및 차류,에이드,100g,43,0,,,488g
에이드_샤인머스캣 에이드 빅사이즈,음료 및 차류,에이드,100g,44,0,,,634g
에이드_샤인머스캣청포도 에이드 (L),음료 및 차류,에이드,100g,43,0.16,,,473g
에이드_샤인머스캣청포도 에이드 (Max),음료 및 차류,에이드,100g,39,0.13,,,591g
에이드_샤인코코 에이드,음료 및 차류,에이드,100ml,59,0,,,591ml
에이드_샤인코코 에이드 저당,음료 및 차류,에이드,100ml,53,0,,,591ml
에이드_샹그리아 에이드,음료 및 차류,에이드,100g,35,0,,,415g
에이드_샹그리아 에이드,음료 및 차류,에이드,100g,38,0.08,,,473g
피자_치즈 피자 슈화 더블 치즈 피자 페퍼로니 엣지 (L),빵 및 과자류,피자,100g,304,14.75,11.14,27.85,974g
에이드_복숭아 에이드,음료 및 차류,에이드,100g,17,0,0,4.21,650g
에이드_복숭아 에이드,음료 및 차류,에이드,100ml,34,0.14,,,710ml
에이드_복숭아 에이드 (L),음료 및 차류,에이드,100g,41,0.21,,,473g
에이드_복숭아 에이드 (L),음료 및 차류,에이드,100g,40,0,,,450g
에이드_복숭아 에이드 (Max),음료 및 차류,에이드,100g,37,0.17,,,591g
에이드_복숭아 에이드 (R),음료 및 차류,에이드,100g,39,0,,,400g
에이드_복숭아 자두 스파클링,음료 및 차류,에이드,100ml,38,0.21,,,472ml
에이드_블루레몬 에이드,음료 및 차류,에이드,100g,45,0.06,0.07,11.1,100g
에이드_블루레몬 에이드,음료 및 차류,에이드,100g,49,0.07,,,100g
에이드_블루레몬 에이드,음료 및 차류,에이드,100g,29,0.03,,,473g
에이드_블루레몬 에이드,음료 및 차류,에이드,100g,32,0.03,,,710g
에이드_블루레몬 에이드,음료 및 차류,에이드,100g,52,0.07,,,591g
에이드_블루레몬 에이드,음료 및 차류,에이드,100ml,41,0,,,591ml
에이드_블루레몬 에이드,음료 및 차류,에이드,100ml,43,0.07,,,591ml
에이드_블루레몬 에이드 저당,음료 및 차류,에이드,100ml,39,0,,,591ml
에이드_블루베리 에이드,음료 및 차류,에이드,100g,59,0.07,0.14,14.48,100g
에이드_블루베리 에이드,음료 및 차류,에이드,100g,36,0,,,460g
에이드_블루파인 에이드,음료 및 차류,에이드,100g,36,0.02,,,473g
에이드_살구 에이드 (L),음료 및 차류,에이드,100ml,33,0.1,,5,1000m
에이드_로즈 갤럭시 에이드,음료 및 차류,에이드,100g,30,0,,,480g
에이드_리얼 에이드 레몬,음료 및 차류,에이드,100g,19,0.03,,,355g
에이드_리얼 에이드 복숭아,음료 및 차류,에이드,100g,37,0.05,,,355g
에이드_리얼 에이드 자몽,음료 및 차류,에이드,100g,19,0.03,,,355g
에이드_리얼 자몽 에이드 (Grande),음료 및 차류,에이드,100ml,29,0.21,,,480ml
에이드_리얼 자몽 에이드 (Mini Venti),음료 및 차류,에이드,100ml,28,0.18,,,570ml
에이드_리얼 자몽 에이드 (Venti),음료 및 차류,에이드,100ml,30,0.14,,,720ml
에이드_마이 몽키,음료 및 차류,에이드,100g,47,0.49,,,710g
에이드_망고 스파클링 에이드,음료 및 차류,에이드,100ml,33,0.08,,,360ml
에이드_매머드 에이드,음료 및 차류,에이드,100ml,39,0.13,,,946ml
에이드_매머드 에이드,음료 및 차류,에이드,100g,51,0.15,,,946g
에이드_머스캣 모히또 에이드 (EX),음료 및 차류,에이드,100ml,31,0.04,,,680ml
에이드_머스캣 모히또 에이드 (L),음료 및 차류,에이드,100ml,26,0.04,,,532ml
에이드_메가 에이드,음료 및 차류,에이드,100g,41,0.04,,,710g
에이드_메론소다 에이드,음료 및 차류,에이드,100g,35,0.17,,,591g
에이드_멜론소다,음료 및 차류,에이드,100ml,96,0.42,,,473ml
에이드_미초 석류 에이드,음료 및 차류,에이드,100ml,20,0.14,,,710ml
에이드_미초(석류) 에이드,음료 및 차류,에이드,100g,22,0.15,,,650g
에이드_배 에이드,음료 및 차류,에이드,100g,45,0.15,,,650g
에이드_레몬 에이드,음료 및 차류,에이드,100ml,40,0.21,,,420ml
에이드_레몬 에이드,음료 및 차류,에이드,100ml,26,0.05,0,6.56,650ml
에이드_레몬 에이드,음료 및 차류,에이드,100ml,44,0,,,591ml
에이드_레몬 에이드,음료 및 차류,에이드,100g,38,0.33,,,450g
에이드_레몬 에이드 (EX),음료 및 차류,에이드,100g,29,0.06,,,651g
에이드_레몬 에이드 (L),음료 및 차류,에이드,100g,43,0,,10.57,946g
에이드_레몬 에이드 (L),음료 및 차류,에이드,100g,40,0,,,501.7
에이드_레몬 에이드 (L),음료 및 차류,에이드,100g,30,0.13,,,450g
에이드_레몬 에이드 (L),음료 및 차류,에이드,100g,45,0.06,,,946g
에이드_레몬 에이드 (L),음료 및 차류,에이드,100g,45,0,,,450g
에이드_레몬 에이드 (M),음료 및 차류,에이드,100g,38,0.05,,,591g
에이드_레몬 에이드 (ML),음료 및 차류,에이드,100g,31,0,,7.61,710g
에이드_레몬 에이드 (R),음료 및 차류,에이드,100g,28,0.13,,,400g
에이드_레몬 에이드 (XL),음료 및 차류,에이드,100g,43,0.02,,,660.9
에이드_레몬 에이드 (더벤티),음료 및 차류,에이드,100ml,43,0.1,,,960ml
에이드_레몬 에이드 빅사이즈,음료 및 차류,에이드,100g,43,0.02,,,660.9
에이드_레몬 에이드저당,음료 및 차류,에이드,100ml,42,0,,,591ml
에이드_레몬딸기 에이드,음료 및 차류,에이드,100ml,52,0,,,591ml
에이드_레몬에이드,음료 및 차류,에이드,100ml,25,0.09,,,473ml
어죽,죽 및 스프류,어죽,100g,69,2.55,0.94,12.6,800g
어탕,국 및 탕류,어탕,100g,57,8.47,2.06,1.21,150g
얼갈이 겉절이,생채·무침류,얼갈이 겉절이,100ml,22,1.3,0.43,4.12,100ml
얼갈이 나물,나물·숙채류,얼갈이 나물,100ml,48,1.9,3.05,3.96,100ml
얼갈이 나물,나물·숙채류,얼갈이 나물,100ml,48,1.9,3.05,4,100ml
에이드_레몬 스파클링 (L),음료 및 차류,에이드,100g,44,0.21,,,480g
에이드_레몬 스파클링 (V),음료 및 차류,에이드,100g,42,0.16,,,620g
에이드_레몬 스파클링 에이드,음료 및 차류,에이드,100ml,37,0,,,360ml
에이드_레몬 에이드,음료 및 차류,에이드,100ml,44,0.17,,,600ml
에이드_레몬 에이드,음료 및 차류,에이드,100g,42,0.33,,,100g
에이드_레몬 에이드,음료 및 차류,에이드,100g,25,0.08,,,473g
에이드_레몬 에이드,음료 및 차류,에이드,100g,32,0,,,460g
에이드_레몬 에이드,음료 및 차류,에이드,100g,34,0,,,355g
에이드_레몬 에이드,음료 및 차류,에이드,100g,40,0.07,0.08,9.83,100g
에이드_레몬 에이드,음료 및 차류,에이드,100g,28,0.04,,,710g
에이드_레몬 에이드,음료 및 차류,에이드,100g,44,0.48,,,415g
에이드_레몬 에이드,음료 및 차류,에이드,100g,28,0.06,,,414g
에이드_레몬 에이드,음료 및 차류,에이드,100ml,28,0,,,360ml
에이드_레몬 에이드,음료 및 차류,에이드,100g,40,0,,,501.7
어묵조림,조림류,어묵조림,100ml,179,9.6,5.61,22.68,95ml
어묵조림,조림류,어묵조림,100g,159,5.83,4.73,23.16,200g
어묵조림,조림류,어묵조림,100ml,166,8.4,6.88,17.71,52.4
어묵조림_풋고추,조림류,어묵조림,100ml,173,9.3,5.72,21.18,82.5
어묵조림_풋고추,조림류,어묵조림,100ml,172,9.3,5.72,21.18,82.5
어묵탕,국 및 탕류,어묵탕,100ml,21,1.4,0.48,2.86,320ml
어묵탕,국 및 탕류,어묵탕,100ml,25,1.7,0.58,3.38,190ml
어묵탕,국 및 탕류,어묵탕,100ml,30,2.1,0.73,3.92,600ml
어묵탕,국 및 탕류,어묵탕,100ml,30,2.1,0.73,3.92,600ml
어묵탕_고춧가루,국 및 탕류,어묵탕,100ml,29,1.9,0.69,4.23,230ml
어묵탕_고춧가루,국 및 탕류,어묵탕,100ml,36,2.5,0.89,4.64,600ml
어묵탕_고춧가루,국 및 탕류,어묵탕,100ml,36,2.5,0.89,4.64,600ml
어묵탕_고춧가루,국 및 탕류,어묵탕,100ml,36,2.5,0.89,4.64,600ml
어묵튀김,튀김류,어묵튀김,100ml,179,8.4,8.93,15.75,52.1
어묵튀김,튀김류,어묵튀김,100ml,179,8.5,8.89,15.76,94ml
어묵튀김,튀김류,어묵튀김,100ml,179,8.4,8.93,15.75,52.1
어묵튀김,튀김류,어묵튀김,100ml,180,8.5,9.03,15.34,94ml
어육소시지전,전·적 및 부침류,어육소시지전,100ml,177,8.23,10.14,12.73,80ml
어묵볶음_어묵_채소,볶음류,어묵볶음,100ml,78,3.97,2.76,9.78,150ml
어묵볶음_어묵_채소,볶음류,어묵볶음,100ml,88,4.25,3.57,10.04,170ml
어묵볶음_어묵_채소,볶음류,어묵볶음,100ml,80,4.23,2.76,9.87,100ml
어묵볶음_어묵_채소,볶음류,어묵볶음,100ml,78,3.65,3.19,8.9,100ml
어묵볶음_채소,볶음류,어묵볶음,100ml,89,4.3,3.57,10.05,170ml
어묵볶음_채소,볶음류,어묵볶음,100ml,78,3.7,3.19,8.88,100ml
어묵볶음_채소,볶음류,어묵볶음,100ml,81,4.2,2.76,9.87,100ml
어묵볶음_채소,볶음류,어묵볶음,100ml,79,4,2.76,9.77,150ml
어묵볶음_채소,볶음류,어묵볶음,100g,152,6.33,6.41,17.2,90g
어묵잡채,볶음류,어묵잡채,100ml,126,6.5,6.53,9.87,237.6
어묵잡채,볶음류,어묵잡채,100ml,126,6.5,6.53,9.87,237.6
어묵잡채,볶음류,어묵잡채,100ml,128,6.7,6.55,10.14,99.6
어묵잡채,볶음류,어묵잡채,100ml,128,6.7,6.55,10.14,99.6
어묵전,전·적 및 부침류,어묵전,100ml,214,9.9,8.96,22.1,70.7
어묵전,전·적 및 부침류,어묵전,100ml,334,15.3,13.86,35.46,63.8
어묵조림,조림류,어묵조림,100ml,166,8.4,6.88,17.71,52.4
어묵조림,조림류,어묵조림,100ml,179,9.6,5.61,22.68,95ml
피자_치즈 피자 슈화 더블 치즈 피자 페퍼로니 엣지 (M),빵 및 과자류,피자,100g,321,16.39,12.14,26.33,578g
어묵 우동,면 및 만두류,어묵 우동,100ml,61,1.9,0.72,11.22,630ml
어묵국,국 및 탕류,어묵국,100ml,21,1.4,0.47,2.75,170ml
어묵국,국 및 탕류,어묵국,100ml,32,2.2,0.78,4.16,600ml
어묵국,국 및 탕류,어묵국,100ml,43,3.3,0.99,5.53,126.4
어묵국,국 및 탕류,어묵국,100ml,50,3.9,1.19,6.34,210ml
어묵국(어묵탕),국 및 탕류,어묵국(어묵탕),100g,31,1.49,1.03,3.83,350g
어묵국(어묵탕)_간편조리세트_프리미엄 이자카야어묵탕,국 및 탕류,어묵국(어묵탕),100g,69,3.48,1.26,11.01,1383g
어묵국(어묵탕)_고춧가루,국 및 탕류,어묵국(어묵탕),100ml,30,1.93,0.69,4.31,230ml
어묵국(어묵탕)_고춧가루 제외,국 및 탕류,어묵국(어묵탕),100ml,21,1.4,0.48,2.92,320ml
어묵국(어묵탕)_고춧가루 제외,국 및 탕류,어묵국(어묵탕),100ml,25,1.69,0.58,3.44,190ml
어묵국(어묵탕)_츠쿠네 어묵탕,국 및 탕류,어묵국(어묵탕),100g,63,5.2,,,100g
어묵국물,국 및 탕류,어묵국물,100ml,7,0.5,0.13,1.05,300ml
어묵볶음,볶음류,어묵볶음,100g,197,8.41,7.29,24.33,140g
어묵볶음,볶음류,어묵볶음,100ml,350,17,13.81,39.84,41.2
어묵볶음,볶음류,어묵볶음,100ml,110,4.7,5.44,10.49,53.3
어묵볶음,볶음류,어묵볶음,100ml,125,7.3,3.87,15.39,110ml
어묵볶음,볶음류,어묵볶음,100ml,110,4.7,5.44,10.49,53.3
어묵볶음_어묵,볶음류,어묵볶음,100ml,89,5.07,2.93,11.02,100ml
양파링튀김,튀김류,양파링튀김,100g,411,3.86,25.23,43.58,100g
양파볶음,볶음류,양파볶음,100ml,68,0.9,5.18,4.71,105.2
양파볶음,볶음류,양파볶음,100ml,67,0.9,5.18,4.72,105.2
양파볶음,볶음류,양파볶음,100g,56,0.99,1.54,9.51,80g
양파장아찌,장아찌·절임류,양파장아찌,100ml,63,0.6,0.03,16.05,50ml
어묵 감자볶음,볶음류,어묵 감자볶음,100ml,208,8.2,9.07,23.66,79.7
어묵 감자볶음,볶음류,어묵 감자볶음,100ml,209,8.2,9.07,23.61,79.7
어묵 감자볶음,볶음류,어묵 감자볶음,100ml,208,8.2,9.12,23.52,41.1
어묵 매운탕,찌개 및 전골류,어묵 매운탕,100ml,36,2.5,0.89,4.64,600ml
어묵 매운탕,찌개 및 전골류,어묵 매운탕,100ml,39,2.7,0.81,5.66,282.2
어묵 매운탕,찌개 및 전골류,어묵 매운탕,100ml,40,2.8,0.84,5.86,190.6
어묵 매운탕,찌개 및 전골류,어묵 매운탕,100ml,40,2.8,0.84,5.86,190.6
어묵 오이무침,생채·무침류,어묵 오이무침,100ml,128,7.7,3.07,18.13,105.7
어묵 오이무침,생채·무침류,어묵 오이무침,100ml,126,7.7,3.07,18.17,105.7
어묵 오이무침,생채·무침류,어묵 오이무침,100ml,127,7.7,3.08,18.2,42.6
어묵 우동,면 및 만두류,어묵 우동,100ml,61,1.8,0.8,11.21,530ml
어묵 우동,면 및 만두류,어묵 우동,100ml,71,2.1,1.1,12.77,800ml
어묵 우동,면 및 만두류,어묵 우동,100ml,52,1.6,0.65,9.51,410ml
양배추부추무침,생채·무침류,양배추부추무침,100ml,34,1.9,0.51,6.71,90.6
양배추오이  샐러드,생채·무침류,양배추오이  샐러드,100ml,188,1.8,17.09,8.2,34.1
양배추오이  샐러드,생채·무침류,양배추오이  샐러드,100ml,188,1.8,17.09,8.2,34.1
양상추 샐러드,생채·무침류,양상추 샐러드,100ml,79,1.7,6.14,4.72,61.8
양상추 샐러드,생채·무침류,양상추 샐러드,100ml,78,1.1,6.29,4.84,85ml
양상추 샐러드,생채·무침류,양상추 샐러드,100ml,79,1.7,6.14,4.72,61.8
양상추 샐러드,생채·무침류,양상추 샐러드,100ml,78,1.1,6.29,4.84,85ml
양송이 덮밥,밥류,양송이 덮밥,100ml,93,1.9,0.65,19.64,572ml
양송이 덮밥,밥류,양송이 덮밥,100ml,93,1.9,0.65,19.64,572ml
양송이버섯볶음_소고기,볶음류,양송이버섯볶음,100ml,102,4.7,7.57,5.16,117.5
양송이버섯볶음_소고기,볶음류,양송이버섯볶음,100ml,84,4.1,6.3,3.85,82.7
양송이버섯볶음_소고기,볶음류,양송이버섯볶음,100ml,104,4.5,7.58,5.17,117.5
양송이버섯볶음_소고기,볶음류,양송이버섯볶음,100ml,84,4.1,6.3,3.85,82.7
양장피,생채·무침류,양장피,100ml,81,10.7,1.8,5.33,344.4
양장피,생채·무침류,양장피,100g,133,7.3,6.63,10.95,220g
양장피,생채·무침류,양장피,100ml,81,10.7,1.8,5.33,344.4
양태구이,구이류,양태구이,100ml,107,14,5.11,0.1,100ml
양파 소고기전,전·적 및 부침류,양파 소고기전,100ml,155,5,10.63,8.88,82ml
스무디_린1 스트로베리 스무디 (L),음료 및 차류,스무디,100ml,47,2.2,,,591ml
양배추 겉절이,생채·무침류,양배추 겉절이,100ml,39,1.7,1.24,6.5,114.6
양배추 겉절이,생채·무침류,양배추 겉절이,100ml,39,1.7,1.24,6.5,114.6
양배추 겉절이,생채·무침류,양배추 겉절이,100ml,46,2,1.38,7.87,42.2
양배추 된장국,국 및 탕류,양배추 된장국,100ml,34,2.9,0.89,3.93,184.4
양배추 사과 샐러드,생채·무침류,양배추 사과 샐러드,100ml,141,1.1,10.68,11.56,104.4
양배추 사과 샐러드,생채·무침류,양배추 사과 샐러드,100ml,136,0.8,10.74,10.14,55.4
양배추 사과 샐러드,생채·무침류,양배추 사과 샐러드,100ml,136,0.8,10.74,10.14,55.4
양배추 샐러드,생채·무침류,양배추 샐러드,100ml,99,0.9,8.95,4.32,122.2
양배추 샐러드,생채·무침류,양배추 샐러드,100ml,99,0.9,8.95,4.32,122.2
양배추 초나물,나물·숙채류,양배추 초나물,100ml,66,2,2.75,9.44,113.3
양배추 초나물,나물·숙채류,양배추 초나물,100ml,65,2,2.75,9.45,113.3
양배추김치,김치류,양배추김치,100ml,39,2.2,0.39,8.29,54.7
양배추나물,나물·숙채류,양배추나물,100ml,71,2.2,3.76,8.69,40.2
양배추나물,나물·숙채류,양배추나물,100ml,71,2.2,3.76,8.69,40.2
양배추부추무침,생채·무침류,양배추부추무침,100ml,34,1.9,0.51,6.71,90.6
양배추부추무침,생채·무침류,양배추부추무침,100ml,41,2.2,0.65,8.08,33.4
양배추부추무침,생채·무침류,양배추부추무침,100ml,41,2.2,0.6,8.01,33.4
약식,빵 및 과자류,약식,100g,220,4.44,2.32,45.43,
약식,빵 및 과자류,약식,100g,220,4.21,2.45,45.24,100g
양념 도토리묵,생채·무침류,양념 도토리묵,100ml,55,1.1,1.27,9.91,116.9
양념 돼지고기튀김,튀김류,양념 돼지고기튀김,100ml,189,12.9,8.58,13.89,192.5
양념 돼지고기튀김,튀김류,양념 돼지고기튀김,100ml,189,12.9,8.58,13.89,192.5
양념 바지락젓,젓갈류,양념 바지락젓,100ml,50,5.8,1.97,2.07,12.5
양념 새우젓,젓갈류,양념 새우젓,100ml,67,7.3,1.5,6.78,15ml
양념 오징어젓,젓갈류,양념 오징어젓,100ml,60,7.9,1.08,4.81,15ml
양념 오징어젓,젓갈류,양념 오징어젓,100ml,112,5.1,3.35,15.71,69.1
양념 오징어젓_낙지,젓갈류,양념 오징어젓,100ml,66,8.2,1.33,5.27,15ml
양념두부,볶음류,양념두부,100ml,68,6.2,3.39,2.99,66.4
양념채김치,김치류,양념채김치,100ml,53,3.3,1.55,7.5,190.3
양념초장,"장류, 양념류",양념초장,100ml,134,10.4,1.03,21.8,5ml
양념초장,"장류, 양념류",양념초장,100ml,134,10.4,1.03,21.8,5ml
양미리조림,조림류,양미리조림,100g,65,5.76,0.66,9.09,100g
양미리조림,조림류,양미리조림,100ml,143,18.1,4.45,5.61,123.2
양미리조림,조림류,양미리조림,100ml,143,18.1,4.45,5.61,123.2
양배추 겉절이,생채·무침류,양배추 겉절이,100ml,46,2,1.38,7.87,42.2
애호박찜,찜류,애호박찜,100g,181,9.5,6.48,21.18,100g
애호박찜,찜류,애호박찜,100ml,41,2,1.65,5.05,106.2
애호박찜,찜류,애호박찜,100ml,36,1.7,1.46,4.43,128.7
액상커피_커피가루(중량1g),음료 및 차류,액상커피,100g,4,0.2,0.01,0.7,100g
액상커피_커피가루_설탕(중량2.7g),음료 및 차류,액상커피,100g,17,0.18,0,3.98,100g
액상커피_커피가루_설탕_크림(중량12g),음료 및 차류,액상커피,100g,51,0.43,1.03,10.06,100g
야채빵_그냥먹어도맛있는햄야채롤(6개입),빵 및 과자류,야채빵,100g,361,10.1,,,198g
야채빵_맛살크림 샐러드,빵 및 과자류,야채빵,100g,333,7.78,,,90g
야채빵_야채 샐러드,빵 및 과자류,야채빵,100g,197,4.17,,,120g
야채빵_야채넣은 롤빵,빵 및 과자류,야채빵,100g,332,12,,,317g
야채빵_양파꽃이피었습니다,빵 및 과자류,야채빵,100g,368,7.86,,,140g
야채빵_에그마요 샐러드,빵 및 과자류,야채빵,100g,245,8.33,,,120g
야채빵_올리브야채 브레드,빵 및 과자류,야채빵,100g,283,8,,,237g
야채빵_햄야채롤 (6개입),빵 및 과자류,야채빵,100g,354,10.61,,,198g
야채빵_햄야채롤 (8개입),빵 및 과자류,야채빵,100g,352,10.98,,,264g
약과,빵 및 과자류,약과,100g,399,4.2,4.75,84.89,30g
약과_아카시아 허니 글레이즈드,빵 및 과자류,약과,100g,379,7.58,,,66g
피자_치즈 피자 씬 (L),빵 및 과자류,피자,100g,306,13.27,16.45,26.3,403g
애호박나물,나물·숙채류,애호박나물,100ml,37,1.3,1.44,5.51,50ml
애호박나물,나물·숙채류,애호박나물,100ml,37,1.3,1.44,5.51,50ml
애호박볶음,볶음류,애호박볶음,100g,59,1.32,3.62,5.3,50g
애호박부침개,전·적 및 부침류,애호박부침개,100ml,159,4.6,6.56,19.42,53.4
애호박부침개,전·적 및 부침류,애호박부침개,100ml,159,4.6,6.56,19.42,53.4
애호박부침개_새우,전·적 및 부침류,애호박부침개,100ml,141,6.4,5.28,16.23,119.7
애호박부침개_새우,전·적 및 부침류,애호박부침개,100ml,141,6.4,5.28,16.23,119.7
애호박전,전·적 및 부침류,애호박전,100ml,87,2.2,5.88,6,200ml
애호박전,전·적 및 부침류,애호박전,100ml,142,3.6,8.65,11.87,50ml
애호박전,전·적 및 부침류,애호박전,100g,122,4.35,8.62,6.73,150g
애호박전,전·적 및 부침류,애호박전,100ml,84,2.2,5.35,6.53,70ml
애호박전,전·적 및 부침류,애호박전,100ml,126,3.5,6.98,12.12,60ml
애호박죽,죽 및 스프류,애호박죽,100ml,77,1.4,0.96,15,171.5
애호박찌개,찌개 및 전골류,애호박찌개,100ml,17,0.9,0.17,3.54,227ml
애호박찌개_감자,찌개 및 전골류,애호박찌개,100ml,38,3.7,0.95,3.87,305ml
애호박찌개_감자,찌개 및 전골류,애호박찌개,100ml,38,3.7,0.95,3.87,305ml
애호박찌개_두부,찌개 및 전골류,애호박찌개,100ml,39,3.7,1.04,3.79,222ml
애호박찜,찜류,애호박찜,100ml,36,1.7,1.46,4.43,128.7
앙금빵_앙 호두버터샌드,빵 및 과자류,앙금빵,100g,424,7.6,,,250g
앙금빵_앙금빵의 정석 망고,빵 및 과자류,앙금빵,100g,298,6.67,1.5,63.33,60g
앙금빵_앙금빵의 정석 메론,빵 및 과자류,앙금빵,100g,298,6.67,1.33,65,60g
앙금빵_앙버터 라우겐,빵 및 과자류,앙금빵,100g,387,7.33,,,150g
앙금빵_앙버터라우겐,빵 및 과자류,앙금빵,100g,354,6.12,,,147g
앙금빵_앙버터빵,빵 및 과자류,앙금빵,100g,372,7,19.72,41.64,100g
앙금빵_완두 앙금빵,빵 및 과자류,앙금빵,100g,319,7.5,,,80g
앙금빵_완두앙금빵,빵 및 과자류,앙금빵,100g,255,7,,,100g
앙금빵_완두앙금빵,빵 및 과자류,앙금빵,100g,306,7.5,,,80g
앙금빵_완전소중한완두 앙금빵,빵 및 과자류,앙금빵,100g,281,7.19,,,139g
앙금빵_적앙금트위스트(갈비빵),빵 및 과자류,앙금빵,100g,330,8,,,328g
앙금빵_찹쌀앙금빵,빵 및 과자류,앙금빵,100g,341,7.06,,,85g
애호박 감자된장국_바지락,국 및 탕류,애호박 감자된장국,100ml,24,1.9,0.33,3.39,320ml
애호박 감자된장국_바지락,국 및 탕류,애호박 감자된장국,100ml,23,1.9,0.3,3.35,222.2
애호박 감자된장국_바지락,국 및 탕류,애호박 감자된장국,100ml,23,1.9,0.32,3.16,222.2
애호박 된장국,국 및 탕류,애호박 된장국,100ml,23,2,0.48,3.18,320ml
애호박 볶음,볶음류,애호박 볶음,100ml,64,1.1,4.95,4.25,49.4
애호박나물,나물·숙채류,애호박나물,100ml,37,1.3,1.44,5.51,50ml
스무디_린1 다크초코 스무디 (S),음료 및 차류,스무디,100ml,50,2.26,,,354ml
아이스티_청포도 민트 빅 아이스티 (V),음료 및 차류,아이스티,100g,22,0.08,,,610g
아이스티_청포도 아이스티,음료 및 차류,아이스티,100g,40,0,,,595g
아이스티_카테킨 청사과 아이스티 (Venti),음료 및 차류,아이스티,100ml,1,0.03,,,650ml
아이스티_플러스 망고홍차 아이스티,음료 및 차류,아이스티,100ml,34,0.1,0.05,8.59,650ml
아이스티_피치 우롱 빅 아이스티 (V),음료 및 차류,아이스티,100g,23,0.16,,,610g
아이스티_피치아이스티,음료 및 차류,아이스티,100g,35,0,,,460g
알밥,밥류,알밥,100ml,86,2.3,1.45,15.67,500ml
알밥,밥류,알밥,100g,128,4.73,5.11,15.75,330g
알밥,밥류,알밥,100ml,86,2.4,1.08,16.25,500ml
알밥,밥류,알밥,100ml,86,2.4,1.08,16.25,500ml
알밥,밥류,알밥,100ml,86,2.3,1.45,15.67,500ml
알밥_간편조리세트_갑오징어알뚝밥,밥류,알밥,100g,124,9.82,4.88,10.21,355g
알탕,찌개 및 전골류,알탕,100g,39,6.37,0.74,1.74,520g
알탕,찌개 및 전골류,알탕,100ml,25,2.8,0.52,2.42,198.8
알탕_해물,찌개 및 전골류,알탕,100ml,46,6.82,1.03,2.29,940ml
앙금빵_고구마앙금빵,빵 및 과자류,앙금빵,100g,253,5.26,,,95g
앙금빵_라우겐(2개입),빵 및 과자류,앙금빵,100g,276,8.33,,,156g
앙금빵_마구마구 고구마,빵 및 과자류,앙금빵,100g,248,5.1,,,353g
아이스티_아파추 (Mini Venti),음료 및 차류,아이스티,100ml,36,0.18,,,570ml
아이스티_아파추 (Venti),음료 및 차류,아이스티,100ml,33,0,,,720ml
아이스티_애사비 제로칼로리 복숭아 아이스티 (Venti),음료 및 차류,아이스티,100ml,1,0.02,,,650ml
아이스티_애플망고 아이스티,음료 및 차류,아이스티,100ml,42,0.09,,,473ml
아이스티_왕메가아이스티,음료 및 차류,아이스티,100ml,49,0.04,0.01,12.31,960ml
아이스티_자두 아이스티 (L),음료 및 차류,아이스티,100g,30,0,,,946g
아이스티_자두 아이스티 (M),음료 및 차류,아이스티,100g,24,0,,,591g
아이스티_자몽 얼그레이 아이스티 (L),음료 및 차류,아이스티,100ml,53,0,,,473ml
아이스티_자이언트 아이스티,음료 및 차류,아이스티,100g,48,0,,,946g
아이스티_제로 복숭아 아이스티,음료 및 차류,아이스티,100ml,3,0,,,473ml
아이스티_제로 복숭아 아이스티,음료 및 차류,아이스티,100ml,4,0.01,0.01,3.17,710ml
아이스티_제로슈가 레몬아이스티,음료 및 차류,아이스티,100ml,3,0.05,0.01,0.15,650ml
아이스티_제로슈가 복숭아 아이스티,음료 및 차류,아이스티,100ml,1,0.03,0.04,0,650ml
아이스티_제로슈가 아샷추 (R),음료 및 차류,아이스티,100ml,3,0.24,,,414ml
아이스티_제로슈가 아이스티 (R),음료 및 차류,아이스티,100ml,2,0,,,414ml
아이스티_제로슈가 체리 아이스티,음료 및 차류,아이스티,100ml,2,0.03,0.01,0.04,650ml
아이스티_제로칼로리 청사과 피치 아이스티 제로슈거 (초대용량),음료 및 차류,아이스티,100ml,2,0.1,,,850ml
아이스티_청귤 자스민 빅 아이스티 (V),음료 및 차류,아이스티,100g,20,0.08,,,610g
아이스티_아샷추 (EX),음료 및 차류,아이스티,100ml,50,0,,,680ml
아이스티_아샷추 (R),음료 및 차류,아이스티,100ml,42,0,,,414ml
아이스티_아샷추 복숭아 아이스티,음료 및 차류,아이스티,100ml,35,0.1,,,591ml
아이스티_아이스티,음료 및 차류,아이스티,100ml,44,0,,,591ml
아이스티_아이스티,음료 및 차류,아이스티,100ml,44,0.03,,,360ml
아이스티_아이스티,음료 및 차류,아이스티,100g,33,0,,,591g
아이스티_아이스티 레몬,음료 및 차류,아이스티,100ml,88,0,,,360ml
아이스티_아이스티 망고추가,음료 및 차류,아이스티,100g,44,0.04,,,475g
아이스티_아이스티 망고추가 빅사이즈,음료 및 차류,아이스티,100g,43,0.03,,,630g
아이스티_아이스티 복숭아,음료 및 차류,아이스티,100ml,88,0,,,360ml
아이스티_아이스티 복숭아 (L),음료 및 차류,아이스티,100g,61,0,,,450g
아이스티_아이스티 복숭아 (R),음료 및 차류,아이스티,100g,46,0,,,400g
아이스티_아이스티 샷추가,음료 및 차류,아이스티,100g,41,0.15,,,464.6
아이스티_아이스티 샷추가 (L),음료 및 차류,아이스티,100g,41,0.23,,,464.6
아이스티_아이스티 샷추가 (XL),음료 및 차류,아이스티,100g,40,0.17,,,657.2
아이스티_아이스티 샷추가 빅사이즈,음료 및 차류,아이스티,100g,40,0.11,,,657.2
아이스티_아이스티샷추가 아샷추,음료 및 차류,아이스티,100ml,37,0.13,,,710ml
아이스티_아이스티샷추가 아샷추 빽사이즈,음료 및 차류,아이스티,100ml,31,0.11,,,946ml
아이스티_아파추 (Grande),음료 및 차류,아이스티,100ml,36,0,,,480ml
아이스티_복숭아아이스티,음료 및 차류,아이스티,100ml,42,0.01,0,10.43,710ml
아이스티_복숭아아이스티,음료 및 차류,아이스티,100g,36,0.03,,,100g
아이스티_복숭아아이스티 (L),음료 및 차류,아이스티,100g,37,0.02,,,438g
아이스티_복숭아아이스티 (XL),음료 및 차류,아이스티,100g,34,0.02,,,624g
아이스티_복숭아아이스티 아이스(ICED),음료 및 차류,아이스티,100g,42,0.01,,,710g
아이스티_빅바나 제로슈가 레몬 아이스티,음료 및 차류,아이스티,100ml,3,0.04,0.01,0.1,940ml
아이스티_빅바나 제로슈가 복숭아 아이스티,음료 및 차류,아이스티,100ml,1,0.04,0.04,0,940ml
아이스티_샤인 매실 아이스티,음료 및 차류,아이스티,100g,44,0.24,,,415g
아이스티_아망추,음료 및 차류,아이스티,100ml,42,0.14,,,710ml
아이스티_아망추 (EX),음료 및 차류,아이스티,100ml,56,0.15,,,680ml
아이스티_아망추 (Grande),음료 및 차류,아이스티,100ml,39,0.21,,,480ml
아이스티_아망추 (Mini Venti),음료 및 차류,아이스티,100ml,34,0.18,,,570ml
아이스티_아망추 (R),음료 및 차류,아이스티,100ml,53,0.24,,,414ml
아이스티_아망추 (Venti),음료 및 차류,아이스티,100ml,35,0.14,,,720ml
아이스티_아망추 빽사이즈,음료 및 차류,아이스티,100ml,58,0.21,,,946ml
아이스티_아샷망추,음료 및 차류,아이스티,100ml,44,0.56,,,710ml
아이스티_아샷망추 빽사이즈,음료 및 차류,아이스티,100ml,53,0.32,,,946ml
아이스티_아샷추,음료 및 차류,아이스티,100ml,47,0,,,591ml
아이스티_아샷추,음료 및 차류,아이스티,100ml,38,0.21,,,473ml
스무디_린1 다크초코 스무디 (R),음료 및 차류,스무디,100ml,50,2.11,,,473ml
아이스티_복숭아 아이스티,음료 및 차류,아이스티,100g,51,0.06,0.08,12.4,100g
아이스티_복숭아 아이스티,음료 및 차류,아이스티,100g,37,0,0,,420g
아이스티_복숭아 아이스티,음료 및 차류,아이스티,100g,34,0.02,,,591g
아이스티_복숭아 아이스티,음료 및 차류,아이스티,100ml,40,0,,,414ml
아이스티_복숭아 아이스티,음료 및 차류,아이스티,100ml,39,0,,,420ml
아이스티_복숭아 아이스티,음료 및 차류,아이스티,100g,37,0.02,,,438g
아이스티_복숭아 아이스티,음료 및 차류,아이스티,100g,35,0,,,510g
아이스티_복숭아 아이스티 (EX),음료 및 차류,아이스티,100ml,48,0,,,680ml
아이스티_복숭아 아이스티 (L),음료 및 차류,아이스티,100g,54,0,,,450g
아이스티_복숭아 아이스티 (L),음료 및 차류,아이스티,100g,29,0,,,946g
아이스티_복숭아 아이스티 (M),음료 및 차류,아이스티,100g,28,0,,,591g
아이스티_복숭아 아이스티 (R),음료 및 차류,아이스티,100g,33,0,,,400g
아이스티_복숭아 아이스티 (V),음료 및 차류,아이스티,100g,30,0,,,600g
아이스티_복숭아 아이스티 빅사이즈,음료 및 차류,아이스티,100g,34,0.02,,,624g
아이스티_복숭아 아이스티 코코넛젤리 (Venti),음료 및 차류,아이스티,100ml,28,0.06,,,650ml
아이스티_복숭아 아이스티 코코넛젤리 (초대용량),음료 및 차류,아이스티,100ml,28,0.06,,,850ml
아이스티_복숭아 크러쉬 아이스티 (XL),음료 및 차류,아이스티,100g,48,0,,,660g
아이스티_복숭아숭숭 아이스(ICED) (L),음료 및 차류,아이스티,100g,38,0,,8.56,946g
스무디_린1 다크초코 스무디 (L),음료 및 차류,스무디,100ml,50,2.2,,,591ml
아이스티_딸기 아이스 티,음료 및 차류,아이스티,100ml,23,0,,,473ml
아이스티_딸기 아이스티,음료 및 차류,아이스티,100g,23,0,,,473g
아이스티_라즈베리 아이스티 (R),음료 및 차류,아이스티,100g,31,0,,,390g
아이스티_라즈베리 아이스티 (V),음료 및 차류,아이스티,100g,30,0,,,610g
아이스티_레몬 아이스티,음료 및 차류,아이스티,100ml,38,0,,,420ml
아이스티_레몬 아이스티,음료 및 차류,아이스티,100g,35,0,,,510g
아이스티_레몬 아이스티,음료 및 차류,아이스티,100ml,38,0,,,414ml
아이스티_레몬 아이스티 (EX),음료 및 차류,아이스티,100ml,47,0,,,680ml
아이스티_레몬 아이스티 (L),음료 및 차류,아이스티,100g,27,0,,,946g
아이스티_레몬 아이스티 (M),음료 및 차류,아이스티,100g,26,0,,,591g
아이스티_레몬 크러쉬 아이스티 (XL),음료 및 차류,아이스티,100g,48,0,,,660g
아이스티_레몬아이스티,음료 및 차류,아이스티,100g,34,0,,,460g
아이스티_레몬아이스티,음료 및 차류,아이스티,100g,37,0.02,,,100g
아이스티_로즈 오로라 아이스티,음료 및 차류,아이스티,100g,61,0,,,470g
아이스티_리치 히비 빅 아이스티 (V),음료 및 차류,아이스티,100g,19,0.05,,,610g
아이스티_망고홍차 아이스티,음료 및 차류,아이스티,100ml,25,0.03,0.01,6.15,650ml
아이스티_복숭아 아이스티,음료 및 차류,아이스티,100g,40,0,,,595g
피자_치즈 피자 씬 (M),빵 및 과자류,피자,100g,311,15.05,17.54,23.32,233g
아이스크림_호키포키 바닐라 아이스크림,유제품류 및 빙과류,아이스크림,100g,121,2,,,100g
아이스크림_홍시 아이스드림,유제품류 및 빙과류,아이스크림,100g,176,2,,,300g
아이스크림_화이트초콜릿라즈베리 아이스크림,유제품류 및 빙과류,아이스크림,100g,114,2,,,100g
아이스크림_흑당 아이스크림,유제품류 및 빙과류,아이스크림,100g,162,1.94,1.74,34.19,100g
아이스크림_흑당아츄 아이스크림,유제품류 및 빙과류,아이스크림,100g,202,2.56,4.62,37.44,100g
아이스크림_흑백쿠키의 정석,유제품류 및 빙과류,아이스크림,100g,239,2.95,8.86,36.9,271g
아이스티_NEW 복숭아 아이스티,음료 및 차류,아이스티,100ml,9,0.03,0.03,2.11,650ml
아이스티_NEW복숭아아이스티,음료 및 차류,아이스티,100g,31,0.01,0.11,7.54,650g
아이스티_납작복숭아 아이스티 (L),음료 및 차류,아이스티,100ml,33,0.04,,,473ml
아이스티_납작복숭아 아이스티 (R),음료 및 차류,아이스티,100ml,33,0.05,,,415ml
아이스티_납작복숭아 아이스티 (V),음료 및 차류,아이스티,100ml,33,0.04,,,576ml
아이스티_달콤아이스티,음료 및 차류,아이스티,100ml,38,0.11,,,710ml
아이스티_달콤아이스티 빽사이즈,음료 및 차류,아이스티,100ml,43,0.11,,,946ml
아이스티_달콤아이스티 아이스(ICED) 빽사이즈,음료 및 차류,아이스티,100g,43,0.11,,,950g
아이스티_디카페인 아샷추 (EX),음료 및 차류,아이스티,100ml,49,0,,,680ml
아이스티_디카페인 아샷추 (R),음료 및 차류,아이스티,100ml,41,0,,,414ml
아이스티_디카페인 아샷추 아이스티,음료 및 차류,아이스티,100g,34,0,,,591g
아이스티_디카페인 제로슈가 아샷추 (R),음료 및 차류,아이스티,100ml,3,0,,,414ml
아이스크림_한입 요거트 딸기,유제품류 및 빙과류,아이스크림,100ml,153,2,,,150ml
아이스크림_한입 요거트 마시멜로우,유제품류 및 빙과류,아이스크림,100g,179,2.26,,,133g
아이스크림_한입 요거트 망고,유제품류 및 빙과류,아이스크림,100ml,181,2,,,150ml
아이스크림_한입 요거트 복숭아,유제품류 및 빙과류,아이스크림,100ml,181,2,,,150ml
아이스크림_한입 요거트 블루베리,유제품류 및 빙과류,아이스크림,100ml,155,2,,,150ml
아이스크림_한입 요거트 자몽,유제품류 및 빙과류,아이스크림,100g,135,1.79,,,193g
아이스크림_한입 요거트 초코,유제품류 및 빙과류,아이스크림,100ml,143,2.86,,,235ml
아이스크림_한입 요거트 치즈,유제품류 및 빙과류,아이스크림,100ml,143,2.86,,,235ml
아이스크림_한입 요거트 코코젤리,유제품류 및 빙과류,아이스크림,100g,125,1.64,,,183g
아이스크림_한입 요거트 타피오카펄,유제품류 및 빙과류,아이스크림,100g,160,1.64,,,183g
아이스크림_한입 요거트 트로피칼,유제품류 및 빙과류,아이스크림,100g,181,2,,,150g
아이스크림_한입 요거트 파인애플,유제품류 및 빙과류,아이스크림,100g,342,2.77,,,193g
아이스크림_한입 요거트 홍시,유제품류 및 빙과류,아이스크림,100g,162,1.72,,,193g
아이스크림_행운 찰떡의 정석,유제품류 및 빙과류,아이스크림,100g,200,3.75,2.92,39.59,240g
아이스크림_허니 레몬 젤라또,유제품류 및 빙과류,아이스크림,100g,129,1.6,,,100g
아이스크림_허니 크런치,유제품류 및 빙과류,아이스크림,100g,230,3.48,,,115g
아이스크림_헤이즐넛 초코렛 젤라또,유제품류 및 빙과류,아이스크림,100g,193,4.2,,,100g
아이스크림_헤이즐넛초콜렛 젤라또,유제품류 및 빙과류,아이스크림,100g,193,4.2,,,100g
아이스크림_프루티 스트로베리,유제품류 및 빙과류,아이스크림,100ml,177,2.5,,,120ml
아이스크림_프룻포레스트 요거트 아이스크림,유제품류 및 빙과류,아이스크림,100g,180,3.7,,,100g
아이스크림_프_츠 커피 아이스크림,유제품류 및 빙과류,아이스크림,100g,227,4.35,11.3,26.96,115g
아이스크림_플레인 밀크 아이스크림,유제품류 및 빙과류,아이스크림,100g,79,2.83,,,120g
아이스크림_플레인 요거트 아이스크림,유제품류 및 빙과류,아이스크림,100g,183,1.82,,,110g
아이스크림_플레인 요거트 아이스크림 (2인),유제품류 및 빙과류,아이스크림,100g,186,2.73,,,220g
아이스크림_플레인 요거트 아이스크림 (3인),유제품류 및 빙과류,아이스크림,100g,186,2.73,,,330g
아이스크림_플레인 요거트 아이스크림(2인),유제품류 및 빙과류,아이스크림,100g,170,2.5,,,240g
아이스크림_피나콜라다 아이스크림,유제품류 및 빙과류,아이스크림,100g,173,0.87,2.61,36.52,115g
아이스크림_피넛버터 & 젤리 젤라또,유제품류 및 빙과류,아이스크림,100g,202,5.4,,,100g
아이스크림_피넛카라멜 토핑요거트,유제품류 및 빙과류,아이스크림,100g,335,5.3,,,211.2
아이스크림_피스타치오 아몬드,유제품류 및 빙과류,아이스크림,100g,263,6.09,,,115g
아이스크림_피스타치오 젤라또,유제품류 및 빙과류,아이스크림,100g,206,5,,,100g
아이스크림_피스타치오아몬드 아이스크림,유제품류 및 빙과류,아이스크림,100g,263,6.09,15.65,24.35,115g
아이스크림_피치 Pang 망고 Pang,유제품류 및 빙과류,아이스크림,100g,176,0.87,,,115g
아이스크림_피치 요거트,유제품류 및 빙과류,아이스크림,100g,192,1.74,,,115g
아이스크림_피치 요거트 아이스크림,유제품류 및 빙과류,아이스크림,100g,192,1.74,3.57,38.26,115g
아이스크림_하루한번하늘 그릭요거트,유제품류 및 빙과류,아이스크림,100g,247,20.36,,,165g
아이스크림_토핑요거트 플레인 (M),유제품류 및 빙과류,아이스크림,100g,171,2.4,,,350g
아이스크림_토핑요거트 플레인 (S),유제품류 및 빙과류,아이스크림,100g,171,2.4,,,200g
아이스크림_토핑요거트 홍시,유제품류 및 빙과류,아이스크림,100g,179,1.76,,,300g
아이스크림_투둠초콜릿 프레첼 아이스크림,유제품류 및 빙과류,아이스크림,100g,237,3.48,11.3,30.43,115g
아이스크림_트로피컬 썸머 플레이,유제품류 및 빙과류,아이스크림,100g,162,0.87,,,115g
아이스크림_트로피컬 콜라다,유제품류 및 빙과류,아이스크림,100g,110,0.87,,,115g
아이스크림_트리플민초 아이스크림 레디팩,유제품류 및 빙과류,아이스크림,100g,203,3.9,,,100g
아이스크림_트윈베리 아사이볼,유제품류 및 빙과류,아이스크림,100g,151,2.14,2.86,33.21,280g
아이스크림_티라미수 밀크 아이스크림,유제품류 및 빙과류,아이스크림,100ml,100,2.5,,,120ml
아이스크림_티라미수 젤라또,유제품류 및 빙과류,아이스크림,100g,207,4,,,100g
아이스크림_티라미수 젤라또,유제품류 및 빙과류,아이스크림,100g,165,4.2,,,100g
아이스크림_파인애플 젤라또,유제품류 및 빙과류,아이스크림,100g,133,0,,,100g
아이스크림_파핑파핑 바나나 아이스크림,유제품류 및 빙과류,아이스크림,100g,205,2.61,10.43,25.22,115g
아이스크림_팝핑 스타 라이즈 아이스크림,유제품류 및 빙과류,아이스크림,100g,210,1.74,7.83,33.04,115g
아이스크림_팥있는 말차당,유제품류 및 빙과류,아이스크림,100g,210,3.48,,,115g
아이스크림_퐁스크림,유제품류 및 빙과류,아이스크림,100g,175,2.46,,,100g
아이스크림_프루티 망고,유제품류 및 빙과류,아이스크림,100ml,173,2.5,,,120ml
아이스크림_프루티 블루베리,유제품류 및 빙과류,아이스크림,100ml,151,1.48,,,135ml
아이스크림_탕탕 스트로베리,유제품류 및 빙과류,아이스크림,100g,186,1.74,,,115g
아이스크림_토네이도더블초코,유제품류 및 빙과류,아이스크림,100g,186,2.74,,,190g
아이스크림_토네이도망고젤리,유제품류 및 빙과류,아이스크림,100g,155,2,,,190g
아이스크림_토네이도스트로베리,유제품류 및 빙과류,아이스크림,100g,157,2.25,,,177g
아이스크림_토네이도요거트맛 망고젤리,유제품류 및 빙과류,아이스크림,100g,153,1.91,,,200g
아이스크림_토네이도요거트맛 스트로베리,유제품류 및 빙과류,아이스크림,100g,155,2.15,,,187g
아이스크림_토네이도요거트맛 초코쿠키,유제품류 및 빙과류,아이스크림,100g,176,2.68,,,185g
아이스크림_토네이도초코쿠키,유제품류 및 빙과류,아이스크림,100g,179,2.82,,,175g
아이스크림_토핑요거트 딸기,유제품류 및 빙과류,아이스크림,100g,147,1.89,,,315g
아이스크림_토핑요거트 망고,유제품류 및 빙과류,아이스크림,100g,155,1.85,,,315g
아이스크림_토핑요거트 복숭아,유제품류 및 빙과류,아이스크림,100g,148,1.68,,,315g
아이스크림_토핑요거트 블루베리,유제품류 및 빙과류,아이스크림,100g,148,1.73,,,315g
아이스크림_토핑요거트 자몽,유제품류 및 빙과류,아이스크림,100g,149,1.83,,,300g
아이스크림_토핑요거트 초코브라우니,유제품류 및 빙과류,아이스크림,100g,206,2.83,,,230g
아이스크림_토핑요거트 치즈,유제품류 및 빙과류,아이스크림,100g,208,3.39,,,230g
아이스크림_토핑요거트 파인애플,유제품류 및 빙과류,아이스크림,100g,333,2.67,,,300g
아이스크림_토핑요거트 플레인 (L),유제품류 및 빙과류,아이스크림,100g,171,2.4,,,500g
피자_치즈 피자 씬바샤삭 (L),빵 및 과자류,피자,100g,360,16.67,,,455g
아이스크림_카카오맘보 아사이볼,유제품류 및 빙과류,아이스크림,100g,182,2.64,5.61,33.99,303g
아이스크림_카페 모카 젤라또,유제품류 및 빙과류,아이스크림,100g,159,3.3,,,100g
아이스크림_카페 에스프레소 아이스크림,유제품류 및 빙과류,아이스크림,100g,126,2,,,100g
아이스크림_카페오레 초코 크런치,유제품류 및 빙과류,아이스크림,100g,250,3.48,,,115g
아이스크림_캠핑 앤 스모어 아이스크림,유제품류 및 빙과류,아이스크림,100g,244,3.48,11.3,32.17,115g
아이스크림_컬러후레이크 아이스크림,유제품류 및 빙과류,아이스크림,100g,398,5.21,14.58,61.46,96g
아이스크림_코코넛허니시트러스 요거트아이스크림,유제품류 및 빙과류,아이스크림,100g,141,2.67,,,330g
아이스크림_콘 아이스크림,유제품류 및 빙과류,아이스크림,100g,323,5.31,11.33,49.9,98g
아이스크림_콜드브루 리코타치즈 아포가토 디카페인,유제품류 및 빙과류,아이스크림,100g,155,1.95,,,205g
아이스크림_콜드브루 바닐라 아포가토 디카페인,유제품류 및 빙과류,아이스크림,100g,159,1.95,,,205g
아이스크림_쿠키 & 크림 젤라또,유제품류 및 빙과류,아이스크림,100g,168,3.6,,,100g
아이스크림_쿠키 아이스크림,유제품류 및 빙과류,아이스크림,100g,187,2.92,,,100g
아이스크림_쿠키앤크림 아이스크림,유제품류 및 빙과류,아이스크림,100g,198,4.35,10.43,21.74,115g
아이스크림_쿠키앤크림 아이스크림,유제품류 및 빙과류,아이스크림,100g,130,2,,,100g
아이스크림_크리미 요거트 젤라또,유제품류 및 빙과류,아이스크림,100g,172,3.2,,,100g
아이스크림_크리스피 아이스크림 콘,유제품류 및 빙과류,아이스크림,100g,172,3.03,,,165g
아이스크림_키세스 브라우니 초콜릿,유제품류 및 빙과류,아이스크림,100g,243,4.35,,,115g
아이스크림_키위 아이스드림,유제품류 및 빙과류,아이스크림,100g,169,2,,,300g
아이스크림_초콜릿 아포가토,유제품류 및 빙과류,아이스크림,100g,216,3.74,,,107g
아이스크림_초콜릿 칩 아이스크림,유제품류 및 빙과류,아이스크림,100g,233,3.48,13.91,23.48,115g
아이스크림_초콜릿무스,유제품류 및 빙과류,아이스크림,100g,277,4.35,,,115g
아이스크림_초콜릿무스 아이스크림,유제품류 및 빙과류,아이스크림,100g,277,4.35,15.65,29.57,115g
아이스크림_초콜릿파르페 아이스(ICED) (Short),유제품류 및 빙과류,아이스크림,100g,259,3.27,,,245g
아이스크림_춘식이가 반할수박에 아이스크림,유제품류 및 빙과류,아이스크림,100g,143,0,0.87,33.91,115g
아이스크림_춘식이의 고구마얌,유제품류 및 빙과류,아이스크림,100g,201,2.61,,,115g
아이스크림_츄로 젤라또,유제품류 및 빙과류,아이스크림,100g,214,4,,,100g
아이스크림_치즈 고구마구마,유제품류 및 빙과류,아이스크림,100g,213,3.48,,,115g
아이스크림_치즈가 브러우니,유제품류 및 빙과류,아이스크림,100g,206,3.48,,,115g
아이스크림_치즈케이크마카롱판타지 요거트아이스크림,유제품류 및 빙과류,아이스크림,100g,222,4.46,,,296g
아이스크림_치즈큐브 블루베리,유제품류 및 빙과류,아이스크림,100ml,193,2.78,,,144ml
아이스크림_치즈큐브 스트로베리,유제품류 및 빙과류,아이스크림,100ml,179,2.48,,,161ml
아이스크림_치토스 밀크쉐이크 아이스크림 아이스크림,유제품류 및 빙과류,아이스크림,100g,216,3.48,,,115g
아이스크림_카라멜 아이스크림,유제품류 및 빙과류,아이스크림,100g,387,5.51,18.06,50.41,98g
아이스크림_카라멜 젤라또,유제품류 및 빙과류,아이스크림,100g,171,3.2,,,100g
아이스크림_카초멜리아 젤라또,유제품류 및 빙과류,아이스크림,100g,182,3.7,,,100g
아이스크림_카카오골드 젤라또,유제품류 및 빙과류,아이스크림,100g,187,85,,,100g
아이스크림_초코 코코넛 젤라또,유제품류 및 빙과류,아이스크림,100g,214,4,,,100g
아이스크림_초코 티라미스크림,유제품류 및 빙과류,아이스크림,100g,277,3.16,,,172g
아이스크림_초코 퐁당 쿠키런 아이스크림,유제품류 및 빙과류,아이스크림,100g,280,3.48,15.65,31.3,115g
아이스크림_초코  우리 이제 헤이즐넛,유제품류 및 빙과류,아이스크림,100g,239,4.35,,,115g
아이스크림_초코나무 숲,유제품류 및 빙과류,아이스크림,100g,262,3.48,,,115g
아이스크림_초코나무숲 아이스크림,유제품류 및 빙과류,아이스크림,100g,252,6.09,12.17,29.57,115g
아이스크림_초코넛 마카다미아 아이스크림,유제품류 및 빙과류,아이스크림,100g,235,3.48,12.17,27.83,115g
아이스크림_초코렛 젤라또,유제품류 및 빙과류,아이스크림,100g,193,4.3,,,100g
아이스크림_초코릿 엑스타시 아이스크림,유제품류 및 빙과류,아이스크림,100g,132,2,,,100g
아이스크림_초코아츄 아이스크림,유제품류 및 빙과류,아이스크림,100g,201,3.64,7.27,30.3,100g
아이스크림_초코야 민트해 아이스크림,유제품류 및 빙과류,아이스크림,100g,283,3.48,15.65,32.17,115g
아이스크림_초코에 반한 딸기의 정석,유제품류 및 빙과류,아이스크림,100g,204,3,10,25.33,300g
아이스크림_초코에 반한 오자몽의 정석,유제품류 및 빙과류,아이스크림,100g,176,2.55,6.38,27.03,470g
아이스크림_초코자몽의 정석,유제품류 및 빙과류,아이스크림,100g,144,1.94,2.58,27.42,310g
아이스크림_초코쿠키 아이스크림,유제품류 및 빙과류,아이스크림,100g,186,3.43,,,146g
아이스크림_초코크런치 젤라또,유제품류 및 빙과류,아이스크림,100g,243,2.86,,,140g
아이스크림_초콜릿,유제품류 및 빙과류,아이스크림,100g,238,4.35,,,115g
아이스크림_초콜릿 아이스크림,유제품류 및 빙과류,아이스크림,100g,238,4.35,12.17,27.83,115g
아이스크림_쫀떡궁합,유제품류 및 빙과류,아이스크림,100g,245,4.35,,,115g
아이스크림_쫀떡궁합 아이스크림,유제품류 및 빙과류,아이스크림,100g,245,4.35,12.17,29.57,115g
아이스크림_찰떡꽁떡 아이스크림,유제품류 및 빙과류,아이스크림,100g,140,3,,,100g
아이스크림_찰떡이구마,유제품류 및 빙과류,아이스크림,100g,214,3.48,,,115g
아이스크림_찰떡이구마 아이스크림,유제품류 및 빙과류,아이스크림,100g,210,3.48,7.83,31.3,115g
아이스크림_찰떡팥 젤라또 (더블),유제품류 및 빙과류,아이스크림,100g,146,1.11,,,180g
아이스크림_찰떡팥 젤라또 (싱글),유제품류 및 빙과류,아이스크림,100g,147,1.11,,,90g
아이스크림_청포도 샤베트,유제품류 및 빙과류,아이스크림,100g,152,0,,,115g
아이스크림_청포도 아이스크림,유제품류 및 빙과류,아이스크림,100g,146,1.82,,,100g
아이스크림_체리 크림 젤라또,유제품류 및 빙과류,아이스크림,100g,206,3,,,100g
아이스크림_체리&딸기 코파 젤라또,유제품류 및 빙과류,아이스크림,100g,180,1.74,,,114.8
아이스크림_체리쥬빌레,유제품류 및 빙과류,아이스크림,100g,208,2.61,,,115g
아이스크림_체리쥬빌레 아이스크림,유제품류 및 빙과류,아이스크림,100g,208,2.61,9.57,27.83,115g
아이스크림_체리쥬빌레 아이스크림 레디팩,유제품류 및 빙과류,아이스크림,100g,187,2.58,,,100g
아이스크림_초코 아몬드 봉봉 아이스크림,유제품류 및 빙과류,아이스크림,100g,268,5.22,13.91,30.43,115g
아이스크림_초코 아이스크림,유제품류 및 빙과류,아이스크림,100g,350,6.95,11.83,53.66,82g
아이스크림_초코 아이스크림,유제품류 및 빙과류,아이스크림,100g,165,3.06,,,100g
아이스크림_초코 아이스크림,유제품류 및 빙과류,아이스크림,100g,152,3.2,4.8,24,100g
피자_페퍼로니 피자,빵 및 과자류,피자,100g,184,10,,,100g
피자_페퍼로니 피자,빵 및 과자류,피자,100g,243,12.63,,,100g
피자_페퍼로니 피자,빵 및 과자류,피자,100g,275,12.9,,,283g
피자_페퍼로니 피자,빵 및 과자류,피자,100g,303,15.07,13.01,25.34,1170g
피자_페퍼로니 피자 (12인치),빵 및 과자류,피자,100g,250,11.33,,,100g
피자_페퍼로니 피자 (7인치),빵 및 과자류,피자,100g,267,13.33,,,180g
피자_페퍼로니 피자 (F),빵 및 과자류,피자,100g,281,11.11,,,863g
피자_페퍼로니 피자 (L),빵 및 과자류,피자,100g,352,7.67,,,805g
피자_페퍼로니 피자 (L),빵 및 과자류,피자,100g,277,15.23,,,604g
피자_페퍼로니 피자 (L),빵 및 과자류,피자,100g,262,12.15,,,945.2
피자_페퍼로니 피자 (L),빵 및 과자류,피자,100g,279,14.92,8.9,32.59,832g
피자_페퍼로니 피자 (L),빵 및 과자류,피자,100g,289,16.04,,,844g
피자_페퍼로니 피자 (L),빵 및 과자류,피자,100g,373,8.1,,,636g
피자_페퍼로니 피자 (L),빵 및 과자류,피자,100g,293,14.29,,,845g
피자_페퍼로니 피자 (L),빵 및 과자류,피자,100g,289,15.33,,,600g
피자_페퍼로니 피자 (L),빵 및 과자류,피자,100g,311,17.82,,,652g
피자_페퍼로니 피자 (L),빵 및 과자류,피자,100g,282,11.25,,,641g
피자_페퍼로니 피자 (L),빵 및 과자류,피자,100g,271,13.09,,,605g
피자_페퍼로니 피자 (L),빵 및 과자류,피자,100g,292,15.25,,,590g
피자_전주불백피자 (L),빵 및 과자류,피자,100g,219,10.33,,,950g
피자_페퍼로니 스파이시 갈릭 치즈롤 (F),빵 및 과자류,피자,100g,298,13.1,,,1099
피자_페퍼로니 스파이시 갈릭 치즈롤 (L),빵 및 과자류,피자,100g,297,13.38,,,836.4
피자_페퍼로니 스파이시 갈릭 치즈롤 (P),빵 및 과자류,피자,100g,297,13.08,,,1376
피자_페퍼로니 시카고 피자,빵 및 과자류,피자,100g,318,13.99,,24.48,100g
피자_페퍼로니 시카고 피자,빵 및 과자류,피자,100g,265,12.85,,,100g
피자_페퍼로니 씬,빵 및 과자류,피자,100g,315,12.25,,,848.7
피자_페퍼로니 치즈롤 (F),빵 및 과자류,피자,100g,291,12.74,,,1130
피자_페퍼로니 치즈롤 (L),빵 및 과자류,피자,100g,291,13.18,,,849.8
피자_페퍼로니 치즈롤 (P),빵 및 과자류,피자,100g,291,12.65,,,1423
피자_페퍼로니 크루아상,빵 및 과자류,피자,100g,336,11.39,,,565.8
피자_페퍼로니 플러스 1인피자,빵 및 과자류,피자,100g,319,14.83,,,187g
피자_페퍼로니 플러스 피자 오리진 (L),빵 및 과자류,피자,100g,275,13.87,,,794g
피자_페퍼로니 플러스 피자 오리진 (M),빵 및 과자류,피자,100g,288,15.42,,,508g
피자_페퍼로니 플러스 피자 오리진 (R),빵 및 과자류,피자,100g,149,7.94,,,502g
피자_페퍼로니 플러스 피자 치즈캡 (L),빵 및 과자류,피자,100g,274,15.13,,,916.8
피자_페퍼로니 플러스 피자 치즈캡 (M),빵 및 과자류,피자,100g,285,16.67,,,603.5
피자_페퍼로니 플러스 피자 치즈캡 (R),빵 및 과자류,피자,100g,296,17.45,,,598g
피자_페퍼로니 피자,빵 및 과자류,피자,100g,307,16.19,10,37.62,565g
피자_페파로니팬(L),빵 및 과자류,피자,100g,250,13.23,,,865g
피자_페파로니팬(R),빵 및 과자류,피자,100g,251,12.61,,,492.8
피자_페파로니흑미스크린(L),빵 및 과자류,피자,100g,241,13.08,,,803.2
피자_페파로니흑미스크린(R),빵 및 과자류,피자,100g,237,12.58,,,420.6
피자_페파로니흑미치즈크러스트(L),빵 및 과자류,피자,100g,233,13.34,,,898.2
피자_페파로니흑미치즈크러스트(R),빵 및 과자류,피자,100g,227,12.99,,,488.4
피자_페파불나 피자 (L),빵 및 과자류,피자,100g,288,17,,,1314g
피자_페퍼디언스 피자 (L),빵 및 과자류,피자,100g,257,13.71,,,990g
피자_페퍼디언스 피자 (R),빵 및 과자류,피자,100g,259,14.06,,,770g
피자_페퍼로니 (F),빵 및 과자류,피자,100g,282,11.13,,,862.6
피자_페퍼로니 (L),빵 및 과자류,피자,100g,322,12.87,,,810g
피자_페퍼로니 (L),빵 및 과자류,피자,100g,282,11.24,,,641g
피자_페퍼로니 (P),빵 및 과자류,피자,100g,282,10.94,,,1096
피자_페퍼로니 (R),빵 및 과자류,피자,100g,281,11.02,,,354g
피자_페퍼로니 골드링 (F),빵 및 과자류,피자,100g,299,12.87,,,1119
피자_페퍼로니 골드링 (L),빵 및 과자류,피자,100g,299,12.82,,,748.7
피자_페퍼로니 골드링 (P),빵 및 과자류,피자,100g,299,12.56,,,1512
피자_페퍼로니 골드링 씬,빵 및 과자류,피자,100g,312,11.58,,,1105
피자_페퍼로니 마니아 피자,빵 및 과자류,피자,100g,284,13.22,,,299g
피자_페파로니 피자 흑미스크린치즈크러스트 (R),빵 및 과자류,피자,100g,227,12.35,,,486g
피자_페파로니 피자바이트 (L),빵 및 과자류,피자,100g,280,13.77,,,848g
피자_페파로니고구마크러스트(L),빵 및 과자류,피자,100g,244,12.04,,,960g
피자_페파로니고구마크러스트(R),빵 및 과자류,피자,100g,245,11.43,,,549.8
피자_페파로니밀스크린(L),빵 및 과자류,피자,100g,255,13.18,,,829.6
피자_페파로니밀스크린(R),빵 및 과자류,피자,100g,250,12.68,,,433.8
피자_페파로니밀스크린치즈크러스트(L),빵 및 과자류,피자,100g,246,13.42,,,924.6
피자_페파로니밀스크린치즈크러스트(R),빵 및 과자류,피자,100g,239,13.07,,,501.6
피자_페파로니백미스크린(L),빵 및 과자류,피자,100g,248,13.18,,,798.8
피자_페파로니백미스크린(R),빵 및 과자류,피자,100g,244,12.67,,,418.4
피자_페파로니백미치즈크러스트(L),빵 및 과자류,피자,100g,239,13.43,,,893.8
피자_페파로니백미치즈크러스트(R),빵 및 과자류,피자,100g,233,13.07,,,486.2
피자_페파로니씬(L),빵 및 과자류,피자,100g,260,14.14,,,600g
피자_페파로니씬(R),빵 및 과자류,피자,100g,261,13.3,,,333g
피자_페파로니체다크림크러스트(L),빵 및 과자류,피자,100g,246,12.54,,,965g
피자_페파로니체다크림크러스트(R),빵 및 과자류,피자,100g,247,11.96,,,552.8
피자_페파로니치즈크러스트(L),빵 및 과자류,피자,100g,242,13.46,,,960g
피자_페파로니치즈크러스트(R),빵 및 과자류,피자,100g,240,12.96,,,560.7
피자_페파로니 피자 밀스크린체다크림크러스트 (R),빵 및 과자류,피자,100g,246,12.2,,,492g
피자_페파로니 피자 밀스크린치즈크러스트 (L),빵 및 과자류,피자,100g,244,12.93,,,928g
피자_페파로니 피자 밀스크린치즈크러스트 (R),빵 및 과자류,피자,100g,237,13.1,,,504g
피자_페파로니 피자 백미스크린 (L),빵 및 과자류,피자,100g,248,13,,,800g
피자_페파로니 피자 백미스크린 (R),빵 및 과자류,피자,100g,243,12.86,,,420g
피자_페파로니 피자 백미스크린치즈크러스트 (L),빵 및 과자류,피자,100g,238,13.39,,,896g
피자_페파로니 피자 백미스크린치즈크러스트 (R),빵 및 과자류,피자,100g,232,12.35,,,486g
피자_페파로니 피자 씬 (L),빵 및 과자류,피자,100g,260,13.33,,,600g
피자_페파로니 피자 씬 (R),빵 및 과자류,피자,100g,259,12.5,,,336g
피자_페파로니 피자 체다크림크러스트 (L),빵 및 과자류,피자,100g,245,12.4,,,968g
피자_페파로니 피자 체다크림크러스트 (R),빵 및 과자류,피자,100g,248,11.96,,,552g
피자_페파로니 피자 치즈크러스트 (L),빵 및 과자류,피자,100g,241,13.33,,,960g
피자_페파로니 피자 치즈크러스트 (R),빵 및 과자류,피자,100g,241,12.9,,,558g
피자_페파로니 피자 팬 (L),빵 및 과자류,피자,100g,250,12.96,,,864g
피자_페파로니 피자 팬 (R),빵 및 과자류,피자,100g,251,12.2,,,492g
피자_페파로니 피자 흑미스크린 (L),빵 및 과자류,피자,100g,242,13,,,800g
피자_페파로니 피자 흑미스크린 (R),빵 및 과자류,피자,100g,237,12.86,,,420g
피자_페파로니 피자 흑미스크린치즈크러스트 (L),빵 및 과자류,피자,100g,233,13.39,,,896g
피자_전주불백 피자 (R),빵 및 과자류,피자,100g,221,12.79,,,685g
피자_페스티벌 피자 석쇠 (R),빵 및 과자류,피자,100g,251,14.02,,,641g
피자_페스티벌 피자 씬바샤삭 (L),빵 및 과자류,피자,100g,278,13.95,,,690g
피자_페스티벌 피자 씬바샤삭 (R),빵 및 과자류,피자,100g,280,15.57,,,489g
피자_페스티벌 피자 치즈링 (L),빵 및 과자류,피자,100g,250,14.78,,,916g
피자_페스티벌 피자 치즈링 (R),빵 및 과자류,피자,100g,249,15.32,,,741g
피자_페이보릿포 피자,빵 및 과자류,피자,100g,225,9.2,,,437g
피자_페이보릿포 피자 (L),빵 및 과자류,피자,100g,256,10.64,,,750g
피자_페파로니 시카고 피자,빵 및 과자류,피자,100g,288,14.97,10.88,25.17,880g
피자_페파로니 피자 (L),빵 및 과자류,피자,100g,294,14.94,,,683g
피자_페파로니 피자 (L),빵 및 과자류,피자,100g,287,17.65,,,680g
피자_페파로니 피자 (XL),빵 및 과자류,피자,100g,273,10.61,,,1072g
피자_페파로니 피자 고구마크러스트 (L),빵 및 과자류,피자,100g,244,11.67,,,960g
피자_페파로니 피자 고구마크러스트 (R),빵 및 과자류,피자,100g,243,10.87,,,552g
피자_페파로니 피자 밀스크린 (L),빵 및 과자류,피자,100g,254,13.46,,,832g
피자_페파로니 피자 밀스크린 (R),빵 및 과자류,피자,100g,251,12.5,,,432g
피자_페파로니 피자 밀스크린고구마크러스트 (L),빵 및 과자류,피자,100g,247,12.07,,,928g
피자_페파로니 피자 밀스크린고구마크러스트 (R),빵 및 과자류,피자,100g,243,10.98,,,492g
피자_페파로니 피자 밀스크린체다크림크러스트 (L),빵 및 과자류,피자,100g,251,12.93,,,928g
피자_팔자피자 (L),빵 및 과자류,피자,100g,256,10.98,,,1065g
피자_팔자피자 (R),빵 및 과자류,피자,100g,242,10.83,,,450g
피자_팔자피자 (XL),빵 및 과자류,피자,100g,270,10.98,,,1175g
피자_패티크러쉬 피자 (L),빵 및 과자류,피자,100g,254,13.15,,,1004g
피자_퍼펙트골드 피자 고구마크러스트 (L),빵 및 과자류,피자,100g,217,13.1,,,1160g
피자_퍼펙트골드 피자 고구마크러스트 (R),빵 및 과자류,피자,100g,217,11.3,,,690g
피자_퍼펙트골드 피자 밀스크린고구마크러스트 (L),빵 및 과자류,피자,100g,219,11.35,,,1128g
피자_퍼펙트골드 피자 밀스크린고구마크러스트 (R),빵 및 과자류,피자,100g,213,11.43,,,630g
피자_퍼펙트골드고구마크러스트(L),빵 및 과자류,피자,100g,215,11.39,,,1160g
피자_퍼펙트골드고구마크러스트(R),빵 및 과자류,피자,100g,217,11.21,,,687.8
피자_퍼펙트골드밀스크린고구마크러스트(L),빵 및 과자류,피자,100g,217,11.3,,,1124
피자_퍼펙트골드밀스크린고구마크러스트(R),빵 및 과자류,피자,100g,214,11.13,,,628.8
피자_펍스리라차 피자,빵 및 과자류,피자,100g,241,12.36,,,1000g
피자_페스티벌 피자 골드스윗 (L),빵 및 과자류,피자,100g,261,13.82,,,986g
피자_페스티벌 피자 골드스윗 (R),빵 및 과자류,피자,100g,257,12.98,,,786g
피자_페스티벌 피자 리코타링 (L),빵 및 과자류,피자,100g,260,14.29,,,896g
피자_페스티벌 피자 리코타링 (R),빵 및 과자류,피자,100g,259,14.17,,,721g
피자_페스티벌 피자 석쇠 (L),빵 및 과자류,피자,100g,251,14,,,796g
피자_트리플콤보흑미치즈크러스트(L),빵 및 과자류,피자,100g,215,12.98,,,1098
피자_트리플콤보흑미치즈크러스트(R),빵 및 과자류,피자,100g,211,11.1,,,585.5
피자_트윈폴더 피자 씬 (L),빵 및 과자류,피자,100g,241,13.53,,,1064g
피자_트윈폴더 피자 씬 (R),빵 및 과자류,피자,100g,242,13.21,,,636g
피자_파스트라미 피자 (L),빵 및 과자류,피자,100g,137,3.57,,,1769g
피자_파인애플 (L),빵 및 과자류,피자,100g,206,7.86,,,1028g
피자_파인애플 (R),빵 및 과자류,피자,100g,199,7.94,,,698g
피자_파인애플 피자,빵 및 과자류,피자,100g,219,9.32,,28.81,942g
피자_파인애플 피자 (L),빵 및 과자류,피자,100g,241,12.79,,,688g
피자_파인애플 피자 (L),빵 및 과자류,피자,100g,235,8.66,,,1027
피자_파인애플 피자 (L),빵 및 과자류,피자,100g,308,5.84,,,740g
피자_파인애플 피자 (R),빵 및 과자류,피자,100g,227,8.37,,,697.8
피자_파인애플떡갈비 피자 (L),빵 및 과자류,피자,100g,241,11.89,,,1145g
피자_파인애플떡갈비 피자 (R),빵 및 과자류,피자,100g,240,12.2,,,735g
피자_파인애플피자,빵 및 과자류,피자,100g,220,9.32,,,942g
피자_팔도 피자 (L),빵 및 과자류,피자,100g,226,13.68,,,1145g
피자_팔도 피자 (R),빵 및 과자류,피자,100g,226,13.15,,,972g
피자_팔도피자 (L),빵 및 과자류,피자,100g,226,13.16,,,972g
피자_팔도피자 (XL),빵 및 과자류,피자,100g,225,13.24,,,1145g
피자_쟌슨빌콰트로피자 (R),빵 및 과자류,피자,100g,282,13.16,,,522g
피자_트리플콤보밀스크린(L),빵 및 과자류,피자,100g,231,12.83,,,1029
피자_트리플콤보밀스크린(R),빵 및 과자류,피자,100g,228,10.66,,,530.9
피자_트리플콤보밀스크린치즈크러스트(L),빵 및 과자류,피자,100g,226,13.06,,,1124
피자_트리플콤보밀스크린치즈크러스트(R),빵 및 과자류,피자,100g,221,11.21,,,598.7
피자_트리플콤보백미스크린(L),빵 및 과자류,피자,100g,225,12.82,,,998.8
피자_트리플콤보백미스크린(R),빵 및 과자류,피자,100g,222,10.59,,,515.5
피자_트리플콤보백미치즈크러스트(L),빵 및 과자류,피자,100g,220,13.05,,,1093
피자_트리플콤보백미치즈크러스트(R),빵 및 과자류,피자,100g,215,11.16,,,583.3
피자_트리플콤보씬(L),빵 및 과자류,피자,100g,228,13.45,,,800g
피자_트리플콤보씬(R),빵 및 과자류,피자,100g,231,10.66,,,430.1
피자_트리플콤보체다크림크러스트(L),빵 및 과자류,피자,100g,227,12.34,,,1165g
피자_트리플콤보체다크림크러스트(R),빵 및 과자류,피자,100g,229,10.41,,,650g
피자_트리플콤보치즈크러스트(L),빵 및 과자류,피자,100g,223,13.1,,,1160g
피자_트리플콤보치즈크러스트(R),빵 및 과자류,피자,100g,224,11.29,,,657.8
피자_트리플콤보팬(L),빵 및 과자류,피자,100g,228,12.88,,,1065g
피자_트리플콤보팬(R),빵 및 과자류,피자,100g,230,10.8,,,590g
피자_트리플콤보흑미스크린(L),빵 및 과자류,피자,100g,220,12.74,,,1003
피자_트리플콤보흑미스크린(R),빵 및 과자류,피자,100g,217,10.52,,,517.7
피자_트리플콤보 피자 밀스크린치즈크러스트 (R),빵 및 과자류,피자,100g,219,11,,,600g
피자_트리플콤보 피자 백미스크린 (L),빵 및 과자류,피자,100g,225,12.8,,,1000g
피자_트리플콤보 피자 백미스크린 (R),빵 및 과자류,피자,100g,221,10.47,,,516g
피자_트리플콤보 피자 백미스크린치즈크러스트 (L),빵 및 과자류,피자,100g,219,13.14,,,1096g
피자_트리플콤보 피자 백미스크린치즈크러스트 (R),빵 및 과자류,피자,100g,214,11.34,,,582g
피자_트리플콤보 피자 씬 (L),빵 및 과자류,피자,100g,228,13,,,800g
피자_트리플콤보 피자 씬 (R),빵 및 과자류,피자,100g,231,11.11,,,432g
피자_트리플콤보 피자 체다크림크러스트 (L),빵 및 과자류,피자,100g,226,12.33,,,1168g
피자_트리플콤보 피자 체다크림크러스트 (R),빵 및 과자류,피자,100g,230,10.19,,,648g
피자_트리플콤보 피자 치즈크러스트 (L),빵 및 과자류,피자,100g,222,13.1,,,1160g
피자_트리플콤보 피자 치즈크러스트 (R),빵 및 과자류,피자,100g,222,10.91,,,660g
피자_트리플콤보 피자 팬 (R),빵 및 과자류,피자,100g,231,11.22,,,588g
피자_트리플콤보 피자 흑미스크린 (L),빵 및 과자류,피자,100g,221,12.8,,,1000g
피자_트리플콤보 피자 흑미스크린 (R),빵 및 과자류,피자,100g,217,10.47,,,516g
피자_트리플콤보 피자 흑미스크린치즈크러스트 (L),빵 및 과자류,피자,100g,215,13.14,,,1096g
피자_트리플콤보 피자 흑미스크린치즈크러스트 (R),빵 및 과자류,피자,100g,209,11.22,,,588g
피자_트리플콤보고구마크러스트(L),빵 및 과자류,피자,100g,225,11.92,,,1160g
피자_트리플콤보고구마크러스트(R),빵 및 과자류,피자,100g,227,9.95,,,647g
피자_트러플베지테리안 피자 치즈캡 (R),빵 및 과자류,피자,100g,248,14.02,,,658g
피자_트러플포테이토 피자,빵 및 과자류,피자,100g,245,10.78,8.82,30.39,814g
피자_트러플포테이토피자,빵 및 과자류,피자,100g,245,10.94,,,814g
피자_트리플 치즈 비프 피자,빵 및 과자류,피자,100g,303,14.14,,,1043g
피자_트리플 치즈크래프티드 플래츠 (P),빵 및 과자류,피자,100g,297,14.48,,,269g
피자_트리플미트 피자 (L),빵 및 과자류,피자,100g,199,9.12,,,1270g
피자_트리플바비큐 피자 (L),빵 및 과자류,피자,100g,255,14.67,,,856g
피자_트리플치즈프라이 피자 (L),빵 및 과자류,피자,100g,284,10.22,,,1092g
피자_트리플치즈피자 (1인),빵 및 과자류,피자,100g,268,14.87,,,216g
피자_트리플콤보 피자 고구마크러스트 (L),빵 및 과자류,피자,100g,225,11.72,,,1160g
피자_트리플콤보 피자 고구마크러스트 (R),빵 및 과자류,피자,100g,227,10.19,,,648g
피자_트리플콤보 피자 밀스크린 (L),빵 및 과자류,피자,100g,231,13.18,,,1032g
피자_트리플콤보 피자 밀스크린 (R),빵 및 과자류,피자,100g,228,10.23,,,528g
피자_트리플콤보 피자 밀스크린고구마크러스트 (L),빵 및 과자류,피자,100g,227,12.06,,,1128g
피자_트리플콤보 피자 밀스크린고구마크러스트 (R),빵 및 과자류,피자,100g,224,10.2,,,588g
피자_트리플콤보 피자 밀스크린체다크림크러스트 (L),빵 및 과자류,피자,100g,230,12.06,,,1128g
피자_트리플콤보 피자 밀스크린체다크림크러스트 (R),빵 및 과자류,피자,100g,228,10.2,,,588g
피자_트리플콤보 피자 밀스크린치즈크러스트 (L),빵 및 과자류,피자,100g,224,12.77,,,1128g
피자_투움바파스타 피자바이트 (L),빵 및 과자류,피자,100g,233,10.42,,,933g
피자_투움바피자,빵 및 과자류,피자,100g,233,10.68,,,768g
피자_투움바피자바이트,빵 및 과자류,피자,100g,233,10.42,,,933g
피자_트러플 불고기크래프티드 플래츠 (P),빵 및 과자류,피자,100g,262,13.03,,,311g
피자_트러플머쉬룸 피자,빵 및 과자류,피자,100g,226,10.42,7.29,29.57,770g
피자_트러플머쉬룸피자,빵 및 과자류,피자,100g,218,10.47,,,774g
피자_트러플바질알리고피자 (L),빵 및 과자류,피자,100g,262,12.33,,,843g
피자_트러플바질알리고피자 (M),빵 및 과자류,피자,100g,256,11.7,,,598g
피자_트러플바질알리고피자 리치골드크러스트 (L),빵 및 과자류,피자,100g,253,17.94,,,1067g
피자_트러플바질알리고피자 리치골드크러스트 (M),빵 및 과자류,피자,100g,255,12.13,,,771g
피자_트러플바질알리고피자 치즈크러스트 (L),빵 및 과자류,피자,100g,270,12.24,,,930g
피자_트러플바질알리고피자 치즈크러스트 (M),빵 및 과자류,피자,100g,263,12.13,,,684g
피자_트러플버섯 피자 (L),빵 및 과자류,피자,100g,259,13.45,,,592g
피자_트러플버섯 피자바이트 (L),빵 및 과자류,피자,100g,253,12.53,,,757g
피자_트러플베이컨 피자 (L),빵 및 과자류,피자,100g,275,11.58,,,1145
피자_트러플베지테리안 피자 오리진 (L),빵 및 과자류,피자,100g,257,12.57,,,917g
피자_트러플베지테리안 피자 오리진 (R),빵 및 과자류,피자,100g,243,12.06,,,562g
피자_트러플베지테리안 피자 치즈캡 (L),빵 및 과자류,피자,100g,259,13.46,,,1040g
피자_잠봉루꼴라피자,빵 및 과자류,피자,100g,245,12.5,,,637g
피자_통마늘 불고기 피자밀도우(R),빵 및 과자류,피자,100g,70,4.91,,,530g
피자_통마늘 불고기 피자씬도우(L),빵 및 과자류,피자,100g,105,7.35,,,610g
피자_통마늘 불고기 피자씬도우(R),빵 및 과자류,피자,100g,70,4.9,,,430g
피자_통마늘불고기 피자 (L),빵 및 과자류,피자,100g,184,11.74,,,1045g
피자_통마늘불고기 피자 (L),빵 및 과자류,피자,100g,244,11.58,,,1070g
피자_통마늘소불고기피자씬(L),빵 및 과자류,피자,100g,368,15.65,,,1022g
피자_통베이컨할라피뇨 피자 (L),빵 및 과자류,피자,100g,259,14.66,,,928g
피자_통베이컨할라피뇨 피자 (M),빵 및 과자류,피자,100g,258,15.05,,,558g
피자_통삼겹파인(R),빵 및 과자류,피자,100g,280,13.19,,,550g
피자_통삼겹파인(XL),빵 및 과자류,피자,100g,282,13.45,,,951g
피자_통삽겹파인 피자,빵 및 과자류,피자,100g,282,13.45,,,951g
피자_통새우 피자 (L),빵 및 과자류,피자,100g,237,12.37,,,778g
피자_통새우불고기 피자 (L),빵 및 과자류,피자,100g,219,13.33,,,856g
피자_통새우불고기(L),빵 및 과자류,피자,100g,219,13.33,,,857g
피자_통새우불고기(M),빵 및 과자류,피자,100g,219,13.33,,,600g
피자_통새우불고기(R),빵 및 과자류,피자,100g,225,14.17,,,692g
피자_통새우불고기(XL),빵 및 과자류,피자,100g,234,14.18,,,1130g
피자_투움바파스타 피자 (L),빵 및 과자류,피자,100g,233,10.68,,,768g
피자_토핑농장 피자 (L),빵 및 과자류,피자,100g,205,10,,,1328g
피자_토핑킹 피자 더블치즈크러스트 (L),빵 및 과자류,피자,100g,257,14.46,,,1333g
피자_토핑킹 피자 더블치즈크러스트 (M),빵 및 과자류,피자,100g,264,15.08,,,795g
피자_토핑킹 피자 리치골드 (L),빵 및 과자류,피자,100g,253,12.73,,,1379g
피자_토핑킹 피자 리치골드 M,빵 및 과자류,피자,100g,258,12.88,,,835g
피자_토핑킹 피자 프리미엄 오리지널 (L),빵 및 과자류,피자,100g,257,13.59,,,1030g
피자_토핑킹 피자 프리미엄 오리지널 (M),빵 및 과자류,피자,100g,260,13.76,,,582g
피자_토핑킹 피자 프리첼 치즈 (L),빵 및 과자류,피자,100g,255,11.32,,,1276g
피자_토핑킹 피자 프리첼 치즈 (M),빵 및 과자류,피자,100g,262,11.28,,,751g
피자_토핑킹&수퍼슈프림 피자 더블치즈크러스트 (L),빵 및 과자류,피자,100g,252,13.95,,,1261g
피자_토핑킹&수퍼슈프림 피자 리치골드 (L),빵 및 과자류,피자,100g,249,12.15,,,1307g
피자_토핑킹&수퍼슈프림 피자 프리미엄 오리지널 (L),빵 및 과자류,피자,100g,250,12.83,,,962g
피자_토핑킹&수퍼슈프림 피자 프리첼 치즈 (L),빵 및 과자류,피자,100g,251,10.6,,,1204g
피자_통마늘 불고기 피자 밀도우 (L),빵 및 과자류,피자,100g,104,7.37,,,820g
피자_통마늘 불고기 피자 밀도우 (R),빵 및 과자류,피자,100g,70,4.91,,,530g
피자_통마늘 불고기 피자 씬도우 (L),빵 및 과자류,피자,100g,105,7.35,,,610g
피자_통마늘 불고기 피자 씬도우 (R),빵 및 과자류,피자,100g,70,4.9,,,430g
피자_통마늘 불고기 피자밀도우(L),빵 및 과자류,피자,100g,104,7.37,,,820g
피자_이탈리안치즈 피자 바이트 (L),빵 및 과자류,피자,100g,272,15.45,,,765g
피자_킹 브레드 쉬림프 골드 피자 크림치즈 (M),빵 및 과자류,피자,100g,244,14.39,,,874.5
피자_킹 브레드 쉬림프 골드 피자 크림치즈 (R),빵 및 과자류,피자,100g,290,17.39,,,738g
피자_킹새우통치킨 피자 (L),빵 및 과자류,피자,100g,246,12.45,,,965g
피자_킹소시지 피자,빵 및 과자류,피자,100g,260,12.72,,,928g
피자_킹쉬림프 (L),빵 및 과자류,피자,100g,213,9.16,,,964g
피자_킹쉬림프 (R),빵 및 과자류,피자,100g,198,8.2,,,621g
피자_킹쉬림프 피자 (L),빵 및 과자류,피자,100g,233,10.06,,,958.6
피자_킹쉬림프 피자 (R),빵 및 과자류,피자,100g,234,10.18,,,617.3
피자_킹크래미 피자 (XL),빵 및 과자류,피자,100g,273,11.56,,,880g
피자_타코골드 피자 (L),빵 및 과자류,피자,100g,286,16.67,,,881g
피자_탄탄불고기 피자 밀도우 (L),빵 및 과자류,피자,100g,103,8.19,,,860g
피자_탄탄불고기 피자 밀도우 (R),빵 및 과자류,피자,100g,68,5.44,,,540g
피자_탄탄불고기 피자 씬도우 (L),빵 및 과자류,피자,100g,103,8.19,,,650g
피자_탄탄불고기 피자 씬도우 (R),빵 및 과자류,피자,100g,68,5.46,,,440g
피자_탑치즈 피자 (L),빵 및 과자류,피자,100g,327,17.67,,,760g
피자_탑콤비네이션 피자 (L),빵 및 과자류,피자,100g,219,10.02,,,962g
피자_텍사스 폴드포크 (R),빵 및 과자류,피자,100g,269,15.93,,,582g
피자_텍사스 풀드포크 피자 (XL),빵 및 과자류,피자,100g,259,15.32,,,835g
피자_킹 브레드 쉬림프 골드 칠리 피자 에그타르트 (M),빵 및 과자류,피자,100g,250,14.6,,,837.2
피자_킹 브레드 쉬림프 골드 칠리 피자 치즈캡 (L),빵 및 과자류,피자,100g,233,14.69,,,1236
피자_킹 브레드 쉬림프 골드 칠리 피자 치즈캡 (M),빵 및 과자류,피자,100g,245,16.99,,,823.5
피자_킹 브레드 쉬림프 골드 칠리 피자 크림치즈 (L),빵 및 과자류,피자,100g,234,12.33,,,1323
피자_킹 브레드 쉬림프 골드 칠리 피자 크림치즈 (M),빵 및 과자류,피자,100g,244,14.37,,,864.5
피자_킹 브레드 쉬림프 골드 피자 골드 (L),빵 및 과자류,피자,100g,233,13.38,,,1293
피자_킹 브레드 쉬림프 골드 피자 골드 (M),빵 및 과자류,피자,100g,243,15.41,,,847.2
피자_킹 브레드 쉬림프 골드 피자 골드 (R),빵 및 과자류,피자,100g,280,17.39,,,738g
피자_킹 브레드 쉬림프 골드 피자 노엣지 (L),빵 및 과자류,피자,100g,229,13.74,,,1130g
피자_킹 브레드 쉬림프 골드 피자 노엣지 (M),빵 및 과자류,피자,100g,242,16.16,,,738g
피자_킹 브레드 쉬림프 골드 피자 노엣지 (R),빵 및 과자류,피자,100g,242,16.22,,,738g
피자_킹 브레드 쉬림프 골드 피자 에그타르트 (L),빵 및 과자류,피자,100g,239,12.54,,,1293
피자_킹 브레드 쉬림프 골드 피자 에그타르트 (M),빵 및 과자류,피자,100g,250,14.62,,,847.2
피자_킹 브레드 쉬림프 골드 피자 에그타르트 (R),빵 및 과자류,피자,100g,287,16.3,,,738g
피자_킹 브레드 쉬림프 골드 피자 치즈캡 (L),빵 및 과자류,피자,100g,233,14.68,,,1252
피자_킹 브레드 쉬림프 골드 피자 치즈캡 (M),빵 및 과자류,피자,100g,245,16.98,,,833.5
피자_킹 브레드 쉬림프 골드 피자 치즈캡 (R),빵 및 과자류,피자,100g,245,17.31,,,834g
피자_킹 브레드 쉬림프 골드 피자 크림치즈 (L),빵 및 과자류,피자,100g,234,12.34,,,1339
피자_크림치즈볼 피자 리코타링 (L),빵 및 과자류,피자,100g,275,11.97,,,1139g
피자_크림치즈볼 피자 리코타링 (R),빵 및 과자류,피자,100g,275,10.78,,,819g
피자_크림치즈볼 피자 석쇠 (L),빵 및 과자류,피자,100g,269,11.54,,,1039g
피자_크림치즈볼 피자 석쇠 (R),빵 및 과자류,피자,100g,269,11.35,,,739g
피자_크림치즈볼 피자 씬바샤삭 (L),빵 및 과자류,피자,100g,297,10.19,,,861g
피자_크림치즈볼 피자 씬바샤삭 (R),빵 및 과자류,피자,100g,293,10.39,,,616g
피자_크림치즈볼 피자 치즈링 (L),빵 및 과자류,피자,100g,266,12.41,,,1159g
피자_크림치즈볼 피자 치즈링 (R),빵 및 과자류,피자,100g,265,12.38,,,839g
피자_크림치즈포테이토 (L),빵 및 과자류,피자,100g,275,7.1,,,1240g
피자_크림치즈포테이토 피자 (L),빵 및 과자류,피자,100g,246,7.59,,,1260g
피자_클래식치즈 피자,빵 및 과자류,피자,100g,279,14.71,,,250g
피자_킬바사소세지 피자 (L),빵 및 과자류,피자,100g,285,12.83,,,1087g
피자_킬바사소세지피자오리지널(L),빵 및 과자류,피자,100g,285,12.83,,,1087g
피자_킹 브레드 쉬림프 골드 칠리 피자 골드 칠리 (L),빵 및 과자류,피자,100g,233,13.38,,,1277
피자_킹 브레드 쉬림프 골드 칠리 피자 골드 칠리 (M),빵 및 과자류,피자,100g,243,15.4,,,837.2
피자_킹 브레드 쉬림프 골드 칠리 피자 노엣지 (L),빵 및 과자류,피자,100g,229,13.74,,,1114g
피자_킹 브레드 쉬림프 골드 칠리 피자 노엣지 (M),빵 및 과자류,피자,100g,242,16.16,,,728g
피자_킹 브레드 쉬림프 골드 칠리 피자 에그타르트 (L),빵 및 과자류,피자,100g,239,12.52,,,1277
피자_이탈리안미트피자,빵 및 과자류,피자,100g,273,11.02,,,322g
피자_크런치골드 피자 씬 (L),빵 및 과자류,피자,100g,250,12.16,,,1184g
피자_크런치골드 피자 씬 (R),빵 및 과자류,피자,100g,251,12.17,,,690g
피자_크런치골드씬(L),빵 및 과자류,피자,100g,251,12.16,,,1180g
피자_크런치골드씬(R),빵 및 과자류,피자,100g,251,11.82,,,689g
피자_크레이지불새 피자 (L),빵 및 과자류,피자,100g,241,15.29,,,834g
피자_크레이지불새피자,빵 및 과자류,피자,100g,241,15.29,,,834g
피자_크로스포테이토 피자 (L),빵 및 과자류,피자,100g,263,12.19,,,871g
피자_크리스피 더블치즈 디트로이트,빵 및 과자류,피자,100g,235,11.94,,,550g
피자_크리스피 치즈 트리플 피자 씬 (F),빵 및 과자류,피자,100g,342,15.94,,,577g
피자_크리스피 치즈 페퍼로니,빵 및 과자류,피자,100g,323,14.64,,,655g
피자_크리스피 치즈 페퍼로니 피자 씬 (F),빵 및 과자류,피자,100g,324,14.66,,,655g
피자_크리스피 치즈트리플,빵 및 과자류,피자,100g,342,15.97,,,577g
피자_크리스피핫치킨 피자 (L),빵 및 과자류,피자,100g,255,17.17,,,783g
피자_크림치즈고구마 피자 (L),빵 및 과자류,피자,100g,288,19,,,1290g
피자_크림치즈고르곤졸라 피자 (L),빵 및 과자류,피자,100g,323,3.15,,,750g
피자_크림치즈마르게리따,빵 및 과자류,피자,100g,137,6.12,,,785g
피자_크림치즈볼 피자 골드스윗 (L),빵 및 과자류,피자,100g,273,11.69,,,1229g
피자_크림치즈볼 피자 골드스윗 (R),빵 및 과자류,피자,100g,269,10.81,,,884g
피자_큐브스테이크피자,빵 및 과자류,피자,100g,257,16.15,,,1036g
피자_크랩&립하우스 피자 나폴리 (L),빵 및 과자류,피자,100g,290,11.91,13.92,29.3,746g
피자_크랩&립하우스 피자 나폴리 (M),빵 및 과자류,피자,100g,276,11.43,13.08,28.22,480g
피자_크랩&립하우스 피자 더블치즈 엣지 (L),빵 및 과자류,피자,100g,277,12.46,12.06,29.6,1123g
피자_크랩&립하우스 피자 더블치즈 엣지 (M),빵 및 과자류,피자,100g,279,12.55,12.76,28.39,692g
피자_크랩&립하우스 피자 더블치즈 페퍼로니 엣지 (L),빵 및 과자류,피자,100g,280,12.92,13.8,26.34,1163g
피자_크랩&립하우스 피자 더블치즈 페퍼로니 엣지 (M),빵 및 과자류,피자,100g,281,12.92,13.7,26,712g
피자_크랩&립하우스 피자 슈퍼시드 화이버 버스트 오리지널 (L),빵 및 과자류,피자,100g,322,13.75,12.1,29.61,1095g
피자_크랩&립하우스 피자 슈퍼시드 화이버 오리지널 (L),빵 및 과자류,피자,100g,270,11,10,33.73,909g
피자_크랩&립하우스 피자 슈퍼시드 화이버 오리지널 (M),빵 및 과자류,피자,100g,271,11,9.88,34.63,536g
피자_크랩&립하우스 피자 슈화 더블 치즈 페퍼로니 엣지 (L),빵 및 과자류,피자,100g,321,14.3,13,28.33,1106g
피자_크랩&립하우스 피자 슈화 더블 치즈 페퍼로니 엣지 (M),빵 및 과자류,피자,100g,332,14.89,13.29,28.4,672g
피자_크랩&립하우스 피자 씬 (L),빵 및 과자류,피자,100g,322,11.7,19.72,24.25,619g
피자_크랩&립하우스 피자 씬 (M),빵 및 과자류,피자,100g,314,12.13,19.01,23.55,353g
피자_크랩&립하우스 피자 오리지널 (L),빵 및 과자류,피자,100g,275,11.4,11.37,31.67,946g
피자_크랩&립하우스 피자 오리지널 (M),빵 및 과자류,피자,100g,279,12.13,11.08,32.59,552g
피자_크랩&립하우스 피자 치즈버스트 나폴리 (L),빵 및 과자류,피자,100g,289,12.83,15.92,23.67,994g
피자_크랩&립하우스 피자 치즈버스트 오리지널 (L),빵 및 과자류,피자,100g,281,11.92,13.09,28.77,1173g
피자_이탈리안 페페로니피자,빵 및 과자류,피자,100g,269,12.71,,,507g
피자_콤비네이션피자 치즈크러스트 (M),빵 및 과자류,피자,100g,274,13.82,,,605g
피자_콤비네이션피자(L),빵 및 과자류,피자,100g,248,12.67,,,706g
피자_콤비네이션피자(M),빵 및 과자류,피자,100g,248,12.67,,,450g
피자_콤비네이션피자씬(L),빵 및 과자류,피자,100g,260,15.43,,,896.5
피자_콰트로 피자 (L),빵 및 과자류,피자,100g,227,11.39,,,1020g
피자_콰트로 피자 (M),빵 및 과자류,피자,100g,236,12.83,,,627g
피자_콰트로디트로이트 피자,빵 및 과자류,피자,100g,279,16.16,14.14,23.23,792g
피자_콰트로머쉬룸불고기피자(L),빵 및 과자류,피자,100g,249,12.31,8.83,30.1,1010g
피자_콰트로머쉬룸불고기피자(P),빵 및 과자류,피자,100g,249,12.31,8.83,30.1,410g
피자_콰트로머쉬룸불고기피자(R),빵 및 과자류,피자,100g,249,12.31,8.83,30.1,650g
피자_콰트로미트 피자 (L),빵 및 과자류,피자,100g,232,11.93,,,1020g
피자_콰트로치즈베이컨피자,빵 및 과자류,피자,100g,294,17.98,,,709g
피자_콰트로치즈피자(L),빵 및 과자류,피자,100g,291,13.62,14.04,27.57,900g
피자_콰트로치즈피자(P),빵 및 과자류,피자,100g,291,13.62,14.04,27.57,330g
피자_콰트로치즈피자(R),빵 및 과자류,피자,100g,291,13.62,14.04,27.57,580g
피자_콰트로피자 (L),빵 및 과자류,피자,100g,315,15.72,,,515g
피자_콰트로피자 (R),빵 및 과자류,피자,100g,315,15.72,,,309g
피자_콰트로피자 (XL),빵 및 과자류,피자,100g,315,15.72,,,767g
피자_콤비네이션치즈크러스트 (L),빵 및 과자류,피자,100g,250,12.2,,,988g
피자_콤비네이션치즈크러스트 (M),빵 및 과자류,피자,100g,263,13.4,,,601g
피자_콤비네이션치즈크러스트 골드 (L),빵 및 과자류,피자,100g,256,12.76,,,1020g
피자_콤비네이션치즈크러스트 골드 (M),빵 및 과자류,피자,100g,267,13.79,,,619g
피자_콤비네이션팬 (L),빵 및 과자류,피자,100g,280,10.84,,,857g
피자_콤비네이션피자,빵 및 과자류,피자,100g,274,10.68,14.36,25.54,200g
피자_콤비네이션피자,빵 및 과자류,피자,100g,249,14.52,,,991g
피자_콤비네이션피자,빵 및 과자류,피자,100g,245,13.32,,,726g
피자_콤비네이션피자,빵 및 과자류,피자,100g,249,13.09,,,710g
피자_콤비네이션피자 (1인),빵 및 과자류,피자,100g,249,13.24,,,267g
피자_콤비네이션피자 (L),빵 및 과자류,피자,100g,257,14.02,,,764g
피자_콤비네이션피자 (L),빵 및 과자류,피자,100g,243,12.19,,,780g
피자_콤비네이션피자 (M),빵 및 과자류,피자,100g,272,13.84,,,530g
피자_콤비네이션피자 (R),빵 및 과자류,피자,100g,243,12.13,,,455g
피자_콤비네이션피자 (XL),빵 및 과자류,피자,100g,243,12.29,,,1005g
피자_콤비네이션피자 리치골드크러스트 (L),빵 및 과자류,피자,100g,261,13.95,,,964g
피자_콤비네이션피자 리치골드크러스트 (M),빵 및 과자류,피자,100g,272,13.81,,,630g
피자_콤비네이션피자 치즈크러스트 (L),빵 및 과자류,피자,100g,261,13.98,,,864g
피자_점보꿀고구마 피자,빵 및 과자류,피자,100g,251,14.05,,,1712g
피자_콤비네이션 피자 치즈캡 (R),빵 및 과자류,피자,100g,261,14.29,,,755g
피자_콤비네이션(R),빵 및 과자류,피자,100g,189,12.1,,,745g
피자_콤비네이션(XL),빵 및 과자류,피자,100g,251,16.1,,,1128g
피자_콤비네이션+LA BBQ불고기 피자 씬 (L),빵 및 과자류,피자,100g,301,15.51,,,555g
피자_콤비네이션+LA BBQ불고기 피자 오리지날 (L),빵 및 과자류,피자,100g,280,13.8,,,799g
피자_콤비네이션+LA BBQ불고기 피자 오리지널 파마산엣지 (L),빵 및 과자류,피자,100g,267,13.72,,,861g
피자_콤비네이션+LA BBQ불고기 피자 팬 (L),빵 및 과자류,피자,100g,294,12.33,,,895g
피자_콤비네이션+페페로니 피자 씬 (L),빵 및 과자류,피자,100g,318,14.96,,,476g
피자_콤비네이션+페페로니 피자 오리지널 (L),빵 및 과자류,피자,100g,269,12.73,,,777g
피자_콤비네이션+페페로니 피자 오리지널 파마산엣지 (L),빵 및 과자류,피자,100g,269,12.95,,,799g
피자_콤비네이션+페페로니 피자 팬 (L),빵 및 과자류,피자,100g,297,11.49,,,833g
피자_콤비네이션리치골드 (L),빵 및 과자류,피자,100g,252,11.47,,,1147g
피자_콤비네이션리치골드 (M),빵 및 과자류,피자,100g,261,12.18,,,716g
피자_콤비네이션바이트 피자,빵 및 과자류,피자,100g,243,12.57,,,891g
피자_콤비네이션바이트피자,빵 및 과자류,피자,100g,243,12.57,,,891g
피자_콤비네이션씬 (L),빵 및 과자류,피자,100g,278,13.08,,,520g
피자_콤비네이션오리지널 (L),빵 및 과자류,피자,100g,246,11.91,,,776g
피자_콤비네이션오리지널 (M),빵 및 과자류,피자,100g,258,12.58,,,491g
피자_전주불백피자 (XL),빵 및 과자류,피자,100g,218,10.36,,,1105g
피자_콤비네이션 피자 (L),빵 및 과자류,피자,100g,301,17.65,11.69,31.36,570g
피자_콤비네이션 피자 (L),빵 및 과자류,피자,100g,262,15.5,,,1053g
피자_콤비네이션 피자 (L),빵 및 과자류,피자,100g,251,11.66,,,793g
피자_콤비네이션 피자 (L),빵 및 과자류,피자,100g,248,12.67,,,712g
피자_콤비네이션 피자 (L),빵 및 과자류,피자,100g,245,13.31,,,726g
피자_콤비네이션 피자 (L),빵 및 과자류,피자,100g,244,11.9,,,1005g
피자_콤비네이션 피자 (L),빵 및 과자류,피자,100g,326,7.9,,,802g
피자_콤비네이션 피자 (L),빵 및 과자류,피자,100g,259,15,,,752g
피자_콤비네이션 피자 (L),빵 및 과자류,피자,100g,240,14.1,,,780g
피자_콤비네이션 피자 (R),빵 및 과자류,피자,100g,244,12.82,,,620g
피자_콤비네이션 피자 (XL),빵 및 과자류,피자,100g,251,16.1,,,1128g
피자_콤비네이션 피자 (XL),빵 및 과자류,피자,100g,272,13.16,,,1140g
피자_콤비네이션 피자 바이트 (L),빵 및 과자류,피자,100g,243,12.57,,,891g
피자_콤비네이션 피자 오리진 (L),빵 및 과자류,피자,100g,243,10.98,,,1066g
피자_콤비네이션 피자 오리진 (M),빵 및 과자류,피자,100g,258,13.33,,,636g
피자_콤비네이션 피자 오리진 (R),빵 및 과자류,피자,100g,261,13.33,,,659g
피자_콤비네이션 피자 치즈캡 (L),빵 및 과자류,피자,100g,245,12.25,,,1188
피자_콤비네이션 피자 치즈캡 (M),빵 및 과자류,피자,100g,259,14.63,,,731.5
피자_콘치즈 피자 (R),빵 및 과자류,피자,100g,314,10.01,,,543.7
피자_콘치즈피자,빵 및 과자류,피자,100g,269,13.39,,,892g
피자_콘콘콘,빵 및 과자류,피자,100g,88,4.22,,,951g
피자_콤비X콤비네이션 피자 (XL),빵 및 과자류,피자,100g,259,14.17,,,1016g
피자_콤비네이션 1958 피자 씬 (L),빵 및 과자류,피자,100g,302,15.19,,,535g
피자_콤비네이션 1958 피자 오리지널 (L),빵 및 과자류,피자,100g,267,13.33,,,818g
피자_콤비네이션 1958 피자 오리지널 (M),빵 및 과자류,피자,100g,281,14.45,,,465g
피자_콤비네이션 1958 피자 오리지널 파마산 치즈 (L),빵 및 과자류,피자,100g,271,13.9,,,840g
피자_콤비네이션 1958 피자 오리지널 파마산 치즈 (M),빵 및 과자류,피자,100g,287,15.09,,,479g
피자_콤비네이션 1958 피자 팬 (L),빵 및 과자류,피자,100g,294,12.11,,,873g
피자_콤비네이션 1인피자,빵 및 과자류,피자,100g,252,12.78,,,252g
피자_콤비네이션 피자,빵 및 과자류,피자,100g,263,10.79,,,100g
피자_콤비네이션 피자,빵 및 과자류,피자,100g,258,12.56,,,100g
피자_콤비네이션 피자,빵 및 과자류,피자,100g,226,12,,,1081g
피자_콤비네이션 피자,빵 및 과자류,피자,100g,260,13.64,10.23,21.02,1410g
피자_콤비네이션 피자,빵 및 과자류,피자,100g,252,14.77,5.68,42.61,710g
피자_콤비네이션 피자,빵 및 과자류,피자,100g,249,14.52,,27.42,991g
피자_콤비네이션 피자 (J),빵 및 과자류,피자,100g,232,14.17,,,1631g
피자_콤비네이션 피자 (L),빵 및 과자류,피자,100g,237,13.79,,,696g
피자_전주불백피자 (R),빵 및 과자류,피자,100g,220,12.3,,,525g
피자_케이준더블쉬림프 피자 프리미엄 오리지널 (L),빵 및 과자류,피자,100g,218,12.52,,,986g
피자_케이준더블쉬림프 피자 프리미엄 오리지널 (M),빵 및 과자류,피자,100g,220,12.84,,,551g
피자_케이준더블쉬림프 피자 프리첼 치즈 (L),빵 및 과자류,피자,100g,225,10.46,,,1230g
피자_케이준더블쉬림프 피자 프리첼 치즈 (M),빵 및 과자류,피자,100g,232,10.5,,,718g
피자_케이준소시지 피자 (XL),빵 및 과자류,피자,100g,262,14.74,,,1280g
피자_케이준쉬림프골드 피자 (F),빵 및 과자류,피자,100g,242,16.14,,,1824g
피자_케이준쉬림프골드 피자 (L),빵 및 과자류,피자,100g,258,16.05,,,1330g
피자_케이준쉬림프골드 피자 (R),빵 및 과자류,피자,100g,263,16.34,,,748g
피자_케이준치즈후라이 피자 (L),빵 및 과자류,피자,100g,253,11.59,,,1118g
피자_케이준포테이토쉬림프 피자 (L),빵 및 과자류,피자,100g,293,18,,,1372g
피자_코코에그마요 피자 (L),빵 및 과자류,피자,100g,257,11.23,,,998g
피자_코코에그마요 피자 (M),빵 및 과자류,피자,100g,267,12.38,,,614g
피자_콘 크림 피자,빵 및 과자류,피자,100g,183,10.09,8.65,14.99,347g
피자_콘마요 피자 (L),빵 및 과자류,피자,100g,279,10.56,,,1080g
피자_콘마요피자,빵 및 과자류,피자,100g,294,17.98,,,709g
피자_콘마요피자,빵 및 과자류,피자,100g,289,10.15,,,362g
피자_콘치즈 피자,빵 및 과자류,피자,100g,269,13.39,,33.04,892g
피자_콘치즈 피자 (L),빵 및 과자류,피자,100g,307,9.89,,,848.2
피자_칠리하와이안피자 (1인),빵 및 과자류,피자,100g,242,10.28,,,269g
피자_캐리비안플러스 피자 (F),빵 및 과자류,피자,100g,246,15.44,,,1588g
피자_캐리비안플러스 피자 (L),빵 및 과자류,피자,100g,246,15.51,,,1132g
피자_캐리비안플러스 피자 (R),빵 및 과자류,피자,100g,250,13.46,,,641g
피자_케미콤보 피자,빵 및 과자류,피자,100g,274,12.82,,,468g
피자_케미콤보 피자 씬 (L),빵 및 과자류,피자,100g,282,12.75,,,480g
피자_케이준더블쉬림프 포켓 피자 노엣지 (L),빵 및 과자류,피자,100g,231,11.59,,,1060g
피자_케이준더블쉬림프 포켓 피자 노엣지 (M),빵 및 과자류,피자,100g,235,11.66,,,563g
피자_케이준더블쉬림프 포켓 피자 리치골드 (L),빵 및 과자류,피자,100g,258,12.24,,,1255g
피자_케이준더블쉬림프 포켓 피자 리치골드 (M),빵 및 과자류,피자,100g,251,12.16,,,752g
피자_케이준더블쉬림프 포켓 피자 치즈크러스트 (L),빵 및 과자류,피자,100g,239,12.69,,,1167g
피자_케이준더블쉬림프 피자 더블치즈크러스트 (L),빵 및 과자류,피자,100g,228,13.75,,,1287g
피자_케이준더블쉬림프 피자 더블치즈크러스트 (M),빵 및 과자류,피자,100g,234,14.41,,,762g
피자_케이준더블쉬림프 피자 리치골드 (L),빵 및 과자류,피자,100g,226,12.05,,,1333g
피자_케이준더블쉬림프 피자 리치골드 M,빵 및 과자류,피자,100g,232,12.26,,,802g
피자_케이준더블쉬림프 피자 포켓 피자 치즈크러스트 (M),빵 및 과자류,피자,100g,247,12.65,,,681g
피자_케이준더블쉬림프 피자 포켓 피자 콘치즈포켓 (L),빵 및 과자류,피자,100g,249,11.05,,,1216g
피자_케이준더블쉬림프 피자 포켓 피자 콘치즈포켓 (M),빵 및 과자류,피자,100g,262,11.68,,,719g
피자_칠리새우 피자 석쇠 (L),빵 및 과자류,피자,100g,271,13.39,,,896g
피자_칠리새우 피자 석쇠 (R),빵 및 과자류,피자,100g,271,13.16,,,606g
피자_칠리새우 피자 씬도우 (L),빵 및 과자류,피자,100g,300,12.57,,,732g
피자_칠리새우 피자 씬도우 (R),빵 및 과자류,피자,100g,290,12.93,,,588g
피자_칠리새우 피자 치즈링 (L),빵 및 과자류,피자,100g,268,14.17,,,1016g
피자_칠리새우 피자 치즈링 (R),빵 및 과자류,피자,100g,267,14.12,,,706g
피자_칠리새우베이컨 피자 (XL),빵 및 과자류,피자,100g,252,19.27,,,1200g
피자_칠리새우베이컨(R),빵 및 과자류,피자,100g,189,14.47,,,792g
피자_칠리새우베이컨(XL),빵 및 과자류,피자,100g,252,19.27,,,1200g
피자_칠리쉬림프 피자 밀도우 (L),빵 및 과자류,피자,100g,106,5.68,,,950g
피자_칠리쉬림프 피자 밀도우 (R),빵 및 과자류,피자,100g,71,3.76,,,548g
피자_칠리쉬림프 피자 씬 (L),빵 및 과자류,피자,100g,234,13.25,,,664g
피자_칠리쉬림프 피자 씬 (R),빵 및 과자류,피자,100g,234,12.9,,,372g
피자_칠리쉬림프 피자 씬도우 (L),빵 및 과자류,피자,100g,106,5.67,,,740g
피자_칠리쉬림프 피자 씬도우 (R),빵 및 과자류,피자,100g,71,3.78,,,448g
피자_칠리쉬림프씬(L),빵 및 과자류,피자,100g,234,13.03,,,665g
피자_칠리쉬림프씬(R),빵 및 과자류,피자,100g,234,12.2,,,372g
아이스크림_유기농 아이스크림 바닐라,유제품류 및 빙과류,아이스크림,100g,169,2.5,,,120g
아이스크림_유기농 아이스크림 초콜릿,유제품류 및 빙과류,아이스크림,100g,183,3.33,,,120g
아이스크림_이상한 나라의 슈팅스타,유제품류 및 빙과류,아이스크림,100g,240,3.48,,,115g
아이스크림_이상한나라의솜사탕,유제품류 및 빙과류,아이스크림,100g,250,4.35,,,115g
아이스크림_이상한나라의솜사탕 아이스크림,유제품류 및 빙과류,아이스크림,100g,250,4.35,13.04,28.7,115g
아이스크림_인절미 아이스크림,유제품류 및 빙과류,아이스크림,100g,159,4.01,,,100g
아이스크림_인절미 아츄,유제품류 및 빙과류,아이스크림,100g,298,6.36,8.52,44.59,305g
아이스크림_자모카아몬드훠지,유제품류 및 빙과류,아이스크림,100g,237,4.35,,,115g
아이스크림_자모카아몬드훠지 아이스크림,유제품류 및 빙과류,아이스크림,100g,237,4.35,11.3,29.57,115g
아이스크림_자몽허니콤보초코링 아사이볼,유제품류 및 빙과류,아이스크림,100g,131,1.67,3.33,23.33,300g
아이스크림_자바 칩 바닐라 아포가토,유제품류 및 빙과류,아이스크림,100g,222,3.42,,,117g
아이스크림_자바 칩 유기농 아이스크림 바닐라,유제품류 및 빙과류,아이스크림,100g,266,4.17,,,96g
아이스크림_자바 칩 유기농 아이스크림 초콜릿,유제품류 및 빙과류,아이스크림,100g,290,5.21,,,96g
아이스크림_자바 칩 초콜릿 아포가토,유제품류 및 빙과류,아이스크림,100g,242,4.27,,,117g
아이스크림_저니 오브 모나크,유제품류 및 빙과류,아이스크림,100g,223,4.35,,,115g
아이스크림_제주녹차 (더블),유제품류 및 빙과류,아이스크림,100g,194,3.33,,,180g
아이스크림_제주녹차 (싱글),유제품류 및 빙과류,아이스크림,100g,194,3.33,,,90g
피자_치즈 피자 씬바샤삭 (R),빵 및 과자류,피자,100g,363,13.33,,,320g
아이스크림_와사비 아이스크림,유제품류 및 빙과류,아이스크림,100g,198,3.48,,,115g
아이스크림_와이키키망고비치 요거트아이스크림,유제품류 및 빙과류,아이스크림,100g,144,2.93,,,375g
아이스크림_요거트 (더블),유제품류 및 빙과류,아이스크림,100g,154,2.78,,,180g
아이스크림_요거트 (싱글),유제품류 및 빙과류,아이스크림,100g,154,2.22,,,90g
아이스크림_요거트 아이스크림 (3인),유제품류 및 빙과류,아이스크림,100g,171,2.5,,,360g
아이스크림_요거트 젤라또,유제품류 및 빙과류,아이스크림,100g,150,2.6,,,100g
아이스크림_요거트 젤라또,유제품류 및 빙과류,아이스크림,100g,271,2,,,100g
아이스크림_요거트아이스크림,유제품류 및 빙과류,아이스크림,100g,123,3.61,,,180g
아이스크림_요아 팥빙의 정석,유제품류 및 빙과류,아이스크림,100g,216,3.53,2.35,47.35,340g
아이스크림_요아정 스쿱볼의 정석,유제품류 및 빙과류,아이스크림,100g,122,1.82,2.73,23.18,220g
아이스크림_요아정 시그니처 벌집꿀+그래놀라,유제품류 및 빙과류,아이스크림,100g,206,2.17,3.48,41.31,230g
아이스크림_요아정 아이스크림,유제품류 및 빙과류,아이스크림,100g,123,3.11,1.83,23.4,150g
아이스크림_우주 라이크 봉봉,유제품류 및 빙과류,아이스크림,100g,254,4.35,,,115g
아이스크림_월넛,유제품류 및 빙과류,아이스크림,100g,240,7.83,,,115g
아이스크림_월넛 아이스크림,유제품류 및 빙과류,아이스크림,100g,240,7.83,10.43,28.7,115g
아이스크림_월넛버터 스카치 아이스크림,유제품류 및 빙과류,아이스크림,100g,265,4.5,,,100g
아이스크림_위대한 비쵸비,유제품류 및 빙과류,아이스크림,100g,250,3.48,,,115g
아이스크림_윈터 민트 초콜릿 칩,유제품류 및 빙과류,아이스크림,100g,250,3.48,,,115g
아이스크림_에스프레소 (더블),유제품류 및 빙과류,아이스크림,100g,156,2.78,,,180g
아이스크림_에스프레소 (싱글),유제품류 및 빙과류,아이스크림,100g,156,2.22,,,90g
아이스크림_에스프레소 앤 크림,유제품류 및 빙과류,아이스크림,100g,178,4.35,,,115g
아이스크림_에스프레소 앤 크림 아이스크림,유제품류 및 빙과류,아이스크림,100g,178,4.35,7.83,22.61,115g
아이스크림_연유꿀자몽플라츠 요거트아이스크림,유제품류 및 빙과류,아이스크림,100g,130,2.76,,,340g
아이스크림_연유베리플라츠 요거트아이스크림,유제품류 및 빙과류,아이스크림,100g,136,2.88,,,320g
아이스크림_오란다 요거트,유제품류 및 빙과류,아이스크림,100g,326,4.81,,,130g
아이스크림_오레오 아츄,유제품류 및 빙과류,아이스크림,100g,345,5.4,11,55.87,315g
아이스크림_오레오 쿠키 앤 콜드브루,유제품류 및 빙과류,아이스크림,100g,250,2.61,,,115g
아이스크림_오레오 쿠키 앤 크림,유제품류 및 빙과류,아이스크림,100g,221,3.48,,,115g
아이스크림_오레오 쿠키 앤 크림치즈 아이스크림,유제품류 및 빙과류,아이스크림,100g,265,4.35,14.78,28.7,115g
아이스크림_오레오쿠키앤카라멜 아이스크림 레디팩,유제품류 및 빙과류,아이스크림,100g,199,2.76,,,100g
아이스크림_오레오쿠키앤크림 아이스크림 레디팩,유제품류 및 빙과류,아이스크림,100g,191,2.97,,,100g
아이스크림_오렌지말차초코링 아사이볼,유제품류 및 빙과류,아이스크림,100g,129,1.76,4.21,20.7,285g
아이스크림_오망고볼의 정석,유제품류 및 빙과류,아이스크림,100g,125,2,1.43,25.71,350g
아이스크림_오몽코코 아사이볼,유제품류 및 빙과류,아이스크림,100g,131,1.7,2.71,29.15,295g
아이스크림_오자몽의 정석,유제품류 및 빙과류,아이스크림,100g,98,2.11,1.08,20.53,380g
아이스크림_와르르 베리 젤라또,유제품류 및 빙과류,아이스크림,100g,268,2.5,,,160g
아이스크림_아이스죠리퐁 아이스크림 레디팩,유제품류 및 빙과류,아이스크림,100g,173,2.57,,,100g
아이스크림_아이스크림,유제품류 및 빙과류,아이스크림,100g,113,2.5,2.92,20,100g
아이스크림_아이스크림,유제품류 및 빙과류,아이스크림,100g,172,2.34,,,128g
아이스크림_아이스크림 스틱바 민트쿠앤크,유제품류 및 빙과류,아이스크림,100g,265,3,,,100g
아이스크림_아이스크림 스틱바 초코그린티,유제품류 및 빙과류,아이스크림,100g,225,3.65,,,100g
아이스크림_아이스크림롤 바닐라,유제품류 및 빙과류,아이스크림,100g,328,6.25,,,32g
아이스크림_아이스크림롤 초콜릿,유제품류 및 빙과류,아이스크림,100g,328,6.25,,,32g
아이스크림_아이스크림츄러스,유제품류 및 빙과류,아이스크림,100g,189,3.7,6.2,29.49,297g
아이스크림_아임베리파인 요거트아이스크림,유제품류 및 빙과류,아이스크림,100g,134,3.09,,,320g
아이스크림_아츄 아이스크림,유제품류 및 빙과류,아이스크림,100g,173,3.13,5.63,27.5,100g
아이스크림_아포가토,유제품류 및 빙과류,아이스크림,100g,97,1.67,6.11,8.89,180g
아이스크림_알폰소 망고,유제품류 및 빙과류,아이스크림,100g,215,2.61,,,115g
아이스크림_알폰소 망고 아이스크림,유제품류 및 빙과류,아이스크림,100g,215,2.61,9.57,29.57,115g
아이스크림_애망빙,유제품류 및 빙과류,아이스크림,100g,170,1.74,,,115g
아이스크림_애플 민트,유제품류 및 빙과류,아이스크림,100g,164,5.22,,,115g
아이스크림_애플 민트 아이스크림,유제품류 및 빙과류,아이스크림,100g,164,5.22,4.35,26.09,115g
아이스크림_엄마는외계인,유제품류 및 빙과류,아이스크림,100g,257,4.35,,,115g
아이스크림_엄마는외계인 아이스크림,유제품류 및 빙과류,아이스크림,100g,257,4.35,13.91,28.7,115g
피자_골드바베큐치킨피자,빵 및 과자류,피자,100g,252,13.15,,,881g
피자_슈퍼슈프림백미치즈크러스트(R),빵 및 과자류,피자,100g,231,12.08,,,489.2
피자_슈퍼슈프림씬(L),빵 및 과자류,피자,100g,256,12.81,,,605g
피자_슈퍼슈프림씬(R),빵 및 과자류,피자,100g,258,11.87,,,336g
피자_슈퍼슈프림체다크림크러스트(L),빵 및 과자류,피자,100g,244,11.72,,,970g
피자_슈퍼슈프림체다크림크러스트(R),빵 및 과자류,피자,100g,245,11.1,,,555.8
피자_슈퍼슈프림치즈크러스트(L),빵 및 과자류,피자,100g,240,12.63,,,965g
피자_슈퍼슈프림치즈크러스트(R),빵 및 과자류,피자,100g,238,12.11,,,563.7
피자_슈퍼슈프림팬(L),빵 및 과자류,피자,100g,248,12.31,,,870g
피자_슈퍼슈프림팬(R),빵 및 과자류,피자,100g,248,11.65,,,495.8
피자_슈퍼슈프림하이프로틴도우(M),빵 및 과자류,피자,100g,233,12.67,,,583g
피자_슈퍼슈프림흑미스크린(L),빵 및 과자류,피자,100g,239,12.09,,,808.2
피자_슈퍼슈프림흑미스크린(R),빵 및 과자류,피자,100g,235,11.45,,,423.6
피자_슈퍼슈프림흑미치즈크러스트(L),빵 및 과자류,피자,100g,231,12.45,,,903.2
피자_슈퍼슈프림흑미치즈크러스트(R),빵 및 과자류,피자,100g,225,12.01,,,491.4
피자_슈퍼치즈 피자,빵 및 과자류,피자,100g,282,17.64,,,816g
피자_슈퍼콤비네이션 피자,빵 및 과자류,피자,100g,254,13.27,9.69,20.92,1570g
피자_슈퍼콤비네이션 피자,빵 및 과자류,피자,100g,244,10.92,,,272g
피자_슈퍼콤비네이션 피자 (L),빵 및 과자류,피자,100g,262,15.65,,,777g
피자_슈퍼슈프림 피자 팬 (R),빵 및 과자류,피자,100g,247,12.05,,,498g
피자_슈퍼슈프림 피자 팬 (R),빵 및 과자류,피자,100g,273,16.28,,,482g
피자_슈퍼슈프림 피자 팬(L),빵 및 과자류,피자,100g,272,16.25,,,942g
피자_슈퍼슈프림 피자 흑미스크린 (L),빵 및 과자류,피자,100g,240,11.88,,,808g
피자_슈퍼슈프림 피자 흑미스크린 (R),빵 및 과자류,피자,100g,237,11.43,,,420g
피자_슈퍼슈프림 피자 흑미스크린치즈크러스트 (L),빵 및 과자류,피자,100g,230,12.39,,,904g
피자_슈퍼슈프림 피자 흑미스크린치즈크러스트 (R),빵 및 과자류,피자,100g,224,12.2,,,492g
피자_슈퍼슈프림고구마크러스트(L),빵 및 과자류,피자,100g,242,11.21,,,965g
피자_슈퍼슈프림고구마크러스트(R),빵 및 과자류,피자,100g,243,10.57,,,552.8
피자_슈퍼슈프림나폴리(L),빵 및 과자류,피자,100g,223,12,,,866g
피자_슈퍼슈프림더블치즈엣지오리지널 (M),빵 및 과자류,피자,100g,253,12.67,,,694g
피자_슈퍼슈프림밀스크린(L),빵 및 과자류,피자,100g,252,12.22,,,834.6
피자_슈퍼슈프림밀스크린(R),빵 및 과자류,피자,100g,248,11.59,,,436.8
피자_슈퍼슈프림밀스크린치즈크러스트(L),빵 및 과자류,피자,100g,244,12.56,,,929.6
피자_슈퍼슈프림밀스크린치즈크러스트(R),빵 및 과자류,피자,100g,237,12.12,,,504.6
피자_슈퍼슈프림백미스크린(L),빵 및 과자류,피자,100g,246,12.18,,,803.8
피자_슈퍼슈프림백미스크린(R),빵 및 과자류,피자,100g,241,11.53,,,421.4
피자_슈퍼슈프림백미치즈크러스트(L),빵 및 과자류,피자,100g,237,12.54,,,898.8
피자_슈퍼슈프림 피자 슈화 더블 치즈 페퍼로니 엣지 (M),빵 및 과자류,피자,100g,271,13.93,11.27,22.21,813g
피자_슈퍼슈프림 피자 씬 (L),빵 및 과자류,피자,100g,255,13.16,,,608g
피자_슈퍼슈프림 피자 씬 (L),빵 및 과자류,피자,100g,232,10.56,12.4,,827g
피자_슈퍼슈프림 피자 씬 (M),빵 및 과자류,피자,100g,231,10.88,12.93,21.69,442g
피자_슈퍼슈프림 피자 씬 (R),빵 및 과자류,피자,100g,257,12.5,,,336g
피자_슈퍼슈프림 피자 오리지널 (L),빵 및 과자류,피자,100g,212,9.69,7.92,25.44,1060g
피자_슈퍼슈프림 피자 오리지널 (M),빵 및 과자류,피자,100g,227,10.7,8.64,26.72,675g
피자_슈퍼슈프림 피자 체다크림크러스트 (L),빵 및 과자류,피자,100g,245,11.57,,,968g
피자_슈퍼슈프림 피자 체다크림크러스트 (R),빵 및 과자류,피자,100g,244,10.75,,,558g
피자_슈퍼슈프림 피자 치즈버스트 나폴리 (L),빵 및 과자류,피자,100g,229,10.7,12.38,,1186g
피자_슈퍼슈프림 피자 치즈버스트 오리지널 (L),빵 및 과자류,피자,100g,226,10.12,10.26,23.28,1390g
피자_슈퍼슈프림 피자 치즈크러스트 (F),빵 및 과자류,피자,100g,262,16.51,,,1340g
피자_슈퍼슈프림 피자 치즈크러스트 (L),빵 및 과자류,피자,100g,238,12.4,,,968g
피자_슈퍼슈프림 피자 치즈크러스트 (L),빵 및 과자류,피자,100g,273,15.96,,,1242g
피자_슈퍼슈프림 피자 치즈크러스트 (R),빵 및 과자류,피자,100g,279,17.17,,,622g
피자_슈퍼슈프림 피자 치즈크러스트 (R),빵 및 과자류,피자,100g,237,11.7,,,564g
피자_슈퍼슈프림 피자 팬 (F),빵 및 과자류,피자,100g,269,16.21,,,1310g
피자_슈퍼슈프림 피자 팬 (L),빵 및 과자류,피자,100g,247,11.93,,,872g
피자_슈퍼슈프림 피자 밀스크린고구마크러스트 (L),빵 및 과자류,피자,100g,247,11.21,,,928g
피자_슈퍼슈프림 피자 밀스크린고구마크러스트 (R),빵 및 과자류,피자,100g,243,10.98,,,492g
피자_슈퍼슈프림 피자 밀스크린체다크림크러스트 (L),빵 및 과자류,피자,100g,248,11.97,,,936g
피자_슈퍼슈프림 피자 밀스크린체다크림크러스트 (R),빵 및 과자류,피자,100g,243,10.84,,,498g
피자_슈퍼슈프림 피자 밀스크린치즈크러스트 (L),빵 및 과자류,피자,100g,243,12.07,,,928g
피자_슈퍼슈프림 피자 밀스크린치즈크러스트 (R),빵 및 과자류,피자,100g,236,11.9,,,504g
피자_슈퍼슈프림 피자 백미스크린 (L),빵 및 과자류,피자,100g,247,12,,,800g
피자_슈퍼슈프림 피자 백미스크린 (R),빵 및 과자류,피자,100g,241,11.43,,,420g
피자_슈퍼슈프림 피자 백미스크린치즈크러스트 (L),빵 및 과자류,피자,100g,202,12.5,,,896g
피자_슈퍼슈프림 피자 백미스크린치즈크러스트 (R),빵 및 과자류,피자,100g,228,12.2,,,492g
피자_슈퍼슈프림 피자 석쇠 (F),빵 및 과자류,피자,100g,261,15.99,,,1210g
피자_슈퍼슈프림 피자 석쇠 (L),빵 및 과자류,피자,100g,267,16.15,,,882g
피자_슈퍼슈프림 피자 석쇠 (R),빵 및 과자류,피자,100g,267,16.11,,,452g
피자_슈퍼슈프림 피자 슈퍼시드 화이버 버스트 오리지널 (L),빵 및 과자류,피자,100g,264,11.98,9.81,25.65,1385g
피자_슈퍼슈프림 피자 슈퍼시드 화이버 오리지널 (L),빵 및 과자류,피자,100g,223,9.8,7.86,28.16,1199g
피자_슈퍼슈프림 피자 슈퍼시드 화이버 오리지널 (M),빵 및 과자류,피자,100g,220,10.7,8.16,25.9,677g
피자_슈퍼슈프림 피자 슈퍼시드함유도우 (M),빵 및 과자류,피자,100g,226,10.3,,,660g
피자_슈퍼슈프림 피자 슈화 더블 치즈 페퍼로니 엣지 (L),빵 및 과자류,피자,100g,264,12.45,10.54,24.67,1396g
피자_슈퍼슈프림 피자 (L),빵 및 과자류,피자,100g,263,12.69,,,1074g
피자_슈퍼슈프림 피자 (L),빵 및 과자류,피자,100g,324,7.17,,,738g
피자_슈퍼슈프림 피자 고구마크러스트 (L),빵 및 과자류,피자,100g,245,11.57,,,968g
피자_슈퍼슈프림 피자 고구마크러스트 (R),빵 및 과자류,피자,100g,243,10.87,,,552g
피자_슈퍼슈프림 피자 나폴리 (L),빵 및 과자류,피자,100g,211,10.74,8.86,22.09,970g
피자_슈퍼슈프림 피자 나폴리 (M),빵 및 과자류,피자,100g,225,11.13,8.49,26.88,535g
피자_슈퍼슈프림 피자 더블치즈 엣지 (L),빵 및 과자류,피자,100g,239,11.49,11.08,23.26,1360g
피자_슈퍼슈프림 피자 더블치즈 엣지 (M),빵 및 과자류,피자,100g,228,12.11,9.73,22.88,795g
피자_슈퍼슈프림 피자 더블치즈 엣지 오리지널 (M),빵 및 과자류,피자,100g,224,12.44,,,773g
피자_슈퍼슈프림 피자 더블치즈 페퍼로니 엣지 (L),빵 및 과자류,피자,100g,243,11.9,9.78,,1400g
피자_슈퍼슈프림 피자 더블치즈 페퍼로니 엣지 (M),빵 및 과자류,피자,100g,231,12.45,11.62,22.77,815g
피자_슈퍼슈프림 피자 라이스골드 (F),빵 및 과자류,피자,100g,257,16.24,,,1633g
피자_슈퍼슈프림 피자 라이스골드 (L),빵 및 과자류,피자,100g,273,15.96,,,1242g
피자_슈퍼슈프림 피자 라이스골드 (R),빵 및 과자류,피자,100g,278,16.35,,,702g
피자_슈퍼슈프림 피자 라이스바이트 (F),빵 및 과자류,피자,100g,264,15.06,,,1715g
피자_슈퍼슈프림 피자 라이스바이트 (L),빵 및 과자류,피자,100g,275,15.58,,,1322g
피자_슈퍼슈프림 피자 밀스크린 (L),빵 및 과자류,피자,100g,253,12.5,,,832g
피자_슈퍼슈프림 피자 밀스크린 (R),빵 및 과자류,피자,100g,247,10.96,,,438g
피자_슈퍼디럭스 피자 슈퍼시드 화이버 오리지널 (M),빵 및 과자류,피자,100g,234,10.8,8.91,31.78,617g
피자_슈퍼디럭스 피자 슈퍼시드함유도우 (M),빵 및 과자류,피자,100g,228,10.46,,,610g
피자_슈퍼디럭스 피자 슈화 더블 치즈 페퍼로니 엣지 (L),빵 및 과자류,피자,100g,273,13.44,12,22.21,1291g
피자_슈퍼디럭스 피자 슈화 더블 치즈 페퍼로니 엣지 (M),빵 및 과자류,피자,100g,289,14.28,12.13,26.74,753g
피자_슈퍼디럭스 피자 씬 (L),빵 및 과자류,피자,100g,245,12.09,14.09,,765g
피자_슈퍼디럭스 피자 씬 (M),빵 및 과자류,피자,100g,275,12.57,15.73,22.37,389g
피자_슈퍼디럭스 피자 오리지널 (L),빵 및 과자류,피자,100g,236,11.01,9.67,26.19,1084g
피자_슈퍼디럭스 피자 오리지널 (M),빵 및 과자류,피자,100g,237,10.96,9.56,30.77,614g
피자_슈퍼디럭스 피자 치즈버스트 나폴리 (L),빵 및 과자류,피자,100g,235,11.95,12.74,,1123g
피자_슈퍼디럭스 피자 치즈버스트 오리지널 (L),빵 및 과자류,피자,100g,237,11.9,11.43,21.57,1337g
피자_슈퍼디럭스나폴리(L),빵 및 과자류,피자,100g,267,14.67,,,781g
피자_슈퍼디럭스나폴리하이프로틴도우(M),빵 및 과자류,피자,100g,250,14,,,513g
피자_슈퍼빽보이 피자 (L),빵 및 과자류,피자,100g,287,17.09,,28.02,685g
피자_슈퍼빽보이 피자 (R),빵 및 과자류,피자,100g,284,13.9,,32.37,475g
피자_슈퍼슈프림 피자,빵 및 과자류,피자,100g,244,12.55,,,850g
피자_슈퍼슈프림 피자,빵 및 과자류,피자,100g,233,10.74,,,880g
피자_슈퍼슈프림 피자 (L),빵 및 과자류,피자,100g,266,12.26,8.64,28.78,900g
피자_슈퍼슈프림 피자 (L),빵 및 과자류,피자,100g,266,15.15,,,882g
피자_슈퍼 디럭스 히어로 피자 씬 (M),빵 및 과자류,피자,100g,291,12,16.43,23.3,308g
피자_슈퍼 디럭스 히어로 피자 오리지널 (L),빵 및 과자류,피자,100g,248,10.7,8.62,31.72,900g
피자_슈퍼 디럭스 히어로 피자 오리지널 (M),빵 및 과자류,피자,100g,246,10.9,8.61,31.25,535g
피자_슈퍼 디럭스 히어로 피자 치즈버스트 나폴리 (L),빵 및 과자류,피자,100g,255,11.6,12.77,23.47,904g
피자_슈퍼 디럭스 히어로 피자 치즈버스트 오리지널 (L),빵 및 과자류,피자,100g,257,11.8,11.25,27.2,1106g
피자_슈퍼 디럭스 히어로 피자 화이버 버스트 오리지널 (L),빵 및 과자류,피자,100g,255,11.9,11.35,26.34,1103g
피자_슈퍼 디럭스 히어로 피자 화이버 엣지 오리지널 (L),빵 및 과자류,피자,100g,257,11,10.87,28.66,1034g
피자_슈퍼 디럭스 히어로 피자 화이버 엣지 오리지널 (M),빵 및 과자류,피자,100g,253,11.5,10.89,27.3,662g
피자_슈퍼 콤비네이션 피자,빵 및 과자류,피자,100g,228,10.67,,,375g
피자_슈퍼 콤비네이션 피자 (L),빵 및 과자류,피자,100g,266,12.05,,,665g
피자_슈퍼디럭스 피자 나폴리 (L),빵 및 과자류,피자,100g,226,11.55,10.34,21.7,863g
피자_슈퍼디럭스 피자 나폴리 (M),빵 및 과자류,피자,100g,246,12.26,11.33,27.69,475g
피자_슈퍼디럭스 피자 더블치즈 엣지 (L),빵 및 과자류,피자,100g,245,11.48,12.56,21.52,1254g
피자_슈퍼디럭스 피자 더블치즈 엣지 (M),빵 및 과자류,피자,100g,239,12.8,11.79,20.41,753g
피자_슈퍼디럭스 피자 더블치즈 페퍼로니 엣지 (L),빵 및 과자류,피자,100g,249,11.92,12.19,22.46,1294g
피자_슈퍼디럭스 피자 더블치즈 페퍼로니 엣지 (M),빵 및 과자류,피자,100g,243,13.14,12.3,25.12,773g
피자_슈퍼디럭스 피자 슈퍼시드 화이버 버스트 오리지널 (L),빵 및 과자류,피자,100g,272,12.95,11.21,23.25,1280g
피자_슈퍼디럭스 피자 슈퍼시드 화이버 오리지널 (L),빵 및 과자류,피자,100g,228,10.6,9.32,25.6,1094g
피자_쉬림프크림 피자,빵 및 과자류,피자,100g,225,13.64,,,100g
피자_쉬림프투움바피자 (1인),빵 및 과자류,피자,100g,243,12.41,,,307g
피자_쉬림프페스츄리 피자,빵 및 과자류,피자,100g,289,13.33,,,279g
피자_쉬림플렉스 피자 (L),빵 및 과자류,피자,100g,200,13.95,,,1107g
피자_쉬림플렉스피자오리지널(L),빵 및 과자류,피자,100g,200,13.94,,,1107g
피자_슈림프 알프레도 피자 씬 (F),빵 및 과자류,피자,100g,238,12.67,,,821g
피자_슈림프 알프레도(TH),빵 및 과자류,피자,100g,238,12.67,,,821g
피자_슈퍼 디럭스 히어로 피자 나폴리 (L),빵 및 과자류,피자,100g,250,12,10.64,26.51,698g
피자_슈퍼 디럭스 히어로 피자 나폴리 (M),빵 및 과자류,피자,100g,250,12.6,11.08,25,399g
피자_슈퍼 디럭스 히어로 피자 더블치즈 엣지 (L),빵 및 과자류,피자,100g,246,11,10.19,27.04,1033g
피자_슈퍼 디럭스 히어로 피자 더블치즈 엣지 (M),빵 및 과자류,피자,100g,254,12,11.79,24.53,648g
피자_슈퍼 디럭스 히어로 피자 더블치즈 페퍼로니 엣지 (L),빵 및 과자류,피자,100g,251,11.55,12.16,27.23,1073g
피자_슈퍼 디럭스 히어로 피자 더블치즈 페퍼로니 엣지 (M),빵 및 과자류,피자,100g,257,12.41,12.34,25.81,668g
피자_슈퍼 디럭스 히어로 피자 슈퍼시드 화이버 오리지널 (L),빵 및 과자류,피자,100g,247,10,8.47,32.18,903g
피자_슈퍼 디럭스 히어로 피자 슈퍼시드 화이버 오리지널 (M),빵 및 과자류,피자,100g,246,11,8.88,30.38,524g
피자_슈퍼 디럭스 히어로 피자 슈화 더블 치즈 페퍼로니 엣지 (L),빵 및 과자류,피자,100g,262,11.55,12.05,27.68,1074g
피자_슈퍼 디럭스 히어로 피자 슈화 더블 치즈 페퍼로니 엣지 (M),빵 및 과자류,피자,100g,257,11.92,12.15,24.11,682g
피자_슈퍼 디럭스 히어로 피자 씬 (L),빵 및 과자류,피자,100g,294,12.8,16.67,23.09,528g
페이스트리,빵 및 과자류,페이스트리,100g,457,8.56,26.28,46.45,70g
피자_쉬림프골드 피자 밀스크린 (R),빵 및 과자류,피자,100g,290,17.71,,,576g
피자_쉬림프골드 피자 백미스크린 (L),빵 및 과자류,피자,100g,243,12.6,,,1016g
피자_쉬림프골드 피자 백미스크린 (R),빵 및 과자류,피자,100g,287,17.2,,,558g
피자_쉬림프골드 피자 씬 (L),빵 및 과자류,피자,100g,250,13.73,,,816g
피자_쉬림프골드 피자 씬 (R),빵 및 과자류,피자,100g,306,18.99,,,474g
피자_쉬림프골드 피자 흑미스크린 (L),빵 및 과자류,피자,100g,239,12.6,,,1016g
피자_쉬림프골드 피자 흑미스크린 (R),빵 및 과자류,피자,100g,281,17.02,,,564g
피자_쉬림프골드밀스크린(L),빵 및 과자류,피자,100g,248,12.78,,,1044
피자_쉬림프골드밀스크린(R),빵 및 과자류,피자,100g,242,12.42,,,574.3
피자_쉬림프골드백미스크린(L),빵 및 과자류,피자,100g,243,12.77,,,1013
피자_쉬림프골드백미스크린(R),빵 및 과자류,피자,100g,237,12.4,,,558.9
피자_쉬림프골드씬(L),빵 및 과자류,피자,100g,250,13.38,,,815g
피자_쉬림프골드씬(R),빵 및 과자류,피자,100g,249,12.8,,,473.5
피자_쉬림프골드흑미스크린(L),빵 및 과자류,피자,100g,237,12.7,,,1018
피자_쉬림프골드흑미스크린(R),빵 및 과자류,피자,100g,233,12.33,,,561.1
피자_쉬림프디럭스 피자 (L),빵 및 과자류,피자,100g,227,10.87,,,1106g
피자_쉬림프콤비 피자 (L),빵 및 과자류,피자,100g,214,11.52,,,765g
피자_쉬림프콤비 피자 (M),빵 및 과자류,피자,100g,205,11.2,,,569g
페이스트리,빵 및 과자류,페이스트리,100g,466,8.31,29.66,41.5,70g
피자_쉬림프 피자 치즈캡 (R),빵 및 과자류,피자,100g,230,14.13,,,736g
피자_쉬림프 피자 크림치즈 (L),빵 및 과자류,피자,100g,232,10.57,,,1226g
피자_쉬림프 피자 크림치즈 (R),빵 및 과자류,피자,100g,231,11.34,,,777g
피자_쉬림프&핫치킨골드 피자 (L),빵 및 과자류,피자,100g,235,13.91,,,1380g
피자_쉬림프&핫치킨피자 (L),빵 및 과자류,피자,100g,237,16.28,,,1016g
피자_쉬림프&핫치킨피자 (R),빵 및 과자류,피자,100g,235,16.86,,,562g
피자_쉬림프&핫치킨피자 (XL),빵 및 과자류,피자,100g,235,14.01,,,1206g
피자_쉬림프(R),빵 및 과자류,피자,100g,201,13.64,,,726g
피자_쉬림프(XL),빵 및 과자류,피자,100g,116,7.89,,,1100g
피자_쉬림프(새우) 피자,빵 및 과자류,피자,100g,226,14.07,,25.19,1082g
피자_쉬림프(새우)피자,빵 및 과자류,피자,100g,226,14.07,,,1082g
피자_쉬림프갈릭스노윙 피자,빵 및 과자류,피자,100g,244,14.18,,,928g
피자_쉬림프고르곤졸라 피자,빵 및 과자류,피자,100g,423,23.13,,,100g
피자_쉬림프골드 피자,빵 및 과자류,피자,100g,279,11.34,,,1088g
피자_쉬림프골드 피자,빵 및 과자류,피자,100g,248,14.29,,25,1342g
피자_쉬림프골드 피자 (L),빵 및 과자류,피자,100g,291,14.57,,,912g
피자_쉬림프골드 피자 (L),빵 및 과자류,피자,100g,259,12.45,,,1080g
피자_쉬림프골드 피자 밀스크린 (L),빵 및 과자류,피자,100g,247,12.98,,,1048g
팥죽,죽 및 스프류,팥죽,100g,81,3.17,0.19,16.66,400g
피자_쉬림프 골드 피자 (M),빵 및 과자류,피자,100g,222,11.7,,,755.2
피자_쉬림프 골드 피자 에그타르트 (L),빵 및 과자류,피자,100g,247,9.74,,,1161
피자_쉬림프 골드 피자 에그타르트 (M),빵 및 과자류,피자,100g,229,10.82,,,755.2
피자_쉬림프 골드 피자 오리진 (L),빵 및 과자류,피자,100g,238,10.65,,,998g
피자_쉬림프 골드 피자 오리진 (M),빵 및 과자류,피자,100g,217,11.93,,,646g
피자_쉬림프 골드 피자 치즈캡 (L),빵 및 과자류,피자,100g,242,12.04,,,1120
피자_쉬림프 골드 피자 치즈캡 (M),빵 및 과자류,피자,100g,223,13.4,,,741.5
피자_쉬림프 골드 피자 크림치즈 (L),빵 및 과자류,피자,100g,242,9.64,,,1207
피자_쉬림프 골드 피자 크림치즈 (M),빵 및 과자류,피자,100g,224,10.69,,,782.5
피자_쉬림프 피자 (L),빵 및 과자류,피자,100g,224,13.98,,,944g
피자_쉬림프 피자 (XL),빵 및 과자류,피자,100g,116,7.89,,,1100g
피자_쉬림프 피자 골드 (L),빵 및 과자류,피자,100g,241,10.69,,,1161
피자_쉬림프 피자 골드 (R),빵 및 과자류,피자,100g,229,12.3,,,749g
피자_쉬림프 피자 에그타르트 (L),빵 및 과자류,피자,100g,238,11.02,,,1181g
피자_쉬림프 피자 에그타르트 (R),빵 및 과자류,피자,100g,236,11.23,,,749g
피자_쉬림프 피자 오리진 (L),빵 및 과자류,피자,100g,226,11.76,,,1017g
피자_쉬림프 피자 오리진 (R),빵 및 과자류,피자,100g,225,12.5,,,640g
피자_쉬림프 피자 치즈캡 (L),빵 및 과자류,피자,100g,232,13.16,,,1140g
팥죽,죽 및 스프류,팥죽,100ml,121,4.3,0.27,24.91,129.3
피자_수퍼슈프림치즈크러스트 (M),빵 및 과자류,피자,100g,262,13.83,,,647g
피자_수퍼슈프림치즈크러스트 골드 (L),빵 및 과자류,피자,100g,253,13.07,,,1096g
피자_수퍼슈프림치즈크러스트 골드 (M),빵 및 과자류,피자,100g,265,14.18,,,665g
피자_수퍼파파스 (R),빵 및 과자류,피자,100g,241,11.19,,,430g
피자_수퍼파파스 피자 (F),빵 및 과자류,피자,100g,240,10.69,,,1047g
피자_수퍼파파스 피자 (L),빵 및 과자류,피자,100g,240,10.77,,,778g
피자_수퍼파파스 피자 (P),빵 및 과자류,피자,100g,241,11.28,,,1331g
피자_수퍼파파스 피자 (R),빵 및 과자류,피자,100g,241,11.19,,,430g
피자_순삭 크런치 포테이토 피자 씬 (L),빵 및 과자류,피자,100g,291,10.06,,,694g
피자_순삭 크런치 포테이토 피자 오리지널 (L),빵 및 과자류,피자,100g,260,9.84,,,996g
피자_순삭 크런치 포테이토 피자 오리지널 (M),빵 및 과자류,피자,100g,262,10,,,597g
피자_순삭 크런치 포테이토 피자 오리지널 파마산 치즈 (L),빵 및 과자류,피자,100g,265,10.31,,,1018g
피자_순삭 크런치 포테이토 피자 오리지널 파마산 치즈 (M),빵 및 과자류,피자,100g,270,10.69,,,611g
피자_순삭 크런치 포테이토 피자 팬 (L),빵 및 과자류,피자,100g,285,9.08,,,1042g
피자_순삭포테이토 피자,빵 및 과자류,피자,100g,348,10.28,,,577g
피자_숯불포크피자 (1인),빵 및 과자류,피자,100g,265,14.69,,,229g
피자_쉬림드보니토 피자 (L),빵 및 과자류,피자,100g,235,15.56,,,1080g
피자_쉬림드보니토 피자 (R),빵 및 과자류,피자,100g,236,15.63,,,770g
팥빵_호밀찰보리빵,빵 및 과자류,팥빵,100g,332,5.5,,,20g
피자_수퍼슈프림 피자 (L),빵 및 과자류,피자,100g,224,11.9,,,800g
피자_수퍼슈프림 피자 (M),빵 및 과자류,피자,100g,217,11.78,,,574g
피자_수퍼슈프림 피자 더블치즈크러스트 (L),빵 및 과자류,피자,100g,254,13.91,,,1208g
피자_수퍼슈프림 피자 더블치즈크러스트 (M),빵 및 과자류,피자,100g,264,14.75,,,721g
피자_수퍼슈프림 피자 리치골드(L),빵 및 과자류,피자,100g,252,12.12,,,1254g
피자_수퍼슈프림 피자 리치골드(M),빵 및 과자류,피자,100g,260,12.54,,,761g
피자_수퍼슈프림 피자 치즈크러스트 (L),빵 및 과자류,피자,100g,245,12.84,,,1134g
피자_수퍼슈프림 피자 치즈크러스트 (M),빵 및 과자류,피자,100g,251,13.71,,,679g
피자_수퍼슈프림 피자 팬 (L),빵 및 과자류,피자,100g,265,11.13,,,988g
피자_수퍼슈프림 피자 프리미엄 오리지널 (L),빵 및 과자류,피자,100g,252,12.72,,,912g
피자_수퍼슈프림 피자 프리미엄 오리지널 (M),빵 및 과자류,피자,100g,260,13.12,,,512g
피자_수퍼슈프림 피자 프리첼 치즈 (L),빵 및 과자류,피자,100g,254,10.49,,,1151g
피자_수퍼슈프림 피자 프리첼 치즈 (M),빵 및 과자류,피자,100g,264,10.71,,,677g
피자_수퍼슈프림리치골드 (L),빵 및 과자류,피자,100g,251,11.91,,,1223g
피자_수퍼슈프림리치골드 (M),빵 및 과자류,피자,100g,259,12.52,,,762g
피자_수퍼슈프림오리지널 (L),빵 및 과자류,피자,100g,244,12.55,,,843g
피자_수퍼슈프림오리지널 (M),빵 및 과자류,피자,100g,256,13.15,,,534g
피자_수퍼슈프림치즈크러스트 (L),빵 및 과자류,피자,100g,249,12.65,,,1063g
팥빵_호두단팥빵,빵 및 과자류,팥빵,100g,261,6.96,6.09,45.22,115g
피자_수퍼 파파스 치즈롤 (L),빵 및 과자류,피자,100g,257,12.17,,,920g
피자_수퍼 파파스 치즈롤 (P),빵 및 과자류,피자,100g,258,12.15,,,1727
피자_수퍼 파파스 크루아상,빵 및 과자류,피자,100g,287,11.15,,,706.1
피자_수퍼 파파스 피자 골드링 (F),빵 및 과자류,피자,100g,266,11.78,,,1358
피자_수퍼 파파스 피자 골드링 (L),빵 및 과자류,피자,100g,265,11.17,,,859g
피자_수퍼 파파스 피자 골드링 (P),빵 및 과자류,피자,100g,265,11.44,,,1836
피자_수퍼 파파스 피자 골드링씬 (F),빵 및 과자류,피자,100g,276,11.16,,,1004g
피자_수퍼 파파스 피자 씬 (F),빵 및 과자류,피자,100g,282,11.86,,,776g
피자_수퍼 파파스 피자 오리지널 (F),빵 및 과자류,피자,100g,241,10.7,,,1046
피자_수퍼 파파스 피자 오리지널 (L),빵 및 과자류,피자,100g,240,10.79,,,778g
피자_수퍼 파파스 피자 오리지널 (P),빵 및 과자류,피자,100g,240,11.27,,,1330
피자_수퍼 파파스 피자 오리지널 (R),빵 및 과자류,피자,100g,241,11.16,,,429.9
피자_수퍼 파파스 피자 치즈롤 (F),빵 및 과자류,피자,100g,257,11.66,,,1372
피자_수퍼 파파스 피자 치즈롤 (L),빵 및 과자류,피자,100g,257,12.17,,,920g
피자_수퍼 파파스 피자 치즈롤 (P),빵 및 과자류,피자,100g,258,12.15,,,1727
피자_수퍼 파파스 하트씬,빵 및 과자류,피자,100g,242,8.51,,,1077g
피자_수퍼수프림 (L),빵 및 과자류,피자,100g,264,10.57,,,984g
피자_수퍼수프림 피자 (L),빵 및 과자류,피자,100g,288,11.11,,,1004g
팥빵_호두과자,빵 및 과자류,팥빵,100g,258,15,3.33,43.33,240g
피자_수제불고기 피자 씬도우 (L),빵 및 과자류,피자,100g,107,7.35,,,740g
피자_수제불고기 피자 씬도우 (R),빵 및 과자류,피자,100g,71,4.89,,,540g
피자_수제불고기 피자밀도우(L),빵 및 과자류,피자,100g,107,7.37,,,950g
피자_수제불고기 피자밀도우(R),빵 및 과자류,피자,100g,71,4.91,,,640g
피자_수제불고기 피자씬도우(L),빵 및 과자류,피자,100g,107,7.35,,,740g
피자_수제불고기 피자씬도우(R),빵 및 과자류,피자,100g,71,4.89,,,540g
피자_수퍼 파파스 (F),빵 및 과자류,피자,100g,241,10.7,,,1046
피자_수퍼 파파스 (L),빵 및 과자류,피자,100g,241,10.79,,,778g
피자_수퍼 파파스 (P),빵 및 과자류,피자,100g,240,11.27,,,1330
피자_수퍼 파파스 골드링 (F),빵 및 과자류,피자,100g,266,11.78,,,1358
피자_수퍼 파파스 골드링 (L),빵 및 과자류,피자,100g,265,11.17,,,859g
피자_수퍼 파파스 골드링 (P),빵 및 과자류,피자,100g,265,11.44,,,1836
피자_수퍼 파파스 골드링 씬,빵 및 과자류,피자,100g,276,11.16,,,1004g
피자_수퍼 파파스 스파이시 갈릭 치즈롤 (F),빵 및 과자류,피자,100g,254,12.59,,,1334
피자_수퍼 파파스 스파이시 갈릭 치즈롤 (L),빵 및 과자류,피자,100g,254,12.51,,,959g
피자_수퍼 파파스 스파이시 갈릭 치즈롤 (P),빵 및 과자류,피자,100g,254,12.58,,,1670
피자_수퍼 파파스 씬,빵 및 과자류,피자,100g,282,11.86,,,776g
피자_수퍼 파파스 치즈롤 (F),빵 및 과자류,피자,100g,257,11.66,,,1372
팥빵_호두과자,빵 및 과자류,팥빵,100g,290,7.5,,,20g
피자_소고기로제스테이크커리 피자 (L),빵 및 과자류,피자,100g,275,18,,,1127g
피자_소베페 피자 (L),빵 및 과자류,피자,100g,279,15.94,,,1179g
피자_소불고기 피자,빵 및 과자류,피자,100g,243,17.21,,24.59,976g
피자_소불고기피자,빵 및 과자류,피자,100g,243,17.21,,,976g
피자_소세지 피자 (L),빵 및 과자류,피자,100g,305,7.79,,,904g
피자_소시지 피자 (XL),빵 및 과자류,피자,100g,218,13.5,,,978g
피자_소시지맥스나폴리(L),빵 및 과자류,피자,100g,303,15.33,,,635g
피자_소프트포테이토무스 피자 밀도우 (L),빵 및 과자류,피자,100g,107,4.88,,,1140g
피자_소프트포테이토무스 피자 밀도우 (R),빵 및 과자류,피자,100g,71,3.26,,,760g
피자_소프트포테이토무스 피자 씬도우 (L),빵 및 과자류,피자,100g,107,4.89,,,930g
피자_소프트포테이토무스 피자 씬도우 (R),빵 및 과자류,피자,100g,71,3.26,,,660g
피자_소프트포테이토무스 피자밀도우(L),빵 및 과자류,피자,100g,107,4.88,,,1140g
피자_소프트포테이토무스 피자밀도우(R),빵 및 과자류,피자,100g,71,3.26,,,760g
피자_소프트포테이토무스 피자씬도우(L),빵 및 과자류,피자,100g,107,4.89,,,930g
피자_소프트포테이토무스 피자씬도우(R),빵 및 과자류,피자,100g,71,3.26,,,660g
피자_속풀이해장 피자 (L),빵 및 과자류,피자,100g,262,13.01,,,1166g
피자_수제불고기 피자 밀도우 (L),빵 및 과자류,피자,100g,107,7.37,,,950g
피자_수제불고기 피자 밀도우 (R),빵 및 과자류,피자,100g,71,4.91,,,640g
팥빵_호두과자,빵 및 과자류,팥빵,100g,304,6.15,,,130g
피자_샘스테이크 피자 골드스윗 (L),빵 및 과자류,피자,100g,280,14.38,,,1224g
피자_샘스테이크 피자 골드스윗 (R),빵 및 과자류,피자,100g,279,14.56,,,824g
피자_샘스테이크 피자 리코타링 (L),빵 및 과자류,피자,100g,280,14.79,,,1134g
피자_샘스테이크 피자 리코타링 (R),빵 및 과자류,피자,100g,281,15.26,,,759g
피자_샘스테이크 피자 석쇠 (L),빵 및 과자류,피자,100g,278,14.73,,,1034g
피자_샘스테이크 피자 석쇠 (R),빵 및 과자류,피자,100g,277,15.29,,,679g
피자_샘스테이크 피자 씬도우 (L),빵 및 과자류,피자,100g,278,13.37,,,686g
피자_샘스테이크 피자 씬도우 (R),빵 및 과자류,피자,100g,263,13.08,,,520g
피자_샘스테이크 피자 씬바샤삭 (L),빵 및 과자류,피자,100g,278,13.37,,,686g
피자_샘스테이크 피자 씬바샤삭 (R),빵 및 과자류,피자,100g,263,13.08,,,520g
피자_샘스테이크 피자 치즈링 (L),빵 및 과자류,피자,100g,274,15.28,,,1154g
피자_샘스테이크 피자 치즈링 (R),빵 및 과자류,피자,100g,272,15.9,,,779g
피자_서오릉갈비 (L),빵 및 과자류,피자,100g,244,11.29,,,915g
피자_서오릉갈비 (R),빵 및 과자류,피자,100g,247,11.77,,,566g
피자_서오릉갈비 피자 (L),빵 및 과자류,피자,100g,259,11.96,,,900.6
피자_서오릉갈비 피자 (R),빵 및 과자류,피자,100g,261,12.34,,,543.7
피자_세뇨리따 피자 (L),빵 및 과자류,피자,100g,188,10.79,,,940g
피자_세뇨리따 피자 (M),빵 및 과자류,피자,100g,179,10.92,,,706g
팥빵_호두가오독오독씹히는단팥빵,빵 및 과자류,팥빵,100g,407,10.28,,,107g
피자_새우천왕 피자 치즈캡 (M),빵 및 과자류,피자,100g,225,13.68,,,769.5
피자_새우천왕 피자 치즈캡 (R),빵 및 과자류,피자,100g,250,13.5,,,799g
피자_새우천왕 피자 크림치즈 (L),빵 및 과자류,피자,100g,224,11.26,,,1301
피자_새우천왕 피자 크림치즈 (M),빵 및 과자류,피자,100g,225,11.05,,,810.5
피자_새우천왕 피자 크림치즈 (R),빵 및 과자류,피자,100g,223,11.43,,,840g
피자_새우콤비네이션 피자 (L),빵 및 과자류,피자,100g,239,5.32,,,790g
피자_새우파티 피자 골드스윗 (L),빵 및 과자류,피자,100g,230,12.9,,,1242g
피자_새우파티 피자 골드스윗 (R),빵 및 과자류,피자,100g,241,12.63,,,793g
피자_새우파티 피자 리코타링 (L),빵 및 과자류,피자,100g,226,13.19,,,1152g
피자_새우파티 피자 리코타링 (R),빵 및 과자류,피자,100g,240,13.19,,,728g
피자_새우파티 피자 석쇠 (L),빵 및 과자류,피자,100g,217,12.88,,,1052g
피자_새우파티 피자 석쇠 (R),빵 및 과자류,피자,100g,231,12.96,,,648g
피자_새우파티 피자 씬도우 (L),빵 및 과자류,피자,100g,253,11.52,,,762g
피자_새우파티 피자 씬도우 (R),빵 및 과자류,피자,100g,249,12.12,,,526g
피자_새우파티 피자 씬바샤삭 (L),빵 및 과자류,피자,100g,253,11.52,,,762g
피자_새우파티 피자 씬바샤삭 (R),빵 및 과자류,피자,100g,249,12.12,,,526g
피자_새우파티 피자 치즈링 (L),빵 및 과자류,피자,100g,219,13.61,,,1172g
피자_새우파티 피자 치즈링 (R),빵 및 과자류,피자,100g,232,13.9,,,748g
팥빵_팥호두과자(8개입),빵 및 과자류,팥빵,100g,280,7,7,49,160g
피자_새우 피자 (L),빵 및 과자류,피자,100g,303,6.38,,,753g
피자_새우리아 피자,빵 및 과자류,피자,100g,275,8.75,11.11,29.45,880g
피자_새우세보래 피자 씬 (L),빵 및 과자류,피자,100g,248,10.66,,,976g
피자_새우세보래 피자 씬 (R),빵 및 과자류,피자,100g,246,10.1,,,594g
피자_새우세보래씬(L),빵 및 과자류,피자,100g,248,10.33,,,974g
피자_새우세보래씬(R),빵 및 과자류,피자,100g,248,10.5,,,591.4
피자_새우에빠진닭 피자 (L),빵 및 과자류,피자,100g,239,13.68,,,936g
피자_새우에빠진닭 피자 (M),빵 및 과자류,피자,100g,238,13.59,,,618g
피자_새우천왕 피자 골드 (L),빵 및 과자류,피자,100g,223,12.29,,,1255
피자_새우천왕 피자 골드 (M),빵 및 과자류,피자,100g,223,12.04,,,783.2
피자_새우천왕 피자 골드 (R),빵 및 과자류,피자,100g,226,11.76,,,812g
피자_새우천왕 피자 노엣지 오리진 (L),빵 및 과자류,피자,100g,217,12.5,,,1092g
피자_새우천왕 피자 노엣지 오리진 (M),빵 및 과자류,피자,100g,219,12.32,,,674g
피자_새우천왕 피자 노엣지 오리진 (R),빵 및 과자류,피자,100g,247,12.5,,,703g
피자_새우천왕 피자 에그타르트 (L),빵 및 과자류,피자,100g,228,11.42,,,1255
피자_새우천왕 피자 에그타르트 (M),빵 및 과자류,피자,100g,230,11.19,,,783.2
피자_새우천왕 피자 에그타르트 (R),빵 및 과자류,피자,100g,226,10.78,,,812g
피자_새우천왕 피자 치즈캡 (L),빵 및 과자류,피자,100g,222,13.59,,,1214
팥빵_팥호두과자(20개입),빵 및 과자류,팥빵,100g,280,7,7,49,400g
피자_빙빙회오리감자피자 (1인),빵 및 과자류,피자,100g,278,11.14,,,272g
피자_빠새 피자 (L),빵 및 과자류,피자,100g,278,10.15,,,916g
피자_뿜뿜불고기 피자,빵 및 과자류,피자,100g,303,12.69,,,478g
피자_사대천왕 피자 (L),빵 및 과자류,피자,100g,250,13.67,,,1114g
피자_사대천왕 피자 (L),빵 및 과자류,피자,100g,329,15,,,2972g
피자_사장의실수 피자 (L),빵 및 과자류,피자,100g,279,15.44,,,1190g
피자_사장의실수 피자 (R),빵 및 과자류,피자,100g,279,15.23,,,905g
피자_산체스타타코 피자 (L),빵 및 과자류,피자,100g,245,12.14,,28.64,822g
피자_산체스타타코 피자 (R),빵 및 과자류,피자,100g,246,12.15,,28.73,633g
피자_살치스테이크 피자 밀도우 (L),빵 및 과자류,피자,100g,111,9.06,,,870g
피자_살치스테이크 피자 밀도우 (R),빵 및 과자류,피자,100g,74,6.04,,,540g
피자_살치스테이크 피자 씬도우 (L),빵 및 과자류,피자,100g,111,9.05,,,660g
피자_살치스테이크 피자 씬도우 (R),빵 및 과자류,피자,100g,74,6.03,,,440g
피자_살치스테이크 피자밀도우(L),빵 및 과자류,피자,100g,111,9.06,,,870g
피자_살치스테이크 피자밀도우(R),빵 및 과자류,피자,100g,74,6.04,,,540g
피자_살치스테이크 피자씬도우(L),빵 및 과자류,피자,100g,111,9.05,,,660g
피자_살치스테이크 피자씬도우(R),빵 및 과자류,피자,100g,74,6.03,,,440g
피자_상큼하와이안 피자 (L),빵 및 과자류,피자,100g,165,7.69,,,1131g
피자_블록버스터4 피자 더블치즈 페퍼로니 엣지 (L),빵 및 과자류,피자,100g,248,12.32,11.5,24.39,1312g
피자_블록버스터4 피자 더블치즈 페퍼로니 엣지 (M),빵 및 과자류,피자,100g,239,12.91,11.05,20.98,850g
피자_블록버스터4 피자 슈퍼시드 화이버 버스트 오리지널 (L),빵 및 과자류,피자,100g,281,15.03,10.25,25.27,1241g
피자_블록버스터4 피자 슈퍼시드 화이버 오리지널 (L),빵 및 과자류,피자,100g,236,12.6,8.11,28.06,1055g
피자_블록버스터4 피자 슈퍼시드 화이버 오리지널 (M),빵 및 과자류,피자,100g,232,11,8.41,27.6,652g
피자_블록버스터4 피자 슈화 더블 치즈 페퍼로니 엣지 (L),빵 및 과자류,피자,100g,281,15.47,11.06,24.18,1252g
피자_블록버스터4 피자 슈화 더블 치즈 페퍼로니 엣지 (M),빵 및 과자류,피자,100g,285,14.32,11.57,23.5,788g
피자_블록버스터4 피자 씬 (L),빵 및 과자류,피자,100g,250,13,13.08,20,753g
피자_블록버스터4 피자 씬 (M),빵 및 과자류,피자,100g,245,14,13.74,,462g
피자_블록버스터4 피자 오리지널 (L),빵 및 과자류,피자,100g,239,11,8.86,28.35,1105g
피자_블록버스터4 피자 오리지널 (M),빵 및 과자류,피자,100g,221,11.8,8.28,24.9,695g
피자_블록버스터4 피자 치즈버스트 나폴리 (L),빵 및 과자류,피자,100g,245,13,12.8,,1087g
피자_블록버스터4 피자 치즈버스트 오리지널 (L),빵 및 과자류,피자,100g,243,12,11.17,23.41,1325g
피자_비프갈릭 피자 (L),빵 및 과자류,피자,100g,262,13.62,8.67,24.7,939g
피자_비프퀘사디아 피자,빵 및 과자류,피자,100g,264,12.38,8.91,33.17,807g
피자_비프퀘사디아피자,빵 및 과자류,피자,100g,232,12.07,,,812g
피자_비프홀리데이 피자(L),빵 및 과자류,피자,100g,285,13,,,992g
피자_빅포 피자 (L),빵 및 과자류,피자,100g,94,3.69,,,1220g
피자_블랙타이거 슈림프 피자 슈화 더블 치즈 페퍼로니 엣지 (M),빵 및 과자류,피자,100g,302,15.33,11.02,27.1,698g
피자_블랙타이거 슈림프 피자 씬 (L),빵 및 과자류,피자,100g,251,11.6,11.71,24.86,648g
피자_블랙타이거 슈림프 피자 씬 (M),빵 및 과자류,피자,100g,254,12,11.02,23.32,385g
피자_블랙타이거 슈림프 피자 오리지널 (M),빵 및 과자류,피자,100g,238,11.6,9.11,27.87,592g
피자_블랙타이거 슈림프 피자 치즈 엣지 (L),빵 및 과자류,피자,100g,241,11.5,8.69,29.08,1145g
피자_블랙타이거 슈림프 피자 치즈 엣지 (M),빵 및 과자류,피자,100g,248,12.7,10.9,24.86,727g
피자_블랙타이거 슈림프 피자 치즈버스트 나폴리 (L),빵 및 과자류,피자,100g,243,11.6,11.52,23.17,1001g
피자_블랙타이거 슈림프 피자 치즈버스트 오리지널 (L),빵 및 과자류,피자,100g,243,14,10.07,23.5,1225g
피자_블랙타이거슈림프 오리지널 트리플치즈버스트엣지 (L),빵 및 과자류,피자,100g,257,12.67,,,1067g
피자_블랙타이거슈림프 피자,빵 및 과자류,피자,100g,199,12.85,,,934g
피자_블랙타이거슈림프 피자 오리지널 (L),빵 및 과자류,피자,100g,234,11,6.94,31.61,963g
피자_블랙타이거슈림프 피자 트리플치즈버스트 엣지 (L),빵 및 과자류,피자,100g,241,12,,,1203g
피자_블랙트러플 스테이크 시카고 피자,빵 및 과자류,피자,100g,278,15,,26.25,100g
피자_블록버스터4 피자 나폴리 (L),빵 및 과자류,피자,100g,235,12,9.9,24.19,886g
피자_블록버스터4 피자 나폴리 (M),빵 및 과자류,피자,100g,228,12.5,10,22.04,570g
피자_블록버스터4 피자 더블치즈 엣지 (L),빵 및 과자류,피자,100g,244,11.9,10.25,25.91,1272g
피자_블록버스터4 피자 더블치즈 엣지 (M),빵 및 과자류,피자,100g,236,12.6,10.53,22.65,830g
피자_블록버스터4 피자 더블치즈 엣지 오리지널 (L),빵 및 과자류,피자,100g,237,12.5,,,1280g
페이스트리_64겹페스트리,빵 및 과자류,페이스트리,100g,387,7,,,286g
피자_블랙앵거스 스테이크 피자 씬 (L),빵 및 과자류,피자,100g,260,11,13.57,23.16,694g
피자_블랙앵거스 스테이크 피자 씬 (M),빵 및 과자류,피자,100g,244,10.6,12.74,21.62,428g
피자_블랙앵거스 스테이크 피자 오리지널 (L),빵 및 과자류,피자,100g,242,12,8.54,29.26,1017g
피자_블랙앵거스 스테이크 피자 치즈 엣지 (L),빵 및 과자류,피자,100g,242,11.7,10.37,25.46,1238g
피자_블랙앵거스 스테이크 피자 치즈 엣지 (M),빵 및 과자류,피자,100g,242,11,10.84,24.7,778g
피자_블랙앵거스 스테이크 피자 치즈버스트 나폴리 (L),빵 및 과자류,피자,100g,243,11.6,11.5,23.2,1028g
피자_블랙앵거스 스테이크 피자 치즈버스트 오리지널 (L),빵 및 과자류,피자,100g,248,11.6,10.86,25.97,1267g
피자_블랙앵거스 스테이크 피자 트리플치즈버스트 엣지 (L),빵 및 과자류,피자,100g,239,11.18,,,1285g
피자_블랙청양페퍼로니 피자,빵 및 과자류,피자,100g,279,18.52,,,720g
피자_블랙타이거 슈림프 피자 나폴리 (L),빵 및 과자류,피자,100g,240,11.5,6.31,29.73,751g
피자_블랙타이거 슈림프 피자 나폴리 (M),빵 및 과자류,피자,100g,236,12,9.2,25.98,473g
피자_블랙타이거 슈림프 피자 더블치즈 페퍼로니 엣지 (L),빵 및 과자류,피자,100g,245,11.98,10.11,26.26,1185g
피자_블랙타이거 슈림프 피자 더블치즈 페퍼로니 엣지 (M),빵 및 과자류,피자,100g,252,13.05,12.09,22.79,747g
피자_블랙타이거 슈림프 피자 슈퍼시드 화이버 버스트 오리지널 (L),빵 및 과자류,피자,100g,292,13.38,9.64,29.74,1123g
피자_블랙타이거 슈림프 피자 슈퍼시드 화이버 오리지널 (L),빵 및 과자류,피자,100g,242,10.7,7.12,33.77,937g
피자_블랙타이거 슈림프 피자 슈퍼시드 화이버 오리지널 (M),빵 및 과자류,피자,100g,243,11.6,7.22,32.73,562g
피자_블랙타이거 슈림프 피자 슈화 더블 치즈 페퍼로니 엣지 (L),빵 및 과자류,피자,100g,292,13.93,10.55,28.5,1134g
피자_브로스페셜콤비 피자 (L),빵 및 과자류,피자,100g,279,15,,,1355g
피자_브루클린 버거 피자 씬 (L),빵 및 과자류,피자,100g,306,14.36,,,563g
피자_브루클린 버거 피자 오리지널 (L),빵 및 과자류,피자,100g,266,12.62,,,856g
피자_브루클린 버거 피자 오리지널 (M),빵 및 과자류,피자,100g,271,13.1,,,506g
피자_브루클린 버거 피자 오리지널 파마산 치즈 (L),빵 및 과자류,피자,100g,273,13.3,,,878g
피자_브루클린 버거 피자 오리지널 파마산 치즈 (M),빵 및 과자류,피자,100g,275,13.64,,,520g
피자_브루클린 버거 피자 팬 (L),빵 및 과자류,피자,100g,298,11.7,,,903g
피자_브루클린스테이크 피자,빵 및 과자류,피자,100g,125,6.17,,,720g
피자_블랙 페퍼 폭탄 피자,빵 및 과자류,피자,100g,252,13.66,,,927g
피자_블랙소세지핫도그 피자,빵 및 과자류,피자,100g,256,12.13,,,1156g
피자_블랙앵거스 스테이크 피자 나폴리 (L),빵 및 과자류,피자,100g,233,11.5,9.11,26.17,822g
피자_블랙앵거스 스테이크 피자 나폴리 (M),빵 및 과자류,피자,100g,231,11,9.83,24.25,520g
피자_블랙앵거스 스테이크 피자 더블치즈 페퍼로니 엣지 (L),빵 및 과자류,피자,100g,246,12.14,10.94,23.81,1278g
피자_블랙앵거스 스테이크 피자 슈퍼시드 화이버 버스트 오리지널 (L),빵 및 과자류,피자,100g,278,13.48,10.26,25.66,1217g
피자_블랙앵거스 스테이크 피자 슈퍼시드 화이버 오리지널 (L),빵 및 과자류,피자,100g,232,11,8.08,28.58,1031g
피자_블랙앵거스 스테이크 피자 슈퍼시드 화이버 오리지널 (M),빵 및 과자류,피자,100g,239,10.9,8.19,30.51,608g
피자_블랙앵거스 스테이크 피자 슈화 더블 치즈 페퍼로니 엣지 (L),빵 및 과자류,피자,100g,278,13.98,11.09,24.54,1228g
피자_블랙앵거스 스테이크 피자 슈화 더블 치즈 페퍼로니 엣지 (M),빵 및 과자류,피자,100g,295,14.42,11.58,25.64,744g
페이스트리_64겹골든페스츄리,빵 및 과자류,페이스트리,100g,385,7,,,392g
피자_불닭발레전드 피자 (R),빵 및 과자류,피자,100g,292,12,,39,483g
피자_불닭쉬림프 피자 밀도우 (L),빵 및 과자류,피자,100g,104,8.6,,,860g
피자_불닭쉬림프 피자 밀도우 (R),빵 및 과자류,피자,100g,69,5.74,,,554g
피자_불닭쉬림프 피자 씬도우 (L),빵 및 과자류,피자,100g,104,8.6,,,650g
피자_불닭쉬림프 피자 씬도우 (R),빵 및 과자류,피자,100g,69,5.73,,,454g
피자_불닭쉬림프 피자밀도우(L),빵 및 과자류,피자,100g,104,8.6,,,860g
피자_불닭쉬림프 피자밀도우(R),빵 및 과자류,피자,100g,69,5.74,,,554g
피자_불닭쉬림프 피자씬도우(L),빵 및 과자류,피자,100g,104,8.6,,,650g
피자_불닭쉬림프 피자씬도우(R),빵 및 과자류,피자,100g,69,5.73,,,454g
피자_불닭치킨피자 (1인),빵 및 과자류,피자,100g,253,16.49,,,238g
피자_불닭핫치킨 피자 (L),빵 및 과자류,피자,100g,225,15.18,,,1175g
피자_불벅 피자 (L),빵 및 과자류,피자,100g,270,13.15,,,1845
피자_불벅치즈링 피자 (R),빵 및 과자류,피자,100g,264,12.64,,,847.6
피자_불사조쉬림프 피자 (L),빵 및 과자류,피자,100g,231,14.44,,,952g
피자_불새 피자 (L),빵 및 과자류,피자,100g,210,8.89,,,719g
피자_불새피자,빵 및 과자류,피자,100g,186,8.14,,,432g
피자_불새피자 불고기새우 피자 (L),빵 및 과자류,피자,100g,226,12.77,,,752g
피자_브라운비프 피자,빵 및 과자류,피자,100g,257,14.21,,,100g
피자_불고기흑미치즈크러스트(R),빵 및 과자류,피자,100g,220,14.15,,,515.4
피자_불그닭 피자 (L),빵 및 과자류,피자,100g,241,14.62,,,1040g
피자_불그닭 피자 (R),빵 및 과자류,피자,100g,241,14.84,,,770g
피자_불금 피자 (L),빵 및 과자류,피자,100g,263,13.95,,,1028g
피자_불닭 피자,빵 및 과자류,피자,100g,225,15.67,,22.39,1074g
피자_불닭 피자 (L),빵 및 과자류,피자,100g,246,14.92,,,1029g
피자_불닭 피자 (L),빵 및 과자류,피자,100g,244,15.53,,,872g
피자_불닭 피자 (L),빵 및 과자류,피자,100g,228,12.5,,,720g
피자_불닭고구마 피자,빵 및 과자류,피자,100g,254,9.86,10.8,29.58,850g
피자_불닭고구마피자,빵 및 과자류,피자,100g,237,11.62,,,852g
피자_불닭바베큐 피자 밀도우 (L),빵 및 과자류,피자,100g,114,8.93,,,990g
피자_불닭바베큐 피자 밀도우 (R),빵 및 과자류,피자,100g,76,5.97,,,590g
피자_불닭바베큐 피자 씬도우 (L),빵 및 과자류,피자,100g,114,8.95,,,780g
피자_불닭바베큐 피자 씬도우 (R),빵 및 과자류,피자,100g,76,5.96,,,490g
피자_불닭바베큐밀도우(L),빵 및 과자류,피자,100g,114,8.93,,,990g
피자_불닭바베큐밀도우(R),빵 및 과자류,피자,100g,76,5.97,,,590g
피자_불닭바베큐씬도우(L),빵 및 과자류,피자,100g,114,8.95,,,780g
피자_불닭바베큐씬도우(R),빵 및 과자류,피자,100g,76,5.96,,,490g
피자_불닭발레전드 피자 (L),빵 및 과자류,피자,100g,313,15.71,,33.81,675g
팥죽,죽 및 스프류,팥죽,100ml,69,2.7,0.16,13.65,259ml
피자_불고기피자,빵 및 과자류,피자,100g,249,10.79,,,710g
피자_불고기피자,빵 및 과자류,피자,100g,253,13.7,8.35,30.6,200g
피자_불고기피자,빵 및 과자류,피자,100g,237,13.29,,,715g
피자_불고기피자 (L),빵 및 과자류,피자,100g,266,13.13,,,764g
피자_불고기피자 (L),빵 및 과자류,피자,100g,236,10.76,,,800g
피자_불고기피자 (M),빵 및 과자류,피자,100g,270,12.54,,,567g
피자_불고기피자 (R),빵 및 과자류,피자,100g,237,10.72,,,448g
피자_불고기피자 (R),빵 및 과자류,피자,100g,235,11.61,,,547.6
피자_불고기피자 (XL),빵 및 과자류,피자,100g,236,10.83,,,960g
피자_불고기피자 리치골드크러스트 (L),빵 및 과자류,피자,100g,267,13.24,,,964g
피자_불고기피자 리치골드크러스트 (M),빵 및 과자류,피자,100g,270,12.71,,,667g
피자_불고기피자 치즈크러스트 (L),빵 및 과자류,피자,100g,268,13.19,,,864g
피자_불고기피자 치즈크러스트 (M),빵 및 과자류,피자,100g,272,12.68,,,642g
피자_불고기피자바이트,빵 및 과자류,피자,100g,245,10.46,,,875g
피자_불고기피자오리지널,빵 및 과자류,피자,100g,320,14.82,,,485g
피자_불고기흑미스크린(L),빵 및 과자류,피자,100g,233,14.26,,,848.2
피자_불고기흑미스크린(R),빵 및 과자류,피자,100g,228,13.95,,,447.6
피자_불고기흑미치즈크러스트(L),빵 및 과자류,피자,100g,227,14.39,,,943.2
팥죽,죽 및 스프류,팥죽,100ml,83,3,0.18,17.12,302.7
피자_불고기밀스크린(L),빵 및 과자류,피자,100g,246,14.31,,,874.6
피자_불고기밀스크린(R),빵 및 과자류,피자,100g,241,14.01,,,460.8
피자_불고기밀스크린치즈크러스트(L),빵 및 과자류,피자,100g,238,14.43,,,969.6
피자_불고기밀스크린치즈크러스트(R),빵 및 과자류,피자,100g,231,14.2,,,528.6
피자_불고기백미스크린(L),빵 및 과자류,피자,100g,240,14.36,,,843.8
피자_불고기백미스크린(R),빵 및 과자류,피자,100g,234,14.04,,,445.4
피자_불고기백미치즈크러스트(L),빵 및 과자류,피자,100g,232,14.47,,,938.8
피자_불고기백미치즈크러스트(R),빵 및 과자류,피자,100g,225,14.23,,,513.2
피자_불고기씬(L),빵 및 과자류,피자,100g,248,15.61,,,645g
피자_불고기씬(R),빵 및 과자류,피자,100g,248,14.95,,,360g
피자_불고기의정석 피자 (L),빵 및 과자류,피자,100g,248,13.33,,,840g
피자_불고기의정석 피자 (M),빵 및 과자류,피자,100g,247,14.14,,,594g
피자_불고기체다크림크러스트(L),빵 및 과자류,피자,100g,239,13.55,,,1010g
피자_불고기체다크림크러스트(R),빵 및 과자류,피자,100g,240,13.04,,,579.8
피자_불고기치즈크러스트(L),빵 및 과자류,피자,100g,235,14.43,,,1005g
피자_불고기치즈크러스트(R),빵 및 과자류,피자,100g,233,13.99,,,587.7
피자_불고기팬(L),빵 및 과자류,피자,100g,242,14.32,,,910g
피자_불고기팬(R),빵 및 과자류,피자,100g,242,13.79,,,519.8
팥죽,죽 및 스프류,팥죽,100ml,121,4.3,0.27,24.91,129.3
피자_불고기 피자 치즈캡 (M),빵 및 과자류,피자,100g,270,16.96,,,611.5
피자_불고기 피자 치즈캡 (R),빵 및 과자류,피자,100g,259,14.19,,,619g
피자_불고기 피자 치즈크러스트 (L),빵 및 과자류,피자,100g,233,14.29,,,1008g
피자_불고기 피자 치즈크러스트 (R),빵 및 과자류,피자,100g,233,14.29,,,588g
피자_불고기 피자 팬 (L),빵 및 과자류,피자,100g,241,14.04,,,912g
피자_불고기 피자 팬 (R),빵 및 과자류,피자,100g,241,13.79,,,522g
피자_불고기 피자 흑미스크린 (L),빵 및 과자류,피자,100g,233,14.15,,,848g
피자_불고기 피자 흑미스크린 (R),빵 및 과자류,피자,100g,227,13.33,,,450g
피자_불고기 피자 흑미스크린치즈크러스트 (L),빵 및 과자류,피자,100g,225,14.41,,,944g
피자_불고기 피자 흑미스크린치즈크러스트 (R),빵 및 과자류,피자,100g,219,13.95,,,516g
피자_불고기(R),빵 및 과자류,피자,100g,182,12.76,,,700g
피자_불고기(XL),빵 및 과자류,피자,100g,243,17.2,,,1060g
피자_불고기BBQ 피자,빵 및 과자류,피자,100g,241,11.28,,,952g
피자_불고기감자 피자 (XL),빵 및 과자류,피자,100g,249,17.45,,,1130g
피자_불고기감자(R),빵 및 과자류,피자,100g,187,13.15,,,746g
피자_불고기감자(XL),빵 및 과자류,피자,100g,249,17.45,,,1130g
피자_불고기고구마크러스트(L),빵 및 과자류,피자,100g,237,13.08,,,1005g
피자_불고기고구마크러스트(R),빵 및 과자류,피자,100g,237,12.54,,,576.8
팥빵_호두통팥,빵 및 과자류,팥빵,100g,362,9.7,17.1,42.3,110g
피자_불고기 피자 석쇠 (G),빵 및 과자류,피자,100g,278,14.5,,,1310g
피자_불고기 피자 석쇠 (L),빵 및 과자류,피자,100g,278,15.06,,,664g
피자_불고기 피자 석쇠 (R),빵 및 과자류,피자,100g,278,14.63,,,490g
피자_불고기 피자 씬 (L),빵 및 과자류,피자,100g,247,16.05,,,648g
피자_불고기 피자 씬 (R),빵 및 과자류,피자,100g,248,15,,,360g
피자_불고기 피자 씬도우 (L),빵 및 과자류,피자,100g,287,13.99,,,573g
피자_불고기 피자 씬도우 (R),빵 및 과자류,피자,100g,300,14,,,400g
피자_불고기 피자 씬바샤삭 (L),빵 및 과자류,피자,100g,287,13.99,,,573g
피자_불고기 피자 씬바샤삭 (R),빵 및 과자류,피자,100g,300,14,,,400g
피자_불고기 피자 오리진 (L),빵 및 과자류,피자,100g,259,11.15,,,856g
피자_불고기 피자 오리진 (M),빵 및 과자류,피자,100g,270,15.79,,,516g
피자_불고기 피자 오리진 (R),빵 및 과자류,피자,100g,257,12.98,,,523g
피자_불고기 피자 체다크림크러스트 (L),빵 및 과자류,피자,100g,240,13.49,,,1008g
피자_불고기 피자 체다크림크러스트 (R),빵 및 과자류,피자,100g,239,13.4,,,582g
피자_불고기 피자 치즈링 (G),빵 및 과자류,피자,100g,273,15.69,,,1530g
피자_불고기 피자 치즈링 (L),빵 및 과자류,피자,100g,272,16.33,,,784g
피자_불고기 피자 치즈링 (R),빵 및 과자류,피자,100g,272,15.54,,,590g
피자_불고기 피자 치즈캡 (L),빵 및 과자류,피자,100g,260,12.67,,,978.8
피자_불고기 피자 골드스윗 (L),빵 및 과자류,피자,100g,281,14.02,,,854g
피자_불고기 피자 골드스윗 (R),빵 및 과자류,피자,100g,281,13.84,,,635g
피자_불고기 피자 리코타링 (G),빵 및 과자류,피자,100g,283,14.09,,,1490g
피자_불고기 피자 리코타링 (L),빵 및 과자류,피자,100g,283,14.66,,,764g
피자_불고기 피자 리코타링 (R),빵 및 과자류,피자,100g,283,14.69,,,570g
피자_불고기 피자 밀스크린 (L),빵 및 과자류,피자,100g,247,14.68,,,872g
피자_불고기 피자 밀스크린 (R),빵 및 과자류,피자,100g,240,14.29,,,462g
피자_불고기 피자 밀스크린고구마크러스트 (L),빵 및 과자류,피자,100g,241,13.22,,,968g
피자_불고기 피자 밀스크린고구마크러스트 (R),빵 및 과자류,피자,100g,236,12.79,,,516g
피자_불고기 피자 밀스크린체다크림크러스트 (L),빵 및 과자류,피자,100g,243,13.11,,,976g
피자_불고기 피자 밀스크린체다크림크러스트 (R),빵 및 과자류,피자,100g,237,12.64,,,522g
피자_불고기 피자 밀스크린치즈크러스트 (L),빵 및 과자류,피자,100g,238,14.05,,,968g
피자_불고기 피자 밀스크린치즈크러스트 (R),빵 및 과자류,피자,100g,231,13.64,,,528g
피자_불고기 피자 바이트 (L),빵 및 과자류,피자,100g,245,10.46,,,875g
피자_불고기 피자 백미스크린 (L),빵 및 과자류,피자,100g,241,14.29,,,840g
피자_불고기 피자 백미스크린 (R),빵 및 과자류,피자,100g,235,13.51,,,444g
피자_불고기 피자 백미스크린치즈크러스트 (L),빵 및 과자류,피자,100g,232,14.53,,,936g
피자_불고기 피자 백미스크린치즈크러스트 (R),빵 및 과자류,피자,100g,223,13.95,,,516g
피자_불고기 피자 (L),빵 및 과자류,피자,100g,216,13.81,,,724g
피자_불고기 피자 (L),빵 및 과자류,피자,100g,252,14.79,6.47,26.1,949g
피자_불고기 피자 (L),빵 및 과자류,피자,100g,248,14.81,,,1080g
피자_불고기 피자 (L),빵 및 과자류,피자,100g,299,15.65,,,914g
피자_불고기 피자 (L),빵 및 과자류,피자,100g,306,7.34,,,755g
피자_불고기 피자 (L),빵 및 과자류,피자,100g,238,11.25,,,960g
피자_불고기 피자 (L),빵 및 과자류,피자,100g,249,10.79,,,710g
피자_불고기 피자 (L),빵 및 과자류,피자,100g,234,13.06,,,775g
피자_불고기 피자 (L),빵 및 과자류,피자,100g,244,13.7,,,730g
피자_불고기 피자 (L),빵 및 과자류,피자,100g,234,12.47,,,804g
피자_불고기 피자 (L),빵 및 과자류,피자,100g,240,16,,,840g
피자_불고기 피자 (L),빵 및 과자류,피자,100g,314,15.25,10.77,39.12,600g
피자_불고기 피자 (M),빵 및 과자류,피자,100g,220,12.77,,,571g
피자_불고기 피자 (M),빵 및 과자류,피자,100g,243,14.04,,,495g
피자_불고기 피자 (R),빵 및 과자류,피자,100g,232,10.14,,,550g
피자_불고기 피자 (XL),빵 및 과자류,피자,100g,243,17.2,,,1060g
피자_불고기 피자 고구마크러스트 (L),빵 및 과자류,피자,100g,237,12.7,,,1008g
피자_불고기 피자 고구마크러스트 (R),빵 및 과자류,피자,100g,238,12.5,,,576g
피자_불고기 피자 골드스윗 (G),빵 및 과자류,피자,100g,280,13.94,,,1645g
피자_불고기 체다 스타라이트 피자 슈화 더블치즈 페퍼로니 엣지 (L),빵 및 과자류,피자,100g,268,12.51,11.43,26.25,1090g
피자_불고기 체다 스타라이트 피자 슈화 더블치즈 페퍼로니 엣지 (M),빵 및 과자류,피자,100g,268,12.42,13.05,25.01,651g
피자_불고기 체다 스타라이트 피자 씬 (L),빵 및 과자류,피자,100g,292,12.7,17.22,21.39,503g
피자_불고기 체다 스타라이트 피자 씬 (M),빵 및 과자류,피자,100g,301,13.5,18.98,,278g
피자_불고기 체다 스타라이트 피자 오리지널 (L),빵 및 과자류,피자,100g,244,11,9.56,28.19,877g
피자_불고기 체다 스타라이트 피자 오리지널 (M),빵 및 과자류,피자,100g,251,11,10.31,28.25,516g
피자_불고기 체다 스타라이트 피자 치즈버스트 나폴리 (L),빵 및 과자류,피자,100g,262,12.8,14.12,20.84,886g
피자_불고기 체다 스타라이트 피자 치즈버스트 오리지널 (L),빵 및 과자류,피자,100g,260,11.9,11.73,26.64,1077g
피자_불고기 체다 스타라이트 피자 화이버 버스트 오리지널 (L),빵 및 과자류,피자,100g,254,11.6,11.06,26.96,1074g
피자_불고기 체다 스타라이트 피자 화이버 엣지 오리지널 (L),빵 및 과자류,피자,100g,264,12,12.04,26.7,1050g
피자_불고기 체다 스타라이트 피자 화이버 엣지 오리지널 (M),빵 및 과자류,피자,100g,264,12,12.18,26.44,631g
피자_불고기 피자,빵 및 과자류,피자,100g,247,14.04,8.43,28.65,715g
피자_불고기 피자,빵 및 과자류,피자,100g,255,11.92,10.88,,1540g
피자_불고기 피자,빵 및 과자류,피자,100g,229,13,,,1110g
피자_불고기 피자,빵 및 과자류,피자,100g,250,12.53,,,301g
피자_불고기 피자,빵 및 과자류,피자,100g,294,11.15,,,100g
피자_불고기 피자,빵 및 과자류,피자,100g,165,6.31,,,100g
피자_불고기 피자 (L),빵 및 과자류,피자,100g,245,5.63,,,920g
피자_보스 포테이토 (R),빵 및 과자류,피자,100g,228,18.05,,,1032g
피자_보스 포테이토 피자 (XL),빵 및 과자류,피자,100g,228,18.05,,,1696g
피자_복성로 불고기 피자,빵 및 과자류,피자,100g,391,20.31,16,41.64,515g
피자_부라타치즈 피자,빵 및 과자류,피자,100g,246,11.88,,,267g
피자_부어스트 피자 씬 (L),빵 및 과자류,피자,100g,230,13.18,,,1032g
피자_북성로 불고기피자,빵 및 과자류,피자,100g,286,14.29,,,500g
피자_불갈비 피자 (L),빵 및 과자류,피자,100g,292,6.73,,,815g
피자_불갈비 피자 (XL),빵 및 과자류,피자,100g,335,18.9,,,1088g
피자_불고기 (L),빵 및 과자류,피자,100g,274,15.18,,,894g
피자_불고기 1인피자,빵 및 과자류,피자,100g,277,14.7,,,214g
피자_불고기 체다 스타라이트 피자 나폴리 (L),빵 및 과자류,피자,100g,249,11.9,11.06,25.4,664g
피자_불고기 체다 스타라이트 피자 나폴리 (M),빵 및 과자류,피자,100g,257,12,12.02,25.11,370g
피자_불고기 체다 스타라이트 피자 더블치즈 엣지 (L),빵 및 과자류,피자,100g,263,11.8,12.28,26.24,1028g
피자_불고기 체다 스타라이트 피자 더블치즈 엣지 (M),빵 및 과자류,피자,100g,269,12.7,12.72,25.82,615g
피자_불고기 체다 스타라이트 피자 더블치즈 페퍼로니 엣지 (L),빵 및 과자류,피자,100g,267,12.32,12.81,23.78,1068g
피자_불고기 체다 스타라이트 피자 더블치즈 페퍼로니 엣지 (M),빵 및 과자류,피자,100g,272,13.11,14.1,23.78,635g
피자_불고기 체다 스타라이트 피자 슈퍼시드 화이버 오리지널 (L),빵 및 과자류,피자,100g,244,10,8.23,32.12,870g
피자_불고기 체다 스타라이트 피자 슈퍼시드 화이버 오리지널 (M),빵 및 과자류,피자,100g,261,11,9.78,31.71,497g
피자_베이컨후라이 피자씬도우(R),빵 및 과자류,피자,100g,70,5.09,,,440g
피자_베이토 피자 (L),빵 및 과자류,피자,100g,268,13.71,,,990g
피자_베이토 피자 (R),빵 및 과자류,피자,100g,268,13.93,,,730g
피자_베지 러버씬 (L),빵 및 과자류,피자,100g,257,10.8,,,450g
피자_베지 러버치즈크러스트 (L),빵 및 과자류,피자,100g,240,11.15,,,909g
피자_베지 러버치즈크러스트 (M),빵 및 과자류,피자,100g,252,12.35,,,549g
피자_베지 러버치즈크러스트 골드 (L),빵 및 과자류,피자,100g,246,11.71,,,942g
피자_베지 러버치즈크러스트 골드 (M),빵 및 과자류,피자,100g,258,12.86,,,567g
피자_베지 러버치치골드 (L),빵 및 과자류,피자,100g,244,10.53,,,1069g
피자_베지 러버치치골드 (M),빵 및 과자류,피자,100g,254,11.27,,,664g
피자_베지 러버팬 (L),빵 및 과자류,피자,100g,270,9.38,,,783g
피자_베지러버오리지널 (L),빵 및 과자류,피자,100g,230,10.4,,,702g
피자_베지러버오리지널 (M),빵 및 과자류,피자,100g,243,11.16,,,442g
피자_베지테리안 1인피자,빵 및 과자류,피자,100g,230,11.76,,,222g
피자_베지테리안 피자 오리진 (L),빵 및 과자류,피자,100g,219,11.19,,,998g
피자_베지테리안 피자 오리진 (M),빵 및 과자류,피자,100g,214,12.37,,,598g
피자_베지테리안 피자 치즈캡 (L),빵 및 과자류,피자,100g,224,12.52,,,1120
피자_베지테리안 피자 치즈캡 (M),빵 및 과자류,피자,100g,221,13.88,,,693.5
피자_베페로니 피자 (L),빵 및 과자류,피자,100g,272,16.41,,,775g
피자_베이컨포테이토 피자 프리첼 치즈 (M),빵 및 과자류,피자,100g,266,9.19,,,669g
피자_베이컨포테이토피자,빵 및 과자류,피자,100g,232,12.33,,,1168g
피자_베이컨포테이토피자 오리지널,빵 및 과자류,피자,100g,265,11.7,,,565g
피자_베이컨포테이토피자(L),빵 및 과자류,피자,100g,234,13.58,9.77,22.97,1035g
피자_베이컨포테이토피자(P),빵 및 과자류,피자,100g,234,13.58,9.77,22.97,395g
피자_베이컨포테이토피자(R),빵 및 과자류,피자,100g,234,13.58,9.77,22.97,660g
피자_베이컨피자,빵 및 과자류,피자,100g,290,17.48,,,826g
피자_베이컨하와이안피자(L),빵 및 과자류,피자,100g,233,11.72,8.73,26.87,1090g
피자_베이컨하와이안피자(P),빵 및 과자류,피자,100g,233,11.72,8.73,26.87,445g
피자_베이컨하와이안피자(R),빵 및 과자류,피자,100g,233,11.72,8.73,26.87,690g
피자_베이컨할라피뇨 피자,빵 및 과자류,피자,100g,236,14.5,,22.9,1046g
피자_베이컨후라이 피자 밀도우 (L),빵 및 과자류,피자,100g,106,7.65,,,920g
피자_베이컨후라이 피자 밀도우 (R),빵 및 과자류,피자,100g,70,5.07,,,540g
피자_베이컨후라이 피자 씬도우 (L),빵 및 과자류,피자,100g,106,7.64,,,710g
피자_베이컨후라이 피자 씬도우 (R),빵 및 과자류,피자,100g,70,5.09,,,440g
피자_베이컨후라이 피자밀도우(L),빵 및 과자류,피자,100g,106,7.65,,,920g
피자_베이컨후라이 피자밀도우(R),빵 및 과자류,피자,100g,70,5.07,,,540g
피자_베이컨후라이 피자씬도우(L),빵 및 과자류,피자,100g,106,7.64,,,710g
피자_베이컨포테이토 (R),빵 및 과자류,피자,100g,231,9.91,,,615g
피자_베이컨포테이토 피자,빵 및 과자류,피자,100g,262,9.82,,,333g
피자_베이컨포테이토 피자,빵 및 과자류,피자,100g,232,12.33,,24.66,1168g
피자_베이컨포테이토 피자 (L),빵 및 과자류,피자,100g,202,10.58,,,865g
피자_베이컨포테이토 피자 (L),빵 및 과자류,피자,100g,282,15,,,1338g
피자_베이컨포테이토 피자 (L),빵 및 과자류,피자,100g,218,4.97,,,1105g
피자_베이컨포테이토 피자 (L),빵 및 과자류,피자,100g,260,14.23,,,956g
피자_베이컨포테이토 피자 (L),빵 및 과자류,피자,100g,266,9.66,,,958.6
피자_베이컨포테이토 피자 (M),빵 및 과자류,피자,100g,212,11,,,620g
피자_베이컨포테이토 피자 (R),빵 및 과자류,피자,100g,276,9.95,,,610.8
피자_베이컨포테이토 피자 더블치즈크러스트 (L),빵 및 과자류,피자,100g,257,12.47,,,1206g
피자_베이컨포테이토 피자 더블치즈크러스트 (M),빵 및 과자류,피자,100g,268,13.56,,,713g
피자_베이컨포테이토 피자 리치골드 (L),빵 및 과자류,피자,100g,254,10.71,,,1251g
피자_베이컨포테이토 피자 리치골드 (M),빵 및 과자류,피자,100g,262,11.2,,,753g
피자_베이컨포테이토 피자 오리지널 (M),빵 및 과자류,피자,100g,272,19.39,13.6,,590g
피자_베이컨포테이토 피자 치즈크러스트 (L),빵 및 과자류,피자,100g,257,10.8,,,909g
피자_베이컨포테이토 피자 치즈크러스트 (M),빵 및 과자류,피자,100g,263,11.25,,,504g
피자_베이컨포테이토 피자 프리첼 치즈 (L),빵 및 과자류,피자,100g,257,8.88,,,1148g
피자_베이컨체더 피자 슈퍼시드 화이버 오리지널 (L),빵 및 과자류,피자,100g,260,12.5,9.7,30.55,927g
피자_베이컨체더 피자 슈퍼시드 화이버 오리지널 (M),빵 및 과자류,피자,100g,264,12,9.88,31.56,515g
피자_베이컨체더 피자 슈화 더블 치즈 페퍼로니 엣지 (L),빵 및 과자류,피자,100g,310,15.7,12.71,25.79,1124g
피자_베이컨체더 피자 슈화 더블 치즈 페퍼로니 엣지 (M),빵 및 과자류,피자,100g,327,15.99,13.4,25.77,651g
피자_베이컨체더치즈 피자 나폴리 (L),빵 및 과자류,피자,100g,276,14.96,12.6,24.59,711g
피자_베이컨체더치즈 피자 나폴리 (M),빵 및 과자류,피자,100g,273,14.48,12.69,25.2,401g
피자_베이컨체더치즈 피자 더블치즈 페퍼로니 엣지 (L),빵 및 과자류,피자,100g,268,13.16,14.25,22.68,1151g
피자_베이컨체더치즈 피자 더블치즈 페퍼로니 엣지 (M),빵 및 과자류,피자,100g,275,15.17,13.7,23.73,675g
피자_베이컨체더치즈 피자 씬 (L),빵 및 과자류,피자,100g,310,15.71,19.46,,578g
피자_베이컨체더치즈 피자 씬 (M),빵 및 과자류,피자,100g,317,16.17,18.9,20.66,306g
피자_베이컨체더치즈 피자 오리지널 (L),빵 및 과자류,피자,100g,275,12.77,12.31,28.2,902g
피자_베이컨체더치즈 피자 오리지널 (M),빵 및 과자류,피자,100g,267,12.36,10.88,30.03,516g
피자_베이컨체더치즈 피자 치즈버스트 나폴리 (L),빵 및 과자류,피자,100g,279,14.26,15.87,,924g
피자_베이컨체더치즈씬(L),빵 및 과자류,피자,100g,320,15.33,,,625g
피자_베이컨체더치즈피자오리지널(L),빵 및 과자류,피자,100g,260,13.33,,,936g
피자_베이컨치즈후라이 피자 (L),빵 및 과자류,피자,100g,193,10.56,,,1118g
피자_베이컨파인 피자 (XL),빵 및 과자류,피자,100g,333,19.91,,,1070g
피자_베이컨포테이토 (L),빵 및 과자류,피자,100g,232,9.3,,,952g
피자_베이컨체다 피자씬도우(R),빵 및 과자류,피자,100g,81,6.89,,,430g
피자_베이컨체다치즈 피자,빵 및 과자류,피자,100g,277,14.18,,,800g
피자_베이컨체다치즈 피자 (L),빵 및 과자류,피자,100g,307,16.56,,,790g
피자_베이컨체다치즈 피자 (L),빵 및 과자류,피자,100g,244,14.55,,,770g
피자_베이컨체다치즈 피자 (L),빵 및 과자류,피자,100g,310,17.49,,,690g
피자_베이컨체다치즈 피자 (L),빵 및 과자류,피자,100g,253,15.29,,,1020g
피자_베이컨체다치즈 피자 (M),빵 및 과자류,피자,100g,257,12.85,,,575g
피자_베이컨체다치즈 피자 (R),빵 및 과자류,피자,100g,247,11.23,,,507.4
피자_베이컨체다치즈 피자 (R),빵 및 과자류,피자,100g,257,14.47,,,610g
피자_베이컨체다치즈피자 (L),빵 및 과자류,피자,100g,255,14.73,,,848g
피자_베이컨체다치즈피자 (R),빵 및 과자류,피자,100g,255,14.61,,,470g
피자_베이컨체다치즈피자 (XL),빵 및 과자류,피자,100g,256,14.88,,,1020g
피자_베이컨체다치즈피자씬(L),빵 및 과자류,피자,100g,399,19.4,,,668g
피자_베이컨체다치즈피자오리지널,빵 및 과자류,피자,100g,289,17.57,,,485g
피자_베이컨체다피자,빵 및 과자류,피자,100g,268,13.54,,,290g
피자_베이컨체더 피자 더블치즈 엣지 (L),빵 및 과자류,피자,100g,264,12.71,12.66,24.84,1111g
피자_베이컨체더 피자 더블치즈 엣지 (M),빵 및 과자류,피자,100g,272,14.85,12.98,23.99,655g
피자_베이컨체더 피자 슈퍼시드 화이버 버스트 오리지널 (L),빵 및 과자류,피자,100g,310,15.21,11.82,27.02,1113g
팥빵_팥팥 붕어빵,빵 및 과자류,팥빵,100g,249,4.29,,,140g
피자_베이컨쉬림프 피자 밀도우 (L),빵 및 과자류,피자,100g,115,4.97,,,1160g
피자_베이컨쉬림프 피자 밀도우 (R),빵 및 과자류,피자,100g,77,3.3,,,648g
피자_베이컨쉬림프 피자 씬도우 (L),빵 및 과자류,피자,100g,115,4.98,,,950g
피자_베이컨쉬림프 피자 씬도우 (R),빵 및 과자류,피자,100g,77,3.32,,,548g
피자_베이컨쉬림프 피자밀도우(L),빵 및 과자류,피자,100g,115,4.97,,,1160g
피자_베이컨쉬림프 피자밀도우(R),빵 및 과자류,피자,100g,77,3.3,,,648g
피자_베이컨쉬림프 피자씬도우(L),빵 및 과자류,피자,100g,115,4.97,,,950g
피자_베이컨쉬림프 피자씬도우(R),빵 및 과자류,피자,100g,77,3.32,,,548g
피자_베이컨왕손포테이토 피자 (L),빵 및 과자류,피자,100g,238,10.29,,,1158g
피자_베이컨의꿈 피자 (L),빵 및 과자류,피자,100g,274,16.38,,,780g
피자_베이컨체다 피자,빵 및 과자류,피자,100g,255,17.15,,,845g
피자_베이컨체다 피자 밀도우 (L),빵 및 과자류,피자,100g,121,10.34,,,940g
피자_베이컨체다 피자 밀도우 (R),빵 및 과자류,피자,100g,81,6.91,,,530g
피자_베이컨체다 피자 씬도우 (L),빵 및 과자류,피자,100g,121,10.34,,,730g
피자_베이컨체다 피자 씬도우 (R),빵 및 과자류,피자,100g,81,6.89,,,430g
피자_베이컨체다 피자밀도우(L),빵 및 과자류,피자,100g,121,10.34,,,940g
피자_베이컨체다 피자밀도우(R),빵 및 과자류,피자,100g,81,6.91,,,530g
피자_베이컨체다 피자씬도우(L),빵 및 과자류,피자,100g,121,10.33,,,730g
팥빵_팥앙버터호두과자(8개입),빵 및 과자류,팥빵,100g,320,7,11.5,46.5,168g
피자_베이컨 피자,빵 및 과자류,피자,100g,290,17.48,,29.13,826g
피자_베이컨 피자 (L),빵 및 과자류,피자,100g,308,13.75,10.16,40.43,516g
피자_베이컨 피자 (L),빵 및 과자류,피자,100g,266,15.52,,,800g
피자_베이컨 피자 (XL),빵 및 과자류,피자,100g,285,8.72,,,1032g
피자_베이컨 피자 (XL),빵 및 과자류,피자,100g,262,15.69,,,1152g
피자_베이컨(R),빵 및 과자류,피자,100g,198,11.83,,,761g
피자_베이컨(XL),빵 및 과자류,피자,100g,262,15.69,,,1152g
피자_베이컨고구마피자씬(L),빵 및 과자류,피자,100g,375,13.76,,,941.5
피자_베이컨듬뿍 피자 크림 (L),빵 및 과자류,피자,100g,286,14.41,,,890g
피자_베이컨듬뿍 피자 토마토 (L),빵 및 과자류,피자,100g,267,14.35,,,895g
피자_베이컨딥체다치즈 피자 (L),빵 및 과자류,피자,100g,276,14.64,,,765g
피자_베이컨딥체다치즈피자오리지널(L),빵 및 과자류,피자,100g,276,14.64,,,765g
피자_베이컨불고기 피자,빵 및 과자류,피자,100g,242,14.71,,25.74,1088g
피자_베이컨소세지 피자,빵 및 과자류,피자,100g,264,14.39,,23.48,1052g
피자_베이컨소세지피자,빵 및 과자류,피자,100g,264,14.39,,,1052g
피자_베이컨소시지 피자 (L),빵 및 과자류,피자,100g,268,11.57,,,996g
피자_베이컨쉬림프 (L),빵 및 과자류,피자,100g,266,15.18,,,898g
피자_베이컨쉬림프 피자 (R),빵 및 과자류,피자,100g,232,11.13,,,560.2
피자_베이컨 포테이토 피자 (L),빵 및 과자류,피자,100g,202,11.08,,,950g
피자_베이컨 포테이토 피자 (M),빵 및 과자류,피자,100g,212,12.48,,,584g
피자_베이컨 포테이토 피자 밀도우 (L),빵 및 과자류,피자,100g,110,5.98,,,1170g
피자_베이컨 포테이토 피자 밀도우 (R),빵 및 과자류,피자,100g,74,3.98,,,664g
피자_베이컨 포테이토 피자 씬도우 (L),빵 및 과자류,피자,100g,110,5.99,,,960g
피자_베이컨 포테이토 피자 씬도우 (R),빵 및 과자류,피자,100g,74,3.99,,,564g
피자_베이컨 포테이토 피자밀도우(L),빵 및 과자류,피자,100g,110,5.98,,,1170g
피자_베이컨 포테이토 피자밀도우(R),빵 및 과자류,피자,100g,74,3.98,,,664g
피자_베이컨 포테이토 피자씬도우(L),빵 및 과자류,피자,100g,110,5.99,,,960g
피자_베이컨 포테이토 피자씬도우(R),빵 및 과자류,피자,100g,74,3.99,,,564g
피자_베이컨 포테이토리치골드 (L),빵 및 과자류,피자,100g,253,10.46,,,1222g
피자_베이컨 포테이토리치골드 (M),빵 및 과자류,피자,100g,264,11.27,,,758g
피자_베이컨 포테이토오리지널 (L),빵 및 과자류,피자,100g,250,10.57,,,847g
피자_베이컨 포테이토오리지널 (M),빵 및 과자류,피자,100g,263,11.36,,,530g
피자_베이컨 포테이토치즈크러스트 (L),빵 및 과자류,피자,100g,252,11.06,,,1062g
피자_베이컨 포테이토치즈크러스트 (M),빵 및 과자류,피자,100g,264,12.24,,,642g
피자_베이컨 포테이토치즈크러스트 골드 (L),빵 및 과자류,피자,100g,257,11.54,,,1095g
피자_베이컨 포테이토치즈크러스트 골드 (M),빵 및 과자류,피자,100g,268,12.73,,,660g
피자_베스트 콰트로 피자 나폴리 (M),빵 및 과자류,피자,100g,221,10.9,10.82,20.08,623g
피자_베스트 콰트로 피자 더블치즈 엣지 (L),빵 및 과자류,피자,100g,235,10.9,11.46,21.94,1265g
피자_베스트 콰트로 피자 더블치즈 엣지 (M),빵 및 과자류,피자,100g,237,11.5,11.88,20.96,785g
피자_베스트 콰트로 피자 더블치즈 페퍼로니 엣지 (L),빵 및 과자류,피자,100g,239,11.36,11.57,20.4,1305g
피자_베스트 콰트로 피자 더블치즈 페퍼로니 엣지 (M),빵 및 과자류,피자,100g,241,11.86,11.55,,805g
피자_베스트 콰트로 피자 슈퍼시드 화이버 버스트 오리지널 (L),빵 및 과자류,피자,100g,288,13.38,10.78,26.74,1216g
피자_베스트 콰트로 피자 슈퍼시드 화이버 오리지널 (L),빵 및 과자류,피자,100g,241,10.9,8.69,29.86,1030g
피자_베스트 콰트로 피자 슈퍼시드 화이버 오리지널 (M),빵 및 과자류,피자,100g,246,10,9.04,30.84,634g
피자_베스트 콰트로 피자 슈화 더블 치즈 페퍼로니 엣지 (L),빵 및 과자류,피자,100g,288,13.88,11.61,25.61,1227g
피자_베스트 콰트로 피자 슈화 더블 치즈 페퍼로니 엣지 (M),빵 및 과자류,피자,100g,299,13.42,12.17,26.07,770g
피자_베스트 콰트로 피자 씬 (L),빵 및 과자류,피자,100g,242,10,13.26,20.13,736g
피자_베스트 콰트로 피자 씬 (M),빵 및 과자류,피자,100g,250,11,14.94,,427g
피자_베스트 콰트로 피자 오리지널 (L),빵 및 과자류,피자,100g,222,10.6,9.15,24.21,1072g
피자_베스트 콰트로 피자 오리지널 (M),빵 및 과자류,피자,100g,218,10.7,8.82,23.9,642g
피자_베이컨 포테이토 스퀘어,빵 및 과자류,피자,100g,235,11.85,,,135g
피자_베이컨 포테이토 스퀘어 피자,빵 및 과자류,피자,100g,235,11.85,,,135g
피자_베이컨 포테이토 피자,빵 및 과자류,피자,100g,219,9.64,,,415g
피자_베이컨 포테이토 피자 (L),빵 및 과자류,피자,100g,254,11.11,,,720g
페이스트리_딸기롤페스츄리,빵 및 과자류,페이스트리,100g,333,5.56,,,36g
피자_버팔로백미스크린(R),빵 및 과자류,피자,100g,232,11.04,,,607.4
피자_버팔로백미치즈크러스트(L),빵 및 과자류,피자,100g,231,11.76,,,1198
피자_버팔로백미치즈크러스트(R),빵 및 과자류,피자,100g,225,11.49,,,675.2
피자_버팔로씬(L),빵 및 과자류,피자,100g,241,11.69,,,905g
피자_버팔로씬(R),빵 및 과자류,피자,100g,241,11.17,,,522g
피자_버팔로체다크림크러스트(L),빵 및 과자류,피자,100g,237,11.18,,,1270g
피자_버팔로체다크림크러스트(R),빵 및 과자류,피자,100g,237,10.8,,,741.8
피자_버팔로치즈크러스트(L),빵 및 과자류,피자,100g,233,11.87,,,1265g
피자_버팔로치즈크러스트(R),빵 및 과자류,피자,100g,232,11.57,,,749.7
피자_버팔로팬(L),빵 및 과자류,피자,100g,238,11.57,,,1170g
피자_버팔로팬(R),빵 및 과자류,피자,100g,238,11.17,,,681.8
피자_버팔로흑미스크린(L),빵 및 과자류,피자,100g,232,11.37,,,1108
피자_버팔로흑미스크린(R),빵 및 과자류,피자,100g,228,10.98,,,609.6
피자_버팔로흑미치즈크러스트(L),빵 및 과자류,피자,100g,226,11.7,,,1203
피자_버팔로흑미치즈크러스트(R),빵 및 과자류,피자,100g,222,11.43,,,677.4
피자_베스트 콰트로 치즈버스트 피자 나폴리 (L),빵 및 과자류,피자,100g,235,11.6,12.61,,1075g
피자_베스트 콰트로 치즈버스트 피자 오리지널 (L),빵 및 과자류,피자,100g,219,14,11.43,,1292g
피자_베스트 콰트로 피자 나폴리 (L),빵 및 과자류,피자,100g,218,10,9.93,21.72,759g
피자_버팔로 피자 씬 (R),빵 및 과자류,피자,100g,241,11.49,,,522g
피자_버팔로 피자 체다크림크러스트 (L),빵 및 과자류,피자,100g,236,11.32,,,1272g
피자_버팔로 피자 체다크림크러스트 (R),빵 및 과자류,피자,100g,236,10.48,,,744g
피자_버팔로 피자 치즈크러스트 (L),빵 및 과자류,피자,100g,232,12.03,,,1264g
피자_버팔로 피자 치즈크러스트 (R),빵 및 과자류,피자,100g,230,11.2,,,750g
피자_버팔로 피자 팬 (L),빵 및 과자류,피자,100g,238,11.64,,,1168g
피자_버팔로 피자 팬 (R),빵 및 과자류,피자,100g,238,11.4,,,684g
피자_버팔로 피자 흑미스크린 (L),빵 및 과자류,피자,100g,231,11.51,,,1112g
피자_버팔로 피자 흑미스크린 (R),빵 및 과자류,피자,100g,226,10.78,,,612g
피자_버팔로 피자 흑미스크린치즈크러스트 (L),빵 및 과자류,피자,100g,227,11.33,,,1200g
피자_버팔로 피자 흑미스크린치즈크러스트 (R),빵 및 과자류,피자,100g,220,11.5,,,678g
피자_버팔로고구마크러스트(L),빵 및 과자류,피자,100g,235,10.79,,,1265g
피자_버팔로고구마크러스트(R),빵 및 과자류,피자,100g,235,10.4,,,738.8
피자_버팔로밀스크린(L),빵 및 과자류,피자,100g,241,11.48,,,1134
피자_버팔로밀스크린(R),빵 및 과자류,피자,100g,237,11.09,,,622.8
피자_버팔로밀스크린치즈크러스트(L),빵 및 과자류,피자,100g,236,11.79,,,1229
피자_버팔로밀스크린치즈크러스트(R),빵 및 과자류,피자,100g,230,11.52,,,690.6
피자_버팔로백미스크린(L),빵 및 과자류,피자,100g,236,11.43,,,1103
피자_밤호박흑미치즈크러스트(R),빵 및 과자류,피자,100g,197,10.26,,,589.4
피자_배이컨치즈 피자 (L),빵 및 과자류,피자,100g,303,19.54,,,696g
피자_배이컨치즈 피자 (M),빵 및 과자류,피자,100g,303,18.42,,,456g
피자_버팔로 피자 고구마크러스트 (L),빵 및 과자류,피자,100g,235,10.76,,,1264g
피자_버팔로 피자 고구마크러스트 (R),빵 및 과자류,피자,100g,237,10.57,,,738g
피자_버팔로 피자 밀스크린 (L),빵 및 과자류,피자,100g,241,11.27,,,1136g
피자_버팔로 피자 밀스크린 (R),빵 및 과자류,피자,100g,237,11.54,,,624g
피자_버팔로 피자 밀스크린고구마크러스트 (L),빵 및 과자류,피자,100g,237,10.39,,,1232g
피자_버팔로 피자 밀스크린고구마크러스트 (R),빵 및 과자류,피자,100g,234,10.62,,,678g
피자_버팔로 피자 밀스크린체다크림크러스트 (L),빵 및 과자류,피자,100g,240,11.04,,,1232g
피자_버팔로 피자 밀스크린체다크림크러스트 (R),빵 및 과자류,피자,100g,234,10.53,,,684g
피자_버팔로 피자 밀스크린치즈크러스트 (L),빵 및 과자류,피자,100g,234,11.69,,,1232g
피자_버팔로 피자 밀스크린치즈크러스트 (R),빵 및 과자류,피자,100g,230,11.3,,,690g
피자_버팔로 피자 백미스크린 (L),빵 및 과자류,피자,100g,236,11.59,,,1104g
피자_버팔로 피자 백미스크린 (R),빵 및 과자류,피자,100g,233,10.89,,,606g
피자_버팔로 피자 백미스크린치즈크러스트 (L),빵 및 과자류,피자,100g,230,12,,,1200g
피자_버팔로 피자 백미스크린치즈크러스트 (R),빵 및 과자류,피자,100g,225,11.61,,,672g
피자_버팔로 피자 씬 (L),빵 및 과자류,피자,100g,242,11.5,,,904g
페이스트리_넛츠크림치즈크럼블페이스트리,빵 및 과자류,페이스트리,100g,555,7,,,100g
피자_밤호박밀스크린(R),빵 및 과자류,피자,100g,213,9.74,,,534.8
피자_밤호박밀스크린치즈크러스트(L),빵 및 과자류,피자,100g,215,10.74,,,1079
피자_밤호박밀스크린치즈크러스트(R),빵 및 과자류,피자,100g,207,10.39,,,602.6
피자_밤호박백미스크린(L),빵 및 과자류,피자,100g,214,10.18,,,953.8
피자_밤호박백미스크린(R),빵 및 과자류,피자,100g,206,9.64,,,519.4
피자_밤호박백미치즈크러스트(L),빵 및 과자류,피자,100g,209,10.67,,,1048
피자_밤호박백미치즈크러스트(R),빵 및 과자류,피자,100g,202,10.32,,,587.2
피자_밤호박씬(L),빵 및 과자류,피자,100g,214,10.15,,,755g
피자_밤호박씬(R),빵 및 과자류,피자,100g,213,9.53,,,434g
피자_밤호박체다크림크러스트(L),빵 및 과자류,피자,100g,217,10.08,,,1120g
피자_밤호박체다크림크러스트(R),빵 및 과자류,피자,100g,217,9.66,,,653.8
피자_밤호박치즈크러스트(L),빵 및 과자류,피자,100g,213,10.86,,,1115g
피자_밤호박치즈크러스트(R),빵 및 과자류,피자,100g,212,10.54,,,661.7
피자_밤호박팬(L),빵 및 과자류,피자,100g,217,10.42,,,1020g
피자_밤호박팬(R),빵 및 과자류,피자,100g,217,9.97,,,593.8
피자_밤호박흑미스크린(L),빵 및 과자류,피자,100g,208,10.12,,,958.2
피자_밤호박흑미스크린(R),빵 및 과자류,피자,100g,201,9.58,,,521.6
피자_밤호박흑미치즈크러스트(L),빵 및 과자류,피자,100g,204,10.6,,,1053
피자_밤호박 피자 백미스크린 (L),빵 및 과자류,피자,100g,214,10.08,,,952g
피자_밤호박 피자 백미스크린치즈크러스트 (L),빵 및 과자류,피자,100g,208,9.92,,,1048g
피자_밤호박 피자 백미스크린치즈크러스트 (R),빵 및 과자류,피자,100g,200,10.2,,,588g
피자_밤호박 피자 씬 (L),빵 및 과자류,피자,100g,215,10.64,,,752g
피자_밤호박 피자 씬 (R),빵 및 과자류,피자,100g,214,9.72,,,432g
피자_밤호박 피자 체다크림크러스트 (L),빵 및 과자류,피자,100g,217,10,,,1120g
피자_밤호박 피자 체다크림크러스트 (R),빵 및 과자류,피자,100g,217,10.09,,,654g
피자_밤호박 피자 치즈크러스트 (L),빵 및 과자류,피자,100g,213,10.79,,,1112g
피자_밤호박 피자 치즈크러스트 (R),빵 및 과자류,피자,100g,211,10.91,,,660g
피자_밤호박 피자 팬 (L),빵 및 과자류,피자,100g,216,10.16,,,1024g
피자_밤호박 피자 팬 (R),빵 및 과자류,피자,100g,217,10.1,,,594g
피자_밤호박 피자 흑미스크린 (L),빵 및 과자류,피자,100g,208,10,,,960g
피자_밤호박 피자 흑미스크린 (R),빵 및 과자류,피자,100g,201,9.2,,,522g
피자_밤호박 피자 흑미스크린치즈크러스트 (L),빵 및 과자류,피자,100g,205,10.69,,,1048g
피자_밤호박 피자 흑미스크린치즈크러스트 (R),빵 및 과자류,피자,100g,197,10.2,,,588g
피자_밤호박고구마크러스트(L),빵 및 과자류,피자,100g,215,9.63,,,1115g
피자_밤호박고구마크러스트(R),빵 및 과자류,피자,100g,215,9.2,,,650.8
피자_밤호박밀스크린(L),빵 및 과자류,피자,100g,220,10.27,,,984.6
피자_반미터네가지 피자 (L),빵 및 과자류,피자,100g,216,11.79,,,1168g
피자_반올림고구마골드 피자 (R),빵 및 과자류,피자,100g,236,9.49,,,672.4
피자_발사믹 피자 (F),빵 및 과자류,피자,100g,265,15.73,,,1625g
피자_발사믹 피자 (L),빵 및 과자류,피자,100g,266,15.49,,,1208g
피자_발사믹 피자 (R),빵 및 과자류,피자,100g,273,15.25,,,702g
피자_밤스위트골드 피자 (F),빵 및 과자류,피자,100g,264,16.11,,,1713g
피자_밤스위트골드 피자 (L),빵 및 과자류,피자,100g,278,16.27,,,1240g
피자_밤스위트골드 피자 (R),빵 및 과자류,피자,100g,285,17.38,,,697g
피자_밤호박 피자 고구마크러스트 (L),빵 및 과자류,피자,100g,216,9.35,,,1112g
피자_밤호박 피자 고구마크러스트 (R),빵 및 과자류,피자,100g,216,9.26,,,648g
피자_밤호박 피자 밀스크린 (L),빵 및 과자류,피자,100g,220,10.57,,,984g
피자_밤호박 피자 밀스크린 (R),빵 및 과자류,피자,100g,213,10.11,,,534g
피자_밤호박 피자 밀스크린고구마크러스트 (L),빵 및 과자류,피자,100g,218,9.63,,,1080g
피자_밤호박 피자 밀스크린고구마크러스트 (R),빵 및 과자류,피자,100g,210,9.09,,,594g
피자_밤호박 피자 밀스크린체다크림크러스트 (L),빵 및 과자류,피자,100g,219,9.56,,,1088g
피자_밤호박 피자 밀스크린체다크림크러스트 (R),빵 및 과자류,피자,100g,213,9.09,,,594g
피자_밤호박 피자 밀스크린치즈크러스트 (L),빵 및 과자류,피자,100g,215,10.37,,,1080g
피자_밤호박 피자 밀스크린치즈크러스트 (R),빵 및 과자류,피자,100g,207,10,,,600g
피자_바질버터관자 피자 (L),빵 및 과자류,피자,100g,246,11.24,,,1096g
피자_바질버터관자피자오리지널(L),빵 및 과자류,피자,100g,246,11.24,,,1096g
피자_바질크림치즈 디트로이트,빵 및 과자류,피자,100g,118,6.54,,,850g
피자_바질크림치즈디쉬 피자 (L),빵 및 과자류,피자,100g,234,14.84,,,1020g
피자_바질플렉스 피자 (XL),빵 및 과자류,피자,100g,291,15.6,,,980g
피자_반&반 피자 골드스윗 (L),빵 및 과자류,피자,100g,256,14.4,,,998g
피자_반&반 피자 골드스윗 (R),빵 및 과자류,피자,100g,254,13.73,,,815g
피자_반&반 피자 리코타링 (L),빵 및 과자류,피자,100g,254,14.91,,,908g
피자_반&반 피자 리코타링 (R),빵 및 과자류,피자,100g,255,14.89,,,750g
피자_반&반 피자 석쇠 (L),빵 및 과자류,피자,100g,248,14.85,,,808g
피자_반&반 피자 석쇠 (R),빵 및 과자류,피자,100g,248,14.88,,,670g
피자_반&반 피자 씬도우 (L),빵 및 과자류,피자,100g,305,16.22,,,593g
피자_반&반 피자 씬도우 (R),빵 및 과자류,피자,100g,291,14.68,,,437g
피자_반&반 피자 씬바샤삭 (L),빵 및 과자류,피자,100g,305,16.22,,,593g
피자_반&반 피자 씬바샤삭 (R),빵 및 과자류,피자,100g,291,14.68,,,437g
피자_반&반 피자 치즈링 (L),빵 및 과자류,피자,100g,247,15.52,,,928g
피자_반&반 피자 치즈링 (R),빵 및 과자류,피자,100g,247,15.54,,,770g
피자_반미터 맛있는 피자,빵 및 과자류,피자,100g,181,10.39,,,924g
피자_반미터 생각나는 피자,빵 및 과자류,피자,100g,177,11.06,,,942g
피자_바베큐폭립피자 치즈크러스트 (L),빵 및 과자류,피자,100g,263,12.6,,,1087g
피자_바베큐폭립피자 치즈크러스트 (M),빵 및 과자류,피자,100g,262,13.14,,,794g
피자_바베큐플래터 피자 (L),빵 및 과자류,피자,100g,221,12.17,,,961g
피자_바베큐플래터 피자 (M),빵 및 과자류,피자,100g,213,11.1,,,712g
피자_바비큐 시카고 딥디쉬 피자,빵 및 과자류,피자,100g,308,13.98,,26.88,100g
피자_바삭옥수수통새우피자 (L),빵 및 과자류,피자,100g,244,12.42,,,979g
피자_바삭옥수수통새우피자 (M),빵 및 과자류,피자,100g,245,10.76,,,693g
피자_바삭옥수수통새우피자 리치골드크러스트 (L),빵 및 과자류,피자,100g,238,11.85,,,1141g
피자_바삭옥수수통새우피자 리치골드크러스트 (M),빵 및 과자류,피자,100g,198,10.71,,,826g
피자_바삭옥수수통새우피자 치즈크러스트 (L),빵 및 과자류,피자,100g,250,12.58,,,1080g
피자_바삭옥수수통새우피자 치즈크러스트 (M),빵 및 과자류,피자,100g,255,13.48,,,772g
피자_바삭한허니비피자(L),빵 및 과자류,피자,100g,276,10.81,,,1139g
피자_바싹불고기 피자,빵 및 과자류,피자,100g,238,17.46,,26.19,1010g
피자_바싹불고기피자,빵 및 과자류,피자,100g,238,17.46,,,1010g
피자_바이트골드 피자 (L),빵 및 과자류,피자,100g,214,12.28,,,912g
피자_바질마스카포네뇨끼피자(L),빵 및 과자류,피자,100g,292,14.73,13.64,27.59,877g
피자_바질마스카포네뇨끼피자(P),빵 및 과자류,피자,100g,292,14.73,13.64,27.59,347g
피자_바질마스카포네뇨끼피자(R),빵 및 과자류,피자,100g,292,14.73,13.64,27.59,577g
페이스트리_낙엽페스트리,빵 및 과자류,페이스트리,100g,348,8.33,,,108g
피자_미트치폴레피자,빵 및 과자류,피자,100g,237,15.28,,,1154g
피자_바베큐골드포크 피자 (L),빵 및 과자류,피자,100g,230,12,,,1200g
피자_바베큐골드포크 피자 (M),빵 및 과자류,피자,100g,238,13.51,,,738g
피자_바베큐불고기 피자 (L),빵 및 과자류,피자,100g,197,9.81,,,1010g
피자_바베큐치킨 피자,빵 및 과자류,피자,100g,228,16.18,,25.74,1084g
피자_바베큐치킨 피자 (L),빵 및 과자류,피자,100g,189,12.86,,,1040g
피자_바베큐치킨 피자 (L),빵 및 과자류,피자,100g,297,7.63,,,776g
피자_바베큐치킨 피자 (L),빵 및 과자류,피자,100g,246,13.1,,,656g
피자_바베큐치킨 피자 바이트 (L),빵 및 과자류,피자,100g,243,12.32,,,821g
피자_바베큐치킨콤보 피자 (L),빵 및 과자류,피자,100g,273,14,,,1433g
피자_바베큐치킨피자,빵 및 과자류,피자,100g,228,16.18,,,1084g
피자_바베큐치킨피자,빵 및 과자류,피자,100g,246,13.1,,,656g
피자_바베큐치킨피자바이트,빵 및 과자류,피자,100g,243,12.32,,,821g
피자_바베큐포테이토 피자 (L),빵 및 과자류,피자,100g,246,9.36,,,940g
피자_바베큐폭립피자 (L),빵 및 과자류,피자,100g,260,12.49,,,987g
피자_바베큐폭립피자 (M),빵 및 과자류,피자,100g,260,13.09,,,719g
피자_바베큐폭립피자 리치골드크러스트 (L),빵 및 과자류,피자,100g,263,12.68,,,1187g
피자_바베큐폭립피자 리치골드크러스트 (M),빵 및 과자류,피자,100g,262,13.16,,,819g
페이스트리_골든삭 뺑오쇼콜라,빵 및 과자류,페이스트리,100g,442,6.67,,,60g
피자_미스터트리오 피자 에그타르트 (L),빵 및 과자류,피자,100g,227,10.96,,,1375
피자_미스터트리오 피자 에그타르트 (M),빵 및 과자류,피자,100g,225,10.6,,,877.2
피자_미스터트리오 피자 에그타르트 (R),빵 및 과자류,피자,100g,239,10.89,,,909g
피자_미스터트리오 피자 치즈캡 (L),빵 및 과자류,피자,100g,222,12.92,,,1334
피자_미스터트리오 피자 치즈캡 (M),빵 및 과자류,피자,100g,220,12.81,,,863.5
피자_미스터트리오 피자 치즈캡 (R),빵 및 과자류,피자,100g,233,13,,,896g
피자_미스터트리오 피자 크림치즈 (L),빵 및 과자류,피자,100g,223,10.83,,,1421
피자_미스터트리오 피자 크림치즈 (M),빵 및 과자류,피자,100g,221,10.5,,,904.5
피자_미스터트리오 피자 크림치즈 (R),빵 및 과자류,피자,100g,234,11.54,,,937g
피자_미트러버,빵 및 과자류,피자,100g,116,6.6,,,791g
피자_미트러버 피자,빵 및 과자류,피자,100g,308,15,13.89,31.11,720g
피자_미트러버피자,빵 및 과자류,피자,100g,286,16,,,775g
피자_미트볼페퍼로니 피자 (L),빵 및 과자류,피자,100g,292,15.48,,,672g
피자_미트볼페퍼로니 피자 (M),빵 및 과자류,피자,100g,291,15.19,,,474g
피자_미트볼하우스 피자 (XL),빵 및 과자류,피자,100g,261,18,,,1176g
피자_미트살라미 피자 (L),빵 및 과자류,피자,100g,266,13.31,,,841g
피자_미트살라미 피자 (M),빵 및 과자류,피자,100g,278,14.78,,,518g
피자_미트치폴레 피자,빵 및 과자류,피자,100g,238,15.28,,20.83,1154g
페이스트리_겹겹이연유크림데니쉬,빵 및 과자류,페이스트리,100g,496,6.14,,,228g
피자_몬스터페퍼로니피자,빵 및 과자류,피자,100g,267,15.32,,,840g
피자_몬스터포테이토 피자 (L),빵 및 과자류,피자,100g,243,11.42,,,1030g
피자_몬스터포테이토피자,빵 및 과자류,피자,100g,243,11.42,,,1030g
피자_몬스터하와이안쉬림프 피자 (L),빵 및 과자류,피자,100g,216,11.53,,,1097g
피자_몬스터하와이안쉬림프피자,빵 및 과자류,피자,100g,216,11.53,,,1097g
피자_몬스터흑마늘불고기피자,빵 및 과자류,피자,100g,252,13.46,,,952g
피자_몽뻬르 피자 (L),빵 및 과자류,피자,100g,264,15.76,,,1020g
피자_묻고페퍼더블로가 피자 (L),빵 및 과자류,피자,100g,292,15.97,,,950g
피자_묻고페퍼더블로가 피자 (R),빵 및 과자류,피자,100g,294,16.67,,,650g
피자_미니고구마무스 피자,빵 및 과자류,피자,100g,216,10.31,,26.8,386g
피자_미니바싹불고기 피자,빵 및 과자류,피자,100g,251,16.05,,23.46,322g
피자_미니콤비네이션 피자,빵 및 과자류,피자,100g,259,16.67,,21.79,313g
피자_미스터트리오 피자 골드 (L),빵 및 과자류,피자,100g,222,11.76,,,1375
피자_미스터트리오 피자 골드 (M),빵 및 과자류,피자,100g,219,11.36,,,877.2
피자_미스터트리오 피자 골드 (R),빵 및 과자류,피자,100g,233,11.88,,,909g
피자_미스터트리오 피자 노엣지 (L),빵 및 과자류,피자,100g,217,11.87,,,1212g
피자_미스터트리오 피자 노엣지 (M),빵 및 과자류,피자,100g,214,11.51,,,768g
피자_미스터트리오 피자 노엣지 (R),빵 및 과자류,피자,100g,230,12.36,,,800g
페이스트리_겹겹이데니쉬,빵 및 과자류,페이스트리,100g,409,6.95,,,187g
피자_몬스터고추마요치킨피자,빵 및 과자류,피자,100g,272,15.41,,,814g
피자_몬스터꿀고구마 피자 (L),빵 및 과자류,피자,100g,228,10.49,,,1070g
피자_몬스터꿀고구마피자,빵 및 과자류,피자,100g,234,11.04,,,995g
피자_몬스터돼지불백피자,빵 및 과자류,피자,100g,259,16.35,,,791g
피자_몬스터레드콘피자,빵 및 과자류,피자,100g,239,11.36,,,1044g
피자_몬스터명란크림새우피자,빵 및 과자류,피자,100g,258,13.99,,,920g
피자_몬스터바베큐치킨피자,빵 및 과자류,피자,100g,239,14.85,,,794g
피자_몬스터불고기 피자 (L),빵 및 과자류,피자,100g,243,13.66,,,864g
피자_몬스터불고기피자,빵 및 과자류,피자,100g,243,13.66,,,864g
피자_몬스터스테이크불갈비 피자 (L),빵 및 과자류,피자,100g,244,13.78,,,920g
피자_몬스터스테이크불갈비피자,빵 및 과자류,피자,100g,244,13.78,,,920g
피자_몬스터아메리칸체다피자,빵 및 과자류,피자,100g,268,13.89,,,952g
피자_몬스터이탈리안 피자 (L),빵 및 과자류,피자,100g,283,17.86,,,703g
피자_몬스터이탈리안치즈피자,빵 및 과자류,피자,100g,283,17.86,,,703g
피자_몬스터콤비네이션 피자 (L),빵 및 과자류,피자,100g,248,14.81,,,896g
피자_몬스터콤비네이션피자,빵 및 과자류,피자,100g,248,14.81,,,896g
피자_몬스터투움바피자,빵 및 과자류,피자,100g,230,12.58,,,906g
피자_몬스터페퍼로니 피자 (L),빵 및 과자류,피자,100g,267,15.31,,,840g
피자_명란쉬림프피자 (1인),빵 및 과자류,피자,100g,261,14.35,,,248g
피자_명란크림새우피자,빵 및 과자류,피자,100g,267,13.03,,,696g
피자_명란크림새우피자바이트,빵 및 과자류,피자,100g,256,12.3,,,856g
피자_모모스테키 피자 (L),빵 및 과자류,피자,100g,232,11.03,,,1157g
피자_모모스테키 피자 (M),빵 및 과자류,피자,100g,239,12.42,,,712g
피자_모자이크 피자 씬 (L),빵 및 과자류,피자,100g,229,12.67,,,841g
피자_모자이크 피자 씬 (R),빵 및 과자류,피자,100g,209,10.67,,,478g
피자_모자이크씬(L),빵 및 과자류,피자,100g,230,12.93,,,841g
피자_모자이크씬(R),빵 및 과자류,피자,100g,229,12.28,,,477.6
피자_모짜렐라 루꼴라 포카챠,빵 및 과자류,피자,100g,194,8.89,,,180g
피자_모짜렐라치즈 피자,빵 및 과자류,피자,100g,289,11.34,,38.14,772g
피자_모짜렐라치즈피자,빵 및 과자류,피자,100g,289,11.34,,,772g
피자_목동 피자 (L),빵 및 과자류,피자,100g,238,12.7,,,1015g
피자_목동 피자 (R),빵 및 과자류,피자,100g,237,10.53,,,605g
피자_목동피자,빵 및 과자류,피자,100g,237,12.4,,,375g
피자_목동피자 (L),빵 및 과자류,피자,100g,238,12.31,,,825g
피자_목동피자 (R),빵 및 과자류,피자,100g,242,11.07,,,505g
피자_목동피자 (XL),빵 및 과자류,피자,100g,238,12.4,,,1015g
피자_몬스터고구마 피자 (L),빵 및 과자류,피자,100g,234,11.04,,,995g
페이스트리_갈릭페스트리,빵 및 과자류,페이스트리,100g,351,8,,,193g
피자_멜로우머쉬룸 피자 (F),빵 및 과자류,피자,100g,241,11.21,,,925g
피자_멜로우머쉬룸 피자 (L),빵 및 과자류,피자,100g,242,11.63,,,687g
피자_멜로우머쉬룸 피자 (P),빵 및 과자류,피자,100g,242,11.86,,,1175g
피자_멜로우머쉬룸 피자 (R),빵 및 과자류,피자,100g,242,11.81,,,380g
피자_멜팅치즈 포테이토리치골드 (L),빵 및 과자류,피자,100g,261,10.81,,,1187g
피자_멜팅치즈 포테이토리치골드 (M),빵 및 과자류,피자,100g,266,11.33,,,772g
피자_멜팅치즈 포테이토씬 (L),빵 및 과자류,피자,100g,299,11.74,,,555g
피자_멜팅치즈 포테이토오리지널 (L),빵 및 과자류,피자,100g,261,11.09,,,814g
피자_멜팅치즈 포테이토오리지널 (M),빵 및 과자류,피자,100g,265,11.38,,,543g
피자_멜팅치즈 포테이토치즈크러스트 (L),빵 및 과자류,피자,100g,261,11.41,,,1027g
피자_멜팅치즈 포테이토치즈크러스트 (M),빵 및 과자류,피자,100g,268,12.29,,,656g
피자_멜팅치즈 포테이토치즈크러스트 골드 (L),빵 및 과자류,피자,100g,266,11.97,,,1060g
피자_멜팅치즈 포테이토치즈크러스트 골드 (M),빵 및 과자류,피자,100g,271,12.77,,,674g
피자_멜팅치즈 포테이토팬 (L),빵 및 과자류,피자,100g,293,10.09,,,895g
피자_멜팅치즈 피자 (L),빵 및 과자류,피자,100g,283,13.41,,,657g
피자_멜팅치즈 피자 (M),빵 및 과자류,피자,100g,297,15.1,,,404g
피자_멜팅하와이안 피자,빵 및 과자류,피자,100g,244,10.94,,,840g
피자_멜팅하와이안 피자 (L),빵 및 과자류,피자,100g,277,13,,,897g
페이스트리_갈릭고구마페스츄리,빵 및 과자류,페이스트리,100g,329,4.76,,,105g
피자_멕시칸하바네로 피자 크림치즈 (L),빵 및 과자류,피자,100g,307,14.81,,,946g
피자_멕시칸하바네로 피자 크림치즈 (R),빵 및 과자류,피자,100g,293,14.38,,,610g
피자_멕시코리따피자씬(L),빵 및 과자류,피자,100g,402,16.65,,,850.5
피자_멜로우 콘크림  크루아상,빵 및 과자류,피자,100g,312,8.62,,,813g
피자_멜로우 콘크림 (F),빵 및 과자류,피자,100g,262,8.43,,,1274
피자_멜로우 콘크림 (L),빵 및 과자류,피자,100g,262,8.43,,,921g
피자_멜로우 콘크림 (P),빵 및 과자류,피자,100g,262,8.43,,,1715
피자_멜로우 콘크림 골드링 (F),빵 및 과자류,피자,100g,278,9.68,,,1518
피자_멜로우 콘크림 골드링 (L),빵 및 과자류,피자,100g,278,9.68,,,1097
피자_멜로우 콘크림 골드링 (P),빵 및 과자류,피자,100g,278,9.68,,,2043
피자_멜로우 콘크림 골드링 씬,빵 및 과자류,피자,100g,290,8.84,,,1207
피자_멜로우 콘크림 스파이시 갈릭 치즈롤 (F),빵 및 과자류,피자,100g,277,9.79,,,1449
피자_멜로우 콘크림 스파이시 갈릭 치즈롤 (L),빵 및 과자류,피자,100g,277,9.79,,,1047
피자_멜로우 콘크림 스파이시 갈릭 치즈롤 (P),빵 및 과자류,피자,100g,277,9.79,,,1950
피자_멜로우 콘크림 씬,빵 및 과자류,피자,100g,293,9.34,,,911.7
피자_멜로우 콘크림 치즈롤 (F),빵 및 과자류,피자,100g,271,9.68,,,1455
피자_멜로우 콘크림 치즈롤 (L),빵 및 과자류,피자,100g,271,9.68,,,1051
피자_멜로우 콘크림 치즈롤 (P),빵 및 과자류,피자,100g,271,9.68,,,1958
페이스트리_NEW후랑크패스트리,빵 및 과자류,페이스트리,100g,343,6.96,,,115g
피자_맵단불고기 피자,빵 및 과자류,피자,100g,282,10.99,,,334g
피자_맵슐랭 피자 (12인치),빵 및 과자류,피자,100g,220,10.67,,,100g
피자_맵슐랭 피자 (7인치),빵 및 과자류,피자,100g,241,11.71,,,205g
피자_맵퍼로니,빵 및 과자류,피자,100g,290,13.33,,,622g
피자_맵피자 피자 (L),빵 및 과자류,피자,100g,282,13.57,,,1122g
피자_메가쉬림프 피자 (L),빵 및 과자류,피자,100g,211,13.08,,,1492g
피자_멕시칸맥쉬림프 피자 (L),빵 및 과자류,피자,100g,261,9.14,,,1285g
피자_멕시칸바이트 피자,빵 및 과자류,피자,100g,255,13.27,8.16,31.63,785g
피자_멕시칸바이트피자,빵 및 과자류,피자,100g,245,12.45,,,795g
피자_멕시칸하바네로 피자 골드 (L),빵 및 과자류,피자,100g,295,15.87,,,946g
피자_멕시칸하바네로 피자 골드 (R),빵 및 과자류,피자,100g,280,15.03,,,610g
피자_멕시칸하바네로 피자 씬크러스트 (R),빵 및 과자류,피자,100g,288,15.74,,,432g
피자_멕시칸하바네로 피자 에그타르트 (L),빵 및 과자류,피자,100g,303,14.29,,,946g
피자_멕시칸하바네로 피자 에그타르트 (R),빵 및 과자류,피자,100g,290,14.38,,,610g
피자_멕시칸하바네로 피자 오리진 (L),빵 및 과자류,피자,100g,251,13.76,,,946g
피자_멕시칸하바네로 피자 오리진 (R),빵 및 과자류,피자,100g,235,16.99,,,610g
피자_멕시칸하바네로 피자 치즈캡 (L),빵 및 과자류,피자,100g,286,16.93,,,946g
피자_멕시칸하바네로 피자 치즈캡 (R),빵 및 과자류,피자,100g,353,20.92,,,610g
피자_마약옥수수 피자,빵 및 과자류,피자,100g,222,10.97,,,928g
피자_마약옥수수 피자,빵 및 과자류,피자,100g,275,12.12,,,790g
피자_마약콘치즈 (L),빵 및 과자류,피자,100g,267,9.09,,,894g
피자_마약콘치즈 (R),빵 및 과자류,피자,100g,262,8.65,,,576g
피자_마이유스콰트로피자 (L),빵 및 과자류,피자,100g,258,13.55,,,955g
피자_마이유스콰트로피자 (XL),빵 및 과자류,피자,100g,261,11.51,,,1106g
피자_만수르 피자 (M),빵 및 과자류,피자,100g,244,6.9,,,1030g
피자_매니악 페퍼로니 피자,빵 및 과자류,피자,100g,263,12.33,,,366g
피자_매니악 페퍼로니 피자 (L),빵 및 과자류,피자,100g,312,14.29,,,618g
피자_매달매달 피자 (L),빵 및 과자류,피자,100g,269,13.85,,,1040g
피자_매드쉬림프피자(L),빵 및 과자류,피자,100g,229,11.99,,,1087g
피자_매운불고기 피자,빵 및 과자류,피자,100g,280,12.25,,,810g
피자_매콤불고기 피자 (L),빵 및 과자류,피자,100g,244,13.7,,,730g
피자_매콤쭈새피자(L),빵 및 과자류,피자,100g,183,10.72,,,958g
피자_매콤치킨바베큐 (L),빵 및 과자류,피자,100g,247,12.5,,,958g
피자_매콤핫치킨 피자 (L),빵 및 과자류,피자,100g,190,11.61,,,1030g
피자_맥콘베이컨나폴리(L),빵 및 과자류,피자,100g,310,14.67,,,574g
피자_맵 피자 (L),빵 및 과자류,피자,100g,281,13.29,,,1142g
피자_맵고달고 피자 (L),빵 및 과자류,피자,100g,243,6.59,,,1334g
피자_마라 피자 마라링 (L),빵 및 과자류,피자,100g,252,16.67,,,814g
피자_마라 피자 마라링 (R),빵 및 과자류,피자,100g,252,17.04,,,539g
피자_마라 피자 석쇠 (L),빵 및 과자류,피자,100g,255,16.09,,,694g
피자_마라 피자 석쇠 (R),빵 및 과자류,피자,100g,255,16.36,,,439g
피자_마라 피자 씬바샤삭 (L),빵 및 과자류,피자,100g,309,11.59,,,552g
피자_마라 피자 씬바샤삭 (R),빵 및 과자류,피자,100g,297,12.87,,,404g
피자_마루베스트 피자 (L),빵 및 과자류,피자,100g,248,10.65,,,973g
피자_마르게리타,빵 및 과자류,피자,100g,223,10.41,,,613g
피자_마르게리타 알픽,빵 및 과자류,피자,100g,265,11.41,,,160g
피자_마르게리타 피자,빵 및 과자류,피자,100g,258,11.1,,,268g
피자_마르게리타 피자 씬 (L),빵 및 과자류,피자,100g,350,15.91,,,440g
피자_마르게리타 피자 오리지널 (L),빵 및 과자류,피자,100g,291,13.48,,,726g
피자_마르게리타 피자 오리지널 (M),빵 및 과자류,피자,100g,299,14.25,,,442g
피자_마르게리타 피자 오리지널 파마산 치즈 (L),빵 및 과자류,피자,100g,296,14.12,,,748g
피자_마르게리타 피자 오리지널 파마산 치즈 (M),빵 및 과자류,피자,100g,305,14.93,,,452g
피자_마르게리타 피자 팬 (L),빵 및 과자류,피자,100g,323,12.28,,,773g
피자_마블 피자 (L),빵 및 과자류,피자,100g,246,12.21,,,1050g
피자_마스터트리플코스 피자 오리지널 (L),빵 및 과자류,피자,100g,244,12,,,938g
피자_마약 옥수수 피자,빵 및 과자류,피자,100g,242,9.55,,,360g
케이크_초코 블라썸 케이크,빵 및 과자류,케이크,100g,325,4,23,28,350g
피자_마가리타 피자 (R),빵 및 과자류,피자,100g,269,11.11,,,324g
피자_마가리타 피자 골드링 (F),빵 및 과자류,피자,100g,284,12.49,,,1024
피자_마가리타 피자 골드링 (L),빵 및 과자류,피자,100g,285,12.25,,,685.6
피자_마가리타 피자 골드링 (P),빵 및 과자류,피자,100g,284,12.27,,,1385
피자_마가리타 피자 골드링씬 (F),빵 및 과자류,피자,100g,297,11.07,,,1012
피자_마가리타 피자 씬 (F),빵 및 과자류,피자,100g,299,11.83,,,777.2
피자_마가리타 피자 오리지널 (F),빵 및 과자류,피자,100g,268,11.14,,,789.9
피자_마가리타 피자 오리지널 (L),빵 및 과자류,피자,100g,268,10.9,,,587g
피자_마가리타 피자 오리지널 (P),빵 및 과자류,피자,100g,268,10.96,,,1004
피자_마가리타 피자 오리지널 (R),빵 및 과자류,피자,100g,268,11.09,,,324.4
피자_마가리타 피자 치즈롤 (F),빵 및 과자류,피자,100g,277,12.36,,,1035
피자_마가리타 피자 치즈롤 (L),빵 및 과자류,피자,100g,277,12.33,,,778.2
피자_마가리타 피자 치즈롤 (P),빵 및 과자류,피자,100g,277,12.27,,,1303
피자_마늘통삼겹 피자 (L),빵 및 과자류,피자,100g,289,25,,,1388g
피자_마라 피자 골드스윗 (L),빵 및 과자류,피자,100g,262,15.32,,,884g
피자_마라 피자 골드스윗 (R),빵 및 과자류,피자,100g,263,15.07,,,584g
피자_마라 피자 리코타링 (L),빵 및 과자류,피자,100g,262,15.58,,,794g
피자_마라 피자 리코타링 (R),빵 및 과자류,피자,100g,264,16.15,,,519g
피자_마가리타 (F),빵 및 과자류,피자,100g,268,11.15,,,789.9
피자_마가리타 (L),빵 및 과자류,피자,100g,268,10.89,,,587g
피자_마가리타 (P),빵 및 과자류,피자,100g,268,10.96,,,1004
피자_마가리타 (R),빵 및 과자류,피자,100g,268,11.09,,,324.4
피자_마가리타 골드링 (F),빵 및 과자류,피자,100g,284,12.49,,,1024
피자_마가리타 골드링 (L),빵 및 과자류,피자,100g,285,12.25,,,685.6
피자_마가리타 골드링 (P),빵 및 과자류,피자,100g,284,12.27,,,1385
피자_마가리타 골드링 씬,빵 및 과자류,피자,100g,297,11.07,,,1012
피자_마가리타 스파이시 갈릭 치즈롤 (F),빵 및 과자류,피자,100g,283,12.71,,,1006
피자_마가리타 스파이시 갈릭 치즈롤 (L),빵 및 과자류,피자,100g,283,12.53,,,766
피자_마가리타 스파이시 갈릭 치즈롤 (P),빵 및 과자류,피자,100g,283,12.7,,,1260
피자_마가리타 씬,빵 및 과자류,피자,100g,299,11.83,,,777.2
피자_마가리타 치즈롤 (F),빵 및 과자류,피자,100g,277,12.37,,,1035
피자_마가리타 치즈롤 (L),빵 및 과자류,피자,100g,277,12.33,,,778.2
피자_마가리타 치즈롤 (P),빵 및 과자류,피자,100g,277,12.27,,,1303
피자_마가리타 크루아상,빵 및 과자류,피자,100g,319,11.15,,,518.1
피자_마가리타 피자 (F),빵 및 과자류,피자,100g,269,11.17,,,790g
피자_마가리타 피자 (L),빵 및 과자류,피자,100g,268,10.88,,,587g
피자_마가리타 피자 (P),빵 및 과자류,피자,100g,269,11,,,1004g
피자_립 스테이크치즈크러스트 골드 (M),빵 및 과자류,피자,100g,258,12.48,,,702g
피자_립스테이크 피자 더블치즈크러스트 (L),빵 및 과자류,피자,100g,258,13.49,,,1199g
피자_립스테이크 피자 더블치즈크러스트 (M),빵 및 과자류,피자,100g,263,14,,,723g
피자_립스테이크 피자 리치골드 (L),빵 및 과자류,피자,100g,254,11.61,,,1245g
피자_립스테이크 피자 리치골드 (M),빵 및 과자류,피자,100g,257,11.73,,,763g
피자_립스테이크 피자 프리미엄 오리지널 (L),빵 및 과자류,피자,100g,257,12.05,,,903g
피자_립스테이크 피자 프리미엄 오리지널 (M),빵 및 과자류,피자,100g,258,12.05,,,514g
피자_립스테이크 피자 프리첼 치즈 (L),빵 및 과자류,피자,100g,256,9.93,,,1142g
피자_립스테이크 피자 프리첼 치즈 (M),빵 및 과자류,피자,100g,261,9.82,,,679g
피자_립스테이크&쉬림프 피자 더블치즈크러스트 (L),빵 및 과자류,피자,100g,242,13.46,,,1255g
피자_립스테이크&쉬림프 피자 리치골드 (L),빵 및 과자류,피자,100g,240,11.73,,,1300g
피자_립스테이크&쉬림프 피자 프리미엄 오리지널 (L),빵 및 과자류,피자,100g,236,12.18,,,955g
피자_립스테이크&쉬림프 피자 프리첼 치즈 (L),빵 및 과자류,피자,100g,240,10.07,,,1197g
피자_립스테이크&케이준쉬림프 피자 골드바이트 (L),빵 및 과자류,피자,100g,242,11.85,,,1302g
피자_립스테이크&케이준쉬림프 피자 노엣지 (L),빵 및 과자류,피자,100g,228,11.34,,,1022g
피자_립스테이크&케이준쉬림프 피자 리치골드 (L),빵 및 과자류,피자,100g,241,12.03,,,1230g
피자_립스테이크&케이준쉬림프 피자 치즈크러스트 (L),빵 및 과자류,피자,100g,235,12.54,,,1138g
피자_립스테이크&케이준쉬림프 피자 콘치즈포켓 (L),빵 및 과자류,피자,100g,238,11.53,,,1202g
피자_리코타 페퍼로니 킹덤 피자 슈화 더블치즈 페퍼로니 엣지 (L),빵 및 과자류,피자,100g,266,11.45,12.96,26.51,1086g
피자_리코타 페퍼로니 킹덤 피자 슈화 더블치즈 페퍼로니 엣지 (M),빵 및 과자류,피자,100g,270,12.31,13.84,25.04,678g
피자_리코타 페퍼로니 킹덤 피자 씬 (L),빵 및 과자류,피자,100g,299,11,18.61,21.39,510g
피자_리코타 페퍼로니 킹덤 피자 씬 (M),빵 및 과자류,피자,100g,300,11.9,18.76,20.8,315g
피자_리코타 페퍼로니 킹덤 피자 오리지널 (L),빵 및 과자류,피자,100g,257,10.9,11.12,28.34,896g
피자_리코타 페퍼로니 킹덤 피자 오리지널 (M),빵 및 과자류,피자,100g,257,10,10.89,29.31,542g
피자_리코타 페퍼로니 킹덤 피자 치즈버스트 나폴리 (L),빵 및 과자류,피자,100g,268,11.8,14.35,22.77,877g
피자_리코타 페퍼로니 킹덤 피자 치즈버스트 오리지널 (L),빵 및 과자류,피자,100g,267,11,13.37,24.89,1085g
피자_리코타 페퍼로니 킹덤 피자 화이버 버스트 오리지널 (L),빵 및 과자류,피자,100g,262,11,11.65,28.2,1083g
피자_리코타 페퍼로니 킹덤 피자 화이버 엣지 오리지널 (L),빵 및 과자류,피자,100g,262,10.9,12.7,25.92,1046g
피자_리코타 페퍼로니 킹덤 피자 화이버 엣지 오리지널 (M),빵 및 과자류,피자,100g,267,11.9,12.51,26.68,658g
피자_립 스테이크리치골드 (L),빵 및 과자류,피자,100g,249,10.89,,,1264g
피자_립 스테이크리치골드 (M),빵 및 과자류,피자,100g,255,11.2,,,799g
피자_립 스테이크오리지널 (L),빵 및 과자류,피자,100g,247,11.18,,,887g
피자_립 스테이크오리지널 (M),빵 및 과자류,피자,100g,252,11.32,,,569g
피자_립 스테이크치즈크러스트 (L),빵 및 과자류,피자,100g,248,11.45,,,1105g
피자_립 스테이크치즈크러스트 (M),빵 및 과자류,피자,100g,254,12.11,,,684g
피자_립 스테이크치즈크러스트 골드 (L),빵 및 과자류,피자,100g,253,11.9,,,1137g
피자_리치고구마치킨 피자 씬도우 (L),빵 및 과자류,피자,100g,276,12.72,,,690g
피자_리치고구마치킨 피자 씬도우 (R),빵 및 과자류,피자,100g,265,12.31,,,518g
피자_리치고구마치킨 피자 씬바샤삭 (L),빵 및 과자류,피자,100g,276,12.72,,,690g
피자_리치고구마치킨 피자 씬바샤삭 (R),빵 및 과자류,피자,100g,265,12.31,,,518g
피자_리치고구마치킨 피자 치즈링 (L),빵 및 과자류,피자,100g,247,14.17,,,960g
피자_리치고구마치킨 피자 치즈링 (R),빵 및 과자류,피자,100g,246,14.61,,,710g
피자_리치골드 피자 (L),빵 및 과자류,피자,100g,375,20.5,14.02,37.16,554g
피자_리치골드 피자 (XL),빵 및 과자류,피자,100g,257,11.89,,,1108g
피자_리치킨 BBQ 피자 (L),빵 및 과자류,피자,100g,215,10.12,,,1210g
피자_리치킨 BBQ 피자 (M),빵 및 과자류,피자,100g,223,11.4,,,744g
피자_리코타 페퍼로니 킹덤 피자 나폴리 (L),빵 및 과자류,피자,100g,259,11,11.86,26.84,683g
피자_리코타 페퍼로니 킹덤 피자 나폴리 (M),빵 및 과자류,피자,100g,259,12,12.12,24.95,417g
피자_리코타 페퍼로니 킹덤 피자 더블치즈 엣지 (L),빵 및 과자류,피자,100g,276,11.9,13.85,25.94,1040g
피자_리코타 페퍼로니 킹덤 피자 더블치즈 엣지 (M),빵 및 과자류,피자,100g,266,11,13.07,25.73,666g
피자_리코타 페퍼로니 킹덤 피자 더블치즈 페퍼로니 엣지 (L),빵 및 과자류,피자,100g,280,12.41,14.13,24.13,1080g
피자_리코타 페퍼로니 킹덤 피자 더블치즈 페퍼로니 엣지 (M),빵 및 과자류,피자,100g,269,11.43,13.91,23.92,686g
피자_리코타 페퍼로니 킹덤 피자 슈퍼시드 화이버 오리지널 (L),빵 및 과자류,피자,100g,259,10,9.95,31.84,883g
피자_리코타 페퍼로니 킹덤 피자 슈퍼시드 화이버 오리지널 (M),빵 및 과자류,피자,100g,260,10.8,10.6,30.36,542g
케이크_초코 롤케이크,빵 및 과자류,케이크,100g,291,4.29,,,70g
피자_리얼치즈 피자 밀도우 (R),빵 및 과자류,피자,100g,86,8.93,,,540g
피자_리얼치즈 피자 씬도우 (L),빵 및 과자류,피자,100g,130,13.41,,,510g
피자_리얼치즈 피자 씬도우 (R),빵 및 과자류,피자,100g,86,8.95,,,440g
피자_리얼치즈 피자밀도우(L),빵 및 과자류,피자,100g,130,13.39,,,720g
피자_리얼치즈 피자밀도우(R),빵 및 과자류,피자,100g,86,8.93,,,540g
피자_리얼치즈 피자씬도우(L),빵 및 과자류,피자,100g,130,13.41,,,510g
피자_리얼치즈 피자씬도우(R),빵 및 과자류,피자,100g,86,8.95,,,440g
피자_리얼치즈피자 (L),빵 및 과자류,피자,100g,285,14.48,,,657g
피자_리얼큐브달달구마 피자 (L),빵 및 과자류,피자,100g,257,13.36,,,1423g
피자_리얼페퍼로니피자(L),빵 및 과자류,피자,100g,314,17.25,,,733g
피자_리얼핫도그 피자 (L),빵 및 과자류,피자,100g,215,11.76,,,790g
피자_리얼핫도그 피자 (M),빵 및 과자류,피자,100g,206,10.55,,,506g
피자_리치고구마치킨 피자 골드스윗 (L),빵 및 과자류,피자,100g,256,13.18,,,1030g
피자_리치고구마치킨 피자 골드스윗 (R),빵 및 과자류,피자,100g,255,13.23,,,755g
피자_리치고구마치킨 피자 리코타링 (L),빵 및 과자류,피자,100g,254,13.56,,,940g
피자_리치고구마치킨 피자 리코타링 (R),빵 및 과자류,피자,100g,255,13.87,,,690g
피자_리치고구마치킨 피자 석쇠 (L),빵 및 과자류,피자,100g,248,13.33,,,840g
피자_리치고구마치킨 피자 석쇠 (R),빵 및 과자류,피자,100g,247,13.73,,,610g
피자_리얼불고기 피자 슈화 더블 치즈 페퍼로니 엣지 (M),빵 및 과자류,피자,100g,314,14.87,13.01,25.18,676g
피자_리얼불고기 피자 씬 (L),빵 및 과자류,피자,100g,273,12.54,14.12,23.87,587g
피자_리얼불고기 피자 씬 (M),빵 및 과자류,피자,100g,282,13.23,13.89,26.05,303g
피자_리얼불고기 피자 오리지널 (L),빵 및 과자류,피자,100g,251,12.34,8.2,31.93,922g
피자_리얼불고기 피자 오리지널 (M),빵 및 과자류,피자,100g,258,11.79,8,34.66,508g
피자_리얼불고기 피자 치즈버스트 나폴리 (L),빵 및 과자류,피자,100g,253,13,12.07,22.9,968g
피자_리얼불고기 피자 치즈버스트 오리지널 (L),빵 및 과자류,피자,100g,256,12,10.86,27.48,1176g
피자_리얼불고기 피자 트리플치즈버스트 엣지 (L),빵 및 과자류,피자,100g,248,13.01,,,1165g
피자_리얼불고기오리지널(L),빵 및 과자류,피자,100g,253,12.67,,,910g
피자_리얼불고기피자 (L),빵 및 과자류,피자,100g,247,14.01,,,894g
피자_리얼불콕 피자 (L),빵 및 과자류,피자,100g,260,15.32,,,990g
피자_리얼불콕 피자 (R),빵 및 과자류,피자,100g,261,15.38,,,700g
피자_리얼수제고구마 피자 (L),빵 및 과자류,피자,100g,283,15,,,1380g
피자_리얼시카고오리지널 피자 (L),빵 및 과자류,피자,100g,233,11.27,,,959g
피자_리얼시카고오리지널피자,빵 및 과자류,피자,100g,233,11.27,,,959g
피자_리얼직화불고기쉬림프피자씬(L),빵 및 과자류,피자,100g,394,15.55,,,931.5
피자_리얼직화불고기피자씬(L),빵 및 과자류,피자,100g,394,15.58,,,955.5
피자_리얼치즈 피자 밀도우 (L),빵 및 과자류,피자,100g,130,13.39,,,720g
피자_리얼단호박 피자씬도우(L),빵 및 과자류,피자,100g,100,5.23,,,810g
피자_리얼단호박 피자씬도우(R),빵 및 과자류,피자,100g,67,3.48,,,520g
피자_리얼랍스터스테이크 피자 골드스윗 (L),빵 및 과자류,피자,100g,246,13.77,,,1100g
피자_리얼랍스터스테이크 피자 리코타링 (L),빵 및 과자류,피자,100g,246,14.29,,,1010g
피자_리얼랍스터스테이크 피자 석쇠 (L),빵 및 과자류,피자,100g,237,14.04,,,910g
피자_리얼랍스터스테이크 피자 씬도우 (L),빵 및 과자류,피자,100g,273,14.14,,,765g
피자_리얼랍스터스테이크 피자 치즈링 (L),빵 및 과자류,피자,100g,237,14.73,,,1030g
피자_리얼미트 피자 (L),빵 및 과자류,피자,100g,250,13.26,,,790g
피자_리얼불고기 피자 나폴리 (L),빵 및 과자류,피자,100g,253,12.19,9.94,28.75,700g
피자_리얼불고기 피자 나폴리 (M),빵 및 과자류,피자,100g,252,12.66,9.18,29.69,392g
피자_리얼불고기 피자 더블치즈 엣지 (L),빵 및 과자류,피자,100g,256,13.9,10.27,26.84,1117g
피자_리얼불고기 피자 더블치즈 엣지 (M),빵 및 과자류,피자,100g,258,13.1,11.01,26.44,661g
피자_리얼불고기 피자 더블치즈 페퍼로니 엣지 (L),빵 및 과자류,피자,100g,260,14.31,11.11,26.03,1157g
피자_리얼불고기 피자 더블치즈 페퍼로니 엣지 (M),빵 및 과자류,피자,100g,261,13.47,11.31,26.62,681g
피자_리얼불고기 피자 슈퍼시드 화이버 버스트 오리지널 (L),빵 및 과자류,피자,100g,303,13.63,11.55,26.9,1147g
피자_리얼불고기 피자 슈퍼시드 화이버 오리지널 (L),빵 및 과자류,피자,100g,254,11,9.46,30.28,961g
피자_리얼불고기 피자 슈퍼시드 화이버 오리지널 (M),빵 및 과자류,피자,100g,254,11,9.55,30.55,540g
피자_리얼불고기 피자 슈화 더블 치즈 페퍼로니 엣지 (L),빵 및 과자류,피자,100g,302,14.16,12.42,25.71,1158g
피자_로즈 피자 씬도우 (R),빵 및 과자류,피자,100g,90,6.77,,,455g
피자_로즈피자밀도우(L),빵 및 과자류,피자,100g,136,10.13,,,892g
피자_로즈피자밀도우(R),빵 및 과자류,피자,100g,90,6.74,,,555g
피자_로즈피자씬도우(L),빵 및 과자류,피자,100g,136,10.15,,,682g
피자_로즈피자씬도우(R),빵 및 과자류,피자,100g,90,6.77,,,455g
피자_롤롤페파로니 피자 (L),빵 및 과자류,피자,100g,311,22,,,1104g
피자_리모 피자,빵 및 과자류,피자,100g,257,11.89,,,2700g
피자_리얼 더블 불고기 (R),빵 및 과자류,피자,100g,280,16.57,,,612g
피자_리얼 더블 불고기 피자 (XL),빵 및 과자류,피자,100g,280,16.57,,,934g
피자_리얼게살쉬림프 피자 (L),빵 및 과자류,피자,100g,266,13,,,1450g
피자_리얼고구마 (L),빵 및 과자류,피자,100g,273,10.27,,,1170g
피자_리얼고구마 피자 (L),빵 및 과자류,피자,100g,243,10.07,,,1190g
피자_리얼고구마 피자 (L),빵 및 과자류,피자,100g,277,10.57,,,1001g
피자_리얼단호박 피자 밀도우 (L),빵 및 과자류,피자,100g,100,5.22,,,1020g
피자_리얼단호박 피자 밀도우 (R),빵 및 과자류,피자,100g,67,3.48,,,620g
피자_리얼단호박 피자 씬도우 (L),빵 및 과자류,피자,100g,100,5.23,,,810g
피자_리얼단호박 피자 씬도우 (R),빵 및 과자류,피자,100g,67,3.48,,,520g
피자_리얼단호박 피자밀도우(L),빵 및 과자류,피자,100g,100,5.22,,,1020g
피자_리얼단호박 피자밀도우(R),빵 및 과자류,피자,100g,67,3.48,,,620g
피자_로맨틱 하와이안 피자밀도우(L),빵 및 과자류,피자,100g,109,7.03,,,780g
피자_로맨틱 하와이안 피자밀도우(R),빵 및 과자류,피자,100g,73,4.68,,,568g
피자_로맨틱 하와이안 피자씬도우(R),빵 및 과자류,피자,100g,73,4.68,,,468g
피자_로맨틱 하와이안 피자씬도우L,빵 및 과자류,피자,100g,109,7.02,,,570g
피자_로얄 립 스테이크 피자 골드바이트 (L),빵 및 과자류,피자,100g,257,11.74,,,1247g
피자_로얄 립 스테이크 피자 골드바이트 (M),빵 및 과자류,피자,100g,257,11.86,,,774g
피자_로얄 립 스테이크 피자 노엣지 (L),빵 및 과자류,피자,100g,247,10.89,,,991g
피자_로얄 립 스테이크 피자 노엣지 (M),빵 및 과자류,피자,100g,249,11.04,,,581g
피자_로얄 립 스테이크 피자 리치골드 (L),빵 및 과자류,피자,100g,252,11.92,,,1171g
피자_로얄 립 스테이크 피자 리치골드 (M),빵 및 과자류,피자,100g,253,12.15,,,726g
피자_로얄 립 스테이크 피자 치즈크러스트 (L),빵 및 과자류,피자,100g,253,12.44,,,1083g
피자_로얄 립 스테이크 피자 치즈크러스트 (M),빵 및 과자류,피자,100g,255,13.03,,,655g
피자_로얄포테이토 피자,빵 및 과자류,피자,100g,259,11.77,,,1139g
피자_로제 쉬림프 포카챠,빵 및 과자류,피자,100g,187,8.67,,,150g
피자_로제블랙소세지 피자,빵 및 과자류,피자,100g,234,13.92,,,713g
피자_로즈 피자 밀도우 (L),빵 및 과자류,피자,100g,136,10.13,,,892g
피자_로즈 피자 밀도우 (R),빵 및 과자류,피자,100g,90,6.74,,,555g
피자_로즈 피자 씬도우 (L),빵 및 과자류,피자,100g,136,10.15,,,682g
케이크_초코 글레이즈 케이크 (홀),빵 및 과자류,케이크,100g,315,4.06,,,541.5
피자_레귤러 이탈리안치즈피자,빵 및 과자류,피자,100g,288,12.37,,,341g
피자_레귤러 콤비네이션피자,빵 및 과자류,피자,100g,274,12.17,,,397g
피자_레귤러 페퍼로니피자,빵 및 과자류,피자,100g,295,11.75,,,377g
피자_레귤러 포테이토피자,빵 및 과자류,피자,100g,258,10.78,,,465g
피자_레귤러 하와이안쉬림프피자,빵 및 과자류,피자,100g,259,10.39,,,444g
피자_레드불고기 피자 (L),빵 및 과자류,피자,100g,241,11.8,6.6,24.55,986g
피자_레드콘리코타피자 (L),빵 및 과자류,피자,100g,211,9.31,,,920g
피자_레드콘피자,빵 및 과자류,피자,100g,238,11.99,,,784g
피자_레드콘피자바이트,빵 및 과자류,피자,100g,233,11.5,,,944g
피자_레드핫치킨 피자,빵 및 과자류,피자,100g,237,13.94,,,100g
피자_레드핫치킨 피자 (L),빵 및 과자류,피자,100g,249,13.01,,,1170g
피자_레드핫카니발 피자 (L),빵 및 과자류,피자,100g,236,10.87,,,895g
피자_레드핫카니발 피자 (M),빵 및 과자류,피자,100g,226,10.36,,,588g
피자_레드핫커리 피자 (L),빵 및 과자류,피자,100g,289,13.15,,,949g
피자_로맨틱 하와이안 피자 밀도우 (L),빵 및 과자류,피자,100g,109,7.03,,,780g
피자_로맨틱 하와이안 피자 밀도우 (R),빵 및 과자류,피자,100g,73,4.68,,,568g
피자_로맨틱 하와이안 피자 씬도우 (L),빵 및 과자류,피자,100g,109,7.02,,,570g
피자_로맨틱 하와이안 피자 씬도우 (R),빵 및 과자류,피자,100g,73,4.68,,,468g
피자_랍스터슈림프투움바오리지널(L),빵 및 과자류,피자,100g,233,10.67,,,978g
피자_레귤러 골드 꿀고구마피자,빵 및 과자류,피자,100g,255,10.88,,,648g
피자_레귤러 골드 불고기피자,빵 및 과자류,피자,100g,269,12.92,,,552g
피자_레귤러 골드 스테이크불갈비피자,빵 및 과자류,피자,100g,264,12.49,,,595g
피자_레귤러 골드 이탈리안치즈피자,빵 및 과자류,피자,100g,281,12.66,,,491g
피자_레귤러 골드 콤비네이션피자,빵 및 과자류,피자,100g,272,12.48,,,547g
피자_레귤러 골드 페퍼로니피자,빵 및 과자류,피자,100g,287,12.2,,,527g
피자_레귤러 골드 포테이토피자,빵 및 과자류,피자,100g,260,11.4,,,615g
피자_레귤러 골드 하와이안쉬림프피자,빵 및 과자류,피자,100g,261,11.13,,,594g
피자_레귤러 꿀고구마피자,빵 및 과자류,피자,100g,252,10.12,,,498g
피자_레귤러 몬스터꿀고구마피자,빵 및 과자류,피자,100g,223,10.5,,,718g
피자_레귤러 몬스터불고기피자,빵 및 과자류,피자,100g,259,14.2,,,585g
피자_레귤러 몬스터이탈리안피자,빵 및 과자류,피자,100g,292,13.24,,,450g
피자_레귤러 몬스터콤비네이션피자,빵 및 과자류,피자,100g,254,12.11,,,570g
피자_레귤러 몬스터포테이토피자,빵 및 과자류,피자,100g,239,11.25,,,669g
피자_레귤러 몬스터하와이안쉬림프피자,빵 및 과자류,피자,100g,226,12.97,,,624g
피자_레귤러 불고기피자,빵 및 과자류,피자,100g,270,12.77,,,402g
피자_레귤러 스테이크불갈비피자,빵 및 과자류,피자,100g,264,12.21,,,445g
피자_위스콘신 치즈 포테이토 스파이시 갈릭 치즈롤 (L),빵 및 과자류,피자,100g,294,14.52,,,991.7
피자_위스콘신 치즈 포테이토 스파이시 갈릭 치즈롤 (P),빵 및 과자류,피자,100g,294,14.71,,,1631
피자_위스콘신 치즈 포테이토 치즈롤 (F),빵 및 과자류,피자,100g,288,14.33,,,1340
피자_위스콘신 치즈 포테이토 치즈롤 (L),빵 및 과자류,피자,100g,288,14.29,,,1007
피자_위스콘신 치즈 포테이토 치즈롤 (P),빵 및 과자류,피자,100g,288,14.81,,,1687
피자_위스콘신 치즈 포테이토 크루아상,빵 및 과자류,피자,100g,332,13,,,670.8
피자_위스콘신 치즈 포테이토 피자 골드링 (F),빵 및 과자류,피자,100g,295,14.47,,,1326
피자_위스콘신 치즈 포테이토 피자 골드링 (L),빵 및 과자류,피자,100g,296,14.42,,,887.7
피자_위스콘신 치즈 포테이토 피자 골드링 (P),빵 및 과자류,피자,100g,295,14.49,,,1793
피자_위스콘신 치즈 포테이토 피자 오리지널 (F),빵 및 과자류,피자,100g,278,12.52,,,1022
피자_위스콘신 치즈 포테이토 피자 오리지널 (L),빵 및 과자류,피자,100g,278,12.63,,,760g
피자_위스콘신 치즈 포테이토 피자 오리지널 (P),빵 및 과자류,피자,100g,278,13.08,,,1300
피자_위스콘신 치즈 포테이토 피자 치즈롤 (F),빵 및 과자류,피자,100g,288,14.32,,,1340
피자_위스콘신 치즈 포테이토 피자 치즈롤 (L),빵 및 과자류,피자,100g,288,14.29,,,1007
피자_위스콘신 치즈 포테이토 피자 치즈롤 (P),빵 및 과자류,피자,100g,288,14.81,,,1687
피자_위스콘신치즈포테이토 (L),빵 및 과자류,피자,100g,278,12.63,,,760g
피자_위스콘신치즈포테이토 피자 (F),빵 및 과자류,피자,100g,284,14.06,,,1023g
피자_위스콘신치즈포테이토 피자 (L),빵 및 과자류,피자,100g,278,12.63,,,760g
피자_웃음꽃 피자 (R),빵 및 과자류,피자,100g,225,9.8,,,815g
피자_웨지포테이토 피자,빵 및 과자류,피자,100g,302,11.96,,,654g
피자_웨지포테이토 피자 (L),빵 및 과자류,피자,100g,231,11.05,,,850g
피자_웨지포테이토 피자 (M),빵 및 과자류,피자,100g,241,12.44,,,523g
피자_웨지포테이토 피자 마니아 에어도우 (L),빵 및 과자류,피자,100g,266,11.06,,,990g
피자_웨지포테이토 피자 마니아 에어도우 (M),빵 및 과자류,피자,100g,267,11.05,,,574g
피자_웨지포테이토 피자 마니아 파마산엣지 (L),빵 및 과자류,피자,100g,268,11.43,,,1013g
피자_웨지포테이토 피자 마니아 파마산엣지 (M),빵 및 과자류,피자,100g,269,11.7,,,598g
피자_웨지포테이토 피자 씬 (L),빵 및 과자류,피자,100g,336,12.5,,,561g
피자_웰빙다이어트야채 피자 (L),빵 및 과자류,피자,100g,245,13.02,,,940g
피자_웰컴투포테이토 피자 (L),빵 및 과자류,피자,100g,244,10.74,,,968g
피자_웰컴투포테이토 피자 (M),빵 및 과자류,피자,100g,248,10.81,,,666g
피자_위스콘신 치즈 포테이토 (F),빵 및 과자류,피자,100g,278,12.52,,,1022
피자_위스콘신 치즈 포테이토 (P),빵 및 과자류,피자,100g,278,13.08,,,1300
피자_위스콘신 치즈 포테이토 골드링 (F),빵 및 과자류,피자,100g,295,14.47,,,1326
피자_위스콘신 치즈 포테이토 골드링 (L),빵 및 과자류,피자,100g,296,14.42,,,887.7
피자_위스콘신 치즈 포테이토 골드링 (P),빵 및 과자류,피자,100g,295,14.5,,,1793
피자_위스콘신 치즈 포테이토 스파이시 갈릭 치즈롤 (F),빵 및 과자류,피자,100g,295,14.73,,,1303
피자_우리 고구마 피자 씬 (M),빵 및 과자류,피자,100g,266,9,14.87,25.13,450g
피자_우리 고구마 피자 오리지널 (L),빵 및 과자류,피자,100g,248,10.5,9.36,30.42,1070g
피자_우리 고구마 피자 오리지널 (M),빵 및 과자류,피자,100g,242,9,9.32,33.26,658g
피자_우리 고구마 피자 치즈 엣지 (L),빵 및 과자류,피자,100g,254,10.8,11.78,26.2,1272g
피자_우리 고구마 피자 치즈 엣지 (M),빵 및 과자류,피자,100g,254,10,11.4,27.58,815g
피자_우리 고구마 피자 치즈버스트 나폴리 (L),빵 및 과자류,피자,100g,256,10.9,12.92,24.08,1101g
피자_우리 고구마 피자 치즈버스트 오리지널 (L),빵 및 과자류,피자,100g,247,11,10.31,27.61,1319g
피자_우리고구마오리지널(L),빵 및 과자류,피자,100g,270,12,,,946g
피자_우아한소세지 피자 (L),빵 및 과자류,피자,100g,258,13.93,,,976g
피자_우아한소세지 피자 (M),빵 및 과자류,피자,100g,258,14.06,,,768g
피자_우주선 피자,빵 및 과자류,피자,100g,268,10,,,1048g
피자_울트라빽보이 피자 (L),빵 및 과자류,피자,100g,284,15.49,,28.02,725g
피자_울트라빽보이 피자 (R),빵 및 과자류,피자,100g,283,18.82,,23.97,546g
피자_울트라코리안 피자 (L),빵 및 과자류,피자,100g,248,12.52,,,1064g
피자_울트라코리안 피자 (R),빵 및 과자류,피자,100g,242,13.78,,,570g
피자_울트라콤비네이션 (L),빵 및 과자류,피자,100g,238,12.42,,,1159g
피자_울트라콤비네이션 피자 (L),빵 및 과자류,피자,100g,239,11.56,,,1179g
피자_웃음꽃 피자 (L),빵 및 과자류,피자,100g,221,14.41,,,1330g
피자_왕릉불고기 (R),빵 및 과자류,피자,100g,218,10.75,,,511g
피자_왕릉불고기 피자 (L),빵 및 과자류,피자,100g,234,11.69,,,857.4
피자_왕릉불고기 피자 (R),빵 및 과자류,피자,100g,239,12.1,,,511.5
피자_왕손뚱베이컨 피자 (L),빵 및 과자류,피자,100g,262,16.23,,,1035g
피자_왕창포테이토 피자 (L),빵 및 과자류,피자,100g,240,8.91,,,1032g
피자_용암던전 피자 (XL),빵 및 과자류,피자,100g,239,14.44,,,962g
피자_용암불고기 피자 (L),빵 및 과자류,피자,100g,255,14.47,,,1215g
피자_용암불고기 피자 (R),빵 및 과자류,피자,100g,255,14,,,900g
피자_우리 고구마 피자 나폴리 (L),빵 및 과자류,피자,100g,248,9.7,11.07,28.69,865g
피자_우리 고구마 피자 나폴리 (M),빵 및 과자류,피자,100g,242,9.6,10.87,28.91,537g
피자_우리 고구마 피자 더블치즈 페퍼로니 엣지 (L),빵 및 과자류,피자,100g,258,11.26,11.67,25.32,1312g
피자_우리 고구마 피자 더블치즈 페퍼로니 엣지 (M),빵 및 과자류,피자,100g,257,10.38,11.7,26.84,835g
피자_우리 고구마 피자 슈퍼시드 화이버 버스트 오리지널 (L),빵 및 과자류,피자,100g,293,12.39,10.99,28.13,1262g
피자_우리 고구마 피자 슈퍼시드 화이버 오리지널 (L),빵 및 과자류,피자,100g,248,10,9.02,31.36,1076g
피자_우리 고구마 피자 슈퍼시드 화이버 오리지널 (M),빵 및 과자류,피자,100g,251,9.7,9.13,33.97,634g
피자_우리 고구마 피자 슈화 더블 치즈 페퍼로니 엣지 (L),빵 및 과자류,피자,100g,293,12.9,11.78,27.04,1273g
피자_우리 고구마 피자 슈화 더블 치즈 페퍼로니 엣지 (M),빵 및 과자류,피자,100g,304,13.13,12.24,28.65,770g
피자_우리 고구마 피자 씬 (L),빵 및 과자류,피자,100g,272,10,14.83,26.71,712g
피자_골드바베큐치킨 피자 (L),빵 및 과자류,피자,100g,252,13.15,,,881g
피자_와이키키 피자 리코타링 (R),빵 및 과자류,피자,100g,268,14.29,,,673g
피자_와이키키 피자 석쇠 (L),빵 및 과자류,피자,100g,263,14.29,,,840g
피자_와이키키 피자 석쇠 (R),빵 및 과자류,피자,100g,262,14.19,,,593g
피자_와이키키 피자 씬도우 (L),빵 및 과자류,피자,100g,292,13.48,,,712g
피자_와이키키 피자 씬도우 (R),빵 및 과자류,피자,100g,304,14.41,,,443g
피자_와이키키 피자 씬바샤삭 (L),빵 및 과자류,피자,100g,292,13.48,,,712g
피자_와이키키 피자 씬바샤삭 (R),빵 및 과자류,피자,100g,304,14.41,,,443g
피자_와이키키 피자 치즈링 (L),빵 및 과자류,피자,100g,260,15,,,960g
피자_와이키키 피자 치즈링 (R),빵 및 과자류,피자,100g,259,15.03,,,693g
피자_와일드불고기할라피뇨 (R),빵 및 과자류,피자,100g,257,15.09,,,635g
피자_와일드소시지 (L),빵 및 과자류,피자,100g,260,13.63,,,903g
피자_와일드소시지 (R),빵 및 과자류,피자,100g,262,13.92,,,585g
피자_와일드와일드웨스트스테이크오리지널(L),빵 및 과자류,피자,100g,237,10.67,,,988g
피자_왕릉고추 불고기 (L),빵 및 과자류,피자,100g,202,9.76,,,903g
피자_왕릉고추 불고기 (R),빵 및 과자류,피자,100g,206,10.2,,,539g
피자_왕릉고추 불고기 피자 (L),빵 및 과자류,피자,100g,221,11.03,,,903.4
피자_왕릉고추 불고기 피자 (R),빵 및 과자류,피자,100g,225,11.41,,,539.1
피자_왕릉불고기 (L),빵 및 과자류,피자,100g,216,10.35,,,857g
피자_와와웨 스테이크 피자 슈화 더블 치즈 페퍼로니 엣지 (M),빵 및 과자류,피자,100g,274,13.99,11.11,23.14,821g
피자_와와웨 스테이크 피자 씬 (L),빵 및 과자류,피자,100g,253,11.8,13.36,21.29,763g
피자_와와웨 스테이크 피자 씬 (M),빵 및 과자류,피자,100g,229,10.3,13.09,,502g
피자_와와웨 스테이크 피자 오리지널 (L),빵 및 과자류,피자,100g,235,11.3,8.5,28.26,1071g
피자_와와웨 스테이크 피자 오리지널 (M),빵 및 과자류,피자,100g,223,10.5,8.51,25.95,714g
피자_와와웨 스테이크 피자 치즈버스트 나폴리 (L),빵 및 과자류,피자,100g,243,11.6,13.16,,1135g
피자_와와웨 스테이크 피자 치즈버스트 오리지널 (L),빵 및 과자류,피자,100g,238,11.4,11.27,22.75,1336g
피자_와와웨 피자 더블치즈 페퍼로니 엣지 (L),빵 및 과자류,피자,100g,245,11.94,11.13,23.93,1293g
피자_와와웨 피자 더블치즈 페퍼로니 엣지 (M),빵 및 과자류,피자,100g,240,12.03,11.25,22.08,863g
피자_와우미트피자 (L),빵 및 과자류,피자,100g,269,13.69,,,834g
피자_와우미트피자 (M),빵 및 과자류,피자,100g,262,14.63,,,630g
피자_와우미트피자 리치골드크러스트 (L),빵 및 과자류,피자,100g,270,13.69,,,1034g
피자_와우미트피자 리치골드크러스트 (M),빵 및 과자류,피자,100g,264,14.5,,,730g
피자_와우미트피자 치즈크러스트 (L),빵 및 과자류,피자,100g,271,13.69,,,934g
피자_와우미트피자 치즈크러스트 (M),빵 및 과자류,피자,100g,265,14.53,,,705g
피자_와이키키 피자 골드스윗 (L),빵 및 과자류,피자,100g,268,13.95,,,1030g
피자_와이키키 피자 골드스윗 (R),빵 및 과자류,피자,100g,266,13.51,,,738g
피자_와이키키 피자 리코타링 (L),빵 및 과자류,피자,100g,268,14.41,,,940g
피자_올미트 피자 오리지널 (P),빵 및 과자류,피자,100g,254,13.26,,,1356
피자_올미트 피자 오리지널 (R),빵 및 과자류,피자,100g,253,13.01,,,438.2
피자_올미트 피자 치즈롤 (F),빵 및 과자류,피자,100g,262,14.87,,,1398
피자_올미트 피자 치즈롤 (L),빵 및 과자류,피자,100g,262,15.22,,,1051
피자_올미트 피자 치즈롤 (P),빵 및 과자류,피자,100g,262,14.76,,,1761
피자_올스타 피자 (L),빵 및 과자류,피자,100g,157,10.57,,,1253g
피자_올포유 피자 (L),빵 및 과자류,피자,100g,147,7.35,,,1294g
피자_와규베스트플래버 피자 (L),빵 및 과자류,피자,100g,237,14.64,,,1074g
피자_와규소보로 피자 (L),빵 및 과자류,피자,100g,246,10.41,,,965g
피자_와규소보로 피자 (M),빵 및 과자류,피자,100g,240,11.99,,,689g
피자_와와웨 스테이크 피자 나폴리 (L),빵 및 과자류,피자,100g,240,10.7,10.02,26.71,887g
피자_와와웨 스테이크 피자 나폴리 (M),빵 및 과자류,피자,100g,222,10.8,9.92,22.24,594g
피자_와와웨 스테이크 피자 더블치즈 엣지 (L),빵 및 과자류,피자,100g,241,11.5,9.42,27.48,1253g
피자_와와웨 스테이크 피자 더블치즈 엣지 (M),빵 및 과자류,피자,100g,237,11.7,11.03,22.7,843g
피자_와와웨 스테이크 피자 슈퍼시드 화이버 버스트 오리지널 (L),빵 및 과자류,피자,100g,278,13.96,10.62,24.51,1224g
피자_와와웨 스테이크 피자 슈퍼시드 화이버 오리지널 (L),빵 및 과자류,피자,100g,232,11.5,8.52,27.21,1038g
피자_와와웨 스테이크 피자 슈퍼시드 화이버 오리지널 (M),빵 및 과자류,피자,100g,223,10.8,8.01,26.97,685g
피자_와와웨 스테이크 피자 슈화 더블 치즈 페퍼로니 엣지 (L),빵 및 과자류,피자,100g,278,14.44,11.45,23.41,1235g
피자_올미트 스파이시 갈릭 치즈롤 (F),빵 및 과자류,피자,100g,268,15.29,,,1360
피자_올미트 스파이시 갈릭 치즈롤 (L),빵 및 과자류,피자,100g,268,15.46,,,1034
피자_올미트 스파이시 갈릭 치즈롤 (P),빵 및 과자류,피자,100g,268,15.28,,,1702
피자_올미트 씬,빵 및 과자류,피자,100g,283,14.47,,,1050
피자_올미트 치즈롤 (F),빵 및 과자류,피자,100g,262,14.88,,,1398
피자_올미트 치즈롤 (L),빵 및 과자류,피자,100g,262,15.22,,,1051
피자_올미트 치즈롤 (P),빵 및 과자류,피자,100g,262,14.77,,,1761
피자_올미트 크루아상,빵 및 과자류,피자,100g,302,13.39,,,699.9
피자_올미트 피자 (F),빵 및 과자류,피자,100g,254,12.78,,,1067g
피자_올미트 피자 (L),빵 및 과자류,피자,100g,254,13.13,,,793g
피자_올미트 피자 (P),빵 및 과자류,피자,100g,253,13.24,,,1357g
피자_올미트 피자 (R),빵 및 과자류,피자,100g,253,13.01,,,438g
피자_올미트 피자 골드링 (F),빵 및 과자류,피자,100g,269,15.02,,,1384
피자_올미트 피자 골드링 (L),빵 및 과자류,피자,100g,269,14.68,,,926.2
피자_올미트 피자 골드링 (P),빵 및 과자류,피자,100g,269,14.96,,,1871
피자_올미트 피자 골드링씬 (F),빵 및 과자류,피자,100g,281,13.46,,,1367
피자_올미트 피자 씬 (F),빵 및 과자류,피자,100g,283,14.47,,,1050
피자_올미트 피자 오리지널 (F),빵 및 과자류,피자,100g,253,12.74,,,1067
피자_올미트 피자 오리지널 (L),빵 및 과자류,피자,100g,254,13.12,,,793g
피자_옥수수 피자 (L),빵 및 과자류,피자,100g,279,11.21,,,856g
피자_옥수수 피자 (R),빵 및 과자류,피자,100g,223,9.23,,,970g
피자_옥수수새우피자(L),빵 및 과자류,피자,100g,225,11.91,8.36,25.5,1077g
피자_옥수수새우피자(P),빵 및 과자류,피자,100g,225,11.91,8.36,25.5,438g
피자_옥수수새우피자(R),빵 및 과자류,피자,100g,225,11.91,8.36,25.5,668g
피자_옥수수콘피자 (1인),빵 및 과자류,피자,100g,284,12.5,,,249g
피자_옥수수피자,빵 및 과자류,피자,100g,218,8.99,,,500g
피자_옥수수피자 (L),빵 및 과자류,피자,100g,224,9.24,,,970g
피자_옥수수피자 (R),빵 및 과자류,피자,100g,221,10.79,,,540g
피자_옥수수피자 (XL),빵 및 과자류,피자,100g,224,9.25,,,1080g
피자_온리페퍼로니피자씬(L),빵 및 과자류,피자,100g,413,18.69,,,620.5
피자_올미트 (F),빵 및 과자류,피자,100g,253,12.74,,,1067
피자_올미트 (L),빵 및 과자류,피자,100g,254,13.12,,,793g
피자_올미트 (P),빵 및 과자류,피자,100g,253,13.26,,,1356
피자_올미트 (R),빵 및 과자류,피자,100g,253,13.01,,,438g
피자_올미트 골드링 (F),빵 및 과자류,피자,100g,269,15.02,,,1384
피자_올미트 골드링 (L),빵 및 과자류,피자,100g,269,14.68,,,926.2
피자_올미트 골드링 (P),빵 및 과자류,피자,100g,269,14.96,,,1871
피자_올미트 골드링 씬,빵 및 과자류,피자,100g,281,13.46,,,1367
피자_골드명란크림새우피자,빵 및 과자류,피자,100g,266,13,,,916g
피자_연유피자 (1인),빵 및 과자류,피자,100g,309,15.64,,,184g
피자_열탄불고기 피자 (L),빵 및 과자류,피자,100g,234,13.09,,30.91,877g
피자_열탄불고기 피자 (R),빵 및 과자류,피자,100g,234,13.03,,30.92,605g
피자_옛날갈비 피자,빵 및 과자류,피자,100g,252,14.18,,24.11,1124g
피자_오리지널 페퍼로니 피자 (L),빵 및 과자류,피자,100g,307,13.51,,,595g
피자_오리지널 페퍼로니피자,빵 및 과자류,피자,100g,259,11.43,,,350g
피자_오리지널슈프림 피자 마니아 에어도우 (L),빵 및 과자류,피자,100g,247,11.8,,,977g
피자_오리지널슈프림 피자 마니아 에어도우 (M),빵 및 과자류,피자,100g,203,9.68,,,566g
피자_오리지널슈프림 피자 마니아 파마산엣지 (L),빵 및 과자류,피자,100g,206,10,,,1001g
피자_오리지널슈프림 피자 마니아 파마산엣지 (M),빵 및 과자류,피자,100g,207,10.21,,,580g
피자_오마이갓페퍼로니 피자 (L),빵 및 과자류,피자,100g,332,18.61,,28.48,635g
피자_오마이갓페퍼로니 피자 (R),빵 및 과자류,피자,100g,309,17.37,,28.95,452g
피자_오지치즈포테이토 피자,빵 및 과자류,피자,100g,296,9.36,12.81,35.96,812g
피자_오지치즈포테이토피자,빵 및 과자류,피자,100g,285,11.86,,,860g
피자_오지치즈후라이 피자,빵 및 과자류,피자,100g,255,13.47,,,1160g
피자_옥수수 크런치 피자,빵 및 과자류,피자,100g,296,9.64,,,416g
피자_옥수수 크런치 피자 (L),빵 및 과자류,피자,100g,308,14.29,,,618g
피자_옥수수 피자 (L),빵 및 과자류,피자,100g,222,8.89,,,1080g
피자_야채피자 (XL),빵 및 과자류,피자,100g,223,11.92,,,930g
피자_얌얌페페로니 피자,빵 및 과자류,피자,100g,331,15.14,,,428g
피자_양송이더블불고 피자 (L),빵 및 과자류,피자,100g,233,14.1,,,780g
피자_어깨 피자 (L),빵 및 과자류,피자,100g,283,16.67,,,970g
피자_어깨 피자 (R),빵 및 과자류,피자,100g,277,15.52,,,640g
피자_어께피자 (L),빵 및 과자류,피자,100g,278,15.6,,,994g
피자_어께피자 (R),빵 및 과자류,피자,100g,277,15.53,,,640g
피자_어께피자 (XL),빵 및 과자류,피자,100g,280,15.04,,,1044g
피자_어니언불고기 피자 (L),빵 및 과자류,피자,100g,276,22,,,1201g
피자_언더더씨 피자 (L),빵 및 과자류,피자,100g,255,15.83,,,1110g
피자_언더더씨 피자 (R),빵 및 과자류,피자,100g,256,15.83,,,720g
피자_언양식 매콤 불고기 피자 (L),빵 및 과자류,피자,100g,292,14.56,,,822g
피자_언양식매콤불고기 (L),빵 및 과자류,피자,100g,295,16,,,802g
피자_얼티밋 콤비네이션크래프티드 플래츠 (P),빵 및 과자류,피자,100g,257,11.96,,,317g
피자_에그머니나 피자 (L),빵 및 과자류,피자,100g,276,13.27,,,797g
피자_에그콘 피자 (L),빵 및 과자류,피자,100g,237,9,,,1277g
피자_에멘탈머쉬룸피자(L),빵 및 과자류,피자,100g,246,14.08,9.66,25.76,1040g
피자_에멘탈머쉬룸피자(P),빵 및 과자류,피자,100g,246,14.08,9.66,25.76,400g
피자_에멘탈머쉬룸피자(R),빵 및 과자류,피자,100g,246,14.08,9.66,25.76,670g
피자_야채 피자 (L),빵 및 과자류,피자,100g,202,2.29,,,985g
피자_야채 피자 (L),빵 및 과자류,피자,100g,322,6.59,,,680g
피자_야채 피자 (M),빵 및 과자류,피자,100g,213,12.62,,,526g
피자_야채 피자 (R),빵 및 과자류,피자,100g,223,12.31,,,520g
피자_야채 피자 (XL),빵 및 과자류,피자,100g,218,14.84,,,1010g
피자_야채 피자 (XL),빵 및 과자류,피자,100g,272,16.77,,,1004g
피자_야채 피자 리치골드 (M),빵 및 과자류,피자,100g,238,11.09,,,603g
피자_야채 피자 리치골드(L),빵 및 과자류,피자,100g,243,11.04,,,1080g
피자_야채(R),빵 및 과자류,피자,100g,164,11.17,,,667g
피자_야채(XL),빵 및 과자류,피자,100g,219,14.84,,,1010g
피자_야채퀘사디아 피자,빵 및 과자류,피자,100g,249,13.07,8.04,31.16,797g
피자_야채퀘사디아피자,빵 및 과자류,피자,100g,232,11.3,,,797g
피자_야채킹 피자 밀도우 (L),빵 및 과자류,피자,100g,108,5.38,,,870g
피자_야채킹 피자 밀도우 (R),빵 및 과자류,피자,100g,72,3.57,,,560g
피자_야채킹 피자 씬도우 (L),빵 및 과자류,피자,100g,108,5.37,,,660g
피자_야채킹 피자 씬도우 (R),빵 및 과자류,피자,100g,72,3.58,,,460g
피자_야채피자,빵 및 과자류,피자,100g,230,12.71,,,940g
피자_야채피자 (L),빵 및 과자류,피자,100g,223,11.84,,,740g
피자_야채피자 (R),빵 및 과자류,피자,100g,223,11.76,,,414g
피자_알로하크림새우 씬 (R),빵 및 과자류,피자,100g,245,10.98,,,495g
피자_알로하크림새우 피자 씬 (L),빵 및 과자류,피자,100g,271,10.8,,,705
피자_알로하크림새우 피자 씬 (R),빵 및 과자류,피자,100g,270,11.15,,,467.3
피자_알바의실수 피자 (L),빵 및 과자류,피자,100g,253,15.38,,,1140g
피자_알바의실수 피자 (R),빵 및 과자류,피자,100g,253,15.29,,,940g
피자_앵거스 비프 랍스타 피자,빵 및 과자류,피자,100g,231,13.12,,,997g
피자_야무진4자매 피자 (L),빵 및 과자류,피자,100g,238,4.74,,,936g
피자_야심반반 (L),빵 및 과자류,피자,100g,227,9.92,,,964g
피자_야심반반 (R),빵 및 과자류,피자,100g,230,10.91,,,605g
피자_야심반반 피자 (L),빵 및 과자류,피자,100g,245,10.98,,,929.6
피자_야심반반 피자 (R),빵 및 과자류,피자,100g,247,11.19,,,580.5
피자_야채 피자,빵 및 과자류,피자,100g,230,12.71,,28.81,940g
피자_야채 피자,빵 및 과자류,피자,100g,172,7.29,,,100g
피자_야채 피자 (L),빵 및 과자류,피자,100g,223,11.52,,,658g
피자_야채 피자 (L),빵 및 과자류,피자,100g,278,13.19,,,800g
피자_야채 피자 (L),빵 및 과자류,피자,100g,208,10.86,,,735g
피자_야채 피자 (L),빵 및 과자류,피자,100g,218,11.54,,,930g
피자_야채 피자 (L),빵 및 과자류,피자,100g,256,12.91,6.93,28.77,920g
피자_야채 피자 (L),빵 및 과자류,피자,100g,281,14.5,8.87,35.76,502g
피자_골드레드콘피자,빵 및 과자류,피자,100g,243,12.19,,,1004g
피자_알고구마 피자 (L),빵 및 과자류,피자,100g,259,9.25,,,823g
피자_알로아 하와이 피자 오리지널 (L),빵 및 과자류,피자,100g,255,11.29,,,814g
피자_알로아 하와이 피자 오리지널 (M),빵 및 과자류,피자,100g,260,11.87,,,466g
피자_알로아 하와이 피자 오리지널 파마산 치즈 (L),빵 및 과자류,피자,100g,261,11.92,,,836g
피자_알로아 하와이 피자 오리지널 파마산 치즈 (M),빵 및 과자류,피자,100g,265,12.5,,,480g
피자_알로하 하와이 피자 씬 (L),빵 및 과자류,피자,100g,283,12.05,,,531g
피자_알로하 하와이 피자 팬 (L),빵 및 과자류,피자,100g,283,10.19,,,869g
피자_알로하 하와이리치골드 (L),빵 및 과자류,피자,100g,243,10.35,,,1153g
피자_알로하 하와이리치골드 (M),빵 및 과자류,피자,100g,251,10.92,,,717g
피자_알로하 하와이씬 (L),빵 및 과자류,피자,100g,260,10.76,,,525g
피자_알로하 하와이오리지널 (L),빵 및 과자류,피자,100g,234,10.36,,,782g
피자_알로하 하와이오리지널 (M),빵 및 과자류,피자,100g,241,10.79,,,492g
피자_알로하 하와이치즈크러스트 (L),빵 및 과자류,피자,100g,240,10.97,,,994g
피자_알로하 하와이치즈크러스트 (M),빵 및 과자류,피자,100g,250,11.9,,,602g
피자_알로하 하와이치즈크러스트 골드 (L),빵 및 과자류,피자,100g,246,11.49,,,1026g
피자_알로하 하와이치즈크러스트 골드 (M),빵 및 과자류,피자,100g,255,12.43,,,620g
피자_알로하 하와이팬 (L),빵 및 과자류,피자,100g,271,9.44,,,863g
피자_알로하크림새우 씬 (L),빵 및 과자류,피자,100g,243,10.42,,,766g
피자_아이리쉬 포테이토 피자 골드링씬 (F),빵 및 과자류,피자,100g,269,10.23,,,1017g
피자_아이리쉬 포테이토 피자 씬 (F),빵 및 과자류,피자,100g,263,9.61,,,833g
피자_아이리쉬 포테이토 피자 오리지널 (F),빵 및 과자류,피자,100g,241,9.64,,,1079
피자_아이리쉬 포테이토 피자 오리지널 (L),빵 및 과자류,피자,100g,241,8.97,,,802g
피자_아이리쉬 포테이토 피자 오리지널 (P),빵 및 과자류,피자,100g,241,9.48,,,1371
피자_아이리쉬 포테이토 피자 오리지널 (R),빵 및 과자류,피자,100g,242,9.47,,,443.2
피자_아이리쉬 포테이토 피자 치즈롤 (F),빵 및 과자류,피자,100g,245,10.75,,,1414
피자_아이리쉬 포테이토 피자 치즈롤 (L),빵 및 과자류,피자,100g,245,10.85,,,958g
피자_아이리쉬 포테이토 피자 치즈롤 (P),빵 및 과자류,피자,100g,245,10.67,,,1781
피자_아이리쉬포테이토 (R),빵 및 과자류,피자,100g,241,9.46,,,443g
피자_아이리쉬포테이토 피자,빵 및 과자류,피자,100g,234,9.66,6.25,34.58,705g
피자_아이리쉬포테이토 피자 (F),빵 및 과자류,피자,100g,241,9.63,,,1079g
피자_아이리쉬포테이토 피자 (L),빵 및 과자류,피자,100g,242,9,,,802g
피자_아이리쉬포테이토 피자 (P),빵 및 과자류,피자,100g,242,9.49,,,1372g
피자_아이리쉬포테이토 피자 (R),빵 및 과자류,피자,100g,241,9.46,,,443g
피자_아이리쉬포테이토피자,빵 및 과자류,피자,100g,233,9.51,,,704g
피자_안녕하새우 피자 (L),빵 및 과자류,피자,100g,248,13.95,,,1032g
피자_안녕하새우 피자 (M),빵 및 과자류,피자,100g,250,14.55,,,660g
피자_아이리쉬 포테이토 (F),빵 및 과자류,피자,100g,241,9.64,,,1079
피자_아이리쉬 포테이토 (L),빵 및 과자류,피자,100g,241,8.97,,,802g
피자_아이리쉬 포테이토 (P),빵 및 과자류,피자,100g,241,9.48,,,1371
피자_아이리쉬 포테이토 골드링 (F),빵 및 과자류,피자,100g,269,9.71,,,1400
피자_아이리쉬 포테이토 골드링 (L),빵 및 과자류,피자,100g,269,9.99,,,881g
피자_아이리쉬 포테이토 골드링 (P),빵 및 과자류,피자,100g,269,9.51,,,1892
피자_아이리쉬 포테이토 골드링 씬,빵 및 과자류,피자,100g,269,10.23,,,1017g
피자_아이리쉬 포테이토 스파이시 갈릭 치즈롤 (F),빵 및 과자류,피자,100g,255,11.05,,,1375
피자_아이리쉬 포테이토 스파이시 갈릭 치즈롤 (L),빵 및 과자류,피자,100g,255,10.58,,,1058g
피자_아이리쉬 포테이토 스파이시 갈릭 치즈롤 (P),빵 및 과자류,피자,100g,255,11.03,,,1721
피자_아이리쉬 포테이토 씬,빵 및 과자류,피자,100g,263,9.61,,,833g
피자_아이리쉬 포테이토 치즈롤 (F),빵 및 과자류,피자,100g,245,10.75,,,1414
피자_아이리쉬 포테이토 치즈롤 (L),빵 및 과자류,피자,100g,245,10.85,,,958g
피자_아이리쉬 포테이토 치즈롤 (P),빵 및 과자류,피자,100g,245,10.67,,,1781
피자_아이리쉬 포테이토 크루아상,빵 및 과자류,피자,100g,287,9.57,,,707.9
피자_아이리쉬 포테이토 피자 골드링 (F),빵 및 과자류,피자,100g,269,9.71,,,1400
피자_아이리쉬 포테이토 피자 골드링 (L),빵 및 과자류,피자,100g,269,9.99,,,881g
피자_아이리쉬 포테이토 피자 골드링 (P),빵 및 과자류,피자,100g,269,9.51,,,1892
피자_골드돼지불백피자,빵 및 과자류,피자,100g,268,14.4,,,873g
피자_아시아고밀스크린치즈크러스트(L),빵 및 과자류,피자,100g,252,13.04,,,844.6
피자_아시아고밀스크린치즈크러스트(R),빵 및 과자류,피자,100g,245,13.07,,,471.6
피자_아시아고백미스크린(L),빵 및 과자류,피자,100g,256,12.71,,,718.8
피자_아시아고백미스크린(R),빵 및 과자류,피자,100g,251,12.64,,,388.4
피자_아시아고백미치즈크러스트(L),빵 및 과자류,피자,100g,245,13.04,,,813.8
피자_아시아고백미치즈크러스트(R),빵 및 과자류,피자,100g,239,13.06,,,456.2
피자_아시아고씬(L),빵 및 과자류,피자,100g,272,13.64,,,520g
피자_아시아고씬(R),빵 및 과자류,피자,100g,273,13.32,,,303g
피자_아시아고체다크림크러스트(L),빵 및 과자류,피자,100g,252,12.1,,,885g
피자_아시아고체다크림크러스트(R),빵 및 과자류,피자,100g,253,11.89,,,522.8
피자_아시아고치즈크러스트(L),빵 및 과자류,피자,100g,247,13.1,,,880g
피자_아시아고치즈크러스트(R),빵 및 과자류,피자,100g,246,12.96,,,530.7
피자_아시아고팬(L),빵 및 과자류,피자,100g,257,12.81,,,785g
피자_아시아고팬(R),빵 및 과자류,피자,100g,257,12.58,,,462.8
피자_아시아고흑미스크린(L),빵 및 과자류,피자,100g,248,12.61,,,723.2
피자_아시아고흑미스크린(R),빵 및 과자류,피자,100g,244,12.54,,,390.6
피자_아시아고흑미치즈크러스트(L),빵 및 과자류,피자,100g,239,12.95,,,818.2
피자_아시아고흑미치즈크러스트(R),빵 및 과자류,피자,100g,233,12.98,,,458.4
피자_아시아고 피자 백미스크린 (R),빵 및 과자류,피자,100g,251,12.31,,,390g
피자_아시아고 피자 백미스크린치즈크러스트 (L),빵 및 과자류,피자,100g,243,12.75,,,816g
피자_아시아고 피자 백미스크린치즈크러스트 (R),빵 및 과자류,피자,100g,237,13.16,,,456g
피자_아시아고 피자 씬 (L),빵 및 과자류,피자,100g,272,13.85,,,520g
피자_아시아고 피자 씬 (R),빵 및 과자류,피자,100g,271,13.73,,,306g
피자_아시아고 피자 체다크림크러스트 (L),빵 및 과자류,피자,100g,251,11.71,,,888g
피자_아시아고 피자 체다크림크러스트 (R),빵 및 과자류,피자,100g,253,11.49,,,522g
피자_아시아고 피자 치즈크러스트 (L),빵 및 과자류,피자,100g,245,12.73,,,880g
피자_아시아고 피자 치즈크러스트 (R),빵 및 과자류,피자,100g,245,12.5,,,528g
피자_아시아고 피자 팬 (L),빵 및 과자류,피자,100g,257,13.27,,,784g
피자_아시아고 피자 팬 (R),빵 및 과자류,피자,100g,258,12.99,,,462g
피자_아시아고 피자 흑미스크린 (L),빵 및 과자류,피자,100g,249,12.22,,,720g
피자_아시아고 피자 흑미스크린 (R),빵 및 과자류,피자,100g,245,12.31,,,390g
피자_아시아고 피자 흑미스크린치즈크러스트 (R),빵 및 과자류,피자,100g,233,13.16,,,456g
피자_아시아고고구마크러스트(L),빵 및 과자류,피자,100g,250,11.55,,,880g
피자_아시아고고구마크러스트(R),빵 및 과자류,피자,100g,250,11.33,,,519.8
피자_아시아고밀스크린(L),빵 및 과자류,피자,100g,263,12.73,,,749.6
피자_아시아고밀스크린(R),빵 및 과자류,피자,100g,258,12.65,,,403.8
피자_아보카도 새우 피자 씬 (M),빵 및 과자류,피자,100g,239,10.5,14.48,,418g
피자_아보카도 새우 피자 오리지널 (L),빵 및 과자류,피자,100g,232,10.9,9.1,26.55,1030g
피자_아보카도 새우 피자 오리지널 (M),빵 및 과자류,피자,100g,226,10,8.69,26.49,634g
피자_아보카도 새우 피자 치즈버스트 나폴리 (L),빵 및 과자류,피자,100g,231,11.9,12.15,,1083g
피자_아보카도 새우 피자 치즈버스트 오리지널 (L),빵 및 과자류,피자,100g,234,11,10.42,23.55,1268g
피자_아보카도바이트 피자 (L),빵 및 과자류,피자,100g,231,11.23,,,1044g
피자_아보카도바이트 피자 (M),빵 및 과자류,피자,100g,224,11.29,,,848g
피자_아시아고 피자 고구마크러스트 (L),빵 및 과자류,피자,100g,250,11.82,,,880g
피자_아시아고 피자 고구마크러스트 (R),빵 및 과자류,피자,100g,249,11.49,,,522g
피자_아시아고 피자 밀스크린 (L),빵 및 과자류,피자,100g,262,12.77,,,752g
피자_아시아고 피자 밀스크린 (R),빵 및 과자류,피자,100g,260,13.43,,,402g
피자_아시아고 피자 밀스크린고구마크러스트 (L),빵 및 과자류,피자,100g,254,11.32,,,848g
피자_아시아고 피자 밀스크린고구마크러스트 (R),빵 및 과자류,피자,100g,249,11.69,,,462g
피자_아시아고 피자 밀스크린체다크림크러스트 (L),빵 및 과자류,피자,100g,258,12.26,,,848g
피자_아시아고 피자 밀스크린체다크림크러스트 (R),빵 및 과자류,피자,100g,253,11.69,,,462g
피자_아시아고 피자 밀스크린치즈크러스트 (L),빵 및 과자류,피자,100g,250,13.21,,,848g
피자_아시아고 피자 밀스크린치즈크러스트 (R),빵 및 과자류,피자,100g,242,12.66,,,474g
피자_아시아고 피자 백미스크린 (L),빵 및 과자류,피자,100g,256,12.22,,,720g
피자_아메리칸 치즈 피자,빵 및 과자류,피자,100g,253,13.89,,,360g
피자_아메리칸 치즈 피자 (L),빵 및 과자류,피자,100g,308,16,,,625g
피자_아메리칸 치즈 피자 (XL),빵 및 과자류,피자,100g,271,15.71,,,736g
피자_아메리칸스페셜 피자 (L),빵 및 과자류,피자,100g,281,14.07,,,1080g
피자_아메리칸체다피자,빵 및 과자류,피자,100g,262,12.68,,,728g
피자_아메리칸체다피자바이트,빵 및 과자류,피자,100g,253,12.04,,,888g
피자_아보카도 새우 피자 나폴리 (L),빵 및 과자류,피자,100g,223,10.7,10.13,22.16,830g
피자_아보카도 새우 피자 나폴리 (M),빵 및 과자류,피자,100g,222,11,9.04,25.47,492g
피자_아보카도 새우 피자 더블치즈 엣지 (L),빵 및 과자류,피자,100g,235,11.6,10.42,23.65,1187g
피자_아보카도 새우 피자 더블치즈 엣지 (M),빵 및 과자류,피자,100g,242,12,11.1,23.36,748g
피자_아보카도 새우 피자 더블치즈 페퍼로니 엣지 (L),빵 및 과자류,피자,100g,240,12.06,11.95,22.84,1227g
피자_아보카도 새우 피자 더블치즈 페퍼로니 엣지 (M),빵 및 과자류,피자,100g,246,12.36,11.91,22.55,768g
피자_아보카도 새우 피자 슈퍼시드 화이버 버스트 오리지널 (L),빵 및 과자류,피자,100g,273,13.12,10.14,25.26,1195g
피자_아보카도 새우 피자 슈퍼시드 화이버 오리지널 (L),빵 및 과자류,피자,100g,226,10.6,7.89,28.18,1009g
피자_아보카도 새우 피자 슈퍼시드 화이버 오리지널 (M),빵 및 과자류,피자,100g,238,10.9,8.93,28.47,615g
피자_아보카도 새우 피자 슈화 더블 치즈 페퍼로니 엣지 (L),빵 및 과자류,피자,100g,274,13.64,10.99,24.13,1206g
피자_아보카도 새우 피자 슈화 더블 치즈 페퍼로니 엣지 (M),빵 및 과자류,피자,100g,293,14.39,12.16,24.01,751g
피자_아보카도 새우 피자 씬 (L),빵 및 과자류,피자,100g,236,11,14,,630g
피자_골드스테이크불갈비 피자 (L),빵 및 과자류,피자,100g,263,15,,,955g
피자_씨푸드킹 피자 프리미엄 오리지널 (M),빵 및 과자류,피자,100g,216,11.8,,,567g
피자_씨푸드킹 피자 프리첼 치즈 (M),빵 및 과자류,피자,100g,229,9.75,,,735g
피자_씨푸드킹리치골드 (L),빵 및 과자류,피자,100g,224,10.91,,,1320g
피자_씨푸드킹리치골드 (M),빵 및 과자류,피자,100g,227,11.49,,,850g
피자_씨푸드킹오리지널 (L),빵 및 과자류,피자,100g,211,11.2,,,940g
피자_씨푸드킹오리지널 (M),빵 및 과자류,피자,100g,215,11.77,,,614g
피자_씨푸드킹치즈크러스트 (L),빵 및 과자류,피자,100g,219,11.45,,,1161g
피자_씨푸드킹치즈크러스트 (M),빵 및 과자류,피자,100g,222,12.3,,,734g
피자_씨푸드킹치즈크러스트 골드 (L),빵 및 과자류,피자,100g,224,11.88,,,1193g
피자_씨푸드킹치즈크러스트 골드 (M),빵 및 과자류,피자,100g,227,12.72,,,752g
피자_아라비아따 바비큐가든 피자 (L),빵 및 과자류,피자,100g,241,12.42,,,962g
피자_아라비아따 바비큐가든 피자 (R),빵 및 과자류,피자,100g,230,13.36,,,548g
피자_아메리칸 미트 피자,빵 및 과자류,피자,100g,269,9.95,,,359g
피자_아메리칸 미트볼 피자,빵 및 과자류,피자,100g,487,26.92,17.31,55.46,415g
피자_아메리칸 미트볼피자,빵 및 과자류,피자,100g,267,15.63,,,510g
피자_아메리칸 스페셜 피자 오리지널 (M),빵 및 과자류,피자,100g,256,13,,,480g
피자_아메리칸 스페셜 피자 오리지널 파마산 치즈 (M),빵 및 과자류,피자,100g,263,13.66,,,493g
피자_아메리칸 치즈 (R),빵 및 과자류,피자,100g,271,15.71,,,492g
피자_골드스테이크 피자 (L),빵 및 과자류,피자,100g,357,21.22,14.44,35.5,752g
피자_싸이피자씬도우 (M),빵 및 과자류,피자,100g,314,15.64,,,550g
피자_싹스리버거 피자,빵 및 과자류,피자,100g,266,12.24,,,1567g
피자_쏘핫불고기 피자 (L),빵 및 과자류,피자,100g,151,12.44,,,720g
피자_쏘핫불고기 피자 (L),빵 및 과자류,피자,100g,186,10.28,,,1045g
피자_쏘핫불고기 피자 (R),빵 및 과자류,피자,100g,230,12.01,,,610g
피자_쏘핫불고기 피자 밀도우 (L),빵 및 과자류,피자,100g,106,9.47,,,1090g
피자_쏘핫불고기 피자 밀도우 (R),빵 및 과자류,피자,100g,70,6.31,,,688g
피자_쏘핫불고기 피자 씬도우 (L),빵 및 과자류,피자,100g,106,9.48,,,880g
피자_쏘핫불고기 피자 씬도우 (R),빵 및 과자류,피자,100g,70,6.32,,,588g
피자_쓰리고 피자 (L),빵 및 과자류,피자,100g,209,13.42,,,1073g
피자_쓰리고 피자 (M),빵 및 과자류,피자,100g,218,15.15,,,660g
피자_씨푸드콘바스켓 피자 (L),빵 및 과자류,피자,100g,276,10.4,,,1000g
피자_씨푸드킹 피자 더블치즈크러스트 (L),빵 및 과자류,피자,100g,228,12.9,,,1244g
피자_씨푸드킹 피자 더블치즈크러스트 (M),빵 및 과자류,피자,100g,231,13.62,,,780g
피자_씨푸드킹 피자 리치골드 (L),빵 및 과자류,피자,100g,226,11.06,,,1291g
피자_씨푸드킹 피자 리치골드 M,빵 및 과자류,피자,100g,229,11.62,,,820g
피자_씨푸드킹 피자 프레첼 치즈 (L),빵 및 과자류,피자,100g,226,9.39,,,1189g
피자_씨푸드킹 피자 프리미엄 오리지널 (L),빵 및 과자류,피자,100g,219,11.36,,,946g
피자_식스 치즈 피자 오리지널 (P),빵 및 과자류,피자,100g,273,11.85,,,1096
피자_식스 치즈 피자 치즈 피자롤 (F),빵 및 과자류,피자,100g,281,14.15,,,1130
피자_식스 치즈 피자 치즈 피자롤 (L),빵 및 과자류,피자,100g,282,14.12,,,849.8
피자_식스 치즈 피자 치즈 피자롤 (P),빵 및 과자류,피자,100g,281,14.05,,,1423
피자_식스치즈 (L),빵 및 과자류,피자,100g,273,11.88,,,641g
피자_식스치즈 피자 (F),빵 및 과자류,피자,100g,271,12.04,,,863g
피자_식스치즈 피자 (L),빵 및 과자류,피자,100g,273,11.88,,,641g
피자_식스치즈 피자 (P),빵 및 과자류,피자,100g,272,11.82,,,1097g
피자_신세개 피자 (L),빵 및 과자류,피자,100g,248,11.86,,,1062g
피자_신세개2021 (L),빵 및 과자류,피자,100g,230,11.38,,,1104g
피자_신세개2021 피자 (L),빵 및 과자류,피자,100g,237,11.32,,,1430g
피자_신세개피자 피자 (L),빵 및 과자류,피자,100g,247,12.07,,,1042g
피자_싸이피자 (L),빵 및 과자류,피자,100g,286,13,,,1030g
피자_싸이피자 (M),빵 및 과자류,피자,100g,283,12.74,,,690g
피자_싸이피자 리치골드크러스트 (L),빵 및 과자류,피자,100g,284,13.11,,,1230g
피자_싸이피자 리치골드크러스트 (M),빵 및 과자류,피자,100g,282,12.86,,,790g
피자_싸이피자 씬도우 (L),빵 및 과자류,피자,100g,336,15.48,,,802g
피자_싸이피자 치즈크러스트 (L),빵 및 과자류,피자,100g,286,13.06,,,1130g
피자_싸이피자 치즈크러스트 (M),빵 및 과자류,피자,100g,284,12.83,,,765g
피자_골드스윗하새우 피자 (L),빵 및 과자류,피자,100g,292,13.03,,,937g
피자_식스 치즈 골드링 (L),빵 및 과자류,피자,100g,289,13.89,,,748.7
피자_식스 치즈 골드링 (P),빵 및 과자류,피자,100g,289,13.88,,,1512
피자_식스 치즈 골드링 씬,빵 및 과자류,피자,100g,302,13.03,,,1105
피자_식스 치즈 스파이시 갈릭 치즈롤 (F),빵 및 과자류,피자,100g,287,13.83,,,1099
피자_식스 치즈 스파이시 갈릭 치즈롤 (L),빵 및 과자류,피자,100g,288,14.34,,,836.4
피자_식스 치즈 스파이시 갈릭 치즈롤 (P),빵 및 과자류,피자,100g,287,13.81,,,1376
피자_식스 치즈 씬,빵 및 과자류,피자,100g,304,13.2,,,848.7
피자_식스 치즈 치즈롤 (F),빵 및 과자류,피자,100g,281,14.15,,,1130
피자_식스 치즈 치즈롤 (L),빵 및 과자류,피자,100g,282,14.12,,,849.8
피자_식스 치즈 치즈롤 (P),빵 및 과자류,피자,100g,281,14.05,,,1423
피자_식스 치즈 크루아상,빵 및 과자류,피자,100g,324,12.43,,,565.8
피자_식스 치즈 피자 골드링 (F),빵 및 과자류,피자,100g,289,14.3,,,1119
피자_식스 치즈 피자 골드링 (L),빵 및 과자류,피자,100g,289,13.89,,,748.7
피자_식스 치즈 피자 골드링 (P),빵 및 과자류,피자,100g,289,13.88,,,1512
피자_식스 치즈 피자 골드링씬 (F),빵 및 과자류,피자,100g,302,13.02,,,1105
피자_식스 치즈 피자 씬 (F),빵 및 과자류,피자,100g,304,13.2,,,848.7
피자_식스 치즈 피자 오리지널 (F),빵 및 과자류,피자,100g,272,12.06,,,862.6
피자_식스 치즈 피자 오리지널 (L),빵 및 과자류,피자,100g,272,11.86,,,641g
피자_골드불고기피자,빵 및 과자류,피자,100g,253,11.33,,,935g
피자_스파이시치킨랜치 피자 (R),빵 및 과자류,피자,100g,279,10.94,,,384g
피자_스파이시페페로니 피자 (L),빵 및 과자류,피자,100g,254,13.16,,,1100g
피자_스파이시포테이토 피자 (L),빵 및 과자류,피자,100g,185,8.2,,,1163g
피자_스팸맥앤치즈 피자,빵 및 과자류,피자,100g,245,10.98,,,960g
피자_스팸체다피자 (1인),빵 및 과자류,피자,100g,261,12.73,,,328g
피자_스페셜 포테이토 피자 오리지널 (M),빵 및 과자류,피자,100g,276,11.34,,,472g
피자_스페셜 포테이토 피자 오리지널 파마산 치즈 (M),빵 및 과자류,피자,100g,280,11.98,,,486g
피자_스페셜콤비네이션 피자,빵 및 과자류,피자,100g,216,11.69,,24.03,1229g
피자_스페셜콤비네이션피자,빵 및 과자류,피자,100g,216,11.69,,,1229g
피자_시그니처 피자 (L),빵 및 과자류,피자,100g,291,11,,,948g
피자_시카고 딥디쉬 피자,빵 및 과자류,피자,100g,299,11.66,,25.77,100g
피자_시카고딥 피자 노엣지 (L),빵 및 과자류,피자,100g,275,15.54,,,1090g
피자_시카고딥 피자 노엣지 (M),빵 및 과자류,피자,100g,292,16.75,,,626g
피자_시카고딥 피자 노엣지 (R),빵 및 과자류,피자,100g,338,17.75,,,675g
피자_시크릿더블크런치 피자 (L),빵 및 과자류,피자,100g,250,10.99,,,1205g
피자_식스 치즈 (F),빵 및 과자류,피자,100g,272,12.06,,,862.6
피자_식스 치즈 (P),빵 및 과자류,피자,100g,273,11.85,,,1096
피자_식스 치즈 골드링 (F),빵 및 과자류,피자,100g,289,14.3,,,1119
피자_골드불고기 피자 (L),빵 및 과자류,피자,100g,253,11.32,,,935g
피자_스파이시 치킨 랜치 피자 씬 (F),빵 및 과자류,피자,100g,313,13.03,,,737g
피자_스파이시 치킨 랜치 피자 오리지널 (F),빵 및 과자류,피자,100g,279,11.14,,,933.9
피자_스파이시 치킨 랜치 피자 오리지널 (L),빵 및 과자류,피자,100g,280,11.52,,,694g
피자_스파이시 치킨 랜치 피자 오리지널 (P),빵 및 과자류,피자,100g,280,10.95,,,1187
피자_스파이시 치킨 랜치 피자 오리지널 (R),빵 및 과자류,피자,100g,279,10.95,,,383.5
피자_스파이시 치킨 랜치 피자 치즈롤 (F),빵 및 과자류,피자,100g,291,13.07,,,1223
피자_스파이시 치킨 랜치 피자 치즈롤 (L),빵 및 과자류,피자,100g,291,13.02,,,860g
피자_스파이시 치킨 랜치 피자 치즈롤 (P),빵 및 과자류,피자,100g,291,12.98,,,1541
피자_스파이시 치킨 하와이안 피자 (XL),빵 및 과자류,피자,100g,230,13.78,,,1048g
피자_스파이시살라미 피자 (L),빵 및 과자류,피자,100g,195,10.14,,,1170g
피자_스파이시이탈리안 (L),빵 및 과자류,피자,100g,274,11.17,,,717g
피자_스파이시이탈리안 피자 (F),빵 및 과자류,피자,100g,273,10.74,,,965g
피자_스파이시이탈리안 피자 (L),빵 및 과자류,피자,100g,274,11.17,,,717g
피자_스파이시이탈리안 피자 (P),빵 및 과자류,피자,100g,273,11.38,,,1227g
피자_스파이시치킨랜치 (R),빵 및 과자류,피자,100g,279,10.94,,,384g
피자_스파이시치킨랜치 피자 (F),빵 및 과자류,피자,100g,279,11.11,,,934g
피자_스파이시치킨랜치 피자 (L),빵 및 과자류,피자,100g,279,11.49,,,694g
피자_스파이시치킨랜치 피자 (P),빵 및 과자류,피자,100g,279,10.92,,,1187g
피자_스파이시 치킨 랜치 (L),빵 및 과자류,피자,100g,280,11.52,,,694g
피자_스파이시 치킨 랜치 (P),빵 및 과자류,피자,100g,280,10.95,,,1187
피자_스파이시 치킨 랜치 골드링 (F),빵 및 과자류,피자,100g,277,15.19,,,1211
피자_스파이시 치킨 랜치 골드링 (L),빵 및 과자류,피자,100g,277,14.87,,,861g
피자_스파이시 치킨 랜치 골드링 (P),빵 및 과자류,피자,100g,277,15.26,,,1638
피자_스파이시 치킨 랜치 골드링 씬,빵 및 과자류,피자,100g,304,11.56,,,969g
피자_스파이시 치킨 랜치 스파이시 갈릭 치즈롤 (F),빵 및 과자류,피자,100g,296,12.77,,,1190
피자_스파이시 치킨 랜치 스파이시 갈릭 치즈롤 (L),빵 및 과자류,피자,100g,295,13.25,,,905.6
피자_스파이시 치킨 랜치 스파이시 갈릭 치즈롤 (P),빵 및 과자류,피자,100g,295,13.42,,,1489
피자_스파이시 치킨 랜치 씬,빵 및 과자류,피자,100g,313,13.03,,,737g
피자_스파이시 치킨 랜치 치즈롤 (F),빵 및 과자류,피자,100g,291,13.07,,,1223
피자_스파이시 치킨 랜치 치즈롤 (L),빵 및 과자류,피자,100g,291,13.02,,,860g
피자_스파이시 치킨 랜치 치즈롤 (P),빵 및 과자류,피자,100g,291,12.98,,,1541
피자_스파이시 치킨 랜치 크루아상,빵 및 과자류,피자,100g,333,11.53,,,612.5
피자_스파이시 치킨 랜치 피자 골드링 (F),빵 및 과자류,피자,100g,277,15.19,,,1211
피자_스파이시 치킨 랜치 피자 골드링 (L),빵 및 과자류,피자,100g,277,14.87,,,861g
피자_스파이시 치킨 랜치 피자 골드링 (P),빵 및 과자류,피자,100g,277,15.26,,,1638
피자_스파이시 치킨 랜치 피자 골드링씬 (F),빵 및 과자류,피자,100g,304,11.56,,,969g
피자_스파이시 이탈리안 스파이시 갈릭 치즈롤 (P),빵 및 과자류,피자,100g,289,13,,,1539
피자_스파이시 이탈리안 씬,빵 및 과자류,피자,100g,306,12.64,,,949.3
피자_스파이시 이탈리안 치즈롤 (F),빵 및 과자류,피자,100g,283,12.65,,,1264
피자_스파이시 이탈리안 치즈롤 (L),빵 및 과자류,피자,100g,283,12.63,,,950.5
피자_스파이시 이탈리안 치즈롤 (P),빵 및 과자류,피자,100g,283,12.56,,,1592
피자_스파이시 이탈리안 크루아상,빵 및 과자류,피자,100g,326,11.38,,,632.9
피자_스파이시 이탈리안 피자 골드링 (F),빵 및 과자류,피자,100g,291,12.78,,,1251
피자_스파이시 이탈리안 피자 골드링 (L),빵 및 과자류,피자,100g,290,12.42,,,837.4
피자_스파이시 이탈리안 피자 골드링 (P),빵 및 과자류,피자,100g,291,13,,,1692
피자_스파이시 이탈리안 피자 골드링씬 (F),빵 및 과자류,피자,100g,304,11.65,,,1236
피자_스파이시 이탈리안 피자 씬 (F),빵 및 과자류,피자,100g,306,12.64,,,949.3
피자_스파이시 이탈리안 피자 오리지널 (F),빵 및 과자류,피자,100g,274,10.78,,,964.8
피자_스파이시 이탈리안 피자 오리지널 (L),빵 및 과자류,피자,100g,274,11.16,,,717g
피자_스파이시 이탈리안 피자 오리지널 (P),빵 및 과자류,피자,100g,274,11.41,,,1226
피자_스파이시 이탈리안 피자 치즈롤 (F),빵 및 과자류,피자,100g,283,12.65,,,1264
피자_스파이시 이탈리안 피자 치즈롤 (L),빵 및 과자류,피자,100g,283,12.63,,,950.5
피자_스파이시 이탈리안 피자 치즈롤 (P),빵 및 과자류,피자,100g,283,12.56,,,1592
피자_스파이시 치킨 랜치 (F),빵 및 과자류,피자,100g,279,11.14,,,933.9
피자_골드베이컨 피자 (L),빵 및 과자류,피자,100g,378,17.15,14.4,44.99,816g
피자_스테이크세보래 피자 씬 (L),빵 및 과자류,피자,100g,212,12.1,,,992g
피자_스테이크세보래 피자 씬 (R),빵 및 과자류,피자,100g,211,11.11,,,594g
피자_스테이크세보래씬(L),빵 및 과자류,피자,100g,212,11.69,,,992g
피자_스테이크세보래씬(R),빵 및 과자류,피자,100g,212,11.61,,,591.2
피자_스테이크썰고갈릭 피자 (L),빵 및 과자류,피자,100g,261,13.24,,,1088g
피자_스테이크썰고갈릭 피자 (M),빵 및 과자류,피자,100g,264,12.8,,,750g
피자_스톰콤비네이션 (R),빵 및 과자류,피자,100g,304,16.91,,,565g
피자_스파이시 감자 포카챠,빵 및 과자류,피자,100g,205,8.5,,,200g
피자_스파이시 쉬림프 피자 (L),빵 및 과자류,피자,100g,224,12.84,,,980g
피자_스파이시 쉬림프 피자 (M),빵 및 과자류,피자,100g,232,14.46,,,603g
피자_스파이시 이탈리안 (F),빵 및 과자류,피자,100g,274,10.78,,,964.8
피자_스파이시 이탈리안 (P),빵 및 과자류,피자,100g,274,11.41,,,1226
피자_스파이시 이탈리안 골드링 (F),빵 및 과자류,피자,100g,291,12.78,,,1251
피자_스파이시 이탈리안 골드링 (L),빵 및 과자류,피자,100g,290,12.42,,,837.4
피자_스파이시 이탈리안 골드링 (P),빵 및 과자류,피자,100g,291,13,,,1692
피자_스파이시 이탈리안 골드링 씬,빵 및 과자류,피자,100g,304,11.65,,,1236
피자_스파이시 이탈리안 스파이시 갈릭 치즈롤 (F),빵 및 과자류,피자,100g,289,13.01,,,1229
피자_스파이시 이탈리안 스파이시 갈릭 치즈롤 (L),빵 및 과자류,피자,100g,289,12.82,,,935.6
피자_스윗고구마피자씬(L),빵 및 과자류,피자,100g,357,10.45,,,1025
피자_스윗고르곤졸라 피자 (L),빵 및 과자류,피자,100g,428,21,,,713g
피자_스윗꽃맛살 피자 (L),빵 및 과자류,피자,100g,219,8.45,,,1041g
피자_스윗꽃맛살 피자 (M),빵 및 과자류,피자,100g,231,9.68,,,641g
피자_스윗베이컨고구마 피자 (L),빵 및 과자류,피자,100g,197,10.69,,,1068g
피자_스윗크림파인피자,빵 및 과자류,피자,100g,236,13.33,,,838g
피자_스윗파인고구마 피자 (L),빵 및 과자류,피자,100g,134,6.85,,,1315g
피자_스치새 피자 (L),빵 및 과자류,피자,100g,276,6.79,,,875g
피자_스타라이트 바질  (F),빵 및 과자류,피자,100g,281,12.45,,,1092
피자_스타라이트 바질  (L),빵 및 과자류,피자,100g,281,11.82,,,812g
피자_스테이크 피자,빵 및 과자류,피자,100g,246,13.14,8.57,29.7,700g
피자_스테이크 피자 (L),빵 및 과자류,피자,100g,272,6,,,884g
피자_스테이크 피자 (L),빵 및 과자류,피자,100g,287,17.82,10.2,30.97,452g
피자_스테이크 피자 (XL),빵 및 과자류,피자,100g,263,15.23,,,904g
피자_스테이크불갈비 피자 (L),빵 및 과자류,피자,100g,254,15.16,,,730g
피자_스테이크불갈비 피자 바이트 (L),빵 및 과자류,피자,100g,249,14.02,,,895g
피자_스테이크불갈비피자,빵 및 과자류,피자,100g,254,15.17,,,730g
피자_스테이크불갈비피자바이트,빵 및 과자류,피자,100g,249,14.02,,,895g
피자_스테이크새우 피자 (L),빵 및 과자류,피자,100g,277,6.94,,,864g
피자_골드베스트 피자 (L),빵 및 과자류,피자,100g,266,10.34,10.51,32.46,810g
피자_스위트불고기(M),빵 및 과자류,피자,100g,247,14,,,500g
피자_스위트큐브 피자 (L),빵 및 과자류,피자,100g,249,10.71,,,1120g
피자_스위트큐브 피자 (R),빵 및 과자류,피자,100g,250,10.53,,,800g
피자_스위트크림&콘슈 시카고 피자,빵 및 과자류,피자,100g,269,11.66,13.5,25.77,979g
피자_스위티고구밍 피자 (L),빵 및 과자류,피자,100g,186,3.38,,,1065g
피자_스윗고구마 1인피자,빵 및 과자류,피자,100g,305,10.48,,,235g
피자_스윗고구마 피자 (L),빵 및 과자류,피자,100g,205,7.6,,,1035g
피자_스윗고구마 피자 (L),빵 및 과자류,피자,100g,246,11.63,,,830g
피자_스윗고구마 피자 (M),빵 및 과자류,피자,100g,255,13.1,,,511g
피자_스윗고구마 피자 오리진 (L),빵 및 과자류,피자,100g,270,10.6,,,1086g
피자_스윗고구마 피자 오리진 (M),빵 및 과자류,피자,100g,274,10.26,,,652g
피자_스윗고구마 피자 오리진 (R),빵 및 과자류,피자,100g,220,13.9,,,682g
피자_스윗고구마 피자 치즈캡 (L),빵 및 과자류,피자,100g,270,11.89,,,1208
피자_스윗고구마 피자 치즈캡 (M),빵 및 과자류,피자,100g,273,11.93,,,747.5
피자_스윗고구마 피자 치즈캡 (R),빵 및 과자류,피자,100g,231,12.84,,,778g
피자_스윗고구마피자(L),빵 및 과자류,피자,100g,247,11.19,9.85,28.3,1175g
피자_스윗고구마피자(P),빵 및 과자류,피자,100g,247,11.19,9.85,28.3,435g
피자_스윗고구마피자(R),빵 및 과자류,피자,100g,247,11.19,9.85,28.3,710g
피자_골드바베큐필레 피자 (L),빵 및 과자류,피자,100g,278,11.54,9.99,35.47,812g
피자_스나이퍼 피자 (L),빵 및 과자류,피자,100g,232,10.4,,,1219g
피자_스노우고구마 피자,빵 및 과자류,피자,100g,256,12.06,,,957g
피자_스리라차 슈림프 피자,빵 및 과자류,피자,100g,250,8.01,,,397g
피자_스모키미트 스페셜리치골드 (M),빵 및 과자류,피자,100g,286,12.84,,,654g
피자_스모키미트 스페셜오리지널 (M),빵 및 과자류,피자,100g,271,12.63,,,468g
피자_스모키미트 스페셜치즈크러스트 (M),빵 및 과자류,피자,100g,291,14.26,,,544g
피자_스모키미트 스페셜치즈크러스트 골드 (M),빵 및 과자류,피자,100g,295,14.76,,,561g
피자_스위트가든 피자 (L),빵 및 과자류,피자,100g,231,12.31,,,1022g
피자_스위트가든 피자 (R),빵 및 과자류,피자,100g,239,12.8,,,540g
피자_스위트고구마 피자 (L),빵 및 과자류,피자,100g,248,10.23,,,947g
피자_스위트고구마 피자 오리지널 (M),빵 및 과자류,피자,100g,256,11.5,8.28,27.45,680g
피자_스위트고구마무스 피자 (L),빵 및 과자류,피자,100g,289,9.45,,,803g
피자_스위트고구마피자 오리지널,빵 및 과자류,피자,100g,240,8.08,,,595g
피자_스위트고구마피자오리지널(L),빵 및 과자류,피자,100g,238,10.09,,,920g
피자_스위트골드 피자 (L),빵 및 과자류,피자,100g,209,13.93,,,802g
피자_스위트바질불고기 피자 (L),빵 및 과자류,피자,100g,266,11.66,,,1125
피자_스위트불고기 피자 (L),빵 및 과자류,피자,100g,247,14,,,712g
피자_스위트불고기(L),빵 및 과자류,피자,100g,247,14,,,706g
피자_슈퍼콤비네이션 피자 치즈링 (G),빵 및 과자류,피자,100g,284,17.22,,,1509g
피자_슈퍼콤비네이션 피자 치즈링 (L),빵 및 과자류,피자,100g,284,16.83,,,808g
피자_슈퍼콤비네이션 피자 치즈링 (R),빵 및 과자류,피자,100g,283,16.99,,,610g
피자_슈퍼콤비네이션 피자밀도우(L),빵 및 과자류,피자,100g,113,7.63,,,860g
피자_슈퍼콤비네이션 피자밀도우(R),빵 및 과자류,피자,100g,75,5.07,,,540g
피자_슈퍼콤비네이션 피자씬도우(L),빵 및 과자류,피자,100g,113,7.63,,,650g
피자_슈퍼콤비네이션 피자씬도우(R),빵 및 과자류,피자,100g,75,5.08,,,440g
피자_슈퍼콤비네이션피자 오리지널,빵 및 과자류,피자,100g,251,12.79,,,515g
피자_슈퍼콤비네이션피자(L),빵 및 과자류,피자,100g,244,13.93,10.44,23.58,1179g
피자_슈퍼콤비네이션피자(P),빵 및 과자류,피자,100g,244,13.93,10.44,23.58,460.4
피자_슈퍼콤비네이션피자(R),빵 및 과자류,피자,100g,244,13.93,10.44,23.58,751.6
피자_슈퍼콤비네이션피자오리지널(L),빵 및 과자류,피자,100g,271,14.88,,,675g
피자_슈퍼하와이안 피자 (L),빵 및 과자류,피자,100g,246,10.76,,,1105
피자_슈프림 피자 (XL),빵 및 과자류,피자,100g,217,15.3,,,1072g
피자_슈프림(R),빵 및 과자류,피자,100g,162,11.53,,,708g
피자_슈프림(XL),빵 및 과자류,피자,100g,217,15.3,,,1072g
피자_슈프림콤비 피자 (L),빵 및 과자류,피자,100g,240,11.31,,,800g
피자_슈프림콤비 피자 (M),빵 및 과자류,피자,100g,252,12.74,,,492g
피자_슈퍼콤비네이션 피자 골드스윗 (G),빵 및 과자류,피자,100g,293,15.43,,,1624g
피자_슈퍼콤비네이션 피자 골드스윗 (L),빵 및 과자류,피자,100g,292,15.45,,,878g
피자_슈퍼콤비네이션 피자 골드스윗 (R),빵 및 과자류,피자,100g,291,15.24,,,655g
피자_슈퍼콤비네이션 피자 리코타링 (G),빵 및 과자류,피자,100g,295,15.65,,,1469g
피자_슈퍼콤비네이션 피자 리코타링 (L),빵 및 과자류,피자,100g,294,15.74,,,788g
피자_슈퍼콤비네이션 피자 리코타링 (R),빵 및 과자류,피자,100g,295,16.22,,,590g
피자_슈퍼콤비네이션 피자 밀도우 (L),빵 및 과자류,피자,100g,113,7.63,,,860g
피자_슈퍼콤비네이션 피자 밀도우 (R),빵 및 과자류,피자,100g,75,5.07,,,540g
피자_슈퍼콤비네이션 피자 석쇠 (G),빵 및 과자류,피자,100g,291,16.28,,,1289g
피자_슈퍼콤비네이션 피자 석쇠 (L),빵 및 과자류,피자,100g,291,16.28,,,688g
피자_슈퍼콤비네이션 피자 석쇠 (R),빵 및 과자류,피자,100g,291,16.41,,,510g
피자_슈퍼콤비네이션 피자 씬도우 (L),빵 및 과자류,피자,100g,113,7.63,,,650g
피자_슈퍼콤비네이션 피자 씬도우 (L),빵 및 과자류,피자,100g,308,16.78,,,571g
피자_슈퍼콤비네이션 피자 씬도우 (R),빵 및 과자류,피자,100g,75,5.08,,,440g
피자_슈퍼콤비네이션 피자 씬도우 (R),빵 및 과자류,피자,100g,295,16.07,,,448g
피자_슈퍼콤비네이션 피자 씬바샤삭 (L),빵 및 과자류,피자,100g,308,16.78,,,571g
피자_슈퍼콤비네이션 피자 씬바샤삭 (R),빵 및 과자류,피자,100g,295,16.07,,,448g
피자_슈퍼콤비네이션 피자 오리지널 (M),빵 및 과자류,피자,100g,301,14.13,14.5,33.64,550g
아이스크림_뉴욕치즈 케이크 아이스크림,유제품류 및 빙과류,아이스크림,100g,257,5.22,13.04,29.57,115g
아이스크림_뉴욕치즈 케이크 아이스크림 레디팩,유제품류 및 빙과류,아이스크림,100g,196,3.48,,,100g
아이스크림_뉴욕치즈케이크,유제품류 및 빙과류,아이스크림,100g,239,3.48,,,115g
아이스크림_뉴욕치즈케이크아츄,유제품류 및 빙과류,아이스크림,100g,382,6.18,18.17,47.63,317g
아이스크림_다크 초코 나이트 아이스크림,유제품류 및 빙과류,아이스크림,100g,302,4.35,16.52,33.91,115g
아이스크림_다크초코렛 젤라또,유제품류 및 빙과류,아이스크림,100g,168,3.7,,,100g
아이스크림_다크초콜릿 (더블),유제품류 및 빙과류,아이스크림,100g,196,3.89,,,180g
아이스크림_다크초콜릿 (싱글),유제품류 및 빙과류,아이스크림,100g,196,3.33,,,90g
아이스크림_달고나크런치 아이스크림,유제품류 및 빙과류,아이스크림,100g,174,1.96,,,250g
아이스크림_달달자몽의 정석,유제품류 및 빙과류,아이스크림,100g,159,2.06,2.35,32.35,340g
아이스크림_달콤과일의 정석,유제품류 및 빙과류,아이스크림,100g,136,2,4.4,22.6,500g
아이스크림_달콤멜론볼의 정석,유제품류 및 빙과류,아이스크림,100g,175,1.84,6.58,26.85,380g
아이스크림_달콤모닝의 정석,유제품류 및 빙과류,아이스크림,100g,205,2,2.5,43.75,400g
아이스크림_달콤청포도의 정석,유제품류 및 빙과류,아이스크림,100g,147,1.94,1.52,30.97,310g
아이스크림_더블 초코 바나나 젤라또,유제품류 및 빙과류,아이스크림,100g,188,3.9,,,100g
아이스크림_데코콘 아이스크림,유제품류 및 빙과류,아이스크림,100g,323,5.31,11.33,49.9,98g
아이스크림_두바이스타일 초코 통통,유제품류 및 빙과류,아이스크림,100g,216,4.35,,,115g
아이스크림_디노 젤리,유제품류 및 빙과류,아이스크림,100g,223,3.48,,,115g
아이스크림_그린티,유제품류 및 빙과류,아이스크림,100g,213,4.35,,,115g
아이스크림_그린티 아이스크림,유제품류 및 빙과류,아이스크림,100g,213,4.35,11.3,23.48,115g
아이스크림_그린티 아이스크림,유제품류 및 빙과류,아이스크림,100g,230,4.2,,,100g
아이스크림_그린티 젤라또,유제품류 및 빙과류,아이스크림,100g,161,4,,,100g
아이스크림_그린티 티라미수 젤라또,유제품류 및 빙과류,아이스크림,100g,178,4.4,,,100g
아이스크림_그린티 티라미스크림,유제품류 및 빙과류,아이스크림,100g,420,5.91,,,117g
아이스크림_꿀 인절미 아이스크림,유제품류 및 빙과류,아이스크림,100g,193,3.25,,,154g
아이스크림_꿀 자몽 젤라또,유제품류 및 빙과류,아이스크림,100g,143,1.3,,,100g
아이스크림_끼리크림치즈앤스트로베리 아이스크림 레디팩,유제품류 및 빙과류,아이스크림,100g,216,4.38,,,100g
아이스크림_나는 딸기치오,유제품류 및 빙과류,아이스크림,100g,208,3.48,,,115g
아이스크림_나주배 소르베,유제품류 및 빙과류,아이스크림,100g,115,0,,,115g
아이스크림_내가 아인슈페너,유제품류 및 빙과류,아이스크림,100g,217,3.48,,,115g
아이스크림_너 T(tea)야,유제품류 및 빙과류,아이스크림,100g,225,4.35,,,115g
아이스크림_너는 참 달고나,유제품류 및 빙과류,아이스크림,100g,223,3.48,,,115g
아이스크림_너는참달고나 아이스크림 레디팩,유제품류 및 빙과류,아이스크림,100g,178,2.85,,,100g
아이스크림_넛츠리 아사이볼,유제품류 및 빙과류,아이스크림,100g,179,3.18,7.62,25.08,315g
아이스크림_노말한소프트 아이스크림,유제품류 및 빙과류,아이스크림,100g,148,1.78,,,225g
아이스크림_녹차 아이스크림,유제품류 및 빙과류,아이스크림,100g,313,4.27,10.1,51.75,103g
아이스 카페모카_카라멜_휘핑크림,음료 및 차류,아이스 카페모카,100ml,104,1.8,4.61,14.25,355ml
아이스 카페모카_휘핑크림,음료 및 차류,아이스 카페모카,100ml,89,1.8,4.6,10.21,355ml
아이스크림_31 올스타 아이스크림,유제품류 및 빙과류,아이스크림,100g,253,3.48,13.04,30.43,115g
아이스크림_31요거트,유제품류 및 빙과류,아이스크림,100g,172,4.35,,,115g
아이스크림_31요거트 아이스크림,유제품류 및 빙과류,아이스크림,100g,172,4.35,5.22,26.96,115g
아이스크림_Lessly Edition 민트 초콜릿 칩,유제품류 및 빙과류,아이스크림,100g,117,3.48,,,115g
아이스크림_Lessly Edition 아몬드 봉봉,유제품류 및 빙과류,아이스크림,100g,141,4.35,,,115g
아이스크림_Lessly Edition 엄마는 외계인,유제품류 및 빙과류,아이스크림,100g,136,4.35,,,115g
아이스크림_Lessly Edition 초코나무 숲,유제품류 및 빙과류,아이스크림,100g,127,4.35,,,115g
아이스크림_Lessly Edition 초콜릿,유제품류 및 빙과류,아이스크림,100g,133,5.22,,,115g
아이스크림_골드과일의 정석,유제품류 및 빙과류,아이스크림,100g,130,2.23,3.97,21.59,403g
아이스크림_골든 애플 요거트,유제품류 및 빙과류,아이스크림,100g,153,1.74,,,115g
아이스크림_구름 속 시나모롤 아이스크림,유제품류 및 빙과류,아이스크림,100g,233,3.48,10.43,31.3,115g
아이스크림_구슬아이스크림 초코바닐라,유제품류 및 빙과류,아이스크림,100ml,166,3,,,60ml
아이스크림_구슬아이스크림 캔디프로스,유제품류 및 빙과류,아이스크림,100ml,151,4,,,60ml
아이스크림_그레이프베리 아사이볼,유제품류 및 빙과류,아이스크림,100g,152,1.72,2.76,33.79,290g
아이스크림_그릭요거트,유제품류 및 빙과류,아이스크림,100g,135,6.67,8.77,7.45,100g
아이스크림_그릭통통 복숭아,유제품류 및 빙과류,아이스크림,100g,117,2.82,4.62,16.41,390g
아귀 매운탕,찌개 및 전골류,아귀 매운탕,100ml,37,4.6,0.68,3.64,333.1
아귀지리,찌개 및 전골류,아귀지리,100ml,21,3.97,0.13,0.89,540ml
아귀찜,찜류,아귀찜,100ml,30,4.1,0.69,2.19,300ml
아귀찜,찜류,아귀찜,100g,78,12.08,1.33,4.37,400g
아귀찜,찜류,아귀찜,100ml,30,4,0.72,1.93,300ml
아귀찜,찜류,아귀찜,100ml,30,4.1,0.66,2.08,282ml
아귀찜,찜류,아귀찜,100g,84,6.72,3.13,7.26,200g
아귀찜_간편조리세트_쫀득쫀득아귀찜,찜류,아귀찜,100g,77,6.68,2.79,6.37,1557g
아욱 된장국,국 및 탕류,아욱 된장국,100ml,12,1,0.22,1.89,300ml
아욱 된장국,국 및 탕류,아욱 된장국,100ml,19,1.5,0.4,2.89,230ml
아욱 된장국,국 및 탕류,아욱 된장국,100ml,16,1.2,0.33,2.45,190ml
아욱 된장국,국 및 탕류,아욱 된장국,100ml,15,1.1,0.26,2.47,190ml
아욱 된장국_건새우,국 및 탕류,아욱 된장국,100ml,19,1.7,0.37,2.84,188.4
아이스 카페라떼,음료 및 차류,아이스 카페라떼,100ml,31,1.4,1.5,3.05,355ml
아이스 카페라떼_시럽,음료 및 차류,아이스 카페라떼,100ml,46,1.4,1.5,6.73,355ml
아이스 카페라떼_카라멜,음료 및 차류,아이스 카페라떼,100ml,55,1.4,1.51,9.26,355ml
아이스 카페모카,음료 및 차류,아이스 카페모카,100ml,58,1.6,1.53,9.65,355ml
아이스 카페모카_카라멜,음료 및 차류,아이스 카페모카,100ml,73,1.6,1.54,13.69,355ml
쑥갓나물_두부,나물·숙채류,쑥갓나물,100ml,33,3.1,1.48,2.23,50ml
쑥갓나물_두부,나물·숙채류,쑥갓나물,100ml,33,3.1,1.48,2.22,50ml
쑥갓나물_모듬채소,나물·숙채류,쑥갓나물,100ml,25,2.1,1.16,2.11,50ml
쑥갓나물_소금,나물·숙채류,쑥갓나물,100ml,26,1.8,1.09,3.27,70ml
쑥갓나물무침,생채·무침류,쑥갓나물무침,100g,64,3,3.8,4.4,150g
쑥갓무침,생채·무침류,쑥갓무침,100ml,40,2.5,1.96,4.01,34.2
쑥갓오이무침,생채·무침류,쑥갓오이무침,100ml,37,1.9,1.06,5.58,126.4
쑥갓오이무침,생채·무침류,쑥갓오이무침,100ml,37,1.9,1.06,5.57,126.4
쑥떡,빵 및 과자류,쑥떡,100g,249,3.36,0.4,57.89,100g
쑥전(부침개),구이류,쑥전(부침개),100ml,127,4.8,6.29,13.44,96.5
쑥튀김,튀김류,쑥튀김,100ml,234,6.6,13.71,19.95,60.3
쑥튀김,튀김류,쑥튀김,100ml,234,6.6,13.71,19.95,60.3
씀바귀나물,나물·숙채류,씀바귀나물,100ml,38,1.5,1.11,6.54,60ml
씀바귀나물무침,나물·숙채류,씀바귀나물무침,100g,97,3.87,1.73,16.57,90g
아구탕,국 및 탕류,아구탕,100g,41,6.3,0.82,2.13,600g
아귀 매운탕,찌개 및 전골류,아귀 매운탕,100ml,37,4.6,0.68,3.57,234.3
아귀 매운탕,찌개 및 전골류,아귀 매운탕,100ml,25,3.7,0.34,2.15,600ml
피자_치즈크러스트바베큐치킨피자,빵 및 과자류,피자,100g,249,13.52,,,736g
쌍화차_쌍화차 아이스(ICED),음료 및 차류,쌍화차,100ml,37,0.14,,,710ml
쌍화차_쌍화차 아이스(ICED),음료 및 차류,쌍화차,100ml,51,0.15,,,591ml
쌍화차_쌍화차 아이스(ICED),음료 및 차류,쌍화차,100ml,51,0.24,,,414ml
쌍화차_쌍화차 핫(HOT),음료 및 차류,쌍화차,100ml,55,0.26,,,384ml
쌍화차_쌍화차 핫(HOT),음료 및 차류,쌍화차,100ml,64,0.19,,,473ml
쌍화차_쌍화차 핫(HOT),음료 및 차류,쌍화차,100ml,54,0.08,,,360ml
쌍화차_쌍화차 핫(HOT),음료 및 차류,쌍화차,100ml,42,0.21,,,473ml
쑥 된장국,국 및 탕류,쑥 된장국,100ml,25,2.2,0.72,2.81,208.3
쑥 된장국,국 및 탕류,쑥 된장국,100ml,25,2.2,0.72,2.81,208.3
쑥 된장국,국 및 탕류,쑥 된장국,100ml,14,1,0.47,1.64,280ml
쑥갓나물,나물·숙채류,쑥갓나물,100ml,19,1.3,0.95,1.85,50ml
쑥갓나물,나물·숙채류,쑥갓나물,100ml,19,1.3,0.95,1.85,50ml
쑥갓나물,나물·숙채류,쑥갓나물,100ml,19,1.3,0.95,1.85,50ml
쑥갓나물,나물·숙채류,쑥갓나물,100ml,19,1.3,0.95,1.85,50ml
쑥갓나물_고춧가루,나물·숙채류,쑥갓나물,100ml,45,2.7,2.31,4.37,45ml
쑥갓나물_고춧가루,나물·숙채류,쑥갓나물,100ml,45,2.6,2.31,4.43,45ml
쑥갓나물_두부,나물·숙채류,쑥갓나물,100ml,33,3.1,1.48,2.23,50ml
쑥갓나물_두부,나물·숙채류,쑥갓나물,100ml,33,3.1,1.48,2.23,50ml
쌀밥,밥류,쌀밥,100ml,120,2.2,0.34,25.79,450ml
쌀밥,밥류,쌀밥,100ml,120,2.2,0.34,25.78,250ml
쌀죽(흰죽),죽 및 스프류,쌀죽(흰죽),100g,53,0.99,0.15,11.45,100g
쌀죽(흰죽),죽 및 스프류,쌀죽(흰죽),100g,52,1.33,0.15,11.43,100g
쌀죽(흰죽)_삼광,죽 및 스프류,쌀죽(흰죽),100g,53,0.89,0.1,11.51,100g
쌀죽(흰죽)_새일미,죽 및 스프류,쌀죽(흰죽),100g,55,1.09,0.17,11.72,100g
쌀죽(흰죽)_신동진,죽 및 스프류,쌀죽(흰죽),100g,53,0.96,0.15,11.42,100g
쌀죽(흰죽)_오대,죽 및 스프류,쌀죽(흰죽),100g,52,1.02,0.18,11.16,100g
쌀죽(흰죽)_칠분도미,죽 및 스프류,쌀죽(흰죽),100g,68,1.1,0.2,15.6,100g
쌈장,"장류, 양념류",쌈장,100ml,142,6.5,4.55,20.14,22.1
쌈장,"장류, 양념류",쌈장,100ml,142,6.5,4.55,20.13,22.1
쌍화차_대추 쌍화차 아이스(ICED) (R),음료 및 차류,쌍화차,100ml,55,0.07,,,415ml
쌍화차_대추 쌍화차 핫(HOT) (R),음료 및 차류,쌍화차,100ml,55,0.07,,,415ml
쌍화차_대추쌍화차 아이스(ICED),음료 및 차류,쌍화차,100g,40,0.03,0.01,9.93,650g
쌍화차_대추쌍화차 아이스(ICED),음료 및 차류,쌍화차,100g,39,0,,,355g
쌍화차_대추쌍화차 핫(HOT),음료 및 차류,쌍화차,100g,39,0,,,355g
쌍화차_대추쌍화차 핫(HOT),음료 및 차류,쌍화차,100g,51,0.03,0.01,12.91,500g
쌍화차_쌍화차 아이스(ICED),음료 및 차류,쌍화차,100ml,54,0.08,,,360ml
소고기스튜,찜류,소고기스튜,100ml,187,10.1,11.65,9.23,127.6
식빵_흑미로운찹쌀식빵(중),빵 및 과자류,식빵,100g,297,9.09,,,264g
식빵튀김,튀김류,식빵튀김,100ml,262,6,9.92,37,41.7
식빵튀김,튀김류,식빵튀김,100ml,309,7.1,11.63,43.69,63.8
식빵튀김,튀김류,식빵튀김,100ml,262,6,9.92,37,41.7
식혜,음료 및 차류,식혜,100g,87,1.53,1.75,16.21,150g
식혜_단호박 식혜,음료 및 차류,식혜,100g,48,0.16,0.05,11.69,100g
식혜_빅바나 얼음동동 식혜,음료 및 차류,식혜,100ml,47,0.12,0.04,11.69,940ml
식혜_살얼음 식혜 아이스(ICED) (EX),음료 및 차류,식혜,100ml,58,0.15,,,680ml
식혜_살얼음 식혜 아이스(ICED) (R),음료 및 차류,식혜,100ml,53,0,,,414ml
식혜_식혜 아이스(ICED),음료 및 차류,식혜,100ml,40,0.14,,,710ml
식혜_식혜 아이스(ICED) (L),음료 및 차류,식혜,100ml,46,0.1,0,11.4,1000m
식혜_얼음동동 식혜,음료 및 차류,식혜,100ml,44,0.11,0.04,10.82,650ml
쌀국수,면 및 만두류,쌀국수,100ml,66,2.2,0.77,12.66,433.8
쌀국수,면 및 만두류,쌀국수,100ml,66,2.3,0.86,12.32,560ml
쌀국수,면 및 만두류,쌀국수,100ml,67,2.2,0.81,12.81,323.3
쌀국수,면 및 만두류,쌀국수,100ml,58,2.2,0.87,10.29,800ml
쌀국수,면 및 만두류,쌀국수,100g,53,2.6,0.7,9.18,600g
쌀밥,밥류,쌀밥,100g,166,3.36,0.32,37.33,100g
식빵_착한빵식통밀식빵,빵 및 과자류,식빵,100g,292,8.39,,,489g
식빵_찰~토스트식빵,빵 및 과자류,식빵,100g,240,8,,,550g
식빵_촉촉쫄깃탕종식빵,빵 및 과자류,식빵,100g,249,7.66,,,470g
식빵_촉촉함은 담은 쫄깃한 식빵,빵 및 과자류,식빵,100g,280,9,,,430g
식빵_촉촉함을 담은 쫄깃한 식빵,빵 및 과자류,식빵,100g,280,9,6,47,430g
식빵_카라멜러스크,빵 및 과자류,식빵,100g,385,5.13,,,78g
식빵_카야넛 쌀식빵,빵 및 과자류,식빵,100g,333,10.2,10.5,49.5,210g
식빵_크랜베리캄파뉴 식빵,빵 및 과자류,식빵,100g,271,7.1,5.7,47.7,300g
식빵_통밀 씨드 식빵,빵 및 과자류,식빵,100g,336,12.1,13.5,41.5,280g
식빵_통밀식빵,빵 및 과자류,식빵,100g,279,9.33,5.26,48.64,100g
식빵_통밤가득밤 식빵,빵 및 과자류,식빵,100g,333,10,,,318g
식빵_파란라벨 쫄깃담백루스틱,빵 및 과자류,식빵,100g,256,8.87,,,203g
식빵_파란라벨 크랜베리호밀깜빠뉴,빵 및 과자류,식빵,100g,263,10,,,240g
식빵_파란라벨 통곡물깜빠뉴,빵 및 과자류,식빵,100g,316,10,,,250g
식빵_페스트리 식빵,빵 및 과자류,식빵,100g,335,8,,,376g
식빵_피칸시나몬롤,빵 및 과자류,식빵,100g,238,9,,,100g
식빵_한장씩뜯어먹는32겹브레드,빵 및 과자류,식빵,100g,466,8.52,,,176g
식빵_호박패스트리식빵,빵 및 과자류,식빵,100g,345,8.66,,,358g
식빵_흑미로운찹쌀식빵(대),빵 및 과자류,식빵,100g,299,9.14,,,394g
식빵_뺑드미 식빵,빵 및 과자류,식빵,100g,273,8,,,376g
식빵_상미종 생식빵,빵 및 과자류,식빵,100g,275,7,,,320g
식빵_소보루듬뿍데니쉬식빵,빵 및 과자류,식빵,100g,310,7,,,530g
식빵_소화가 잘되는 식빵,빵 및 과자류,식빵,100g,311,9.1,9.2,47.9,470g
식빵_순수한맛순우유 식빵,빵 및 과자류,식빵,100g,279,8.05,,,410g
식빵_스위트밀크식빵,빵 및 과자류,식빵,100g,315,8,,,510g
식빵_스위트밀크식빵 (소),빵 및 과자류,식빵,100g,315,8,,,255g
식빵_스윗 밀크 브레드,빵 및 과자류,식빵,100g,351,8.6,13.8,48,170g
식빵_슬로우오트식빵,빵 및 과자류,식빵,100g,281,8.36,,,299g
식빵_시나몬롤식빵,빵 및 과자류,식빵,100g,403,6.5,,,200g
식빵_시나몬모닝토스트,빵 및 과자류,식빵,100g,385,7,15,50,405g
식빵_아침엔보리 쌀롤 (6개입),빵 및 과자류,식빵,100g,306,6.94,,,216g
식빵_압구정 식빵,빵 및 과자류,식빵,100g,307,6.1,,,240g
식빵_오늘도 소식,빵 및 과자류,식빵,100g,298,11.8,,,225g
식빵_오렌지 크림치즈롤,빵 및 과자류,식빵,100g,303,6.7,13.6,38.5,110g
식빵_옥수수 식빵,빵 및 과자류,식빵,100g,262,8,,,450g
식빵_인생 식빵,빵 및 과자류,식빵,100g,269,9.4,4,48.8,160g
식빵_착한빵 식통밀식빵,빵 및 과자류,식빵,100g,292,8.38,,,489g
식빵_착한빵식 통밀빵,빵 및 과자류,식빵,100g,292,8.57,,,245g
식빵_마구마구밤 식빵 (소),빵 및 과자류,식빵,100g,298,6.67,,,285g
식빵_마구마구밤식빵(대),빵 및 과자류,식빵,100g,280,6.38,,,580g
식빵_마구마구밤식빵(소),빵 및 과자류,식빵,100g,284,6.32,,,285g
식빵_모닝토스트,빵 및 과자류,식빵,100g,385,8,,,405g
식빵_모카크림식빵,빵 및 과자류,식빵,100g,395,6,20.67,47,300g
식빵_모카크림식빵 (H),빵 및 과자류,식빵,100g,393,6,20.67,47.33,150g
식빵_모카패스트리 식빵,빵 및 과자류,식빵,100g,386,8.33,,,360g
식빵_무화과깜빠뉴 식빵,빵 및 과자류,식빵,100g,253,6.53,,54.18,370g
식빵_미니모카패스트리 식빵,빵 및 과자류,식빵,100g,400,8.89,,,180g
식빵_밀크후레쉬 식빵,빵 및 과자류,식빵,100g,291,9,,,376g
식빵_밤식빵,빵 및 과자류,식빵,100g,282,5.64,,,390g
식빵_밤식빵 (H),빵 및 과자류,식빵,100g,282,5.64,,,195g
식빵_밤콩달콩 두유 브레드,빵 및 과자류,식빵,100g,265,7.1,,,155g
식빵_밤페스트리 식빵,빵 및 과자류,식빵,100g,291,6,,,270g
식빵_버터버터 뜯어먹는 식빵,빵 및 과자류,식빵,100g,358,6.67,25,28.33,60g
식빵_부드럽고촉촉한 식빵,빵 및 과자류,식빵,100g,329,10,,,360g
식빵_브리오슈 식빵,빵 및 과자류,식빵,100g,345,9.1,,,445g
식빵_블랙올리브탕종식빵,빵 및 과자류,식빵,100g,258,7.11,6.16,43.6,211g
식빵_블루베리요거트롤,빵 및 과자류,식빵,100g,319,8,,,100g
소고기샤브샤브,찌개 및 전골류,소고기샤브샤브,100ml,46,2.95,2.04,4.08,930ml
식빵_더블롤치즈 식빵,빵 및 과자류,식빵,100g,346,11.88,,,480g
식빵_더블롤치즈 식빵 (소),빵 및 과자류,식빵,100g,346,12.08,,,240g
식빵_더블롤치즈식빵(대),빵 및 과자류,식빵,100g,327,12.06,,,456g
식빵_더블롤치즈식빵(소),빵 및 과자류,식빵,100g,327,11.84,,,228g
식빵_데니쉬식빵,빵 및 과자류,식빵,100g,300,7,,,510g
식빵_뜯어먹는 쫄깃하고담백한식빵,빵 및 과자류,식빵,100g,265,7,,,435g
식빵_뜯어먹는롤치즈브레드,빵 및 과자류,식빵,100g,286,8.91,11.09,36.73,550g
식빵_뜯어먹는롤치즈브레드 (H),빵 및 과자류,식빵,100g,287,9.09,11.27,36.73,275g
식빵_뜯어먹는롤치즈브레드(1/2),빵 및 과자류,식빵,100g,287,9.09,,,275g
식빵_뜯어먹는롤치즈식빵,빵 및 과자류,식빵,100g,285,9,,,530g
식빵_뜯어먹는밤식빵,빵 및 과자류,식빵,100g,255,5,,,580g
식빵_뜯어먹는밤식빵 (H),빵 및 과자류,식빵,100g,255,5,,,290g
식빵_뜯어먹는크랜베리식빵,빵 및 과자류,식빵,100g,275,6,,,530g
식빵_뜯어먹는크랜베리식빵 (H),빵 및 과자류,식빵,100g,275,6,,,264g
식빵_러스크,빵 및 과자류,식빵,100g,425,5,,,20g
식빵_러스크가달구나,빵 및 과자류,식빵,100g,662,8.11,,,111g
식빵_롤치즈식빵,빵 및 과자류,식빵,100g,285,9,,,465g
식빵_마구마구밤 식빵,빵 및 과자류,식빵,100g,293,6.38,,,580g
소고기산적,전·적 및 부침류,소고기산적,100g,227,24.2,12.78,3.67,200g
식빵_生生생크림식빵,빵 및 과자류,식빵,100g,305,8.53,,,422g
식빵_고구마가달구마,빵 및 과자류,식빵,100g,245,5,,,285g
식빵_고구마슈크림식빵,빵 및 과자류,식빵,100g,222,5.42,6.5,36.1,277g
식빵_고단백하루견과곡물브레드,빵 및 과자류,식빵,100g,360,12.08,,,265g
식빵_고메버터식빵,빵 및 과자류,식빵,100g,364,9.28,,,291g
식빵_고소담백더치 브레드,빵 및 과자류,식빵,100g,240,7.14,,,210g
식빵_고소한 소보루데니쉬식빵,빵 및 과자류,식빵,100g,352,7.19,12.81,52.19,320g
식빵_고소한 소보루데니쉬식빵 (H),빵 및 과자류,식빵,100g,353,7.5,12.5,51.88,160g
식빵_고소한소보루데니쉬식빵,빵 및 과자류,식빵,100g,353,7.5,,,160g
식빵_고소함이톡톡곡물 식빵,빵 및 과자류,식빵,100g,249,8.64,,,382g
식빵_공주밤 식빵,빵 및 과자류,식빵,100g,281,1.6,,,250g
식빵_굿모닝 식빵,빵 및 과자류,식빵,100g,327,13,,,430g
식빵_기본좋은소금버터식빵,빵 및 과자류,식빵,100g,319,7.92,,,202g
식빵_긴 밤 브레드,빵 및 과자류,식빵,100g,259,7.41,,,108g
식빵_달콤향긋한시나몬식빵,빵 및 과자류,식빵,100g,362,5.97,14.93,52.99,134g
식빵_담백하고 쫄깃한 뜯어먹는 식빵,빵 및 과자류,식빵,100g,265,7,6,44,435g
식빵_담백하고 쫄깃한 뜯어먹는 식빵 (H),빵 및 과자류,식빵,100g,265,7,6,44,218g
피자_치즈크러스트불고기피자,빵 및 과자류,피자,100g,251,11.37,,,790g
소고기볶음_채소,볶음류,소고기볶음,100ml,73,6.2,3.53,3.97,180ml
시래기나물무침,나물·숙채류,시래기나물무침,100g,114,4.32,7.28,7.74,50g
시루떡,빵 및 과자류,시루떡,100g,217,5.47,0.61,47.54,100g
시루떡,빵 및 과자류,시루떡,100g,224,3.77,1.85,48.13,100g
시루떡_녹두,빵 및 과자류,시루떡,100g,246,7.74,2.53,48.08,100g
시리얼_무슬리,빵 및 과자류,시리얼,100g,445,12,,,40g
시리얼_우유,빵 및 과자류,시리얼,100ml,85,2.9,2.24,13.15,190ml
식빵,빵 및 과자류,식빵,100g,264,9.34,2.6,50.91,100g
식빵_2배더진한우유식빵,빵 및 과자류,식빵,100g,293,8.43,,,439g
식빵_2배더진한우유식빵(Half),빵 및 과자류,식빵,100g,292,8.68,,,219g
식빵_64겹 페스트리 식빵,빵 및 과자류,식빵,100g,376,8,,,330g
식빵_72겹의정성데니쉬 식빵,빵 및 과자류,식빵,100g,369,7.73,,,375g
식빵_72겹의정성데니쉬식빵,빵 및 과자류,식빵,100g,369,7.73,,,375g
식빵_NEW 모닝토스트,빵 및 과자류,식빵,100g,370,8,16,48,405g
식빵_NEW 밤식빵,빵 및 과자류,식빵,100g,294,7.69,,,390g
식빵_NEW 밤식빵 (H),빵 및 과자류,식빵,100g,292,7.69,,,195g
식빵_NEW 밤식빵 (half),빵 및 과자류,식빵,100g,292,7.69,,,195g
식빵_TLJ옥수수듬뿍옥수수식빵,빵 및 과자류,식빵,100g,291,8.48,,,342g
식빵_TLJ옥수수식빵,빵 및 과자류,식빵,100g,291,8.38,,,513g
시금치나물_간장,나물·숙채류,시금치나물,100ml,35,2.4,1.46,4.57,55ml
시금치나물_간장_소금,나물·숙채류,시금치나물,100ml,27,1.58,1.31,3.09,50ml
시금치나물_간장_소금,나물·숙채류,시금치나물,100ml,27,1.61,1.28,3.2,60ml
시금치나물_간장_소금,나물·숙채류,시금치나물,100ml,25,1.6,1,3.26,150ml
시금치나물_고추장,나물·숙채류,시금치나물,100ml,35,1.71,1.13,5.81,50ml
시금치나물_고추장,나물·숙채류,시금치나물,100ml,24,1.6,0.95,3.19,50ml
시금치나물_당근,나물·숙채류,시금치나물,100ml,23,1.6,0.99,2.78,50ml
시금치나물_당근,나물·숙채류,시금치나물,100ml,23,1.6,0.99,2.78,50ml
시금치나물_소금,나물·숙채류,시금치나물,100ml,49,3.8,2.28,5.26,70ml
시래기 된장국,국 및 탕류,시래기 된장국,100ml,13,0.9,0.3,1.9,300ml
시래기 된장국,국 및 탕류,시래기 된장국,100ml,17,1.1,0.6,2.32,170ml
시래기 된장국,국 및 탕류,시래기 된장국,100ml,11,0.7,0.26,1.6,300ml
시래기 된장국,국 및 탕류,시래기 된장국,100ml,17,1.1,0.5,2.36,190ml
시래기나물,나물·숙채류,시래기나물,100ml,60,2.1,1.78,10.61,100ml
시래기나물,나물·숙채류,시래기나물,100ml,58,2,1.65,10.49,44.1
시래기나물,나물·숙채류,시래기나물,100ml,60,2.1,1.78,10.61,100ml
시래기나물,나물·숙채류,시래기나물,100ml,58,2,1.65,10.49,44.1
시래기나물_간장_소금,나물·숙채류,시래기나물,100ml,30,0.93,1.92,2.65,75ml
스프_콘 수프,죽 및 스프류,스프,100g,171,2,,,200g
스프_콘 스프,죽 및 스프류,스프,100g,135,3,,,200g
스프_크림,죽 및 스프류,스프,100g,45,0.64,1.59,7.03,100g
스프_크림머쉬룸 수프&브레드,죽 및 스프류,스프,100g,168,2.63,,,190g
스프_토마토 로제 수프,죽 및 스프류,스프,100g,136,2.78,,,180g
스프_트러플 머쉬룸 수프,죽 및 스프류,스프,100g,93,1.67,,,180g
스프_트러플 머쉬룸 수프볼,죽 및 스프류,스프,100g,178,5.53,,,181g
시금치 겉절이,생채·무침류,시금치 겉절이,100ml,54,3,2.51,6.28,80.9
시금치 겉절이,생채·무침류,시금치 겉절이,100ml,54,3,2.51,6.28,80.9
시금치 된장국,국 및 탕류,시금치 된장국,100ml,15,1.1,0.32,2.44,150ml
시금치 된장국,국 및 탕류,시금치 된장국,100ml,15,1.2,0.33,2.12,270ml
시금치 된장국,국 및 탕류,시금치 된장국,100ml,12,1,0.26,1.65,300ml
시금치 된장국,국 및 탕류,시금치 된장국,100ml,15,1.2,0.33,2.19,190ml
시금치나물,나물·숙채류,시금치나물,100g,69,3.74,4.46,3.36,50g
시금치나물,나물·숙채류,시금치나물,100ml,27,1.6,1.31,3.02,50ml
시금치나물,나물·숙채류,시금치나물,100ml,27,1.6,1.28,3.11,60ml
시금치나물,나물·숙채류,시금치나물,100ml,25,1.6,1,3.21,150ml
시금치나물_간장,나물·숙채류,시금치나물,100ml,41,3,1.42,5.69,35.6
스파게티_크림스파게티,면 및 만두류,스파게티,100g,129,1.7,,,485g
스파게티_토마토 치즈 파스타,면 및 만두류,스파게티,100g,153,6.59,,,334g
스파게티_토마토소스,면 및 만두류,스파게티,100g,129,4.87,3.83,18.64,500g
스파게티_토마토소스,면 및 만두류,스파게티,100ml,116,3.56,1.38,22.5,360ml
스파게티_토마토스파게티,면 및 만두류,스파게티,100g,131,3.35,,,366g
스파게티_투움바 스파게티,면 및 만두류,스파게티,100g,219,7.95,,,390g
스파게티_핫치킨스파게티,면 및 만두류,스파게티,100g,219,8.8,,,395g
스파게티_해물_크림소스,면 및 만두류,스파게티,100g,184,6.08,9.96,17.39,500g
스파게티_해물_토마토소스,면 및 만두류,스파게티,100g,117,5.59,2.75,17.45,500g
스프_감자,죽 및 스프류,스프,100g,98,1.91,6.54,7.91,100g
스프_단호박 크림 수프,죽 및 스프류,스프,100g,131,1.67,,,180g
스프_머쉬룸 스프,죽 및 스프류,스프,100g,108,3.33,,,180g
스프_베이컨 포테이토 스프,죽 및 스프류,스프,100g,120,2.78,,,180g
스프_소고기,죽 및 스프류,스프,100g,40,1.06,0.87,6.91,100g
스프_양송이 수프,죽 및 스프류,스프,100g,125,1.5,,,200g
스프_양송이버섯,죽 및 스프류,스프,100g,42,0.78,1.11,7.23,100g
스프_양송이버섯,죽 및 스프류,스프,100g,105,2.41,7.04,8.06,100g
스프_옥수수,죽 및 스프류,스프,100g,46,0.83,1.48,7.33,
스파게티_미트 치즈 파스타,면 및 만두류,스파게티,100g,155,7.26,,,358g
스파게티_미트 토마토 파스타,면 및 만두류,스파게티,100g,185,3.13,4.86,30.21,288g
스파게티_미트볼,면 및 만두류,스파게티,100g,180,7.34,8.88,17.62,500g
스파게티_미트소스,면 및 만두류,스파게티,100ml,108,4.34,1.84,18.58,350ml
스파게티_베이컨 로제 파스타,면 및 만두류,스파게티,100g,163,6.32,,,380g
스파게티_베이컨 크림 파스타,면 및 만두류,스파게티,100g,231,5.39,10.44,28.96,297g
스파게티_쉬림프 로제 파스타,면 및 만두류,스파게티,100g,247,6.06,11.78,29.63,297g
스파게티_쉬림프스파게티,면 및 만두류,스파게티,100g,218,6.7,,,390g
스파게티_스파게티,면 및 만두류,스파게티,100g,218,5.1,,,380g
스파게티_오일소스,면 및 만두류,스파게티,100g,162,4.89,5.86,22.35,400g
스파게티_옥수수바질치즈크림뇨끼,면 및 만두류,스파게티,100g,273,16.86,12.99,22.1,317.5
스파게티_치즈 오븐 스파게티,면 및 만두류,스파게티,100g,134,6.23,,,365g
스파게티_치즈오븐마라로제파스타,면 및 만두류,스파게티,100g,214,7.45,8.7,26.59,466.9
스파게티_치즈오븐베이컨에멘탈크림,면 및 만두류,스파게티,100g,260,7.88,11.38,31.39,471g
스파게티_치즈오븐쉬림프로제파스타,면 및 만두류,스파게티,100g,207,6.24,9.75,23.59,461g
스파게티_치즈오븐토마토파스타,면 및 만두류,스파게티,100g,273,16.86,12.99,22.1,491g
스파게티_크림감베로니스파게티,면 및 만두류,스파게티,100g,192,6.85,,,496g
스파게티_크림소스,면 및 만두류,스파게티,100g,209,5.45,12.65,18.44,400g
스파게티_간편조리세트_쉬림프 크림파스타,면 및 만두류,스파게티,100g,226,4.81,17.21,13.06,790g
스파게티_간편조리세트_알리오올리오파스타,면 및 만두류,스파게티,100g,313,6.47,20.07,26.72,406g
스파게티_간편조리세트_에그인헬파스타,면 및 만두류,스파게티,100g,128,5.28,5.12,15.16,964g
스파게티_간편조리세트_오마이갓파스타,면 및 만두류,스파게티,100g,161,5.86,7.14,18.43,822g
스파게티_간편조리세트_톡톡크림 빠네 파스타,면 및 만두류,스파게티,100g,233,6.05,17.24,13.4,943g
스파게티_간편조리세트_트러플 크림 파스타,면 및 만두류,스파게티,100g,152,4.31,7.42,16.93,653g
스파게티_간편조리세트_할라피뇨베이컨파스타,면 및 만두류,스파게티,100g,200,4.62,11.59,19.29,851g
스파게티_간편조리세트_핫매콤크림파스타,면 및 만두류,스파게티,100g,179,5.07,7.7,22.24,854g
스파게티_간편조리세트_해장파스타,면 및 만두류,스파게티,100g,98,4.07,2.08,15.82,769g
스파게티_까르보나라 파스타,면 및 만두류,스파게티,100g,143,5.99,,,384g
스파게티_까르보나라소스,면 및 만두류,스파게티,100g,235,5.71,14.82,19.63,100g
스파게티_까르보나라스파게티,면 및 만두류,스파게티,100g,181,5.07,,,472g
스파게티_나폴리로제파스타,면 및 만두류,스파게티,100g,201,6.44,,,365g
스파게티_뇨끼,면 및 만두류,스파게티,100g,172,4.7,8.7,18.8,550g
스파게티_로제소스,면 및 만두류,스파게티,100g,171,5.21,8.99,17.34,100g
스파게티_마라스파게티,면 및 만두류,스파게티,100g,170,6.87,,,451g
스파게티_명란크림스파게티,면 및 만두류,스파게티,100g,233,7.9,,,349g
피자_치즈크러스트스테이크불갈비피자,빵 및 과자류,피자,100g,250,14.1,,,824g
소고기전골,찌개 및 전골류,소고기전골,100ml,38,2.4,2.34,1.98,500ml
스테이크_간편조리세트_시그니처찹스테이크,구이류,스테이크,100g,130,10.5,6.21,7.92,502g
스테이크_간편조리세트_파빌리온 양갈비 스테이크,구이류,스테이크,100g,151,9.46,6.8,13.07,555g
스테이크_간편조리세트_프라임스테이크 부채살,구이류,스테이크,100g,186,10.77,13.41,5.63,633g
스테이크_닭다리살 스테이크 극한왕갈비맛 (1개),구이류,스테이크,100g,234,13.48,,,100g
스테이크_닭다리살 스테이크 통다리바비큐맛 (1개),구이류,스테이크,100g,230,13.32,,,100g
스테이크_소등심,구이류,스테이크,100g,194,30.22,8.07,0.14,200g
스테이크_소안심,구이류,스테이크,100g,183,34.82,4.83,0.13,200g
스파게티,면 및 만두류,스파게티,100ml,164,5,7.05,20,180ml
스파게티,면 및 만두류,스파게티,100ml,138,4.1,3.95,21.11,395ml
스파게티,면 및 만두류,스파게티,100ml,163,5.4,4.08,26.23,216.9
스파게티,면 및 만두류,스파게티,100ml,100,3.2,1.52,18.69,442.6
스파게티_간편조리세트_감바스알리오올리오,면 및 만두류,스파게티,100g,171,4.78,7.44,21.33,680g
스파게티_간편조리세트_바질크림 빠네 파스타,면 및 만두류,스파게티,100g,215,5.4,9.37,27.31,776g
스파게티_간편조리세트_베이컨까르보나라,면 및 만두류,스파게티,100g,159,4.02,7.78,18.29,915g
스파게티_간편조리세트_볼로네제라구파스타,면 및 만두류,스파게티,100g,179,8.1,8.75,16.93,757g
스파게티_간편조리세트_쉬림프 로제파스타,면 및 만두류,스파게티,100g,144,4.24,7.58,14.76,901g
스파게티_간편조리세트_쉬림프 로제파스타,면 및 만두류,스파게티,100g,172,4.93,8.15,19.7,593g
스콘_플레인 스콘,빵 및 과자류,스콘,100g,371,5.88,,,85g
스콘_플레인 스콘,빵 및 과자류,스콘,100g,448,6,,,100g
스콘_플레인 스콘,빵 및 과자류,스콘,100g,493,6.67,,,90g
스콘_플레인 스콘,빵 및 과자류,스콘,100g,469,6,,,100g
스콘_피넛 쑥 떡 스콘,빵 및 과자류,스콘,100g,415,5.93,,,118g
스콘_호두카라멜스콘,빵 및 과자류,스콘,100g,410,7,,,100g
스크램블드에그,전·적 및 부침류,스크램블드에그,100ml,206,11.6,16.16,1.63,37.9
스크램블드에그,전·적 및 부침류,스크램블드에그,100g,216,11.81,17.59,2.56,110g
스크램블드에그,전·적 및 부침류,스크램블드에그,100g,149,9.99,10.98,1.61,100g
스크램블드에그,전·적 및 부침류,스크램블드에그,100ml,164,12.7,11.33,0.8,68.4
스크램블드에그,전·적 및 부침류,스크램블드에그,100ml,88,6.24,5.46,2.77,140ml
스크램블드에그,전·적 및 부침류,스크램블드에그,100ml,164,12.7,11.33,0.8,68.4
스테이크_간편조리세트_그레이프 소스 스테이크,구이류,스테이크,100g,153,11.09,8.36,8.47,477g
스테이크_간편조리세트_뉴욕스테이크&크림뇨끼,구이류,스테이크,100g,176,8.71,8.79,15.39,445g
스테이크_간편조리세트_부채살 찹스테이크,구이류,스테이크,100g,176,11.08,12.04,5.94,435g
스테이크_간편조리세트_블랙라벨 스테이크 부채살,구이류,스테이크,100g,155,13.1,8.86,5.73,496g
스테이크_간편조리세트_비프찹스테이크,구이류,스테이크,100g,147,7.76,9.66,7.22,538g
스테이크_간편조리세트_시그니처 스테이크 부채살,구이류,스테이크,100g,140,11.42,7.12,7.52,429g
스콘_얼그레이 스콘,빵 및 과자류,스콘,100g,473,7.5,,,80g
스콘_오리지널버터,빵 및 과자류,스콘,100g,410,6,,,100g
스콘_제주봄빛말차 스콘,빵 및 과자류,스콘,100g,441,6.7,24.7,48,90g
스콘_초코 스콘,빵 및 과자류,스콘,100g,571,12.22,,,90g
스콘_초코칩 스콘,빵 및 과자류,스콘,100g,384,6.32,,,95g
스콘_초코칩 콕콕 스콘,빵 및 과자류,스콘,100g,471,5.88,,,102g
스콘_초코칩스콘,빵 및 과자류,스콘,100g,426,6.32,,,95g
스콘_초코칩스콘,빵 및 과자류,스콘,100g,385,6,,,100g
스콘_치즈 넛츠 스콘,빵 및 과자류,스콘,100g,480,11.11,,51.11,90g
스콘_카라멜 스콘,빵 및 과자류,스콘,100g,454,5.56,,,108g
스콘_크랜베리 미니 스콘,빵 및 과자류,스콘,100g,400,5.71,,,35g
스콘_크랜베리 스콘,빵 및 과자류,스콘,100g,414,6.67,,,105g
스콘_크랜베리 스콘,빵 및 과자류,스콘,100g,382,4.71,,,85g
스콘_크랜베리 스콘,빵 및 과자류,스콘,100g,493,7.5,,,80g
스콘_클래식 버터 스콘 & 딸기잼,빵 및 과자류,스콘,100g,425,5.36,,,112g
스콘_클래식 스콘,빵 및 과자류,스콘,100g,446,3.81,,,105g
스콘_트리플 미니 스콘,빵 및 과자류,스콘,100g,454,7.77,,,103g
스콘_플레인 미니 스콘,빵 및 과자류,스콘,100g,400,5.71,,,35g
스콘_플레인 스콘,빵 및 과자류,스콘,100g,373,4,,,75g
스콘_라즈베리잼&크림 스콘,빵 및 과자류,스콘,100g,366,5,,,160g
스콘_레몬 스콘,빵 및 과자류,스콘,100g,423,4.81,,,104g
스콘_리얼초코 스콘,빵 및 과자류,스콘,100g,446,6.5,25.3,48,80g
스콘_무화과 스콘,빵 및 과자류,스콘,100g,381,5,,,80g
스콘_무화과스콘,빵 및 과자류,스콘,100g,380,5,,,100g
스콘_미니 클래식 스콘,빵 및 과자류,스콘,100g,475,7.29,,,96g
스콘_밀크 스콘,빵 및 과자류,스콘,100g,422,6.35,,,85g
스콘_바질 스콘,빵 및 과자류,스콘,100g,375,5,,,80g
스콘_버터버터 소보로 스콘,빵 및 과자류,스콘,100g,380,7.37,11.58,62.1,95g
스콘_블루베리 스콘,빵 및 과자류,스콘,100g,412,4.9,22.4,47.6,90g
스콘_블루베리스콘,빵 및 과자류,스콘,100g,420,6,,,100g
스콘_생크림버터스콘,빵 및 과자류,스콘,100g,416,7.37,,,95g
스콘_소금 버터 스콘,빵 및 과자류,스콘,100g,389,6.56,,,122g
스콘_스콘 건포도,빵 및 과자류,스콘,100g,486,5.56,,,90g
스콘_스콘 시나몬호두,빵 및 과자류,스콘,100g,407,4.44,,,90g
스콘_아몬드 달고나 스콘,빵 및 과자류,스콘,100g,466,9,,,100g
스콘_아몬드 스콘,빵 및 과자류,스콘,100g,438,6.15,,,65g
스콘_앙버터 스콘,빵 및 과자류,스콘,100g,411,7.22,,,180g
스콘_애플시나몬 스콘,빵 및 과자류,스콘,100g,350,3.75,,,80g
스무디_한라봉 스노우,음료 및 차류,스무디,100g,79,0.2,,18,500g
스무디_허니 월넛치노,음료 및 차류,스무디,100g,147,3.83,3.83,24.47,470g
스무디_허니자몽 요거트 스무디,음료 및 차류,스무디,100ml,103,1.39,,,360ml
스무디_헤이즐넛 초코칩 할리치노,음료 및 차류,스무디,100ml,128,2.54,,,354ml
스무디_현미 밀크 쉐이크,음료 및 차류,스무디,100g,126,1.48,,,473g
스무디_화이트 초콜릿 모카 프라푸치노 (Tall),음료 및 차류,스무디,100g,69,1.13,,,355g
스무디_화이트 타이거 프라푸치노 (Grande),음료 및 차류,스무디,100g,87,1.06,,,473g
스무디_화이트 프로스트 (L),음료 및 차류,스무디,100g,130,1.51,,,477g
스무디_화이트 프로스트 (R),음료 및 차류,스무디,100g,131,1.2,,,374g
스무디_흑당 쉐이크,음료 및 차류,스무디,100g,107,1.07,,,516g
스무디_흑당 스무디,음료 및 차류,스무디,100g,107,1.27,,,473g
스무디_흰둥이 바닐라 밀크 쉐이크,음료 및 차류,스무디,100g,120,1.45,,,345g
스무디_흰둥이도 반한 푸딩밀크 쉐이크,음료 및 차류,스무디,100ml,90,1.55,,,710ml
스무디_히비스커스펀치슬러쉬,음료 및 차류,스무디,100g,39,0.02,,,473g
스콘_건포도 스콘,빵 및 과자류,스콘,100g,436,5.56,,,90g
스콘_고메버터 스콘,빵 및 과자류,스콘,100g,428,5.4,24.6,46.3,80g
스콘_녹차 마카다미아 스콘,빵 및 과자류,스콘,100g,471,7.22,,,97g
스콘_더블치즈 스콘,빵 및 과자류,스콘,100g,421,6.45,,,62g
스콘_라즈베리 스콘,빵 및 과자류,스콘,100g,408,5.1,22.7,45.8,90g
스무디_피치 슬라이스 플러스 스무디 (L),음료 및 차류,스무디,100ml,58,0.51,,,591ml
스무디_피치 슬라이스 플러스 스무디 (R),음료 및 차류,스무디,100ml,57,0.63,,,473ml
스무디_피치 슬라이스 플러스 스무디 (S),음료 및 차류,스무디,100ml,58,0.57,,,354ml
스무디_피치 아삭 셔벗,음료 및 차류,스무디,100g,54,0.06,,,492g
스무디_피치 요거트 요프치노,음료 및 차류,스무디,100g,127,2.05,,,295g
스무디_피치자두 스무디,음료 및 차류,스무디,100g,278,0,,,120g
스무디_피치플라워 링티 크러쉬,음료 및 차류,스무디,100ml,27,103.9,,,360ml
스무디_피카피카 망고피카츄,음료 및 차류,스무디,100g,80,0.19,,,591g
스무디_핑크리치 치즈 블렌디드,음료 및 차류,스무디,100g,77,0.23,,,440g
스무디_하동녹차 프라페,음료 및 차류,스무디,100g,110,1.52,,,591g
스무디_하이프로틴 아몬드 모카 스무디 (L),음료 및 차류,스무디,100ml,58,6.26,,,591ml
스무디_하이프로틴 아몬드 모카 스무디 (R),음료 및 차류,스무디,100ml,58,6.34,,,473ml
스무디_하이프로틴 아몬드 모카 스무디 (S),음료 및 차류,스무디,100ml,58,6.22,,,354ml
스무디_하이프로틴 아몬드 바나나 스무디 (L),음료 및 차류,스무디,100ml,45,3.72,,,591ml
스무디_하이프로틴 아몬드 바나나 스무디 (R),음료 및 차류,스무디,100ml,45,3.81,,,473ml
스무디_하이프로틴 아몬드 바나나 스무디 (S),음료 및 차류,스무디,100ml,45,3.67,,,354ml
스무디_하츄핑 딸기 밀크 쉐이크,음료 및 차류,스무디,100ml,87,1,2.89,14.18,591ml
피자_치즈크러스트아메리칸체다피자,빵 및 과자류,피자,100g,263,13.1,,,808g
스무디_피넛 파워 플러스 다크초코 스무디 (R),음료 및 차류,스무디,100ml,92,1.69,,,473ml
스무디_피넛 파워 플러스 다크초코 스무디 (S),음료 및 차류,스무디,100ml,92,1.7,,,354ml
스무디_피넛 파워 플러스 스트로베리 스무디 (L),음료 및 차류,스무디,100ml,95,2.2,,,591ml
스무디_피넛 파워 플러스 스트로베리 스무디 (R),음료 및 차류,스무디,100ml,95,2.11,,,473ml
스무디_피넛 파워 플러스 스트로베리 스무디 (S),음료 및 차류,스무디,100ml,95,2.26,,,354ml
스무디_피넛버터 밀크 쉐이크,음료 및 차류,스무디,100g,107,1.42,,,591g
스무디_피넛버터 밀크 쉐이크,음료 및 차류,스무디,100ml,145,2.96,,,591ml
스무디_피스타초코 블렌디드,음료 및 차류,스무디,100g,101,0.64,,,502.2
스무디_피스타치오 빽스치노,음료 및 차류,스무디,100ml,75,1.13,,,710ml
스무디_피스타치오 빽스치노 소프트,음료 및 차류,스무디,100ml,104,1.41,,,710ml
스무디_피스타치오 스무디 (XL),음료 및 차류,스무디,100g,49,0.76,,,660g
스무디_피스타치오 아몬드 프라페,음료 및 차류,스무디,100g,96,1.78,,,591g
스무디_피스타치오 아몬드 프라페,음료 및 차류,스무디,100ml,94,1.78,,,591ml
스무디_피스타치오 코코 스무디,음료 및 차류,스무디,100g,99,1.26,,17.96,650g
스무디_피스타치오 프라페 (L),음료 및 차류,스무디,100ml,81,1.1,,13.1,1000m
스무디_피스타치오 프라페 (ML),음료 및 차류,스무디,100ml,88,1.13,,13.8,710ml
스무디_피치 딸기 블렌디드,음료 및 차류,스무디,100ml,55,0,,,354ml
스무디_피치 딸기 크러쉬,음료 및 차류,스무디,100g,55,0,,,354g
스무디_플레인 요거트 스무디,음료 및 차류,스무디,100ml,66,0.33,,,600ml
스무디_플레인 요거트 스무디 (더벤티),음료 및 차류,스무디,100ml,65,0.21,,,960ml
스무디_플레인 요거트 코코 스무디,음료 및 차류,스무디,100g,101,2.3,,18.34,650g
스무디_플레인 요거트 프로스트 (R),음료 및 차류,스무디,100g,68,1.54,,,370g
스무디_플레인 요거트 플랫치노,음료 및 차류,스무디,100ml,55,1.69,,,414ml
스무디_플레인 요거트 할리치노,음료 및 차류,스무디,100ml,82,1.98,,,354ml
스무디_플레인 퐁크러쉬,음료 및 차류,스무디,100ml,79,1.79,1.64,14.37,591ml
스무디_플레인요거트,음료 및 차류,스무디,100g,82,1.49,,,100g
스무디_플레인요거트 스무디,음료 및 차류,스무디,100g,87,1.42,,,591g
스무디_플레인요거트 스무디,음료 및 차류,스무디,100ml,92,2.14,1.92,16.49,650ml
스무디_플레인요거트 스무디,음료 및 차류,스무디,100ml,86,2.2,,,591ml
스무디_플레인요거트 스무디,음료 및 차류,스무디,100g,71,1.48,,,420g
스무디_플레인요거트 스무디 (L),음료 및 차류,스무디,100g,87,2.24,,,450g
스무디_플레인요거트 스무디 (R),음료 및 차류,스무디,100g,77,1.73,,,400g
스무디_플레인요거트스무디,음료 및 차류,스무디,100ml,75,1.02,1.65,13.99,591ml
스무디_플레인퐁 크러쉬,음료 및 차류,스무디,100g,79,1.79,,,591g
스무디_플레인허니퐁 크러쉬,음료 및 차류,스무디,100g,82,1.91,,,591g
스무디_피넛 밀크 쉐이크,음료 및 차류,스무디,100g,93,1.67,,,360g
스무디_피넛 파워 플러스 다크초코 스무디 (L),음료 및 차류,스무디,100ml,92,1.69,,,591ml
소고기전골,찌개 및 전골류,소고기전골,100ml,46,2.6,2.15,4.25,359.3
스무디_플레인 요거스 아이스(ICED) (L),음료 및 차류,스무디,100g,61,0.95,,11.63,946g
스무디_플레인 요거스 아이스(ICED) (ML),음료 및 차류,스무디,100g,62,0.99,,11.97,710g
스무디_플레인 요거스무디,음료 및 차류,스무디,100g,86,2.2,,,591g
스무디_플레인 요거트 그라니따,음료 및 차류,스무디,100g,100,1.78,,,450g
스무디_플레인 요거트 그라니따 (R),음료 및 차류,스무디,100g,100,1.78,,,450g
스무디_플레인 요거트 드링크,음료 및 차류,스무디,100g,56,1.68,,7.58,650g
스무디_플레인 요거트 블렌디드,음료 및 차류,스무디,100g,93,2.12,0.85,,360g
스무디_플레인 요거트 블렌디드 (L),음료 및 차류,스무디,100ml,79,1.82,,,473ml
스무디_플레인 요거트 블렌디드 (R),음료 및 차류,스무디,100ml,79,1.83,,,415ml
스무디_플레인 요거트 쉐이크,음료 및 차류,스무디,100ml,116,2.06,,,360ml
스무디_플레인 요거트 스무디,음료 및 차류,스무디,100g,86,1.71,1.22,17.07,410g
스무디_플레인 요거트 스무디,음료 및 차류,스무디,100g,62,1.54,,,591g
스무디_플레인 요거트 스무디,음료 및 차류,스무디,100ml,70,0.99,,,710ml
스무디_플레인 요거트 스무디,음료 및 차류,스무디,100ml,61,1.54,,,591ml
스무디_플레인 요거트 스무디,음료 및 차류,스무디,100ml,71,1.48,,,420ml
스무디_플레인 요거트 스무디,음료 및 차류,스무디,100g,88,1.79,,,458g
스무디_플레인 요거트 스무디,음료 및 차류,스무디,100ml,87,1.27,0.91,18.44,591ml
스무디_플레인 요거트 스무디,음료 및 차류,스무디,100ml,88,1.29,,,473ml
소고기육개장,국 및 탕류,소고기육개장,100ml,32,2.59,1.68,2.09,220ml
스무디_퐁당치노 바닐라,음료 및 차류,스무디,100ml,70,1.55,,,710ml
스무디_퐁당치노 원조커피,음료 및 차류,스무디,100ml,68,1.13,,,710ml
스무디_퐁크러쉬,음료 및 차류,스무디,100g,113,1.96,,,100g
스무디_프로틴 그릭요거트 아이스 블렌디드,음료 및 차류,스무디,100g,161,7.04,,,355g
스무디_프로틴 바닐라 아이스 블렌디드 (L),음료 및 차류,스무디,100ml,106,7.61,,,473ml
스무디_프로틴 바닐라 아이스 블렌디드 (R),음료 및 차류,스무디,100ml,106,7.61,,,355ml
스무디_프로틴 초콜릿 아이스 블렌디드 (L),음료 및 차류,스무디,100ml,96,7.61,,,473ml
스무디_프로틴 초콜릿 아이스 블렌디드 (R),음료 및 차류,스무디,100ml,96,7.61,,,355ml
스무디_프로틴 카라멜 아이스 블렌디드 (L),음료 및 차류,스무디,100ml,111,6.98,,,473ml
스무디_프로틴 카라멜 아이스 블렌디드 (R),음료 및 차류,스무디,100ml,112,7.04,,,355ml
스무디_플레인 그릭요거트 아이스 블렌디드,음료 및 차류,스무디,100g,155,2.82,,,355g
스무디_플레인 리얼요거트 프라페노 (L),음료 및 차류,스무디,100g,92,1.56,,,450g
스무디_플레인 리얼요거트 프라페노 (R),음료 및 차류,스무디,100g,92,1.67,,,360g
스무디_플레인 밀크 쉐이크,음료 및 차류,스무디,100ml,97,2.78,,,360ml
스무디_플레인 밀크쉐이크,음료 및 차류,스무디,100ml,95,0.99,4.94,11.57,591ml
스무디_플레인 요거 프라노베,음료 및 차류,스무디,100ml,83,2.22,,,360ml
스무디_플레인 요거스 (L),음료 및 차류,스무디,100ml,56,0.9,,10.5,1000m
스무디_플레인 요거스 (ML),음료 및 차류,스무디,100ml,62,0.99,0,11.83,710ml
스무디_트로피칼팝핑 스무디,음료 및 차류,스무디,100ml,96,0.15,,,473ml
스무디_트위스트 피치 요거트 블렌디드 (Grande),음료 및 차류,스무디,100g,82,0.63,,,473g
스무디_파인레몬 링티 크러쉬,음료 및 차류,스무디,100ml,26,99.73,,,360ml
스무디_파인비타 그라니따 (R),음료 및 차류,스무디,100g,74,0,,,435g
스무디_파인애플 서프 (S),음료 및 차류,스무디,100ml,61,0.85,,,354ml
스무디_파인애플 서프 스무디 (L),음료 및 차류,스무디,100ml,61,1.02,,,591ml
스무디_파인애플 서프 스무디 (R),음료 및 차류,스무디,100ml,61,0.85,,,473ml
스무디_파인애플 서프 스무디 (S),음료 및 차류,스무디,100g,61,0.85,,,354g
스무디_파인애플망고 스무디,음료 및 차류,스무디,100g,48,0.04,,,355g
스무디_파인코코 크러쉬,음료 및 차류,스무디,100g,20,0.19,,,591g
스무디_팔공믹스 슬러시,음료 및 차류,스무디,100g,91,0.27,,,474.8
스무디_팥 밀크 쉐이크,음료 및 차류,스무디,100ml,89,1.85,,,600ml
스무디_패션프루츠 스무디,음료 및 차류,스무디,100g,53,0,,,450g
스무디_퍼플 사워 블렌디드 (Tall),음료 및 차류,스무디,100g,72,0,,,355g
스무디_퍼플 젤리 스무디,음료 및 차류,스무디,100ml,71,0.1,,,591ml
스무디_포도베리 크러쉬,음료 및 차류,스무디,100ml,76,0.17,,,600ml
스무디_포도베리 크러쉬 (더벤티),음료 및 차류,스무디,100ml,91,0.21,,,960ml
스무디_폭탄 프라페,음료 및 차류,스무디,100g,110,1.07,5.53,14,100g
스무디_퐁당치노 미숫가루,음료 및 차류,스무디,100ml,86,2.39,,,710ml
스무디_쿠키앤크림 프라노베,음료 및 차류,스무디,100ml,82,1.5,,,360ml
스무디_쿠키앤크림 프라페,음료 및 차류,스무디,100ml,109,0.5,,,600ml
스무디_쿠키앤크림 프라페 (더벤티),음료 및 차류,스무디,100ml,107,0.63,,,960ml
스무디_쿠키초코프라페,음료 및 차류,스무디,100ml,87,1.31,4.09,11.03,591ml
스무디_쿠키크런치 빽스치노,음료 및 차류,스무디,100ml,108,1.83,,,710ml
스무디_쿠키크런치 빽스치노 소프트,음료 및 차류,스무디,100ml,133,2.11,,,710ml
스무디_쿨캔디 팝핑스무디,음료 및 차류,스무디,100g,110,0.07,,,600g
스무디_키위 스무디,음료 및 차류,스무디,100g,81,0.72,,,415g
스무디_키위 스무벨라,음료 및 차류,스무디,100ml,70,0,,,360ml
스무디_키위 요거트 프로스트 (L),음료 및 차류,스무디,100g,88,1.23,,,455g
스무디_키위 요거트 프로스트 (R),음료 및 차류,스무디,100g,79,1.13,,,335g
스무디_타로 버블 프로스트 (L),음료 및 차류,스무디,100g,139,1.12,,,464g
스무디_타로 버블 프로스트 (R),음료 및 차류,스무디,100g,97,0.7,,,383g
스무디_타로 블렌디드,음료 및 차류,스무디,100g,68,0.91,,,504g
스무디_타로 스무디,음료 및 차류,스무디,100ml,76,0.21,,,473ml
스무디_타요 리틀 엔젤푸드 스무디,음료 및 차류,스무디,100ml,51,0.85,,,354ml
스무디_토피넛 프라노베,음료 및 차류,스무디,100ml,128,1.81,,,360ml
스무디_토피넛 플랫치노,음료 및 차류,스무디,100g,128,1.45,,,414g
스무디_토피넛초코칩 프라페,음료 및 차류,스무디,100g,116,0.68,,,591g
스무디_쿠앤크 프라페 (Mini Venti),음료 및 차류,스무디,100ml,148,2.81,,,570ml
스무디_쿠앤크 프라페 (Tall),음료 및 차류,스무디,100ml,178,3.33,,,360ml
스무디_쿠앤크 프라페 (Venti),음료 및 차류,스무디,100ml,143,2.5,,,720ml
스무디_쿠앤크바나치노,음료 및 차류,스무디,100ml,141,1.21,8.43,15.36,650ml
스무디_쿠앤크프라푸치노,음료 및 차류,스무디,100g,90,2.03,,,100g
스무디_쿠크팝 (L),음료 및 차류,스무디,100g,146,2.33,,,558g
스무디_쿠크팝 (R),음료 및 차류,스무디,100g,136,1.87,,,417g
스무디_쿠키 밀크 쉐이크,음료 및 차류,스무디,100ml,115,3.06,,,360ml
스무디_쿠키 밀크쉐이크,음료 및 차류,스무디,100ml,114,1.12,5.12,15.74,591ml
스무디_쿠키 프라페,음료 및 차류,스무디,100ml,123,1.76,4.2,19.51,591ml
스무디_쿠키 프라페,음료 및 차류,스무디,100ml,108,1.52,,,591ml
스무디_쿠키&크림 스노우,음료 및 차류,스무디,100g,111,1.69,,20.72,531g
스무디_쿠키&크림 프라페 (L),음료 및 차류,스무디,100g,120,1.5,,,450g
스무디_쿠키&크림 프라페 (R),음료 및 차류,스무디,100g,125,1.5,,,400g
스무디_쿠키앤크림 밀크 블렌디드 (L),음료 및 차류,스무디,100ml,128,1.9,,,473ml
스무디_쿠키앤크림 밀크 블렌디드 (R),음료 및 차류,스무디,100ml,128,1.9,,,415ml
스무디_쿠키앤크림 블렌디드,음료 및 차류,스무디,100g,133,1.27,,,482.9
스무디_쿠키앤크림 탐앤치노,음료 및 차류,스무디,100g,83,1.28,1.7,15.74,470g
피자_치즈크러스트이탈리안치즈피자,빵 및 과자류,피자,100g,282,17.07,,,680g
소고기육개장,국 및 탕류,소고기육개장,100ml,25,1.91,1.41,1.49,440ml
스무디_코코프레소 (Venti),음료 및 차류,스무디,100ml,108,1.53,,,720ml
스무디_콜드브루 모카 할리치노,음료 및 차류,스무디,100ml,91,1.7,,,354ml
스무디_콜드브루 커피 프라페,음료 및 차류,스무디,100ml,82,0.63,,,591ml
스무디_콜드브루 커피 프라페,음료 및 차류,스무디,100g,83,0.63,,,591g
스무디_콜드브루 할리치노,음료 및 차류,스무디,100ml,75,1.41,,,354ml
스무디_콜라겐 슬림 퀸즈베리 스무디 노슈거 (Venti),음료 및 차류,스무디,100ml,21,0.29,,,650ml
스무디_콜라겐 요거트스무디,음료 및 차류,스무디,100g,85,1.91,1.28,16.17,470g
스무디_쿠앤크 리터치노 아이스(ICED) (L),음료 및 차류,스무디,100g,98,1.27,,14.8,946g
스무디_쿠앤크 리터치노 아이스(ICED) (ML),음료 및 차류,스무디,100g,94,1.27,,14.37,710g
스무디_쿠앤크 바나치노,음료 및 차류,스무디,100g,141,1.08,,15.37,650g
스무디_쿠앤크 블렌디드,음료 및 차류,스무디,100g,108,1.45,,,415g
스무디_쿠앤크 스무디 (L),음료 및 차류,스무디,100g,104,1.79,,,946g
스무디_쿠앤크 스무디 (M),음료 및 차류,스무디,100g,105,1.64,,,591g
스무디_쿠앤크 요프치노,음료 및 차류,스무디,100ml,108,1.39,,,360ml
스무디_쿠앤크 프라페,음료 및 차류,스무디,100g,179,3.66,,,355g
스무디_쿠앤크 프라페 (Grande),음료 및 차류,스무디,100ml,174,3.13,,,480ml
스무디_쿠앤크 프라페 (L),음료 및 차류,스무디,100ml,87,1.7,,11.5,1000m
스무디_쿠앤크 프라페 (ML),음료 및 차류,스무디,100ml,95,1.83,,12.25,710ml
스무디_코코넛 카페 요프치노,음료 및 차류,스무디,100ml,70,2.22,,,360ml
스무디_코코넛 커피 그라니따 (R),음료 및 차류,스무디,100g,91,1.4,,,430g
스무디_코코넛 쿠앤크,음료 및 차류,스무디,100ml,151,2.22,,,360ml
스무디_코코넛 피나 콜라다 스무디 (L),음료 및 차류,스무디,100ml,65,1.35,,,591ml
스무디_코코넛 피나 콜라다 스무디 (R),음료 및 차류,스무디,100ml,65,1.27,,,473ml
스무디_코코넛 피나 콜라다 스무디 (S),음료 및 차류,스무디,100ml,66,1.41,,,354ml
스무디_코코넛커피 쉐이크,음료 및 차류,스무디,100g,37,1.02,,,591g
스무디_코코넛커피 스무디,음료 및 차류,스무디,100ml,126,1.59,6.04,16.41,591ml
스무디_코코넛커피 프라페,음료 및 차류,스무디,100ml,46,0.83,,,600ml
스무디_코코넛커피 프라페 (L),음료 및 차류,스무디,100ml,77,1.2,,7.8,1000m
스무디_코코넛커피 프라페 (ML),음료 및 차류,스무디,100ml,80,1.27,,8.03,710ml
스무디_코코넛커피 프라페 (더벤티),음료 및 차류,스무디,100ml,49,1.04,,,960ml
스무디_코코밀크 프라페,음료 및 차류,스무디,100g,111,1.18,,,591g
스무디_코코초코 프라페,음료 및 차류,스무디,100ml,91,1.5,,,600ml
스무디_코코초코 프라페 (더벤티),음료 및 차류,스무디,100ml,96,1.77,,,960ml
스무디_코코프레소,음료 및 차류,스무디,100g,130,2.25,,,355g
스무디_코코프레소 (Grande),음료 및 차류,스무디,100ml,119,1.67,,,480ml
스무디_코코프레소 (Mini Venti),음료 및 차류,스무디,100ml,107,1.58,,,570ml
스무디_코코프레소 (Tall),음료 및 차류,스무디,100ml,129,1.95,,,360ml
스무디_커피 밀크쉐이크,음료 및 차류,스무디,100ml,96,0.98,4.55,12.52,591ml
스무디_커피 쉐이크,음료 및 차류,스무디,100ml,86,1.69,,,473ml
스무디_커피 쉐이크 (L),음료 및 차류,스무디,100g,74,1.16,,10.04,946g
스무디_커피 쉐이크 (ML),음료 및 차류,스무디,100g,75,1.27,,10.56,710g
스무디_커피 프라페,음료 및 차류,스무디,100ml,71,1.08,2.35,11.42,591ml
스무디_커피 프라페,음료 및 차류,스무디,100ml,97,1.02,,,591ml
스무디_커피 프라페 저당,음료 및 차류,스무디,100ml,91,1.02,,,591ml
스무디_커피 플랫치노,음료 및 차류,스무디,100g,44,0.39,,,414g
스무디_커피밀크쉐이크 (R),음료 및 차류,스무디,100g,97,1.21,,,414g
스무디_커피젤리 밀크 쉐이크,음료 및 차류,스무디,100ml,86,1.25,,,480ml
스무디_커피젤리 바닐라 아이스크림,음료 및 차류,스무디,100ml,49,0.28,,,360ml
스무디_코코넛 그린티,음료 및 차류,스무디,100ml,143,2.22,,,360ml
스무디_코코넛 더치,음료 및 차류,스무디,100ml,123,1.67,,,360ml
스무디_코코넛 마블 애플망고 (L),음료 및 차류,스무디,100g,54,0.29,,,480g
스무디_코코넛 서프라이즈 (S),음료 및 차류,스무디,100ml,57,1.41,,,354ml
스무디_코코넛 서프라이즈 스무디 (L),음료 및 차류,스무디,100ml,57,1.52,,,591ml
스무디_코코넛 서프라이즈 스무디 (R),음료 및 차류,스무디,100ml,57,1.48,,,473ml
스무디_코코넛 서프라이즈 스무디 (S),음료 및 차류,스무디,100g,57,1.41,,,354g
스무디_코코넛 아이스샷,음료 및 차류,스무디,100g,112,1.69,,,415g
소고기육개장,국 및 탕류,소고기육개장,100ml,26,2.07,1.46,1.38,200ml
스무디_카라멜 프로스트 (L),음료 및 차류,스무디,100g,127,1.38,,,514g
스무디_카라멜 프로스트 (R),음료 및 차류,스무디,100g,114,0.87,,,389g
스무디_카라멜 플랫치노,음료 및 차류,스무디,100g,86,0.5,,,414g
스무디_카라멜커피 프라페 (L),음료 및 차류,스무디,100g,103,1.69,,,473g
스무디_카라멜커피 프라페 (Max),음료 및 차류,스무디,100g,98,1.69,,,591g
스무디_카라멜커피 프라페 (R),음료 및 차류,스무디,100g,95,1.69,,,414g
스무디_카페 스무디 with 블랙티 공차치노 DRIP 아이스(ICED) (L),음료 및 차류,스무디,100ml,84,0.21,,,473ml
스무디_카페 스무디 with 블랙티 공차치노 ESP 아이스(ICED) (L),음료 및 차류,스무디,100ml,72,0.21,,,473ml
스무디_카페 코코다,음료 및 차류,스무디,100g,71,0.65,,10.39,462g
스무디_캐롯 케일 스무디 (L),음료 및 차류,스무디,100ml,41,3.72,,,591ml
스무디_캐롯 케일 스무디 (R),음료 및 차류,스무디,100ml,41,3.59,,,473ml
스무디_캐롯 케일 스무디 (S),음료 및 차류,스무디,100ml,41,3.67,,,354ml
스무디_캐리비안 웨이 스무디 (L),음료 및 차류,스무디,100ml,51,0.34,,,591ml
스무디_캐리비안 웨이 스무디 (R),음료 및 차류,스무디,100ml,51,0.42,,,473ml
스무디_캐리비안 웨이 스무디 (S),음료 및 차류,스무디,100ml,51,0.28,,,354ml
스무디_캔디소다 밀크쉐이크,음료 및 차류,스무디,100ml,99,0.92,4.55,13.51,591ml
스무디_커피 드로잉 말차 프라푸치노 (Tall),음료 및 차류,스무디,100g,108,2.25,,,355g
스무디_커피 밀크 쉐이크,음료 및 차류,스무디,100ml,50,0.97,,,600ml
스무디_초콜릿 크림 칩 프라푸치노 (Tall),음료 및 차류,스무디,100g,85,1.69,,,355g
스무디_초콜릿쿠키 젤라또 프라페노 (R),음료 및 차류,스무디,100g,96,2.22,,,360g
스무디_치즈&스트로베리 블렌디드,음료 및 차류,스무디,100g,71,0.25,,,440g
스무디_치즈&애플망고 블렌디드,음료 및 차류,스무디,100g,69,0.31,,,480g
스무디_치즈&핑크리치 블렌디드,음료 및 차류,스무디,100g,77,0.23,,,440g
스무디_카라멜 루비치노,음료 및 차류,스무디,100ml,88,1.02,,,420ml
스무디_카라멜 블렌디모 아이스(ICED),음료 및 차류,스무디,100g,86,1.4,,,415g
스무디_카라멜 아이스 블렌디드 (L),음료 및 차류,스무디,100ml,106,1.48,,,473ml
스무디_카라멜 아이스 블렌디드 (R),음료 및 차류,스무디,100ml,106,1.41,,,355ml
스무디_카라멜 아이스샷,음료 및 차류,스무디,100g,100,1.45,,,415g
스무디_카라멜 프라노베,음료 및 차류,스무디,100ml,103,1.2,,,360ml
스무디_카라멜 프라페,음료 및 차류,스무디,100g,82,1.13,,,355g
스무디_카라멜 프라페 (Grande),음료 및 차류,스무디,100ml,90,0.83,,,480ml
스무디_카라멜 프라페 (L),음료 및 차류,스무디,100g,88,0.89,,,450g
스무디_카라멜 프라페 (Mini Venti),음료 및 차류,스무디,100ml,86,0.7,,,570ml
스무디_카라멜 프라페 (R),음료 및 차류,스무디,100g,84,0.75,,,400g
스무디_카라멜 프라페 (Tall),음료 및 차류,스무디,100ml,81,0.83,,,360ml
스무디_카라멜 프라페 (Venti),음료 및 차류,스무디,100ml,80,0.7,,,720ml
스무디_카라멜 프라푸치노 (Tall),음료 및 차류,스무디,100g,85,1.13,,,355g
스무디_초코빽스치노,음료 및 차류,스무디,100g,91,1.75,,,571g
스무디_초코빽스치노 소프트,음료 및 차류,스무디,100g,101,1.74,,,691g
스무디_초코칩 스무디 (L),음료 및 차류,스무디,100g,73,1.45,,,946g
스무디_초코칩 스무디 (M),음료 및 차류,스무디,100g,72,1.27,,,591g
스무디_초코칩 스무디 (XL),음료 및 차류,스무디,100g,67,1.36,,,660g
스무디_초코칩 프라페노 (L),음료 및 차류,스무디,100g,120,2,,,450g
스무디_초코칩 프라페노 (R),음료 및 차류,스무디,100g,119,1.94,,,360g
스무디_초코쿠키 쉐이크,음료 및 차류,스무디,100ml,108,1.69,,,414ml
스무디_초코크림 프라페,음료 및 차류,스무디,100g,98,1.75,,,573g
스무디_초코프로틴쉐이크,음료 및 차류,스무디,100g,79,5,,,100g
스무디_초코허니 퐁크러쉬,음료 및 차류,스무디,100ml,101,2.01,2.06,18.49,591ml
스무디_초코허니퐁 크러쉬,음료 및 차류,스무디,100g,86,1.84,,,591g
스무디_초콜렛 쿠키&크림 스무디,음료 및 차류,스무디,100ml,116,1.48,,,473ml
스무디_초콜릿 밀크 쉐이크,음료 및 차류,스무디,100ml,128,2.5,,,360ml
스무디_초콜릿 블렌디드,음료 및 차류,스무디,100g,80,1.69,,,415g
스무디_초콜릿 블렌디모 아이스(ICED),음료 및 차류,스무디,100g,104,2.19,,,475g
스무디_초콜릿 아이스 블렌디드 (L),음료 및 차류,스무디,100ml,90,1.9,,,473ml
스무디_초콜릿 아이스 블렌디드 (R),음료 및 차류,스무디,100ml,90,1.97,,,355ml
스무디_초콜릿 칩 플랫치노,음료 및 차류,스무디,100ml,93,1.69,,,414ml
스무디_초코 쿠키 프라페,음료 및 차류,스무디,100g,80,1.46,,,480g
스무디_초코 쿠키스무디 (XL),음료 및 차류,스무디,100g,107,1.36,,,660g
스무디_초코 파르페 (L),음료 및 차류,스무디,100g,128,1.97,,,466g
스무디_초코 퐁 프라페,음료 및 차류,스무디,100g,105,1.81,,,591g
스무디_초코 프라노베,음료 및 차류,스무디,100ml,105,1.53,,,360ml
스무디_초코 프라페,음료 및 차류,스무디,100ml,122,2.5,,,591ml
스무디_초코 프라페,음료 및 차류,스무디,100g,86,1.8,,,473g
스무디_초코 프라페 (L),음료 및 차류,스무디,100ml,81,1.3,,12.4,1000m
스무디_초코 프라페 (ML),음료 및 차류,스무디,100ml,91,1.41,,13.38,710ml
스무디_초코 피스타치오 프라페,음료 및 차류,스무디,100g,66,1.25,,,480g
스무디_초코돼지쉑,음료 및 차류,스무디,100g,91,2.03,,,591g
스무디_초코멜로 스무디,음료 및 차류,스무디,100ml,101,1.06,,,473ml
스무디_초코밀크 쉐이크 (R),음료 및 차류,스무디,100g,124,1.93,,,414g
스무디_초코바나나 빽스치노,음료 및 차류,스무디,100ml,85,1.69,,,710ml
스무디_초코바나나 빽스치노 소프트,음료 및 차류,스무디,100ml,112,2.11,,,710ml
스무디_초코바나나 프라페,음료 및 차류,스무디,100g,89,1.69,,,473g
스무디_초코바른 제주 그린 스무디,음료 및 차류,스무디,100ml,113,0.63,,,473ml
스무디_초코바른 초코 스무디,음료 및 차류,스무디,100ml,136,1.06,,,473ml
스무디_초코바른 피스타치오 스무디,음료 및 차류,스무디,100ml,105,0.63,,,473ml
스무디_체리츄,음료 및 차류,스무디,100g,91,1.9,,,473g
스무디_초당옥수수 스무디,음료 및 차류,스무디,100g,43,1.97,,,355g
스무디_초당옥수수 팝핑 스무디,음료 및 차류,스무디,100g,88,0.21,,,473g
스무디_초코 눈송이 피스타치오 프라페,음료 및 차류,스무디,100ml,88,1.9,2.49,14.42,591ml
스무디_초코 돼지쉑,음료 및 차류,스무디,100ml,79,1.25,,,720ml
스무디_초코 루비치노,음료 및 차류,스무디,100ml,117,1.67,,,420ml
스무디_초코 밀크 쉐이크,음료 및 차류,스무디,100ml,117,1.27,,,591ml
스무디_초코 밀크 쉐이크,음료 및 차류,스무디,100g,121,1.37,,,591g
스무디_초코 바나나 스무디,음료 및 차류,스무디,100ml,63,1.27,,,473ml
스무디_초코 바나나 프라페,음료 및 차류,스무디,100g,77,1.48,,,473g
스무디_초코 바닐라 프라페,음료 및 차류,스무디,100g,70,1.25,,,480g
스무디_초코 블렌디드,음료 및 차류,스무디,100g,87,1.39,,,545.4
스무디_초코 빽스치노,음료 및 차류,스무디,100ml,73,1.41,,,710ml
스무디_초코 빽스치노 소프트,음료 및 차류,스무디,100ml,98,1.69,,,710ml
스무디_초코 쉐이크,음료 및 차류,스무디,100ml,74,1.33,,,600ml
스무디_초코 쉐이크,음료 및 차류,스무디,100ml,86,1.8,,,473ml
스무디_초코 쉐이크,음료 및 차류,스무디,100ml,87,2.77,1.45,16.54,650ml
스무디_초코 쉐이크 (더벤티),음료 및 차류,스무디,100ml,93,1.56,,,960ml
스무디_초코 스무디,음료 및 차류,스무디,100g,119,2.15,,,511g
스무디_제주말차 프라페 (R),음료 및 차류,스무디,100g,98,2.17,,,414g
스무디_제주청귤레몬 스무디,음료 및 차류,스무디,100ml,57,0.11,0,13.93,650ml
스무디_젤라또 쉐이크,음료 및 차류,스무디,100g,150,4.25,,,485g
스무디_죠리퐁 프라페 밀크카라멜,음료 및 차류,스무디,100g,106,1.52,,,591g
스무디_죠리퐁 프라페 저당,음료 및 차류,스무디,100ml,56,1.02,,,591ml
스무디_죠리퐁 프라페 플레인,음료 및 차류,스무디,100ml,63,1.18,,,591ml
스무디_죠스베리 스무디,음료 및 차류,스무디,100ml,351,0.94,,,153ml
스무디_짱구가 좋아하는 푸딩멜론 쉐이크,음료 및 차류,스무디,100ml,70,1.13,,,710ml
스무디_청자몽 팝핑 그라니따 (R),음료 및 차류,스무디,100g,69,0,,,420g
스무디_청포도 리치 스무디,음료 및 차류,스무디,100g,86,0.1,,,591g
스무디_청포도 블렌디드,음료 및 차류,스무디,100g,61,0,,,580.4
스무디_청포도 스무디,음료 및 차류,스무디,100ml,77,0,,,473ml
스무디_청포도 스무디,음료 및 차류,스무디,100ml,70,0.09,,,473ml
스무디_청포도 아이스 블렌디드,음료 및 차류,스무디,100g,71,0,,,355g
스무디_청포도 쿨러시,음료 및 차류,스무디,100g,70,0.08,,,473g
스무디_체리 바닐라 프라페,음료 및 차류,스무디,100g,101,1.47,,,360g
스무디_체리 익스트림 스무디 (L),음료 및 차류,스무디,100ml,48,0.17,,,591ml
스무디_체리 익스트림 스무디 (R),음료 및 차류,스무디,100ml,48,0.21,,,473ml
피자_치즈크러스트콤비네이션피자,빵 및 과자류,피자,100g,247,13.65,,,806g
소고기채소볶음,볶음류,소고기채소볶음,100ml,198,8.4,14.99,7.24,65.5
스무디_제주 그린티 스무디,음료 및 차류,스무디,100g,86,0.63,,,473g
스무디_제주 까망 크림 프라푸치노 (Grande),음료 및 차류,스무디,100g,127,1.9,,,473g
스무디_제주 레몬 망고 스무디,음료 및 차류,스무디,100g,31,0.12,,,591g
스무디_제주 말차 블렌디드,음료 및 차류,스무디,100g,80,1.21,,,530.4
스무디_제주 말차 프라페,음료 및 차류,스무디,100ml,83,1.48,,,473ml
스무디_제주 말차 할리치노,음료 및 차류,스무디,100ml,120,2.26,,,354ml
스무디_제주 쑥떡 크림 프라푸치노 (Grande),음료 및 차류,스무디,100g,97,1.69,,,473g
스무디_제주 유기농 말차로 만든 크림 프라푸치노 (Tall),음료 및 차류,스무디,100g,65,1.41,,,355g
스무디_제주 청귤 레몬 스무디,음료 및 차류,스무디,100g,57,0.11,0,,650g
스무디_제주 한라봉 감귤 스무디,음료 및 차류,스무디,100g,78,0.14,,,591g
스무디_제주 한라봉 스무디,음료 및 차류,스무디,100g,60,1.93,,,415g
스무디_제주 한라봉 스무디 (L),음료 및 차류,스무디,100ml,59,0.21,,,473ml
스무디_제주 한라봉 스무디 (R),음료 및 차류,스무디,100ml,53,0.19,,,415ml
스무디_제주녹차 프라페,음료 및 차류,스무디,100ml,88,1.35,,,591ml
스무디_제주녹차 프라페노 (L),음료 및 차류,스무디,100g,84,1.33,,,450g
스무디_제주녹차 프라페노 (R),음료 및 차류,스무디,100g,90,1.39,,,360g
스무디_제주말차 프라페 (L),음료 및 차류,스무디,100g,110,2.54,,,473g
스무디_제주말차 프라페 (Max),음료 및 차류,스무디,100g,105,2.37,,,591g
스무디_자바칩 프로스트 (L),음료 및 차류,스무디,100g,140,2.24,,,519g
스무디_자바칩 프로스트 (R),음료 및 차류,스무디,100g,128,1.94,,,381g
스무디_자바칩모카 프로스트 (L),음료 및 차류,스무디,100g,136,1.9,,,522g
스무디_자바칩모카 프로스트 (R),음료 및 차류,스무디,100g,126,1.72,,,384g
스무디_자바칩바나치노,음료 및 차류,스무디,100ml,116,2.28,4.49,17.57,650ml
스무디_자바칩프라푸치노,음료 및 차류,스무디,100g,83,2.22,,,100g
스무디_장수 오미자 스무디,음료 및 차류,스무디,100g,38,0.03,,,591g
스무디_저칼로리 깔라만시 요거트 스무디 노슈거 (Venti),음료 및 차류,스무디,100ml,19,1.16,,,650ml
스무디_저칼로리 딸기 요거트 스무디 노슈거 (Venti),음료 및 차류,스무디,100ml,16,1.36,,,650ml
스무디_저칼로리 망고 스무디 제로슈거 (Venti),음료 및 차류,스무디,100ml,12,0.13,,,650ml
스무디_저칼로리 청사과 스무디 제로슈거 (Venti),음료 및 차류,스무디,100ml,10,1.57,,,650ml
스무디_저칼로리 청포도 스무디 제로슈거 (Venti),음료 및 차류,스무디,100ml,6,0.05,,,650ml
스무디_정말 맛있는 슈크림 프로틴 쉐이크 (Venti),음료 및 차류,스무디,100ml,99,7.8,,,650ml
스무디_정말 맛있는 자바칩 프로틴 쉐이크 (Venti),음료 및 차류,스무디,100ml,100,7.7,,,650ml
스무디_정말 맛있는 흑임자 프로틴 쉐이크 (Venti),음료 및 차류,스무디,100ml,98,8,,,650ml
스무디_제로칼로리 깔라만시 스무디 (Venti),음료 및 차류,스무디,100ml,3,0.07,,,650ml
스무디_제주 그린 스무디,음료 및 차류,스무디,100ml,112,0.63,,,473ml
스무디_제주 그린 한라봉 모히또 블렌디드 (Grande),음료 및 차류,스무디,100g,34,0,,,473g
스무디_자바칩 루비치노,음료 및 차류,스무디,100ml,99,1.19,,,420ml
스무디_자바칩 밀크 블렌디드 (L),음료 및 차류,스무디,100ml,103,2.28,,,473ml
스무디_자바칩 밀크 블렌디드 (R),음료 및 차류,스무디,100ml,97,2.05,,,415ml
스무디_자바칩 바나치노,음료 및 차류,스무디,100g,116,1.76,,17.57,650g
스무디_자바칩 초코 그라니따,음료 및 차류,스무디,100g,100,1.63,,,430g
스무디_자바칩 탐앤치노,음료 및 차류,스무디,100g,114,1.46,3.9,18.54,410g
스무디_자바칩 프라노베,음료 및 차류,스무디,100ml,115,1.39,,,360ml
스무디_자바칩 프라페,음료 및 차류,스무디,100ml,119,1.71,,,591ml
스무디_자바칩 프라페,음료 및 차류,스무디,100g,110,2.82,,,355g
스무디_자바칩 프라페,음료 및 차류,스무디,100g,105,1.25,,,591g
스무디_자바칩 프라페,음료 및 차류,스무디,100ml,113,1.02,,,591ml
스무디_자바칩 프라페,음료 및 차류,스무디,100ml,96,0.67,,,600ml
스무디_자바칩 프라페 (Grande),음료 및 차류,스무디,100ml,106,1.88,,,480ml
스무디_자바칩 프라페 (L),음료 및 차류,스무디,100g,97,1.44,,,450g
스무디_자바칩 프라페 (Mini Venti),음료 및 차류,스무디,100ml,99,1.75,,,570ml
스무디_자바칩 프라페 (R),음료 및 차류,스무디,100g,97,1.45,,,400g
스무디_자바칩 프라페 (Tall),음료 및 차류,스무디,100ml,110,1.95,,,360ml
스무디_자바칩 프라페 (Venti),음료 및 차류,스무디,100ml,86,1.39,,,720ml
스무디_자바칩 프라페 (더벤티),음료 및 차류,스무디,100ml,91,0.63,,,960ml
스무디_유자 프로스트 (R),음료 및 차류,스무디,100g,79,0.94,,,385g
스무디_유자배 크러쉬,음료 및 차류,스무디,100ml,74,0.17,,,600ml
스무디_유자배 크러쉬 (더벤티),음료 및 차류,스무디,100ml,88,0.1,,,960ml
스무디_유자스무디,음료 및 차류,스무디,100g,78,1.17,0.8,16.48,100g
스무디_유자스무디,음료 및 차류,스무디,100ml,45,0,0,11.27,591ml
스무디_자두 팝핑 그라니따 (R),음료 및 차류,스무디,100g,89,0.43,,,460g
스무디_자두크러쉬,음료 및 차류,스무디,100g,44,0.14,,,100g
스무디_자두피치 크러쉬,음료 및 차류,스무디,100ml,53,0.17,,,600ml
스무디_자두피치 크러쉬 (더벤티),음료 및 차류,스무디,100ml,62,0.1,,,960ml
스무디_자몽 스무디 (L),음료 및 차류,스무디,100g,35,0.14,,,450g
스무디_자몽 스무디 (R),음료 및 차류,스무디,100g,33,0.13,,,400g
스무디_자몽 요거트 블렌디드,음료 및 차류,스무디,100g,91,0.91,,,584.4
스무디_자몽 포멜로 크러시,음료 및 차류,스무디,100ml,27,0.14,,,710ml
스무디_자몽 플랫치노,음료 및 차류,스무디,100g,36,0.17,,,414g
스무디_자바 리터치노 아이스(ICED) (L),음료 및 차류,스무디,100g,85,1.37,,12.79,946g
스무디_자바 리터치노 아이스(ICED) (ML),음료 및 차류,스무디,100g,76,1.41,,11.27,710g
스무디_자바 초코렛 칩 스노우,음료 및 차류,스무디,100g,97,1.47,,19.63,545g
스무디_자바 칩 프라푸치노 (Tall),음료 및 차류,스무디,100g,96,1.69,,,355g
스무디_자바칩 그라니따 (R),음료 및 차류,스무디,100g,95,1.16,,,430g
스무디_요거트 스무디 (Tall),음료 및 차류,스무디,100ml,88,1.67,,,360ml
스무디_요거트 스무디 (Venti),음료 및 차류,스무디,100ml,63,0.97,,,720ml
스무디_요거트 애플망고 (L),음료 및 차류,스무디,100g,84,0.71,,,480g
스무디_요거트 요프치노,음료 및 차류,스무디,100ml,80,1.11,,,360ml
스무디_요거트 프라페 (L),음료 및 차류,스무디,100g,78,1.27,,,473g
스무디_요거트 프라페 (Max),음료 및 차류,스무디,100g,77,1.35,,,591g
스무디_요거트 프라페 (R),음료 및 차류,스무디,100g,70,1.21,,,414g
스무디_우도땅콩 바나나 쉐이크,음료 및 차류,스무디,100g,77,1.68,,,591g
스무디_우리쌀 쉐이크,음료 및 차류,스무디,100ml,75,1.97,,,710ml
스무디_원조 빽스치노,음료 및 차류,스무디,100ml,81,1.27,,,710ml
스무디_원조 빽스치노 소프트,음료 및 차류,스무디,100ml,111,1.55,,,710ml
스무디_원조빽스치노,음료 및 차류,스무디,100g,95,1.28,,,625g
스무디_원조빽스치노 소프트,음료 및 차류,스무디,100g,105,1.44,,,765g
스무디_월넛 탐앤치노,음료 및 차류,스무디,100g,134,3.17,3.66,22.44,410g
스무디_유니콘 프라페,음료 및 차류,스무디,100ml,81,1.07,2.39,13.87,591ml
스무디_유자 요거스 아이스(ICED) (L),음료 및 차류,스무디,100g,78,0.95,,15.86,946g
스무디_유자 요거스 아이스(ICED) (ML),음료 및 차류,스무디,100g,80,0.99,,16.2,710g
스무디_유자 프로스트 (L),음료 및 차류,스무디,100g,98,0.99,,,545g
피자_치즈크러스트투움바피자,빵 및 과자류,피자,100g,237,11.27,,,848g
스무디_오레오 초코 프라페,음료 및 차류,스무디,100g,95,1.62,,,591g
스무디_오레오 초코 프라페,음료 및 차류,스무디,100ml,126,1.83,,,591ml
스무디_오렌지 레볼루션 스무디 (L),음료 및 차류,스무디,100ml,60,0.51,,,591ml
스무디_오렌지 레볼루션 스무디 (R),음료 및 차류,스무디,100ml,60,0.63,,,473ml
스무디_오렌지 레볼루션 스무디 (S),음료 및 차류,스무디,100ml,60,0.57,,,354ml
스무디_오렌지 카밤 스무디 (L),음료 및 차류,스무디,100ml,60,0.68,,,591ml
스무디_오렌지 카밤 스무디 (R),음료 및 차류,스무디,100ml,60,0.63,,,473ml
스무디_오렌지 카밤 스무디 (S),음료 및 차류,스무디,100ml,60,0.57,,,354ml
스무디_오리지널 바닐라 쉐이크 (R),음료 및 차류,스무디,100g,51,0.85,,,365g
스무디_오리진 쉐이크,음료 및 차류,스무디,100ml,86,1.21,,,414ml
스무디_옥수로달당 스무디,음료 및 차류,스무디,100ml,108,2.34,,,235ml
스무디_옥수수 바나치노,음료 및 차류,스무디,100g,109,0.95,,15.03,650g
스무디_요거트 블렌디드,음료 및 차류,스무디,100g,78,0.9,,,532.4
스무디_요거트 스노우,음료 및 차류,스무디,100g,84,1.06,,18.01,472g
스무디_요거트 스무디,음료 및 차류,스무디,100g,87,2.25,,,355g
스무디_요거트 스무디 (Grande),음료 및 차류,스무디,100ml,80,1.46,,,480ml
스무디_요거트 스무디 (L),음료 및 차류,스무디,100g,71,1.23,,,946g
스무디_요거트 스무디 (M),음료 및 차류,스무디,100g,64,0.88,,,591g
스무디_요거트 스무디 (Mini Venti),음료 및 차류,스무디,100ml,73,1.23,,,570ml
스무디_에스프레소 쉐이크 (더벤티),음료 및 차류,스무디,100ml,73,0.73,,,960ml
스무디_에스프레소 프라노베,음료 및 차류,스무디,100ml,55,1.47,,,360ml
스무디_에스프레소 프라페,음료 및 차류,스무디,100g,86,1.69,,,473g
스무디_에스프레소 프라푸치노 (Tall),음료 및 차류,스무디,100g,41,0.56,,,355g
스무디_에스프레소 프로스트 (L),음료 및 차류,스무디,100g,103,0.94,,,435g
스무디_에스프레소 프로스트 (R),음료 및 차류,스무디,100g,88,0.7,,,345g
스무디_엑스트라 자바칩 탐앤치노,음료 및 차류,스무디,100g,121,1.49,3.62,20.64,470g
스무디_엔젤푸드 (L),음료 및 차류,스무디,100ml,70,0.34,,,591ml
스무디_엔젤푸드 스무디 (L),음료 및 차류,스무디,100g,70,0.34,,,591g
스무디_엔젤푸드 스무디 (R),음료 및 차류,스무디,100ml,70,0.42,,,473ml
스무디_엔젤푸드 스무디 (S),음료 및 차류,스무디,100ml,70,0.28,,,354ml
스무디_연유딸기쉑,음료 및 차류,스무디,100g,110,2.03,,,591g
스무디_연유망고쉑,음료 및 차류,스무디,100g,110,2.03,,,591g
스무디_오곡 밀크 프라페,음료 및 차류,스무디,100ml,97,2.78,,,360ml
스무디_오곡프로스트 (L),음료 및 차류,스무디,100g,109,1.88,,,533g
스무디_오곡프로스트 (R),음료 및 차류,스무디,100g,101,1.8,,,400g
스무디_오레오 루비치노,음료 및 차류,스무디,100ml,96,0.48,,,420ml
스무디_오레오 쉐이크 (R),음료 및 차류,스무디,100g,121,1.65,,,400g
스무디_오레오 스무디,음료 및 차류,스무디,100g,123,2.04,,,490g
스무디_애플 키위 케일 스무디 (L),음료 및 차류,스무디,100ml,48,0.34,,,591ml
스무디_애플 키위 케일 스무디 (R),음료 및 차류,스무디,100ml,48,0.42,,,473ml
스무디_애플 키위 케일 스무디 (S),음료 및 차류,스무디,100ml,48,0.28,,,354ml
스무디_애플망고 샹그리아 소르베,음료 및 차류,스무디,100g,59,0.11,,,473g
스무디_애플망고 스무디,음료 및 차류,스무디,100g,48,0,,,550g
스무디_애플망고 스무디,음료 및 차류,스무디,100ml,73,0.28,,,354ml
스무디_애플망고 스무디,음료 및 차류,스무디,100ml,63,0,,,591ml
스무디_애플망고 스무디 저당,음료 및 차류,스무디,100ml,40,0,,,591ml
스무디_애플망고 요거 프라노베,음료 및 차류,스무디,100g,92,1.05,,,550g
스무디_애플망고 요거스 (L),음료 및 차류,스무디,100ml,64,0.9,0,12.4,1000m
스무디_애플망고 요거스 (ML),음료 및 차류,스무디,100ml,72,0.99,0,14.08,710ml
스무디_애플망고크러쉬,음료 및 차류,스무디,100g,53,0.1,,,100g
스무디_약과 카라멜 쉐이크,음료 및 차류,스무디,100g,118,1.02,,,591g
스무디_양지감로,음료 및 차류,스무디,100g,72,0.11,,,468.2
스무디_어른커피 쉐이크,음료 및 차류,스무디,100g,78,0.1,2.2,14.39,100g
스무디_얼그레이 쉐이크,음료 및 차류,스무디,100g,95,0.85,,,539.8
스무디_얼음수박,음료 및 차류,스무디,100g,34,0.5,0.01,7.88,100g
스무디_에스프레소 밀크 프라페,음료 및 차류,스무디,100ml,20,0.83,,,360ml
스무디_에스프레소 쉐이크,음료 및 차류,스무디,100ml,81,0.83,,,600ml
소고기채소볶음,볶음류,소고기채소볶음,100ml,198,8.4,14.99,7.24,65.5
스무디_슬림 딸기 요거트 스무디,음료 및 차류,스무디,100g,26,2.28,,,100g
스무디_슬림 망고 스무디,음료 및 차류,스무디,100g,29,0.13,,,100g
스무디_슬림 망고 요거트 스무디,음료 및 차류,스무디,100g,29,1.72,,,100g
스무디_슬림 청포도 스무디,음료 및 차류,스무디,100g,27,0.05,,,100g
스무디_슬림 플레인요거트 스무디 (Venti),음료 및 차류,스무디,100ml,21,1.96,,,650ml
스무디_슬림앤슬림 다크초코 (L),음료 및 차류,스무디,100ml,45,1.02,,,591ml
스무디_슬림앤슬림 다크초코 스무디 (L),음료 및 차류,스무디,100g,45,1.02,,,591g
스무디_슬림앤슬림 다크초코 스무디 (R),음료 및 차류,스무디,100ml,44,1.06,,,473ml
스무디_슬림앤슬림 다크초코 스무디 (S),음료 및 차류,스무디,100ml,45,1.13,,,354ml
스무디_슬림앤슬림 스트로베리 스무디 (L),음료 및 차류,스무디,100ml,37,1.02,,,591ml
스무디_슬림앤슬림 스트로베리 스무디 (R),음료 및 차류,스무디,100ml,36,1.06,,,473ml
스무디_슬림앤슬림 스트로베리 스무디 (S),음료 및 차류,스무디,100ml,36,1.13,,,354ml
스무디_시나몬 진저 블렌디드,음료 및 차류,스무디,100ml,85,1.27,,11.97,710ml
스무디_시칠리아 레몬 그라니따,음료 및 차류,스무디,100g,66,0.46,,,440g
스무디_씨솔트 카라멜 블렌디드,음료 및 차류,스무디,100ml,93,0.85,,13.94,710ml
스무디_아이스 블루베리 요거트 블렌디드,음료 및 차류,스무디,100g,75,1.39,0.57,,480g
스무디_아이스크러시 멜론,음료 및 차류,스무디,100ml,49,0.07,,,710ml
스무디_아임파인,음료 및 차류,스무디,100g,51,0.45,0.01,12.37,100g
소고기찜,찜류,소고기찜,100ml,117,5.5,8.55,4.95,196.9
스무디_스트로베리 요거트 블렌디드 (L),음료 및 차류,스무디,100g,61,1.06,,,473g
스무디_스트로베리 요거트 블렌디드 (R),음료 및 차류,스무디,100g,61,1.13,,,355g
스무디_스트로베리 익스트림 스무디 (L),음료 및 차류,스무디,100ml,58,0.17,,,591ml
스무디_스트로베리 치즈프라페,음료 및 차류,스무디,100g,142,2.22,,,360g
스무디_스트로베리 치즈홀릭,음료 및 차류,스무디,100ml,96,1.3,3.05,15.79,591ml
스무디_스트로베리 크림 스무디,음료 및 차류,스무디,100g,162,1.41,,,355g
스무디_스트로베리 키스 스무디 (L),음료 및 차류,스무디,100ml,49,1.35,,,591ml
스무디_스트로베리 키스 스무디 (R),음료 및 차류,스무디,100ml,48,1.27,,,473ml
스무디_스트로베리 키스 스무디 (S),음료 및 차류,스무디,100ml,49,1.41,,,354ml
스무디_스트로베리초콜릿 프라페 (L),음료 및 차류,스무디,100g,130,2.96,,,473g
스무디_스트로베리초콜릿 프라페 (Max),음료 및 차류,스무디,100g,122,2.71,,,591g
스무디_스트로베리초콜릿 프라페 (R),음료 및 차류,스무디,100g,116,2.66,,,414g
스무디_스트로베리치즈홀릭,음료 및 차류,스무디,100g,85,1.17,,,591g
스무디_스트로베리피치 프라페 (L),음료 및 차류,스무디,100g,68,1.06,,,473g
스무디_스트로베리피치 프라페 (R),음료 및 차류,스무디,100g,57,0.97,,,414g
스무디_스트류베리 스무디,음료 및 차류,스무디,100ml,242,0.89,,,201ml
스무디_슬림 깔라만시 스무디,음료 및 차류,스무디,100g,19,0.04,,,100g
스무디_슬림 깔라만시 요거트 스무디,음료 및 차류,스무디,100g,28,1.31,,,100g
스무디_성주참외꿀 스무디,음료 및 차류,스무디,100g,63,1.43,,,558g
스무디_소다 쉐이크 (L),음료 및 차류,스무디,100g,65,0.74,,11.73,946g
스무디_소다 쉐이크 (ML),음료 및 차류,스무디,100g,65,0.85,,12.39,710g
스무디_소다 프라페 (L),음료 및 차류,스무디,100ml,59,0.7,0,11.9,1000m
스무디_소다 프라페 (ML),음료 및 차류,스무디,100ml,61,0.85,0,12.25,710ml
스무디_솔티드 카라멜 밀크 쉐이크,음료 및 차류,스무디,100ml,107,0.96,,,591ml
스무디_솔티카라멜 밀크 쉐이크,음료 및 차류,스무디,100g,110,0.98,,,591g
스무디_솜사탕 딸기 밀크 쉐이크,음료 및 차류,스무디,100ml,82,1.13,,,710ml
스무디_솜사탕 팝핑 스무디,음료 및 차류,스무디,100g,107,0.1,,,600g
스무디_수박 달달 스무디,음료 및 차류,스무디,100g,79,0.32,,,311g
스무디_수박 메론 스무디,음료 및 차류,스무디,100g,63,1.73,,,600g
스무디_수박 슬러피 아이스(ICED) (L),음료 및 차류,스무디,100g,98,0.11,,23.78,946g
스무디_수박 슬러피 아이스(ICED) (ML),음료 및 차류,스무디,100g,88,0.14,,20.99,710g
스무디_수박그라니따 (R),음료 및 차류,스무디,100g,53,0.23,,,430g
스무디_순수 치즈 프라페,음료 및 차류,스무디,100ml,127,2.22,,,360ml
스무디_슈크림허니퐁 크러쉬,음료 및 차류,스무디,100g,96,1.98,,,591g
스무디_스트로베리 그라니따 (R),음료 및 차류,스무디,100g,69,0.67,,,450g
스무디_스트로베리 요거트 그라니따,음료 및 차류,스무디,100g,86,1.67,,,420g
스무디_스트로베리 요거트 그라니따 (R),음료 및 차류,스무디,100g,86,1.67,,,420g
스무디_사과 요거트 스무디,음료 및 차류,스무디,100ml,71,1.48,,,420ml
스무디_사과요거트 스무디,음료 및 차류,스무디,100g,71,1.48,,,420g
스무디_살구 요거스 (L),음료 및 차류,스무디,100ml,65,0.9,0,12.6,1000m
스무디_살구 요거스 (ML),음료 및 차류,스무디,100ml,73,0.99,0,14.36,710ml
스무디_삼라봉 요거트 스무디,음료 및 차류,스무디,100g,77,0.17,,,584g
스무디_삼삼 한라봉 스무디 (L),음료 및 차류,스무디,100ml,55,0.34,,,591ml
스무디_삼삼 한라봉 스무디 (R),음료 및 차류,스무디,100ml,55,0.21,,,473ml
스무디_삼삼 한라봉 스무디 (S),음료 및 차류,스무디,100ml,55,0.28,,,354ml
스무디_생딸기 그래놀라 요거트 스무디,음료 및 차류,스무디,100g,77,1.93,,,415g
스무디_샤인 머스캣 그라니따,음료 및 차류,스무디,100g,76,0.44,,,450g
스무디_샤인 머스캣 스무디,음료 및 차류,스무디,100g,75,0,,,415g
스무디_샤인망고 요거트 스무디,음료 및 차류,스무디,100g,80,1.2,,,415g
스무디_샤인머스캣 블렌디드,음료 및 차류,스무디,100g,61,0,,,580.4
스무디_샤인머스캣 스무디,음료 및 차류,스무디,100ml,50,0,,,591ml
스무디_샤인머스캣 스무디 저당,음료 및 차류,스무디,100ml,46,0,,,591ml
스무디_샤인머스캣 요거트 스노우,음료 및 차류,스무디,100g,80,1.16,,16.74,430g
스무디_샤인머스켓 그라니따 (R),음료 및 차류,스무디,100g,86,0.22,,,450g
스무디_석류 콜라겐 요거트스무디,음료 및 차류,스무디,100g,84,1.49,1.28,16.81,470g
피자_치즈크러스트페퍼로니피자,빵 및 과자류,피자,100g,290,15.1,,,763g
소고기찜,찜류,소고기찜,100ml,121,5.5,8.56,5.17,196.9
스무디_블루베리 요거트 스무디 (Grande),음료 및 차류,스무디,100ml,90,1.25,,,480ml
스무디_블루베리 요거트 스무디 (Mini Venti),음료 및 차류,스무디,100ml,90,1.05,,,570ml
스무디_블루베리 요거트 스무디 (Tall),음료 및 차류,스무디,100ml,101,1.39,,,360ml
스무디_블루베리 요거트 스무디 (Venti),음료 및 차류,스무디,100ml,80,0.97,,,720ml
스무디_블루베리 요거트 스무디 (더벤티),음료 및 차류,스무디,100ml,80,0.31,,,960ml
스무디_블루베리 요거트 플랫치노,음료 및 차류,스무디,100ml,72,1.69,,,414ml
스무디_블루베리 치즈 프라페,음료 및 차류,스무디,100ml,141,1.95,,,360ml
스무디_블루베리 치즈프라페,음료 및 차류,스무디,100g,141,1.94,,,360g
스무디_블루베리스무디,음료 및 차류,스무디,100ml,89,0.71,0.95,19.05,591ml
스무디_블루베리요거 스무디,음료 및 차류,스무디,100ml,89,2.03,,,591ml
스무디_블루베리요거트,음료 및 차류,스무디,100g,85,1.13,,,100g
스무디_블루베리요거트 스무디,음료 및 차류,스무디,100g,36,0.48,,,420g
스무디_블루베리요거트 스무디 (L),음료 및 차류,스무디,100g,137,1.03,,,450g
스무디_블루베리요거트 스무디 (R),음료 및 차류,스무디,100g,82,1.2,,,400g
스무디_블루베리요거트스무디,음료 및 차류,스무디,100ml,76,0.86,1.4,14.86,591ml
스무디_비빙 스무디,음료 및 차류,스무디,100g,95,2.33,,,473g
스무디_빤짝핑 망고 밀크 쉐이크,음료 및 차류,스무디,100ml,55,0.8,2.37,7.58,591ml
스무디_뽕소다 스무디,음료 및 차류,스무디,100ml,288,0,,,100ml
소고기전골_간편조리세트_평양식 어복쟁반,찌개 및 전골류,소고기전골,100g,76,7.02,2.94,5.35,1840g
스무디_블루베리 요거스 아이스(ICED) (ML),음료 및 차류,스무디,100g,72,0.99,,14.37,710g
스무디_블루베리 요거스무디,음료 및 차류,스무디,100g,89,2.03,,,591g
스무디_블루베리 요거트 그라니따,음료 및 차류,스무디,100g,86,1.67,,,420g
스무디_블루베리 요거트 그라니따 (R),음료 및 차류,스무디,100g,86,1.67,,,420g
스무디_블루베리 요거트 블렌디드 (L),음료 및 차류,스무디,100ml,86,1.59,,,473ml
스무디_블루베리 요거트 블렌디드 (R),음료 및 차류,스무디,100ml,86,1.59,,,415ml
스무디_블루베리 요거트 쉐이크,음료 및 차류,스무디,100ml,133,1.17,,,360ml
스무디_블루베리 요거트 스무디,음료 및 차류,스무디,100g,77,1.61,,,591g
스무디_블루베리 요거트 스무디,음료 및 차류,스무디,100g,61,1.2,,,415g
스무디_블루베리 요거트 스무디,음료 및 차류,스무디,100g,100,1.97,,,355g
스무디_블루베리 요거트 스무디,음료 및 차류,스무디,100ml,75,1.61,,,591ml
스무디_블루베리 요거트 스무디,음료 및 차류,스무디,100ml,36,0.48,,,420ml
스무디_블루베리 요거트 스무디,음료 및 차류,스무디,100g,64,0.49,0.49,14.39,410g
스무디_블루베리 요거트 스무디,음료 및 차류,스무디,100ml,68,1.41,,,710ml
스무디_블루베리 요거트 스무디,음료 및 차류,스무디,100ml,103,1.39,,,360ml
스무디_블루베리 요거트 스무디,음료 및 차류,스무디,100ml,83,0.33,,,600ml
스무디_블루베리 요거트 스무디,음료 및 차류,스무디,100ml,88,1.18,,,473ml
스무디_블루베리 요거트 스무디,음료 및 차류,스무디,100g,96,1.71,,,479g
소고기전골_간편조리세트_파빌리온 얼큰 소고기 전골,찌개 및 전골류,소고기전골,100g,73,4.4,4.94,2.69,1228g
스무디_복숭아요거 스무디,음료 및 차류,스무디,100ml,105,1.86,,,591ml
스무디_봄 딸기 초코쉘 요거트 블렌디드,음료 및 차류,스무디,100ml,123,1.86,,,415ml
스무디_브라운 슈가 쥬얼리 치즈폼 스무디 아이스(ICED),음료 및 차류,스무디,100g,97,0.42,,,473g
스무디_브라운슈가 쥬얼리 치즈폼 스무디,음료 및 차류,스무디,100ml,129,0.42,,,473ml
스무디_브이브이 찰떡이브이,음료 및 차류,스무디,100g,104,1.24,,,591g
스무디_블루베리 리얼요거트 프라페노 (L),음료 및 차류,스무디,100g,76,0.89,,,450g
스무디_블루베리 리얼요거트 프라페노 (R),음료 및 차류,스무디,100g,68,0.83,,,360g
스무디_블루베리 버블 프로스트 (L),음료 및 차류,스무디,100g,137,1.06,,,464g
스무디_블루베리 버블 프로스트 (R),음료 및 차류,스무디,100g,96,0.65,,,383g
스무디_블루베리 스노우,음료 및 차류,스무디,100g,65,1.03,,13.02,484g
스무디_블루베리 스무디 (L),음료 및 차류,스무디,100g,83,1.07,,,946g
스무디_블루베리 스무디 (L),음료 및 차류,스무디,100g,61,0.64,,,450g
스무디_블루베리 스무디 (M),음료 및 차류,스무디,100g,73,0.9,,,591g
스무디_블루베리 스무디 (R),음료 및 차류,스무디,100g,57,0.6,,,400g
스무디_블루베리 요거 프라노베,음료 및 차류,스무디,100ml,59,1.36,,,360ml
스무디_블루베리 요거스 (L),음료 및 차류,스무디,100ml,63,0.9,0,12.2,1000m
스무디_블루베리 요거스 (ML),음료 및 차류,스무디,100ml,70,0.99,0,13.94,710ml
스무디_블루베리 요거스 아이스(ICED) (L),음료 및 차류,스무디,100g,69,0.95,,13.74,946g
스무디_베리 캐롯 스무디 (L),음료 및 차류,스무디,100ml,44,1.02,,,591ml
스무디_베리 캐롯 스무디 (R),음료 및 차류,스무디,100ml,44,0.85,,,473ml
스무디_베리 캐롯 스무디 (S),음료 및 차류,스무디,100ml,44,0.85,,,354ml
스무디_베리베리 스무디 (L),음료 및 차류,스무디,100ml,61,0.34,,,591ml
스무디_베리베리 스무디 (R),음료 및 차류,스무디,100ml,61,0.21,,,473ml
스무디_베리베리 스무디 (S),음료 및 차류,스무디,100ml,61,0.28,,,354ml
스무디_베리베리 스무벨라,음료 및 차류,스무디,100ml,69,0.25,,,360ml
스무디_보라포 스무디,음료 및 차류,스무디,100ml,334,0,,,80ml
스무디_복숭아 그라니따 (R),음료 및 차류,스무디,100g,70,0.46,,,431g
스무디_복숭아 발그레 스무디,음료 및 차류,스무디,100g,98,0.56,,,360g
스무디_복숭아 스무디,음료 및 차류,스무디,100g,49,0.08,,,355g
스무디_복숭아 스무디 (L),음료 및 차류,스무디,100g,64,0.1,,,450g
스무디_복숭아 스무디 (R),음료 및 차류,스무디,100g,63,0.1,,,400g
스무디_복숭아 애플망고 스무디,음료 및 차류,스무디,100g,59,0.72,,,415g
스무디_복숭아 요거스 아이스(ICED) (L),음료 및 차류,스무디,100g,69,0.95,,13.53,946g
스무디_복숭아 요거스 아이스(ICED) (ML),음료 및 차류,스무디,100g,71,0.99,,14.23,710g
스무디_복숭아 요거스무디,음료 및 차류,스무디,100g,105,1.86,,,591g
스무디_복숭아 요거트 드링크,음료 및 차류,스무디,100g,67,1.64,,10.56,650g
스무디_복숭아 요거트 스무디,음료 및 차류,스무디,100ml,105,1.67,,,360ml
스무디_바닐라 아이스 블렌디드 (R),음료 및 차류,스무디,100ml,101,1.97,,,355ml
스무디_바닐라 크림 프라푸치노 (Tall),음료 및 차류,스무디,100g,56,1.13,,,355g
스무디_바닐라 탐앤치노,음료 및 차류,스무디,100g,87,0.98,2.44,15.37,410g
스무디_바닐라 퐁 프라페,음료 및 차류,스무디,100g,103,1.18,,,591g
스무디_바닐라 프라페 (L),음료 및 차류,스무디,100g,82,0.89,,,450g
스무디_바닐라 프라페 (R),음료 및 차류,스무디,100g,79,0.73,,,400g
스무디_바닐라밀크쉐이크 (R),음료 및 차류,스무디,100g,114,5.8,,,414g
스무디_바닐라빈 밀크 블렌디드 (L),음료 및 차류,스무디,100ml,113,1.59,,,473ml
스무디_바닐라빈 밀크 블렌디드 (R),음료 및 차류,스무디,100ml,113,1.59,,,415ml
스무디_바닐라빈 프라페 (L),음료 및 차류,스무디,100ml,74,1.1,,11.6,1000m
스무디_바닐라빈 프라페 (ML),음료 및 차류,스무디,100ml,82,1.13,,12.25,710ml
스무디_발로나 민트 초코 프라페,음료 및 차류,스무디,100g,102,1.18,,,473g
스무디_밤 카라멜 리터치노 아이스(ICED) (L),음료 및 차류,스무디,100g,89,1.27,,13.64,946g
스무디_밤 카라멜 리터치노 아이스(ICED) (ML),음료 및 차류,스무디,100g,92,1.27,,14.08,710g
스무디_배 슬러피 아이스(ICED) (L),음료 및 차류,스무디,100g,78,0,,17.86,946g
스무디_배 슬러피 아이스(ICED) (ML),음료 및 차류,스무디,100g,64,0,,14.23,710g
스무디_배꿀 스무디,음료 및 차류,스무디,100g,81,1.33,,,600g
스무디_버터스카치폼 에스프레소 블렌디드,음료 및 차류,스무디,100g,93,0.49,,,507.9
스무디_베리 바나나 프로틴 쉐이크,음료 및 차류,스무디,100g,67,2.74,0.39,,480g
스무디_밀크쉐이크,음료 및 차류,스무디,100g,151,2.34,,,290g
스무디_밀키 쉐이크,음료 및 차류,스무디,100g,94,1.18,,,459.8
스무디_바나나 밀크 쉐이크,음료 및 차류,스무디,100ml,54,0.99,,,710ml
스무디_바나나 아일랜드 (S),음료 및 차류,스무디,100ml,46,1.13,,,354ml
스무디_바나나 아일랜드 스무디 (L),음료 및 차류,스무디,100ml,46,1.18,,,591ml
스무디_바나나 아일랜드 스무디 (R),음료 및 차류,스무디,100ml,46,1.06,,,473ml
스무디_바나나 아일랜드 스무디 (S),음료 및 차류,스무디,100g,46,1.13,,,354g
스무디_바나나 요거트 스무디,음료 및 차류,스무디,100ml,106,1.67,,,360ml
스무디_바나나 초코칩 프라페,음료 및 차류,스무디,100g,108,1.52,,,591g
스무디_바나나 초코칩 프라페,음료 및 차류,스무디,100ml,121,1.52,,,591ml
스무디_바나나 커피 쉐이크,음료 및 차류,스무디,100ml,54,0.99,,,710ml
스무디_바나나 팔핑 스무디,음료 및 차류,스무디,100g,34,0.16,,,600g
스무디_바나나 퐁 프라페,음료 및 차류,스무디,100g,113,1.68,,,591g
스무디_바나나 퐁크러쉬,음료 및 차류,스무디,100ml,100,1.83,1.2,20.56,591ml
스무디_바나나퐁 크러쉬,음료 및 차류,스무디,100g,100,1.83,,,591g
스무디_바나나프로틴쉐이크,음료 및 차류,스무디,100g,81,5,,,100g
스무디_바닐라 쉐이크,음료 및 차류,스무디,100ml,88,2.27,2.57,13.93,650ml
스무디_바닐라 아이스 블렌디드 (L),음료 및 차류,스무디,100ml,93,1.9,,,473ml
피자_치즈크러스트포테이토피자,빵 및 과자류,피자,100g,262,13.01,,,855g
스무디_민트초코칩 프라페 (더벤티),음료 및 차류,스무디,100ml,95,0.31,,,960ml
스무디_민트초코프라푸치노,음료 및 차류,스무디,100g,90,1.33,,,100g
스무디_민트초콜릿칩 프라페 (L),음료 및 차류,스무디,100g,99,1.36,,,450g
스무디_민트초콜릿칩 프라페 (R),음료 및 차류,스무디,100g,99,1.35,,,400g
스무디_민트쿠키 프라페,음료 및 차류,스무디,100g,128,1.69,,,591g
스무디_민트쿠키스무디 (XL),음료 및 차류,스무디,100g,69,1.21,,,660g
스무디_밀크 쉐이크,음료 및 차류,스무디,100ml,81,0.83,,,600ml
스무디_밀크 쉐이크,음료 및 차류,스무디,100g,85,0.98,,,591g
스무디_밀크 쉐이크,음료 및 차류,스무디,100ml,75,1.69,,,710ml
스무디_밀크 쉐이크,음료 및 차류,스무디,100ml,82,0.96,,,591ml
스무디_밀크 쉐이크,음료 및 차류,스무디,100ml,112,0.85,,,473ml
스무디_밀크 쉐이크,음료 및 차류,스무디,100g,83,1.82,3.37,11.26,100g
스무디_밀크 쉐이크 (L),음료 및 차류,스무디,100g,75,0.95,,9.94,946g
스무디_밀크 쉐이크 (ML),음료 및 차류,스무디,100g,77,0.99,,10.56,710g
스무디_밀크 쉐이크 (R),음료 및 차류,스무디,100g,101,1.5,,,400g
스무디_밀크 쉐이크 (더벤티),음료 및 차류,스무디,100ml,80,1.04,,,960ml
스무디_밀크 쿠앤크 스무디,음료 및 차류,스무디,100ml,105,0.42,,,473ml
스무디_밀크 프라페 (L),음료 및 차류,스무디,100ml,65,1,,10.1,1000m
스무디_밀크 프라페 (ML),음료 및 차류,스무디,100ml,67,0.99,,10.42,710ml
소고기전골_간편조리세트_어복쟁반,찌개 및 전골류,소고기전골,100g,37,3.39,1.96,1.41,1613g
스무디_민트모카 블렌디모 아이스(ICED),음료 및 차류,스무디,100g,70,1.43,,,350g
스무디_민트초코 루비치노,음료 및 차류,스무디,100ml,71,1.19,,,420ml
스무디_민트초코 빽스치노,음료 및 차류,스무디,100ml,85,1.69,,,710ml
스무디_민트초코 빽스치노 소프트,음료 및 차류,스무디,100ml,114,2.11,,,710ml
스무디_민트초코 스노우,음료 및 차류,스무디,100g,97,0.95,,17.65,527g
스무디_민트초코 스무디 (L),음료 및 차류,스무디,100g,77,1.45,,,946g
스무디_민트초코 스무디 (M),음료 및 차류,스무디,100g,85,1.37,,,591g
스무디_민트초코 프라페,음료 및 차류,스무디,100ml,108,1.48,,,473ml
스무디_민트초코 프라페,음료 및 차류,스무디,100g,105,2.54,,,355g
스무디_민트초코 프라페 (L),음료 및 차류,스무디,100ml,80,1,,11.7,1000m
스무디_민트초코 프라페 (L),음료 및 차류,스무디,100g,132,2.33,,,473g
스무디_민트초코 프라페 (ML),음료 및 차류,스무디,100ml,89,1.13,,12.53,710ml
스무디_민트초코 프라페 (Max),음료 및 차류,스무디,100g,120,2.2,,,591g
스무디_민트초코 프라페 (R),음료 및 차류,스무디,100g,116,2.17,,,414g
스무디_민트초코오레오프라페,음료 및 차류,스무디,100ml,93,1.15,3.38,11.28,591ml
스무디_민트초코칩 블렌디모 아이스(ICED),음료 및 차류,스무디,100g,104,1.65,,,425g
스무디_민트초코칩 요프치노,음료 및 차류,스무디,100ml,97,1.11,,,360ml
스무디_민트초코칩 프라페,음료 및 차류,스무디,100ml,100,0.33,,,600ml
소고기전골,찌개 및 전골류,소고기전골,100g,63,7.89,3.24,0.46,300g
스무디_믹스베리 요거트 프로스트 (R),음료 및 차류,스무디,100g,77,0.96,,,335g
스무디_믹스베리 프로스트 (L),음료 및 차류,스무디,100g,91,1.04,,,520g
스무디_믹스베리 프로스트 (R),음료 및 차류,스무디,100g,84,0.91,,,395g
스무디_민트 블렌디드,음료 및 차류,스무디,100g,76,1.08,,,526.4
스무디_민트 초코 프라페,음료 및 차류,스무디,100ml,112,1.57,,,591ml
스무디_민트 초코 프라페,음료 및 차류,스무디,100g,114,1.57,,,591g
스무디_민트 초코 프라페 (Grande),음료 및 차류,스무디,100ml,95,1.67,,,480ml
스무디_민트 초코 프라페 (Mini Venti),음료 및 차류,스무디,100ml,90,1.58,,,570ml
스무디_민트 초코 프라페 (Tall),음료 및 차류,스무디,100ml,106,1.95,,,360ml
스무디_민트 초코 프라페 (Venti),음료 및 차류,스무디,100ml,74,1.25,,,720ml
스무디_민트 초코칩 블렌디드,음료 및 차류,스무디,100g,80,1.93,,,415g
스무디_민트 초코칩 할리치노,음료 및 차류,스무디,100ml,124,1.98,,,354ml
스무디_민트 초콜릿 블렌디드 (L),음료 및 차류,스무디,100ml,61,1.27,,,473ml
스무디_민트 초콜릿 블렌디드 (R),음료 및 차류,스무디,100ml,61,1.25,,,415ml
스무디_민트 초콜릿 칩 블렌디드 (Tall),음료 및 차류,스무디,100g,128,2.54,,,355g
스무디_민트 초콜릿 칩 플랫치노,음료 및 차류,스무디,100ml,119,1.69,,,414ml
스무디_민트 프라페,음료 및 차류,스무디,100g,91,0.97,4.74,11,100g
스무디_민트 프라페,음료 및 차류,스무디,100ml,105,1,3.28,17.87,591ml
스무디_모카 프라페 (Grande),음료 및 차류,스무디,100ml,88,1.04,,,480ml
스무디_모카 프라페 (L),음료 및 차류,스무디,100g,91,1.4,,,450g
스무디_모카 프라페 (Mini Venti),음료 및 차류,스무디,100ml,85,0.88,,,570ml
스무디_모카 프라페 (R),음료 및 차류,스무디,100g,66,1.08,,,400g
스무디_모카 프라페 (Tall),음료 및 차류,스무디,100ml,79,0.83,,,360ml
스무디_모카 프라페 (Venti),음료 및 차류,스무디,100ml,78,0.83,,,720ml
스무디_모카 프라푸치노 (Tall),음료 및 차류,스무디,100g,79,1.41,,,355g
스무디_모카 프로스트 (L),음료 및 차류,스무디,100g,127,1.38,,,514g
스무디_모카 프로스트 (R),음료 및 차류,스무디,100g,115,1.21,,,389g
스무디_모카 플랫치노,음료 및 차류,스무디,100g,53,0.55,,,414g
스무디_모카자바칩프라페,음료 및 차류,스무디,100ml,94,1.05,3.87,12.5,591ml
스무디_모카칩커피 프라페 (L),음료 및 차류,스무디,100g,125,2.11,,,473g
스무디_모카칩커피 프라페 (Max),음료 및 차류,스무디,100g,119,2.03,,,591g
스무디_모카칩커피 프라페 (R),음료 및 차류,스무디,100g,116,1.93,,,414g
스무디_무안 군고구마 프라페 (L),음료 및 차류,스무디,100ml,54,1,0,10.8,1000m
스무디_무안 군고구마 프라페 (ML),음료 및 차류,스무디,100ml,56,0.99,0,11.12,710ml
스무디_미니펄 딸기 크러쉬,음료 및 차류,스무디,100ml,103,0.42,,,473ml
스무디_미니펄 망고 크러쉬,음료 및 차류,스무디,100ml,90,0.21,,,473ml
스무디_믹스베리 요거트 프로스트 (L),음료 및 차류,스무디,100g,85,1.05,,,455g
스무디_메리마카롱 소다,음료 및 차류,스무디,100g,115,1.39,,,360g
스무디_메리마카롱 솜사탕,음료 및 차류,스무디,100g,114,1.39,,,360g
스무디_메리마카롱 초코,음료 및 차류,스무디,100g,164,2.22,,,360g
스무디_메리마카롱 피스타치오,음료 및 차류,스무디,100g,111,3.28,,,360g
스무디_메리망고,음료 및 차류,스무디,100ml,116,1.39,,,360ml
스무디_메리베리,음료 및 차류,스무디,100ml,164,2.22,,,360ml
스무디_메리초코,음료 및 차류,스무디,100ml,164,2.22,,,360ml
스무디_메리치즈,음료 및 차류,스무디,100ml,148,2.22,,,360ml
스무디_메리치즈 초코쉘,음료 및 차류,스무디,100g,244,3.59,,,344g
스무디_메리트리,음료 및 차류,스무디,100ml,155,3.33,,,360ml
스무디_메리피치,음료 및 차류,스무디,100g,145,1.36,,,380g
스무디_멜론 쉐이크 (L),음료 및 차류,스무디,100g,66,1.06,,10.89,946g
스무디_멜론 쉐이크 (ML),음료 및 차류,스무디,100g,66,1.13,,11.41,710g
스무디_모카 브라우니 그라니따 (R),음료 및 차류,스무디,100g,106,1.16,,,432g
스무디_모카 블렌디모 아이스(ICED),음료 및 차류,스무디,100g,83,1.54,,,415g
스무디_모카 프라노베,음료 및 차류,스무디,100ml,102,1.47,,,360ml
스무디_모카 프라페,음료 및 차류,스무디,100g,80,1.13,,,355g
스무디_모카 프라페,음료 및 차류,스무디,100g,97,1.49,4.75,12.1,100g
피자_치즈크러스트하와이안쉬림프피자,빵 및 과자류,피자,100g,219,14.01,,,920g
스무디_망고요거트 스무디,음료 및 차류,스무디,100g,63,1.05,,,591g
스무디_망고요거트스무디,음료 및 차류,스무디,100ml,79,0.88,1.4,14.65,591ml
스무디_망고젤리 밀크 쉐이크,음료 및 차류,스무디,100ml,85,1.25,,,480ml
스무디_망고젤리 바닐라 아이스크림,음료 및 차류,스무디,100ml,44,0.28,,,360ml
스무디_망고패션 크러쉬,음료 및 차류,스무디,100ml,60,0.17,,,600ml
스무디_망고패션 크러쉬 (더벤티),음료 및 차류,스무디,100ml,71,0.1,,,960ml
스무디_메로미 스무디,음료 및 차류,스무디,100ml,151,1.6,,,235ml
스무디_메론 밀크 쉐이크,음료 및 차류,스무디,100ml,66,1.38,,,600ml
스무디_메론 쉐이크,음료 및 차류,스무디,100g,64,1.46,1.61,10.84,100g
스무디_메론 요거트 스무디,음료 및 차류,스무디,100ml,81,3.33,,,360ml
스무디_메론 치즈 프라페,음료 및 차류,스무디,100g,191,5.28,,,360g
스무디_메론 팝핑 스무디,음료 및 차류,스무디,100g,68,4.89,,,600g
스무디_메리뉴욕,음료 및 차류,스무디,100ml,182,4.17,,,360ml
스무디_메리더블 초코쉘,음료 및 차류,스무디,100g,205,2.93,,,360g
스무디_메리딸기,음료 및 차류,스무디,100ml,107,1.39,,,360ml
스무디_메리딸기 초코 브라우니,음료 및 차류,스무디,100ml,151,1.67,,,360ml
스무디_메리딸기 초코쉘,음료 및 차류,스무디,100g,154,1.89,,,403.5
스무디_메리딸기 치즈큐브,음료 및 차류,스무디,100ml,147,2.05,,,360ml
스무디_메리마카롱 딸기,음료 및 차류,스무디,100g,147,2.25,,,360g
스무디_망고 요거트 프로스트 (L),음료 및 차류,스무디,100g,85,1.23,,,455g
스무디_망고 요거트 프로스트 (R),음료 및 차류,스무디,100g,77,1.13,,,335g
스무디_망고 치즈 블렌디드,음료 및 차류,스무디,100g,72,0.15,,,458.2
스무디_망고 패션 프루트 블렌디드 (Tall),음료 및 차류,스무디,100g,34,0.28,,,355g
스무디_망고 페스티벌 스무디 (L),음료 및 차류,스무디,100ml,54,0.51,,,591ml
스무디_망고 페스티벌 스무디 (R),음료 및 차류,스무디,100ml,53,0.42,,,473ml
스무디_망고 페스티벌 스무디 (S),음료 및 차류,스무디,100ml,54,0.57,,,354ml
스무디_망고 포도 스무벨라,음료 및 차류,스무디,100g,41,0,,,550g
스무디_망고 프라페 (L),음료 및 차류,스무디,100g,106,0.21,,,473g
스무디_망고 프라페 (Max),음료 및 차류,스무디,100g,94,0.17,,,591g
스무디_망고 프라페 (R),음료 및 차류,스무디,100g,94,0.24,,,414g
스무디_망고 프로스트 (L),음료 및 차류,스무디,100g,92,1.42,,,520g
스무디_망고 프로스트 (R),음료 및 차류,스무디,100g,85,1.27,,,395g
스무디_망고 플랫치노,음료 및 차류,스무디,100ml,62,0,,,414ml
스무디_망고바나나요거트,음료 및 차류,스무디,100g,83,1.29,,,100g
스무디_망고스무디,음료 및 차류,스무디,100ml,92,0.71,0.95,20.14,591ml
스무디_망고요거트,음료 및 차류,스무디,100g,84,1.53,,,100g
스무디_망고요거트 스무디,음료 및 차류,스무디,100ml,101,1.5,1.58,19.9,650ml
스무디_망고요거트 스무디,음료 및 차류,스무디,100g,71,1.48,,,420g
스무디_망고 스무디 (L),음료 및 차류,스무디,100g,93,0,,,450g
스무디_망고 스무디 (L),음료 및 차류,스무디,100g,70,0,,,946g
스무디_망고 스무디 (M),음료 및 차류,스무디,100g,94,0,,,591g
스무디_망고 스무디 (R),음료 및 차류,스무디,100g,93,0,,,400g
스무디_망고 스무벨라,음료 및 차류,스무디,100ml,64,0,,,360ml
스무디_망고 아이스 블렌디드,음료 및 차류,스무디,100g,77,0.28,,,355g
스무디_망고 요거스 아이스(ICED) (L),음료 및 차류,스무디,100g,70,0.95,,13.95,946g
스무디_망고 요거스 아이스(ICED) (ML),음료 및 차류,스무디,100g,73,0.99,,14.65,710g
스무디_망고 요거트 그라니따,음료 및 차류,스무디,100g,73,0.68,,,440g
스무디_망고 요거트 그라니따 (R),음료 및 차류,스무디,100g,73,0.68,,,440g
스무디_망고 요거트 쉐이크,음료 및 차류,스무디,100ml,134,1.36,,,360ml
스무디_망고 요거트 스무디,음료 및 차류,스무디,100ml,71,1.48,,,420ml
스무디_망고 요거트 스무디,음료 및 차류,스무디,100g,73,0.49,,17.8,410g
스무디_망고 요거트 스무디,음료 및 차류,스무디,100ml,97,1.67,,,360ml
스무디_망고 요거트 스무디,음료 및 차류,스무디,100ml,80,0.33,,,600ml
스무디_망고 요거트 스무디,음료 및 차류,스무디,100ml,79,1.06,,,473ml
스무디_망고 요거트 스무디,음료 및 차류,스무디,100ml,62,1.02,0.85,12.54,591ml
스무디_망고 요거트 스무디 (더벤티),음료 및 차류,스무디,100ml,78,0.31,,,960ml
스무디_망고 요거트 코코 스무디,음료 및 차류,스무디,100g,110,1.65,,,650g
스무디_린1 스트로베리 스무디 (R),음료 및 차류,스무디,100ml,47,2.11,,,473ml
스무디_린1 스트로베리 스무디 (S),음료 및 차류,스무디,100ml,47,2.26,,,354ml
스무디_말차 밀크 프라페,음료 및 차류,스무디,100ml,103,1.95,,,360ml
스무디_말차 쿠키 아이스크림 프라페,음료 및 차류,스무디,100ml,125,1.59,,,473ml
스무디_말차 프라페,음료 및 차류,스무디,100ml,80,0.33,,,600ml
스무디_말차 프라페 (L),음료 및 차류,스무디,100ml,73,1.4,,11.8,1000m
스무디_말차 프라페 (ML),음료 및 차류,스무디,100ml,81,1.55,,12.53,710ml
스무디_말차 프라페 (더벤티),음료 및 차류,스무디,100ml,92,0.42,,,960ml
스무디_말차초코칩 프라페,음료 및 차류,스무디,100g,150,0.85,,,591g
스무디_망고 바나나 블렌디드 (Grande),음료 및 차류,스무디,100g,57,0.85,,,473g
스무디_망고 바나나 스무디,음료 및 차류,스무디,100ml,50,0.19,,,473ml
스무디_망고 바나나 프라페,음료 및 차류,스무디,100g,50,0.19,,,473g
스무디_망고 버블 프로스트 (L),음료 및 차류,스무디,100g,135,1.04,,,464g
스무디_망고 버블 프로스트 (R),음료 및 차류,스무디,100g,94,0.65,,,383g
스무디_망고 스노우,음료 및 차류,스무디,100g,71,0,,17.4,500g
스무디_망고 스무디,음료 및 차류,스무디,100g,69,0.24,,16.83,410g
스무디_망고 스무디,음료 및 차류,스무디,100ml,88,0.21,,,473ml
스무디_망고 스무디,음료 및 차류,스무디,100ml,54,0.19,0.03,13.7,650ml
스무디_망고 스무디,음료 및 차류,스무디,100g,58,0.75,0.7,12.2,100g
소곱창 구이,구이류,소곱창 구이,100ml,171,8.8,11.89,3.71,66.2
스무디_리얼 딸바 스무디 (Tall),음료 및 차류,스무디,100ml,68,1.39,,,360ml
스무디_리얼 딸바 스무디 (Venti),음료 및 차류,스무디,100ml,47,0.83,,,720ml
스무디_리얼 망고 스무디,음료 및 차류,스무디,100ml,62,0.09,,,591ml
스무디_리얼 망고 스무디 (Grande),음료 및 차류,스무디,100ml,61,1.04,,,480ml
스무디_리얼 망고 스무디 (Mini Venti),음료 및 차류,스무디,100ml,55,1.05,,,570ml
스무디_리얼 망고 스무디 (Tall),음료 및 차류,스무디,100ml,68,1.39,,,360ml
스무디_리얼 망고 스무디 (Venti),음료 및 차류,스무디,100ml,47,0.83,,,720ml
스무디_리얼 배 스무디,음료 및 차류,스무디,100ml,67,0.09,,,591ml
스무디_리얼 복숭아 스무디,음료 및 차류,스무디,100ml,67,0.09,,,591ml
스무디_리얼 블루베리 쉐이크 (R),음료 및 차류,스무디,100g,65,0.68,,,385g
스무디_리얼 초코 밀크 쉐이크,음료 및 차류,스무디,100ml,66,1.38,,,600ml
스무디_리얼 초코 블렌디드,음료 및 차류,스무디,100ml,78,1.27,,12.11,710ml
스무디_리얼 초코 쉐이크,음료 및 차류,스무디,100ml,78,1.35,,,600ml
스무디_리얼 초코 프라페,음료 및 차류,스무디,100ml,89,1.67,,,480ml
스무디_리얼 초코쿠키 쉐이크,음료 및 차류,스무디,100ml,72,1.4,,,600ml
스무디_리얼 쿠앤크 쉐이크 (R),음료 및 차류,스무디,100g,101,0.97,,,380g
스무디_리얼초코 프라페,음료 및 차류,스무디,100ml,111,1.27,3.06,19.58,591ml
스무디_리얼초코 프라페,음료 및 차류,스무디,100ml,113,2.03,,,591ml
소고기튀김,튀김류,소고기튀김,100ml,258,10.4,18.92,10.11,114.2
스무디_레몬 요거트 스무디 (Tall),음료 및 차류,스무디,100ml,106,1.39,,,360ml
스무디_레몬 요거트 스무디 (Venti),음료 및 차류,스무디,100ml,88,0.97,,,720ml
스무디_레몬 요구르트 스무디,음료 및 차류,스무디,100ml,74,0.42,,,473ml
스무디_레몬 팝핑 스무디,음료 및 차류,스무디,100g,77,0,,,600g
스무디_레몬요거트 스무디,음료 및 차류,스무디,100ml,78,1.53,1.58,14.31,650ml
스무디_레몬트위스트 스트로베리 스무디 (L),음료 및 차류,스무디,100ml,71,0.17,,,591ml
스무디_레몬트위스트 스트로베리 스무디 (R),음료 및 차류,스무디,100ml,71,0.21,,,473ml
스무디_레몬트위스트 스트로베리 스무디 (S),음료 및 차류,스무디,100ml,71,0.28,,,354ml
스무디_레트로커피 프라페 (L),음료 및 차류,스무디,100ml,64,1.2,,10.2,1000m
스무디_레트로커피 프라페 (ML),음료 및 차류,스무디,100ml,66,1.27,,10.42,710ml
스무디_로기 리틀 스트로베리 익스크림 스무디,음료 및 차류,스무디,100g,54,0.28,,,354g
스무디_로기 리틀 스트로베리 익스트림 스무디,음료 및 차류,스무디,100ml,54,0.28,,,354ml
스무디_로투스 비스코프 스노우,음료 및 차류,스무디,100g,116,1.69,,18.16,534g
스무디_리얼 과일스무디 딸기바나나,음료 및 차류,스무디,100g,66,1.97,,,355g
스무디_리얼 과일스무디 망고,음료 및 차류,스무디,100g,66,1.97,,,355g
스무디_리얼 딸기 쉐이크 (R),음료 및 차류,스무디,100g,65,0.77,,,430g
스무디_리얼 딸바 스무디 (Grande),음료 및 차류,스무디,100ml,61,1.04,,,480ml
스무디_리얼 딸바 스무디 (Mini Venti),음료 및 차류,스무디,100ml,55,0.88,,,570ml
소고기채소볶음,볶음류,소고기채소볶음,100ml,128,5.1,10.08,3.35,191.8
스무디_딸기한라봉 스무디,음료 및 차류,스무디,100ml,66,0,,,591ml
스무디_라니 리틀 골드키위 썬샤인 스무디,음료 및 차류,스무디,100ml,68,0.28,,,354ml
스무디_라이스 쉐이크,음료 및 차류,스무디,100ml,110,1.06,,,473ml
스무디_라이트 슬림 망고 요거트 스무디 노슈거 (Venti),음료 및 차류,스무디,100ml,20,1.32,,,650ml
스무디_라임자몽 크러쉬,음료 및 차류,스무디,100g,12,0.05,,,591g
스무디_라임포도 크러쉬,음료 및 차류,스무디,100g,32,0.15,,,591g
스무디_레드멜론 팝핑 그라니따 (L),음료 및 차류,스무디,100g,89,1.3,,,540g
스무디_레드멜론 팝핑 그라니따 (R),음료 및 차류,스무디,100g,90,1.54,,,455g
스무디_레드멜론 팝핑 그라니따 (V),음료 및 차류,스무디,100g,86,1.28,,,625g
스무디_레드자몽 스무디,음료 및 차류,스무디,100ml,59,0.21,,,473ml
스무디_레드자몽 쿨러시,음료 및 차류,스무디,100g,61,0.08,,,473g
스무디_레몬 구아바 크러시,음료 및 차류,스무디,100ml,38,0.11,,,710ml
스무디_레몬 딸기 스무디,음료 및 차류,스무디,100g,46,0.05,0,11.57,650g
스무디_레몬 요거트 스무디,음료 및 차류,스무디,100g,78,1.53,,14.32,650g
스무디_레몬 요거트 스무디,음료 및 차류,스무디,100g,105,2.25,,,355g
스무디_레몬 요거트 스무디,음료 및 차류,스무디,100ml,81,3.33,,,360ml
스무디_레몬 요거트 스무디 (Grande),음료 및 차류,스무디,100ml,106,1.25,,,480ml
스무디_레몬 요거트 스무디 (Mini Venti),음료 및 차류,스무디,100ml,89,1.05,,,570ml
스무디_딸기요거트 스무디,음료 및 차류,스무디,100g,72,1.28,,,625g
스무디_딸기요거트 스무디,음료 및 차류,스무디,100g,68,1.08,,,591g
스무디_딸기요거트 스무디 (L),음료 및 차류,스무디,100g,93,0.87,,,450g
스무디_딸기요거트 스무디 (R),음료 및 차류,스무디,100g,83,1.2,,,400g
스무디_딸기요거트스무디,음료 및 차류,스무디,100ml,75,0.86,1.4,14.55,591ml
스무디_딸기요구르트 스무디,음료 및 차류,스무디,100ml,41,0,,,591ml
스무디_딸기치즈 프라페,음료 및 차류,스무디,100g,116,1.52,5.49,15.22,100g
스무디_딸기치즈 프로스트 (L),음료 및 차류,스무디,100g,117,1.61,,,601g
스무디_딸기치즈 프로스트 (R),음료 및 차류,스무디,100g,98,1.43,,,420g
스무디_딸기쿠키 쉐이크,음료 및 차류,스무디,100g,104,1.21,,,489.8
스무디_딸기쿠키 요프치노,음료 및 차류,스무디,100ml,94,2.22,,,360ml
스무디_딸기쿠키 프라페,음료 및 차류,스무디,100g,171,1.68,5.34,28.95,100g
스무디_딸기쿠키 프라페,음료 및 차류,스무디,100ml,97,1.18,3.1,16.19,591ml
스무디_딸기크림 프라페,음료 및 차류,스무디,100g,96,1.26,,,636g
스무디_딸기크림쿠키 프라페,음료 및 차류,스무디,100g,126,2.03,,,591g
스무디_딸기크림프라푸치노,음료 및 차류,스무디,100g,86,0.89,,,100g
스무디_딸기퐁 크러쉬,음료 및 차류,스무디,100g,91,1.84,,,591g
스무디_딸기피치 요거스무디,음료 및 차류,스무디,100g,111,1.86,,,591g
스무디_딸기피치요거 스무디,음료 및 차류,스무디,100ml,111,1.86,,,591ml
스무디_딸기 쿠키 스무디 (XL),음료 및 차류,스무디,100g,103,1.21,,,660g
스무디_딸기 쿠키 아이스크림 프라페,음료 및 차류,스무디,100ml,116,1.19,,,473ml
스무디_딸기 퐁크러쉬,음료 및 차류,스무디,100ml,91,1.84,1.98,16.41,591ml
스무디_딸기 프라페,음료 및 차류,스무디,100g,162,1.48,,,473g
스무디_딸기 프로스트 (L),음료 및 차류,스무디,100g,89,1.42,,,520g
스무디_딸기 프로스트 (R),음료 및 차류,스무디,100g,74,1.25,,,375g
스무디_딸기돼지쉑,음료 및 차류,스무디,100g,102,2.03,,,591g
스무디_딸기두근 프렌치바닐라 블렌디드,음료 및 차류,스무디,100g,72,0.51,,,458g
스무디_딸기바나나 빽스치노,음료 및 차류,스무디,100ml,70,1.13,,,710ml
스무디_딸기바나나 빽스치노 소프트,음료 및 차류,스무디,100ml,96,1.55,,,710ml
스무디_딸기바나나요거트,음료 및 차류,스무디,100g,77,1.26,,,100g
스무디_딸기복숭아 스무디,음료 및 차류,스무디,100ml,34,0.15,0,8.3,650ml
스무디_딸기사과 젤리 크러쉬,음료 및 차류,스무디,100ml,66,0.07,,,591ml
스무디_딸기스노우 프라페,음료 및 차류,스무디,100ml,87,1.02,,,591ml
스무디_딸기스무디,음료 및 차류,스무디,100g,88,0.92,,18.22,650g
스무디_딸기스무디,음료 및 차류,스무디,100ml,101,0.71,0.95,22.03,591ml
스무디_딸기요거 스무디,음료 및 차류,스무디,100ml,101,1.86,,,591ml
스무디_딸기요거트,음료 및 차류,스무디,100g,76,1.14,,,100g
스무디_딸기요거트 스무디,음료 및 차류,스무디,100g,50,1.17,,,420g
스무디_딸기 요거트 스무디 (Grande),음료 및 차류,스무디,100ml,98,1.25,,,480ml
스무디_딸기 요거트 스무디 (Mini Venti),음료 및 차류,스무디,100ml,98,1.23,,,570ml
스무디_딸기 요거트 스무디 (Tall),음료 및 차류,스무디,100ml,107,1.39,,,360ml
스무디_딸기 요거트 스무디 (Venti),음료 및 차류,스무디,100ml,87,0.97,,,720ml
스무디_딸기 요거트 스무디 (더벤티),음료 및 차류,스무디,100ml,78,0.21,,,960ml
스무디_딸기 요거트 프로스트 (L),음료 및 차류,스무디,100g,84,1.23,,,455g
스무디_딸기 요거트 프로스트 (R),음료 및 차류,스무디,100g,76,1.13,,,335g
스무디_딸기 요거트 플랫치노,음료 및 차류,스무디,100ml,76,1.69,,,414ml
스무디_딸기 유자 소르베,음료 및 차류,스무디,100g,77,0.08,,,473g
스무디_딸기 유자 스무디,음료 및 차류,스무디,100ml,77,0.09,,,473ml
스무디_딸기 젤라또 프라페노 (R),음료 및 차류,스무디,100g,94,0.83,,,360g
스무디_딸기 쥬얼리 요구르트 크러쉬,음료 및 차류,스무디,100ml,81,0.42,,,473ml
스무디_딸기 초코칩 프라페,음료 및 차류,스무디,100g,134,0.68,,,591g
스무디_딸기 치즈 블렌디드,음료 및 차류,스무디,100g,98,1.93,,,415g
스무디_딸기 치즈케이크 할리치노,음료 및 차류,스무디,100ml,117,1.41,,,354ml
스무디_딸기 치즈케익 할리치노,음료 및 차류,스무디,100g,89,1.41,,,354g
스무디_딸기 코코 스무디,음료 및 차류,스무디,100g,98,2.2,,19.31,650g
스무디_딸기 쿠키 스무디,음료 및 차류,스무디,100ml,132,0.85,,,473ml
피자_치즈크러스트흑마늘불고기피자,빵 및 과자류,피자,100g,257,12.74,,,808g
스무디_딸기 요거스 아이스(ICED) (L),음료 및 차류,스무디,100g,69,0.95,,13.53,946g
스무디_딸기 요거스 아이스(ICED) (ML),음료 및 차류,스무디,100g,71,0.99,,14.23,710g
스무디_딸기 요거트 드롭치노,음료 및 차류,스무디,100g,91,1.46,0.68,,480g
스무디_딸기 요거트 드링크,음료 및 차류,스무디,100g,63,1.54,,10,650g
스무디_딸기 요거트 블렌디드,음료 및 차류,스무디,100g,84,0.91,,,584.4
스무디_딸기 요거트 블렌디드 (L),음료 및 차류,스무디,100ml,82,0.93,,,473ml
스무디_딸기 요거트 블렌디드 (R),음료 및 차류,스무디,100ml,82,0.94,,,415ml
스무디_딸기 요거트 쉐이크,음료 및 차류,스무디,100ml,134,1.36,,,360ml
스무디_딸기 요거트 스무디,음료 및 차류,스무디,100g,75,1.57,,,591g
스무디_딸기 요거트 스무디,음료 및 차류,스무디,100ml,104,1.67,,,360ml
스무디_딸기 요거트 스무디,음료 및 차류,스무디,100ml,63,1.13,,,710ml
스무디_딸기 요거트 스무디,음료 및 차류,스무디,100ml,74,1.57,,,591ml
스무디_딸기 요거트 스무디,음료 및 차류,스무디,100ml,50,1.17,,,420ml
스무디_딸기 요거트 스무디,음료 및 차류,스무디,100g,83,1.61,,,548g
스무디_딸기 요거트 스무디,음료 및 차류,스무디,100ml,66,1.02,0.8,13.65,591ml
스무디_딸기 요거트 스무디,음료 및 차류,스무디,100ml,79,1.29,,,473ml
스무디_딸기 요거트 스무디,음료 및 차류,스무디,100ml,81,0.33,,,600ml
스무디_딸기 요거트 스무디,음료 및 차류,스무디,100g,59,0.49,,13.9,410g
스무디_딸기 요거트 스무디,음료 및 차류,스무디,100g,106,1.97,,,355g
스무디_딸기 쉐이크,음료 및 차류,스무디,100ml,110,1.45,,,414ml
스무디_딸기 쉐이크,음료 및 차류,스무디,100ml,93,0.67,,,600ml
스무디_딸기 쉐이크,음료 및 차류,스무디,100ml,100,0.85,,,473ml
스무디_딸기 쉐이크 (R),음료 및 차류,스무디,100g,114,1.53,,,400g
스무디_딸기 쉐이크 (더벤티),음료 및 차류,스무디,100ml,95,0.94,,,960ml
스무디_딸기 스노우,음료 및 차류,스무디,100g,62,0.22,,15.22,460g
스무디_딸기 스무디,음료 및 차류,스무디,100g,65,0.66,1.47,12.2,100g
스무디_딸기 스무디,음료 및 차류,스무디,100g,74,0.96,,,415g
스무디_딸기 스무디,음료 및 차류,스무디,100g,43,0.24,,10.24,410g
스무디_딸기 스무디,음료 및 차류,스무디,100ml,88,0.92,1.23,18.21,650ml
스무디_딸기 스무디,음료 및 차류,스무디,100ml,70,0.57,,,354ml
스무디_딸기 스무디 (L),음료 및 차류,스무디,100g,52,0.83,,,450g
스무디_딸기 스무디 (L),음료 및 차류,스무디,100g,74,1.05,,,946g
스무디_딸기 스무디 (M),음료 및 차류,스무디,100g,73,0.86,,,591g
스무디_딸기 스무디 (R),음료 및 차류,스무디,100g,58,0.6,,,400g
스무디_딸기 스무벨라,음료 및 차류,스무디,100ml,71,0,,,360ml
스무디_딸기 요거 프라노베,음료 및 차류,스무디,100ml,59,1.36,,,360ml
스무디_딸기 요거스 (L),음료 및 차류,스무디,100ml,64,0.9,0,12.4,1000m
스무디_딸기 요거스 (ML),음료 및 차류,스무디,100ml,71,0.99,0,14.08,710ml
스무디_데일리오트바나나 프라페 (Max),음료 및 차류,스무디,100g,77,0.85,,,591g
스무디_데일리오트바나나 프라페 (R),음료 및 차류,스무디,100g,75,0.72,,,414g
스무디_돌체 크러쉬 위드 샷,음료 및 차류,스무디,100g,105,0.63,,,473g
스무디_디카페인 에스프레소 쉐이크,음료 및 차류,스무디,100g,83,0.85,,,591g
스무디_딥초콜릿 블렌디드,음료 및 차류,스무디,100g,107,1.27,4.11,,420g
스무디_딸기 그라니따,음료 및 차류,스무디,100g,76,0,,,450g
스무디_딸기 돼지쉑,음료 및 차류,스무디,100ml,87,1.25,,,720ml
스무디_딸기 딜라이트 요거트 블렌디드 (Tall),음료 및 차류,스무디,100g,104,2.54,,,355g
스무디_딸기 리얼요거트 프라페노 (L),음료 및 차류,스무디,100g,68,1.11,,,450g
스무디_딸기 리얼요거트 프라페노 (R),음료 및 차류,스무디,100g,67,1.11,,,360g
스무디_딸기 말차 쉐이크,음료 및 차류,스무디,100g,99,3.31,,,423g
스무디_딸기 망고 스무벨라,음료 및 차류,스무디,100g,249,0.31,,,255g
스무디_딸기 밀크 쉐이크,음료 및 차류,스무디,100g,92,1.53,,,457g
스무디_딸기 밀크 쉐이크,음료 및 차류,스무디,100g,105,1.02,,,591g
스무디_딸기 밀크 쉐이크,음료 및 차류,스무디,100ml,102,1,,,591ml
스무디_딸기 복숭아 스무디,음료 및 차류,스무디,100g,35,0,0,8.88,650g
스무디_딸기 빽스치노,음료 및 차류,스무디,100ml,68,1.13,,,710ml
스무디_딸기 빽스치노 소프트,음료 및 차류,스무디,100ml,97,1.41,,,710ml
스무디_딸기 뿅뿅 프라노베,음료 및 차류,스무디,100g,219,1.79,,,341g
소고기채소볶음,볶음류,소고기채소볶음,100ml,128,5.1,10.08,3.35,191.8
스무디_녹차 프라페,음료 및 차류,스무디,100g,71,1.55,1.74,12.3,100g
스무디_녹차 프로스트 (L),음료 및 차류,스무디,100g,94,1.52,,,526g
스무디_녹차 프로스트 (R),음료 및 차류,스무디,100g,90,1.37,,,401g
스무디_녹차 플랫치노,음료 및 차류,스무디,100g,69,1.01,,,414g
스무디_녹차바나치노,음료 및 차류,스무디,100ml,89,1.5,1.93,16.33,650ml
스무디_다크쇼콜라 프라노베,음료 및 차류,스무디,100g,96,2.5,,,360g
스무디_다크초코칩 할리치노,음료 및 차류,스무디,100g,154,1.98,,,354g
스무디_달고나 스무디 (XL),음료 및 차류,스무디,100g,56,1.06,,,660g
스무디_달고나 크런치 프라노베,음료 및 차류,스무디,100g,79,1,,,550g
스무디_달달녹차프라푸치노,음료 및 차류,스무디,100g,87,1.38,,,100g
스무디_더블 에스프레소 칩 프라푸치노 (Tall),음료 및 차류,스무디,100g,75,1.13,,,355g
스무디_더블 토피넛 위드샷 아이스(ICED),음료 및 차류,스무디,100g,109,1.45,,,414g
스무디_더블 토피넛 위드샷 핫(HOT),음료 및 차류,스무디,100g,120,1.93,,,414g
스무디_더블자바칩 프라페 (L),음료 및 차류,스무디,100ml,87,1.7,,11.5,1000m
스무디_더블자바칩 프라페 (ML),음료 및 차류,스무디,100ml,95,1.83,,12.25,710ml
스무디_더블초코 리터치노 아이스(ICED) (L),음료 및 차류,스무디,100g,80,1.06,,13,946g
스무디_더블초코 리터치노 아이스(ICED) (ML),음료 및 차류,스무디,100g,68,0.99,,10.85,710g
스무디_데일리오트바나나 프라페 (L),음료 및 차류,스무디,100g,86,0.85,,,473g
스무디_그릭요거트&딸기 밀크티 크러쉬,음료 및 차류,스무디,100g,102,1.27,,,473g
스무디_그릭요거트&망고 밀크티 크러쉬,음료 및 차류,스무디,100g,94,1.9,,,473g
스무디_그릭요거트&밀크티 크러쉬,음료 및 차류,스무디,100g,73,1.69,,,473g
스무디_그린민트 초코 탐앤치노,음료 및 차류,스무디,100g,119,1.22,3.9,19.76,410g
스무디_그린애플 요거트 스무디,음료 및 차류,스무디,100ml,84,1.15,,,600ml
스무디_그린애플 익스트림 스무디,음료 및 차류,스무디,100ml,93,0,,,600ml
스무디_그린티 그라니따 (R),음료 및 차류,스무디,100g,78,1.84,,,435g
스무디_그린티 밀크 쉐이크,음료 및 차류,스무디,100ml,74,1.25,,,600ml
스무디_그린티 블렌디모 아이스(ICED),음료 및 차류,스무디,100g,97,1.93,,,467.5
스무디_그린티 스노우,음료 및 차류,스무디,100g,97,1.41,,17.51,497g
스무디_그린티 스무디,음료 및 차류,스무디,100g,118,1.96,,,511g
스무디_그린티 스무디 (L),음료 및 차류,스무디,100g,75,1.36,,,946g
스무디_그린티 스무디 (M),음료 및 차류,스무디,100g,70,1.03,,,591g
스무디_그린티 아이스샷,음료 및 차류,스무디,100g,101,1.45,,,415g
스무디_그린티 초코칩 탐앤치노,음료 및 차류,스무디,100g,94,1.49,2.13,17.45,470g
스무디_그린티 탐앤치노,음료 및 차류,스무디,100g,87,0.98,2.2,15.85,410g
스무디_그린티 프라노베,음료 및 차류,스무디,100ml,70,1.61,,,360ml
스무디_그린티 프라페,음료 및 차류,스무디,100g,93,2.25,,,355g
스무디_그린티 프라페,음료 및 차류,스무디,100ml,108,1.44,,,591ml
순두부찌개_간편조리세트_해물짬뽕순두부,찌개 및 전골류,순두부찌개,100g,53,3.31,2.81,3.53,2058g
순두부찌개_김치,찌개 및 전골류,순두부찌개,100g,35,2.98,1.59,2.17,200g
순두부찌개_모듬,찌개 및 전골류,순두부찌개,100ml,25,3,0.84,1.36,150ml
순두부찌개_배추김치_돼지고기,찌개 및 전골류,순두부찌개,100ml,29,3.55,1.02,1.55,190ml
순두부찌개_해물,찌개 및 전골류,순두부찌개,100ml,29,4.09,0.85,1.41,190ml
숭어 매운탕,찌개 및 전골류,숭어 매운탕,100ml,51,6.8,0.87,4.11,275.8
스무디_20.6칼로리 슬림 플레인 요거트 스무디,음료 및 차류,스무디,100g,21,1.96,,,100g
스무디_가니 리틀 캐리비안 웨이,음료 및 차류,스무디,100ml,56,0.28,,,354ml
스무디_고구마 스무디,음료 및 차류,스무디,100ml,68,1.13,,,710ml
스무디_고구마 프로스트 (L),음료 및 차류,스무디,100g,104,1.51,,,650g
스무디_고구마 프로스트 (R),음료 및 차류,스무디,100g,94,1.37,,,475g
스무디_곡물 스무디,음료 및 차류,스무디,100g,128,1.89,,,530g
스무디_곡성 멜론 스무디,음료 및 차류,스무디,100g,80,0.85,0.64,17.23,470g
스무디_골드망고 스무디,음료 및 차류,스무디,100ml,35,0.14,0.05,8.61,591ml
스무디_골드키위 썬샤인 스무디 (L),음료 및 차류,스무디,100ml,74,0.17,,,591ml
스무디_골드키위 썬샤인 스무디 (R),음료 및 차류,스무디,100ml,74,0.21,,,473ml
스무디_골드키위 썬샤인 스무디 (S),음료 및 차류,스무디,100ml,74,0.28,,,354ml
스무디_골든펄 돌체 밀크티 스무디,음료 및 차류,스무디,100g,89,0.42,,,473g
숙주나물_숙주_채소,나물·숙채류,숙주나물,100ml,15,0.97,0.68,1.66,170ml
숙주미나리나물,나물·숙채류,숙주미나리나물,100ml,18,1.04,0.99,1.69,80ml
숙주미나리나물,나물·숙채류,숙주미나리나물,100ml,18,1.11,0.85,1.97,170ml
숙주미나리나물,나물·숙채류,숙주미나리나물,100ml,17,1.07,0.9,1.79,60ml
순 현미밥,밥류,순 현미밥,100ml,129,2.6,0.72,27.59,250ml
순대,찜류,순대,100g,187,2.75,3.64,35.73,220g
순대,찜류,순대,100ml,165,5.5,6.55,20.61,69.3
순대,찜류,순대,100g,181,6.52,8.55,19.45,300g
순대,찜류,순대,100ml,165,5.5,6.55,20.61,69.3
순대,찜류,순대,100ml,252,9.6,8.91,32.11,64.1
순대국,국 및 탕류,순대국,100g,85,2.35,1.75,14.95,600g
순대국,국 및 탕류,순대국,100g,68,5.44,4.13,2.16,800g
순대국,국 및 탕류,순대국,100ml,25,2,1.28,1.56,397.5
순대국,국 및 탕류,순대국,100ml,55,2.9,1.82,6.98,393.3
순대국,국 및 탕류,순대국,100ml,51,2.7,2.83,3.72,750ml
순대국,국 및 탕류,순대국,100ml,25,2,1.28,1.56,397.5
순대볶음,볶음류,순대볶음,100ml,150,2.9,3.19,27.39,150ml
순대볶음,볶음류,순대볶음,100ml,89,2.89,4.17,10.69,300ml
수제비_감자,면 및 만두류,수제비,100ml,88,2.9,0.27,17.65,247.5
수제비_감자,면 및 만두류,수제비,100ml,88,2.9,0.27,17.65,247.5
수제비_김치,면 및 만두류,수제비,100ml,67,2.6,0.29,12.81,320ml
수제비_김치,면 및 만두류,수제비,100ml,67,2.6,0.29,12.81,320ml
숙주나물,나물·숙채류,숙주나물,100ml,23,1.7,1.11,2.45,55ml
숙주나물,나물·숙채류,숙주나물,100g,35,2.22,1.58,2.96,50g
숙주나물,나물·숙채류,숙주나물,100ml,10,0.9,0.53,0.82,70ml
숙주나물,나물·숙채류,숙주나물,100ml,26,1.7,1.45,2.46,40ml
숙주나물,나물·숙채류,숙주나물,100ml,10,0.9,0.53,0.82,70ml
숙주나물_미나리,나물·숙채류,숙주나물,100ml,18,1,0.99,1.66,80ml
숙주나물_미나리,나물·숙채류,숙주나물,100ml,18,1.1,0.85,1.97,170ml
숙주나물_미나리,나물·숙채류,숙주나물,100ml,17,1.1,0.9,1.78,60ml
숙주나물_미나리,나물·숙채류,숙주나물,100ml,18,1.1,0.84,1.97,170ml
숙주나물_숙주,나물·숙채류,숙주나물,100ml,21,1.23,1.3,1.77,50ml
숙주나물_숙주,나물·숙채류,숙주나물,100ml,15,1.05,0.74,1.53,170ml
숙주나물_숙주,나물·숙채류,숙주나물,100ml,17,1.13,0.96,1.58,70ml
숙주나물_숙주_게맛살,나물·숙채류,숙주나물,100ml,28,1.84,0.9,3.71,90ml
숙주나물_숙주_채소,나물·숙채류,숙주나물,100ml,19,1.12,0.97,1.89,60ml
소시지볶음_채소,볶음류,소시지볶음,100ml,119,5.74,7.61,6.78,200ml
소시지조림,조림류,소시지조림,100ml,234,11.9,15.02,12.89,62.2
소시지조림,조림류,소시지조림,100ml,196,11.4,11.1,12.66,53.2
소시지조림_어묵,조림류,소시지조림,100ml,223,10.8,12.86,16.02,71.8
소시지튀김,튀김류,소시지튀김,100ml,311,13.6,18.41,20.49,75.7
소시지튀김,튀김류,소시지튀김,100ml,280,12.3,16.61,18.39,46.6
소시지튀김,튀김류,소시지튀김,100ml,280,12.3,16.61,18.39,46.6
소시지튀김,튀김류,소시지튀김,100ml,309,13.8,18.67,19.73,75.7
소안심스테이크,구이류,소안심스테이크,100ml,197,16.6,12.51,2.64,232ml
소탕,국 및 탕류,소탕,100g,58,5.1,3.57,1.27,150g
송어 매운탕,찌개 및 전골류,송어 매운탕,100ml,54,6.6,1.35,4.03,275.8
송편_검정콩,빵 및 과자류,송편,100g,200,6.9,0.8,41.2,100g
송편_깨,빵 및 과자류,송편,100g,224,4.92,2.74,44.96,100g
송편_깨,빵 및 과자류,송편,100g,219,4.65,3.23,42.83,100g
송편_콩,빵 및 과자류,송편,100g,194,5.24,0.75,41.66,100g
송편_팥,빵 및 과자류,송편,100g,200,5.4,0.4,43.6,100g
수란_중탕,찜류,수란,100g,145,12.3,11.7,0.2,100g
수박화채,음료 및 차류,수박화채,100ml,42,1.2,0.87,7.79,200ml
소세지빵_허니마요 소세지,빵 및 과자류,소세지빵,100g,321,11,18.9,26.6,175g
소세지빵_후라잉소시지포테이토,빵 및 과자류,소세지빵,100g,308,9.17,,,120g
소스/드레싱_간편조리세트_오야꼬동 (밥제외),"장류, 양념류",소스/드레싱,100g,116,8.93,5.54,7.66,768g
소스/드레싱_이디야초콜릿디핑소스,"장류, 양념류",소스/드레싱,100g,280,2.5,,,40g
소시지 케첩볶음,볶음류,소시지 케첩볶음,100ml,234,11.6,14.74,13.02,88.6
소시지 케첩볶음,볶음류,소시지 케첩볶음,100ml,127,5.4,9.1,5.84,88.6
소시지 케첩볶음,볶음류,소시지 케첩볶음,100ml,252,11.5,17.08,12.93,98.6
소시지 케첩볶음,볶음류,소시지 케첩볶음,100ml,252,11.5,17.08,12.93,98.6
소시지_그릴소시지,수·조·어·육류,소시지,100g,220,15,,,350g
소시지볶음,볶음류,소시지볶음,100g,236,9.4,14.95,15.9,200g
소시지볶음,볶음류,소시지볶음,100g,280,11.94,19.38,14.41,200g
소시지볶음,볶음류,소시지볶음,100ml,118,5.7,7.61,6.78,200ml
소시지볶음,볶음류,소시지볶음,100ml,136,6.5,8.32,9.04,100ml
소시지볶음,볶음류,소시지볶음,100ml,133,7,8.95,6.17,100ml
소시지볶음,볶음류,소시지볶음,100ml,132,6.8,8.25,7.75,170ml
소시지볶음_채소,볶음류,소시지볶음,100ml,134,6.8,8.34,7.71,170ml
소시지볶음_채소,볶음류,소시지볶음,100ml,134,7.01,8.95,6.15,100ml
소시지볶음_채소,볶음류,소시지볶음,100ml,138,6.54,8.32,9.03,100ml
소세지빵_길어서 더 든든한 롱롱소시지빵,빵 및 과자류,소세지빵,100g,292,10.12,,,168g
소세지빵_낙엽소시지브레드,빵 및 과자류,소세지빵,100g,287,8.09,,,136g
소세지빵_돌돌말린모짜렐라치즈소시지,빵 및 과자류,소세지빵,100g,292,12.8,,,125g
소세지빵_든든한통소시지빵,빵 및 과자류,소세지빵,100g,276,8.82,,,170g
소세지빵_롱소시지 빼로야,빵 및 과자류,소세지빵,100g,341,14.81,,,135g
소세지빵_매콤할라 소시지빵,빵 및 과자류,소세지빵,100g,353,10.72,,,112g
소세지빵_뽀드득그릴소시지,빵 및 과자류,소세지빵,100g,248,7.83,,,115g
소세지빵_소세지빵,빵 및 과자류,소세지빵,100g,260,9.87,,,192.5
소세지빵_소시지빵,빵 및 과자류,소세지빵,100g,204,6.25,7.5,28.75,80g
소세지빵_소시지빵(낙엽빵),빵 및 과자류,소세지빵,100g,298,11.7,,,94g
소세지빵_소시지소프트프랑스,빵 및 과자류,소세지빵,100g,315,9.88,19.14,25.31,162g
소세지빵_소시지조리빵,빵 및 과자류,소세지빵,100g,285,10,,,100g
소세지빵_스모크 소시지빵,빵 및 과자류,소세지빵,100g,346,12.4,,,129g
소세지빵_스모크소시지빵 할라피뇨,빵 및 과자류,소세지빵,100g,335,12,,,137g
소세지빵_오징어깨임,빵 및 과자류,소세지빵,100g,286,10.92,,,119g
소세지빵_추억의소시지빵,빵 및 과자류,소세지빵,100g,262,5.38,,,130g
소세지빵_탱글탱글 뽀드득 소시지,빵 및 과자류,소세지빵,100g,250,10.45,12.69,24.63,134g
소세지빵_탱글탱글뽀드득소시지,빵 및 과자류,소세지빵,100g,265,10.45,,,134g
소보로빵_클래식딸기잼 맘모스,빵 및 과자류,소보로빵,100g,401,6.49,,,370g
소보로빵_클래식딸기잼맘모스,빵 및 과자류,소보로빵,100g,403,6.49,,,370g
소보로빵_튀김 소보로,빵 및 과자류,소보로빵,100g,394,7.06,,,85g
소불고기,구이류,소불고기,100g,186,10.33,13.1,6.73,
소불고기,구이류,소불고기,100ml,289,13.4,22.87,4.8,73.4
소불고기,구이류,소불고기,100g,170,16.41,9.66,4.26,200g
소불고기,구이류,소불고기,100ml,144,7.8,9.61,6.12,100ml
소불고기,구이류,소불고기,100ml,289,13.4,22.87,4.8,73.4
소불고기_버섯,구이류,소불고기,100ml,86,8.68,3.76,4.38,270ml
소불고기_버섯,구이류,소불고기,100ml,88,7.48,4.34,4.72,160ml
소불고기_버섯,구이류,소불고기,100ml,97,6.07,5.35,6.58,480ml
소사태찜,찜류,소사태찜,100ml,137,12.6,4.65,10.44,95.3
소사태찜,찜류,소사태찜,100ml,96,9.3,3.31,6.42,168.3
소사태찜,찜류,소사태찜,100ml,137,12.6,4.65,10.44,95.3
소세지빵_NEW고소한후랑크소시지,빵 및 과자류,소세지빵,100g,327,12.25,,,98g
소세지빵_NEW어니언소시지포카치아,빵 및 과자류,소세지빵,100g,336,11.82,,,110g
소세지빵_NEW추억의소시지빵,빵 및 과자류,소세지빵,100g,342,10,,,120g
소세지빵_감자샐러드 소세지빵,빵 및 과자류,소세지빵,100g,319,10.37,,,135g
만두국_고기만두,면 및 만두류,만두국,100ml,59,3.02,2.15,7.09,250ml
소보로빵_소보로빵,빵 및 과자류,소보로빵,100g,421,9.21,,,76g
소보로빵_소보로빵,빵 및 과자류,소보로빵,100g,356,9.3,11.3,54.2,60g
소보로빵_소보루 완두앙금빵,빵 및 과자류,소보로빵,100g,248,5.71,,,105g
소보로빵_소보루빵,빵 및 과자류,소보로빵,100g,383,9.72,,,72g
소보로빵_소보루빵,빵 및 과자류,소보로빵,100g,388,8.24,,,85g
소보로빵_소보루생크림빵,빵 및 과자류,소보로빵,100g,355,6.36,19.09,40,110g
소보로빵_스위트밀크브레드,빵 및 과자류,소보로빵,100g,305,8,,,570g
소보로빵_쑥이듬뿍 맘모스,빵 및 과자류,소보로빵,100g,331,8.06,,,310g
소보로빵_왕단팥소보루,빵 및 과자류,소보로빵,100g,296,7.69,,,130g
소보로빵_진짜고구마 소보로,빵 및 과자류,소보로빵,100g,348,6.09,,,115g
소보로빵_진짜고구마소보로,빵 및 과자류,소보로빵,100g,345,5.04,,,119g
소보로빵_쫄깃한 찰떡맘모스,빵 및 과자류,소보로빵,100g,339,6.88,,,320g
소보로빵_쫄깃한 찰떡맘모스 (1/4),빵 및 과자류,소보로빵,100g,338,6.25,,,80g
소보로빵_쫄깃한 찰떡맘모스 (1/8),빵 및 과자류,소보로빵,100g,338,7.5,,,40g
소보로빵_쫄깃한 찰떡맘모스 (H),빵 및 과자류,소보로빵,100g,338,6.88,,,160g
소보로빵_찹쌀숨은 소보루,빵 및 과자류,소보로빵,100g,290,8,,,300g
소보로빵_치치모스(대),빵 및 과자류,소보로빵,100g,348,7.5,,,240g
소보로빵_치치모스(소),빵 및 과자류,소보로빵,100g,346,7.5,,,120g
만두국,면 및 만두류,만두국,100g,62,3.06,2.49,6.83,700g
소보로빵_달콤고소한밤롤브레드,빵 및 과자류,소보로빵,100g,290,7,,,235g
소보로빵_땅콩크림 소보로,빵 및 과자류,소보로빵,100g,456,7.84,,,102g
소보로빵_땅콩크림소보로,빵 및 과자류,소보로빵,100g,456,8.82,,,102g
소보로빵_맘모스 딸기,빵 및 과자류,소보로빵,100g,361,8,,,130g
소보로빵_맘모스브레드,빵 및 과자류,소보로빵,100g,365,7,,,330g
소보로빵_맘모스브레드 (H),빵 및 과자류,소보로빵,100g,368,7.06,,,170g
소보로빵_맘모스브레드(half),빵 및 과자류,소보로빵,100g,368,7.06,,,170g
소보로빵_맘모스빵,빵 및 과자류,소보로빵,100g,348,7.2,,,250g
소보로빵_맘모스빵,빵 및 과자류,소보로빵,100g,354,6.77,13.65,51.07,100g
소보로빵_밤롤브레드,빵 및 과자류,소보로빵,100g,300,7,,,220g
소보로빵_밤소보루맘모스,빵 및 과자류,소보로빵,100g,288,7.14,8.93,48.21,280g
소보로빵_밤소보루맘모스 (H),빵 및 과자류,소보로빵,100g,289,6.43,8.57,47.86,140g
소보로빵_밤이듬뿍맘모스(대),빵 및 과자류,소보로빵,100g,342,5.08,,,335g
소보로빵_밤이듬뿍맘모스(소),빵 및 과자류,소보로빵,100g,341,5.39,,,167g
소보로빵_생크림 소보로,빵 및 과자류,소보로빵,100g,414,7.53,,,93g
소보로빵_생크림 소보루,빵 및 과자류,소보로빵,100g,388,8.24,,,85g
소보로빵_생크림소보로,빵 및 과자류,소보로빵,100g,414,8.6,,,93g
소보로빵_생크림소보루,빵 및 과자류,소보로빵,100g,370,6.96,,,115g
소등심 스테이크,구이류,소등심 스테이크,100ml,223,10.6,18.22,3.3,91.2
소등심 스테이크,구이류,소등심 스테이크,100ml,229,10.6,18.22,3.3,91.2
소등심 스테이크,구이류,소등심 스테이크,100ml,223,10.6,18.22,3.3,91.2
소등심 스테이크,구이류,소등심 스테이크,100ml,270,12.6,22.71,0.86,250ml
소등심구이,구이류,소등심구이,100ml,318,15.9,26.71,0,176ml
소등심구이,구이류,소등심구이,100ml,311,15.9,26.79,0.26,127.7
소등심구이,구이류,소등심구이,100ml,320,15.9,26.79,0.26,127.7
소등심구이,구이류,소등심구이,100ml,320,15.9,26.79,0.26,127.7
소라무침,생채·무침류,소라무침,100ml,122,18.7,1.58,7.46,91ml
소라무침,생채·무침류,소라무침,100ml,122,18.7,1.58,7.46,91ml
소라산적,전·적 및 부침류,소라산적,100g,150,22.4,3.14,8.06,80g
소보로빵,빵 및 과자류,소보로빵,100g,392,8.27,15.13,55.63,70g
소보로빵,빵 및 과자류,소보로빵,100g,396,9.02,13.25,60.22,70g
소보로빵_NEW단팥소보로,빵 및 과자류,소보로빵,100g,386,10,,,110g
소보로빵_PB달콤한크림정통소보루,빵 및 과자류,소보로빵,100g,364,7.27,17.27,46.36,110g
소보로빵_PB정통소보루,빵 및 과자류,소보로빵,100g,388,8.75,15,55,80g
소보로빵_단팥소보루,빵 및 과자류,소보로빵,100g,283,7.63,,,120g
피자_치즈킹오리지널 (L),빵 및 과자류,피자,100g,264,13.27,,,861g
만두_물만두,면 및 만두류,만두,100g,195,8.06,11.13,15.61,230g
소금빵_바질토마토 치킨 소금빵,빵 및 과자류,소금빵,100g,292,14.94,,,87g
소금빵_발효버터 먹물소금빵,빵 및 과자류,소금빵,100g,373,7.27,,,55g
소금빵_발효버터 명란소금빵,빵 및 과자류,소금빵,100g,392,7.69,21.54,41.54,65g
소금빵_발효버터 소금빵,빵 및 과자류,소금빵,100g,373,7.27,,,55g
소금빵_버터리 소금빵,빵 및 과자류,소금빵,100g,376,8,17.33,48,75g
소금빵_버터버터 소금빵,빵 및 과자류,소금빵,100g,448,6.67,25.33,48,75g
소금빵_뺑오플레르 (L),빵 및 과자류,소금빵,100g,338,8,,,85g
소금빵_소금빵,빵 및 과자류,소금빵,100g,318,9.23,,,65g
소금빵_앙버터 소금빵,빵 및 과자류,소금빵,100g,376,7.63,17.88,47.63,80g
소금빵_앙버터 소금빵,빵 및 과자류,소금빵,100g,365,6.19,,,118g
소금빵_앙버터 소금빵 (L),빵 및 과자류,소금빵,100g,381,7.66,18.34,47.66,145g
소금빵_에멘탈 햄치즈 소금빵,빵 및 과자류,소금빵,100g,362,11.59,,,69g
소금빵_오리지널 소금빵,빵 및 과자류,소금빵,100g,371,7.9,,,76g
소금빵_치즈할라피뇨소금빵,빵 및 과자류,소금빵,100g,372,8.98,,,78g
소금빵_크랜베리치킨 소금빵,빵 및 과자류,소금빵,100g,323,10.12,,,155.2
소금빵_핫치킨 소금빵,빵 및 과자류,소금빵,100g,243,10.12,,,155.2
소금빵_허니버터 소금빵,빵 및 과자류,소금빵,100g,416,6.56,,,93g
소내장구이,구이류,소내장구이,100ml,92,6.75,6.53,0.75,260ml
소고기버섯죽,죽 및 스프류,소고기버섯죽,100ml,99,2.7,2.89,15.03,168.2
소고기볶음,볶음류,소고기볶음,100ml,237,10.6,19.41,2.71,94.2
소고기볶음,볶음류,소고기볶음,100ml,159,7,13.07,3.16,147.9
소고기볶음,볶음류,소고기볶음,100ml,163,7,13.07,3.12,147.9
소고기볶음_간편조리세트_차돌박이숙주볶음,볶음류,소고기볶음,100g,193,7.3,15.35,6.38,369g
소고기볶음_고추장,볶음류,소고기볶음,100ml,157,5.7,11.51,7.04,92.9
소고기볶음_고추장,볶음류,소고기볶음,100ml,154,5.7,11.51,7.09,92.9
소고기볶음_고추장,볶음류,소고기볶음,100ml,143,5.9,9.75,7.23,173.7
소고기볶음_고추장,볶음류,소고기볶음,100g,197,14.36,10.79,10.7,220g
소고기볶음_버섯,볶음류,소고기볶음,100ml,72,6.2,3.53,3.97,180ml
소고기볶음_버섯,볶음류,소고기볶음,100ml,97,6.1,6.35,4.29,100ml
소고기볶음_버섯,볶음류,소고기볶음,100ml,97,6.1,6.35,4.29,100ml
소고기볶음_버섯,볶음류,소고기볶음,100g,144,11.59,7.73,6.92,230g
소고기볶음_채소,볶음류,소고기볶음,100g,126,12.8,5.4,6.44,230g
소금빵_갈릭버터소금빵,빵 및 과자류,소금빵,100g,402,6.06,,,66g
소금빵_고메 소금빵,빵 및 과자류,소금빵,100g,374,9.43,,,53g
소금빵_고짠고짠소금버터링,빵 및 과자류,소금빵,100g,325,8.33,11.67,46.67,60g
소금빵_매콤할라 소금빵,빵 및 과자류,소금빵,100g,346,8.98,,,78g
소고기 완자전,전·적 및 부침류,소고기 완자전,100ml,318,14.1,23.28,10.08,77.6
소고기 완자전,전·적 및 부침류,소고기 완자전,100ml,314,14.1,22.92,10.06,46.2
소고기 완자전,전·적 및 부침류,소고기 완자전,100ml,318,14.1,23.28,10.08,77.6
소고기 완자전,전·적 및 부침류,소고기 완자전,100ml,314,14.1,22.92,10.06,46.2
소고기 장조림,조림류,소고기 장조림,100ml,237,31.5,9.66,3.97,56.6
소고기 장조림,조림류,소고기 장조림,100ml,209,15.2,12.44,7.28,50ml
소고기 장조림,조림류,소고기 장조림,100ml,188,14.9,10.52,6.9,50ml
소고기 장조림,조림류,소고기 장조림,100ml,230,29.6,9.02,5.13,56.6
소고기 장조림_꽈리고추,조림류,소고기 장조림,100ml,132,14.7,4.25,8.22,86.6
소고기 장조림_메추리알,조림류,소고기 장조림,100ml,152,14.4,7.12,6.22,50ml
소고기 장조림_메추리알,조림류,소고기 장조림,100ml,152,14.4,7.12,6.22,50ml
소고기 장조림_메추리알,조림류,소고기 장조림,100ml,152,14.4,7.12,6.22,50ml
소고기 장조림_메추리알,조림류,소고기 장조림,100ml,152,14.4,7.12,6.22,50ml
소고기국_무_당면,국 및 탕류,소고기국,100ml,34,1.8,1.67,2.92,563ml
소고기국_무_당면,국 및 탕류,소고기국,100ml,34,1.8,1.67,2.92,563ml
소고기버섯죽,죽 및 스프류,소고기버섯죽,100ml,100,2.8,3,14.9,168.2
소고기버섯죽,죽 및 스프류,소고기버섯죽,100g,72,2.34,0.93,13.63,800g
소고기버섯죽,죽 및 스프류,소고기버섯죽,100ml,119,4.3,2.72,20.93,259ml
소고기 국밥_내장,밥류,소고기 국밥,100ml,62,2.2,0.75,11.02,932.1
소고기 덮밥,밥류,소고기 덮밥,100ml,120,3.3,3.07,18.92,387.9
소고기 덮밥,밥류,소고기 덮밥,100ml,120,3.3,3.07,18.92,387.9
소고기 덮밥,밥류,소고기 덮밥,100ml,109,5.7,2.78,14.39,667.5
소고기 두부국,국 및 탕류,소고기 두부국,100ml,34,2.8,2.18,0.62,320ml
소고기 떡찜,찜류,소고기 떡찜,100ml,303,10.6,14.48,32.19,78.4
소고기 무국,국 및 탕류,소고기 무국,100ml,23,1.6,1.49,0.53,251.9
소고기 무국,국 및 탕류,소고기 무국,100ml,23,1.6,1.49,0.53,251.9
소고기 무국_콩나물,국 및 탕류,소고기 무국,100ml,27,1.9,1.64,1.06,170ml
소고기 미역국,국 및 탕류,소고기 미역국,100ml,21,1.6,1.37,0.92,300ml
소고기 미역국,국 및 탕류,소고기 미역국,100ml,17,1.5,1.05,0.59,320ml
소고기 미역국,국 및 탕류,소고기 미역국,100ml,23,1.9,1.55,0.56,200ml
소고기 미역국_떡,국 및 탕류,소고기 미역국,100ml,24,1.7,1.39,1.15,190ml
소고기 미역국_바지락,국 및 탕류,소고기 미역국,100ml,11,1.1,0.57,0.9,300ml
소고기 샌드위치,빵 및 과자류,소고기 샌드위치,100ml,195,7.1,9.6,20.03,223.8
소고기 샌드위치,빵 및 과자류,소고기 샌드위치,100ml,203,6.9,10.61,19.7,250ml
소고기 샌드위치,빵 및 과자류,소고기 샌드위치,100ml,203,6.9,10.61,19.7,250ml
소고기 샤브샤브,찌개 및 전골류,소고기 샤브샤브,100ml,47,3,2.08,4.1,930ml
세발낙지볶음,볶음류,세발낙지볶음,100ml,88,11.6,0.9,8.35,110ml
세발낙지볶음,볶음류,세발낙지볶음,100ml,68,4.7,2.29,7.88,256ml
세발낙지볶음,볶음류,세발낙지볶음,100ml,68,4.7,2.29,7.88,256ml
세발낙지찜,찜류,세발낙지찜,100ml,74,5.5,4.31,3.8,600ml
소간 채소볶음,볶음류,소간 채소볶음,100ml,120,10.5,5.29,7.74,104.2
소갈비 구이,구이류,소갈비 구이,100ml,210,10.2,15.23,6.33,141.4
소갈비 구이,구이류,소갈비 구이,100ml,210,10.2,15.23,6.33,141.4
소갈비 구이,구이류,소갈비 구이,100ml,298,14.4,21.6,9.01,216ml
소갈비 구이,구이류,소갈비 구이,100ml,210,10.2,15.23,6.33,141.4
소갈비찜,찜류,소갈비찜,100ml,238,12.8,16.8,7.91,116.1
소갈비찜,찜류,소갈비찜,100ml,160,8,11.32,5.3,225.2
소갈비찜,찜류,소갈비찜,100ml,235,12.2,16.86,6.72,116.1
소갈비찜,찜류,소갈비찜,100ml,111,5.38,7.08,6.45,750ml
소갈비찜_해물,찜류,소갈비찜,100ml,137,11.41,6.11,8.65,1120m
소고기 감자죽,죽 및 스프류,소고기 감자죽,100ml,88,3.1,2,13.65,320ml
소고기 감자죽,죽 및 스프류,소고기 감자죽,100ml,82,2.6,2.71,11.19,247.9
소고기 국밥,밥류,소고기 국밥,100ml,66,2.3,0.56,12.54,809ml
소고기 국밥_내장,밥류,소고기 국밥,100ml,104,3.7,1.28,18.63,400.7
피자_치즈블라썸 스테이크 피자 에그타르트 (R),빵 및 과자류,피자,100g,269,14.55,,,879g
피자_치즈블라썸 스테이크 피자 치즈캡 (L),빵 및 과자류,피자,100g,246,12.99,,,1280
피자_치즈블라썸 스테이크 피자 치즈캡 (M),빵 및 과자류,피자,100g,258,13.54,,,845.5
피자_치즈블라썸 스테이크 피자 치즈캡 (R),빵 및 과자류,피자,100g,232,14.16,,,866g
피자_치즈블라썸 스테이크 피자 크림치즈 (L),빵 및 과자류,피자,100g,245,10.81,,,1367
피자_치즈블라썸 스테이크 피자 크림치즈 (M),빵 및 과자류,피자,100g,257,11.15,,,886.5
피자_치즈블라썸 스테이크 피자 크림치즈 (R),빵 및 과자류,피자,100g,265,15.04,,,907g
피자_치즈스테이크 피자(L),빵 및 과자류,피자,100g,261,16.45,,,1058g
피자_치즈씬(L),빵 및 과자류,피자,100g,310,16,,,470g
피자_치즈오리지널 (L),빵 및 과자류,피자,100g,267,12.67,,,779g
피자_치즈왕창 (L),빵 및 과자류,피자,100g,261,13.97,,,1000g
피자_치즈왕창 (R),빵 및 과자류,피자,100g,259,13.4,,,537g
피자_치즈왕창 피자 (L),빵 및 과자류,피자,100g,280,14.87,,,908
피자_치즈왕창 피자 (R),빵 및 과자류,피자,100g,276,14.31,,,491.2
피자_치즈크러스트 피자 (L),빵 및 과자류,피자,100g,574,38.92,25.64,46.83,705g
피자_치즈크러스트고추마요치킨피자,빵 및 과자류,피자,100g,284,14.16,,,756g
피자_치즈크러스트꿀고구마피자,빵 및 과자류,피자,100g,234,9.7,,,950g
피자_치즈크러스트돼지불백피자,빵 및 과자류,피자,100g,270,15.13,,,733g
피자_치즈로니 피자 (L),빵 및 과자류,피자,100g,287,16.22,,,890g
피자_치즈로니 피자 (R),빵 및 과자류,피자,100g,286,15.79,,,570g
피자_치즈바이트 피자,빵 및 과자류,피자,100g,250,14.81,,25.93,1083g
피자_치즈바이트 피자 (L),빵 및 과자류,피자,100g,549,29.8,22.65,56.57,785g
피자_치즈베이컨피자 (L),빵 및 과자류,피자,100g,274,15.3,,,672g
피자_치즈베이컨피자 (M),빵 및 과자류,피자,100g,263,14.46,,,481g
피자_치즈베이컨피자 리치골드크러스트 (L),빵 및 과자류,피자,100g,274,14.93,,,872g
피자_치즈베이컨피자 리치골드크러스트 (M),빵 및 과자류,피자,100g,265,14.32,,,581g
피자_치즈베이컨피자 치즈크러스트 (L),빵 및 과자류,피자,100g,276,15.09,,,772g
피자_치즈베이컨피자 치즈크러스트 (M),빵 및 과자류,피자,100g,266,14.36,,,556g
피자_치즈블라썸 스테이크 피자 골드 (L),빵 및 과자류,피자,100g,245,11.78,,,1321
피자_치즈블라썸 스테이크 피자 골드 (M),빵 및 과자류,피자,100g,256,12.05,,,859.2
피자_치즈블라썸 스테이크 피자 골드 (R),빵 및 과자류,피자,100g,263,15.45,,,879g
피자_치즈블라썸 스테이크 피자 노엣지 (L),빵 및 과자류,피자,100g,243,11.9,,,1158g
피자_치즈블라썸 스테이크 피자 노엣지 (M),빵 및 과자류,피자,100g,256,12.3,,,750g
피자_치즈블라썸 스테이크 피자 노엣지 (R),빵 및 과자류,피자,100g,264,16.06,,,770g
피자_치즈블라썸 스테이크 피자 에그타르트 (L),빵 및 과자류,피자,100g,251,10.95,,,1321
피자_치즈블라썸 스테이크 피자 에그타르트 (M),빵 및 과자류,피자,100g,262,11.27,,,859.2
피자_치즈 피자 치즈링 (R),빵 및 과자류,피자,100g,286,15.79,,,455g
피자_치즈 피자 치즈버스트 나폴리 (L),빵 및 과자류,피자,100g,273,13.41,14.05,23.11,806g
피자_치즈 피자 치즈버스트 오리지널 (L),빵 및 과자류,피자,100g,265,12.03,11.51,28.42,1012g
피자_치즈 피자 크레이프 샌드 피자 (L),빵 및 과자류,피자,100g,247,9.5,11.09,27.18,1075g
피자_치즈 피자 크레이프 샌드 피자 (M),빵 및 과자류,피자,100g,248,9.8,11.97,25.26,728g
피자_치즈 피자 팬 (L),빵 및 과자류,피자,100g,287,11.75,,,822g
피자_치즈 피자 팬 (M),빵 및 과자류,피자,100g,285,11.64,,,420g
피자_치즈(L),빵 및 과자류,피자,100g,268,13.33,,,632g
피자_치즈(M),빵 및 과자류,피자,100g,268,13.33,,,429g
피자_치즈多 피자,빵 및 과자류,피자,100g,294,15.06,,,680g
피자_치즈더블치즈엣지 오리지널 (L),빵 및 과자류,피자,100g,277,13.33,,,944g
피자_치즈더포테이토 피자 마니아 에어도우 (L),빵 및 과자류,피자,100g,289,10.25,,,980g
피자_치즈더포테이토 피자 마니아 에어도우 (M),빵 및 과자류,피자,100g,288,10.79,,,573g
피자_치즈더포테이토 피자 마니아 파마산엣지 (L),빵 및 과자류,피자,100g,287,11.28,,,1003g
피자_치즈더포테이토 피자 마니아 파마산엣지 (M),빵 및 과자류,피자,100g,291,11.33,,,587g
피자_치즈딥 LA BBQ 불고기(L),빵 및 과자류,피자,100g,254,12.59,,,789g
피자_치즈딥 콤비네이션 (L),빵 및 과자류,피자,100g,248,12.06,,,819g
피자_치즈딥 페페로니 (L),빵 및 과자류,피자,100g,284,12.87,,,696g
아이스크림_아몬드봉봉,유제품류 및 빙과류,아이스크림,100g,271,4.35,,,115g
아이스크림_아몬드봉봉 아이스크림,유제품류 및 빙과류,아이스크림,100g,271,4.35,13.91,32.17,115g
아이스크림_아빠는 딸바봉,유제품류 및 빙과류,아이스크림,100g,268,3.48,,,115g
아이스크림_아이 원 츄,유제품류 및 빙과류,아이스크림,100g,280,3.48,,,115g
아이스크림_아이스 그린티 킷캣,유제품류 및 빙과류,아이스크림,100g,245,4.35,,,115g
아이스크림_아이스 노티드 우유 생크림 아이스크림,유제품류 및 빙과류,아이스크림,100g,236,3.48,13.04,26.09,115g
아이스크림_아이스 노티드 클래식 바닐라 아이스크림,유제품류 및 빙과류,아이스크림,100g,196,3.48,7.83,27.83,115g
아이스크림_아이스 도쿄바나나,유제품류 및 빙과류,아이스크림,100g,210,3.48,,,115g
아이스크림_아이스 맥심 모카골드,유제품류 및 빙과류,아이스크림,100g,227,3.48,,,115g
아이스크림_아이스 메론빵,유제품류 및 빙과류,아이스크림,100g,215,3.48,,,115g
아이스크림_아이스 초코 도쿄바나나,유제품류 및 빙과류,아이스크림,100g,223,3.48,,,115g
아이스크림_아이스 칸탈로프 멜론,유제품류 및 빙과류,아이스크림,100g,185,1.74,,,115g
아이스크림_아이스 호떡,유제품류 및 빙과류,아이스크림,100g,249,3.48,,,115g
아이스크림_아이스마카롱 체리쥬빌레,유제품류 및 빙과류,아이스크림,100g,295,5.82,,,83g
아이스크림_아이스마카롱 쿠키앤크림,유제품류 및 빙과류,아이스크림,100g,308,5.82,,,83g
피자_치즈 피자 오리지널 (L),빵 및 과자류,피자,100g,260,13.31,6.32,33.85,766g
피자_치즈 피자 오리지널 (M),빵 및 과자류,피자,100g,261,11.58,8.17,35.23,457g
피자_치즈 피자 치즈링 (L),빵 및 과자류,피자,100g,290,15.68,,,740g
아이스크림_슈팅스타 아이스크림,유제품류 및 빙과류,아이스크림,100g,226,2.61,10.43,30.43,115g
아이스크림_슈팅스타 아이스크림 레디팩,유제품류 및 빙과류,아이스크림,100g,189,2.77,,,100g
아이스크림_스트라치아텔라 젤라또,유제품류 및 빙과류,아이스크림,100g,177,3.8,,,100g
아이스크림_스트로베리 아이스크림,유제품류 및 빙과류,아이스크림,100g,115,2,,,100g
아이스크림_스트로베리 치즈 아이스크림,유제품류 및 빙과류,아이스크림,100g,179,2.48,,,161g
아이스크림_스트로베리파라다이스 요거트아이스크림,유제품류 및 빙과류,아이스크림,100g,119,2.51,,,450g
아이스크림_스틱바민트쿠앤크 아이스크림,유제품류 및 빙과류,아이스크림,100g,265,3,,,100g
아이스크림_스틱바초코그린티 아이스크림,유제품류 및 빙과류,아이스크림,100g,225,3.65,,,100g
아이스크림_시그니처 샘플러 젤라또,유제품류 및 빙과류,아이스크림,100g,182,2.53,,,158g
아이스크림_시그니처 콜드브루 리코타치즈 아포가토,유제품류 및 빙과류,아이스크림,100g,155,1.95,,,205g
아이스크림_시그니처 콜드브루 바닐라 아포가토,유제품류 및 빙과류,아이스크림,100g,160,1.95,,,205g
아이스크림_시나몬그래그래바나밤 요거트아이스크림,유제품류 및 빙과류,아이스크림,100g,145,2.99,,,411g
아이스크림_시카고팝콘 아이스크림,유제품류 및 빙과류,아이스크림,100g,232,3.48,13.04,25.22,115g
아이스크림_시크릿 컵 젤라또,유제품류 및 빙과류,아이스크림,100g,187,3.03,,,132g
아이스크림_시크릿 콘 젤라또,유제품류 및 빙과류,아이스크림,100g,214,3.92,,,153g
아이스크림_싱가포르의아침 그릭요거트,유제품류 및 빙과류,아이스크림,100g,164,11.93,,,290g
아이스크림_쌀떡궁합 아이스크림,유제품류 및 빙과류,아이스크림,100g,138,1.96,,,100g
아이스크림_썬대,유제품류 및 빙과류,아이스크림,100g,196,3.17,6.86,30.45,100g
아이스크림_소프트 아이스크림,유제품류 및 빙과류,아이스크림,100g,171,2.05,,,195g
아이스크림_소프트 아이스크림,유제품류 및 빙과류,아이스크림,100g,139,3,4.5,21.62,210g
아이스크림_소프트 아이스크림 (컵),유제품류 및 빙과류,아이스크림,100g,159,2.73,,,110g
아이스크림_소프트 아이스크림 (콘),유제품류 및 빙과류,아이스크림,100g,241,4.44,,,135g
아이스크림_소프트콘,유제품류 및 빙과류,아이스크림,100g,164,2.78,,,90g
아이스크림_솔티 카라멜 글레이즈,유제품류 및 빙과류,아이스크림,100g,261,4.12,,,194g
아이스크림_솔티 카라멜 글레이즈 프레즐,유제품류 및 빙과류,아이스크림,100g,268,4.43,,,203g
아이스크림_솔티끼 나 너 초코,유제품류 및 빙과류,아이스크림,100g,246,3.48,,,115g
아이스크림_솔티드 카라멜 젤라또,유제품류 및 빙과류,아이스크림,100g,167,3.2,,,100g
아이스크림_솔티드 카초멜리아 젤라또,유제품류 및 빙과류,아이스크림,100g,180,3.8,,,100g
아이스크림_솜사탕 젤라또,유제품류 및 빙과류,아이스크림,100g,119,1.3,,,100g
아이스크림_수박 Hero,유제품류 및 빙과류,아이스크림,100g,143,0,,,115g
아이스크림_수퍼 펭귄 시리얼 아이스크림,유제품류 및 빙과류,아이스크림,100g,262,3.48,14.78,28.7,115g
아이스크림_순수우유 소프트콘,유제품류 및 빙과류,아이스크림,100g,213,4.24,,,165g
아이스크림_숭아야  그릭다,유제품류 및 빙과류,아이스크림,100g,172,3.48,,,115g
아이스크림_슈크림 젤라또,유제품류 및 빙과류,아이스크림,100g,206,5,,,100g
아이스크림_슈크림 코파 젤라또,유제품류 및 빙과류,아이스크림,100g,208,4.86,,,144g
아이스크림_슈팅스타,유제품류 및 빙과류,아이스크림,100g,226,2.61,,,115g
아이스크림_블루베리 요거트,유제품류 및 빙과류,아이스크림,100g,183,4.35,,,115g
아이스크림_블루베리 요거트 젤라또,유제품류 및 빙과류,아이스크림,100g,148,2.4,,,100g
아이스크림_블루베리 치즈 아이스크림,유제품류 및 빙과류,아이스크림,100g,193,2.78,,,144g
아이스크림_블루베리 파나코타,유제품류 및 빙과류,아이스크림,100g,197,3.48,,,115g
아이스크림_블루베리의 정석,유제품류 및 빙과류,아이스크림,100g,175,2.08,3.33,34.59,240g
아이스크림_빠삭 두바이 초코쉘,유제품류 및 빙과류,아이스크림,100g,237,3.5,10.5,26,200g
아이스크림_빠삭말차 초코쉘의 정석,유제품류 및 빙과류,아이스크림,100g,249,4.29,12.38,30,210g
아이스크림_빠작 바나나 브륄레,유제품류 및 빙과류,아이스크림,100g,133,1.85,1.45,28.15,270g
아이스크림_사랑에 빠진 딸기,유제품류 및 빙과류,아이스크림,100g,254,3.48,,,115g
아이스크림_사랑에 빠진 딸기 아이스크림,유제품류 및 빙과류,아이스크림,100g,254,3.48,13.91,28.7,115g
아이스크림_새콤달콤의 정석,유제품류 및 빙과류,아이스크림,100g,104,1.93,1.1,21.77,363g
아이스크림_선데아이스크림스트로베리,유제품류 및 빙과류,아이스크림,100g,155,2.16,,,165g
아이스크림_선데아이스크림플레인,유제품류 및 빙과류,아이스크림,100g,151,2.34,,,150g
아이스크림_선데아이스크림허쉬초코,유제품류 및 빙과류,아이스크림,100g,164,2.27,,,170g
아이스크림_소금 우유 아이스크림,유제품류 및 빙과류,아이스크림,100g,193,4.35,,,115g
아이스크림_소소한행복 그릭요거트,유제품류 및 빙과류,아이스크림,100g,147,15.09,,,226g
아이스크림_소프트 아이스크림,유제품류 및 빙과류,아이스크림,100g,168,3.08,,,130g
피자_치즈크러스트레드콘피자,빵 및 과자류,피자,100g,241,12.45,,,864g
아이스크림_블랙 소르베 아이스크림,유제품류 및 빙과류,아이스크림,100g,122,0,0,30.43,115g
아이스크림_블록팩 뉴욕치즈 케이크 아이스크림,유제품류 및 빙과류,아이스크림,100g,226,3.42,,,100g
아이스크림_블록팩 바람과함께사라지다 아이스크림,유제품류 및 빙과류,아이스크림,100g,201,2.9,,,100g
아이스크림_블록팩 슈팅스타 아이스크림,유제품류 및 빙과류,아이스크림,100g,207,2.47,,,100g
아이스크림_블록팩 아몬드봉봉 아이스크림,유제품류 및 빙과류,아이스크림,100g,217,3.16,,,100g
아이스크림_블록팩 엄마는외계인 아이스크림,유제품류 및 빙과류,아이스크림,100g,218,3.09,,,100g
아이스크림_블록팩 이상한나라의솜사탕 아이스크림,유제품류 및 빙과류,아이스크림,100g,210,3.05,,,100g
아이스크림_블록팩 체리쥬빌레 아이스크림,유제품류 및 빙과류,아이스크림,100g,185,2.52,,,100g
아이스크림_블록팩 초콜릿무스 아이스크림,유제품류 및 빙과류,아이스크림,100g,237,3.49,,,100g
아이스크림_블록팩 쿠키앤크림 아이스크림,유제품류 및 빙과류,아이스크림,100g,216,3.32,,,100g
아이스크림_블루 바나나 브륄레,유제품류 및 빙과류,아이스크림,100g,212,3.48,,,115g
아이스크림_블루 서퍼 비치,유제품류 및 빙과류,아이스크림,100g,241,3.48,,,115g
아이스크림_블루밍 콜드브루 리코타치즈 아포가토,유제품류 및 빙과류,아이스크림,100g,155,1.95,,,205g
아이스크림_블루밍 콜드브루 바닐라 아포가토,유제품류 및 빙과류,아이스크림,100g,155,1.95,,,205g
아이스크림_블루베리 라떼 젤라또,유제품류 및 빙과류,아이스크림,100g,123,1.5,,,100g
아이스크림_블루베리 솔베 젤라또,유제품류 및 빙과류,아이스크림,100g,118,0.3,,,100g
아이스크림_블루베리 아이스크림,유제품류 및 빙과류,아이스크림,100g,151,1.48,,,135g
아이스크림_블루베리 아이스크림,유제품류 및 빙과류,아이스크림,100g,149,1.76,,,100g
아이스크림_바닐라아포가토,유제품류 및 빙과류,아이스크림,100g,208,2.52,,,159g
아이스크림_바닐라품었슈,유제품류 및 빙과류,아이스크림,100g,122,1.73,,,139g
아이스크림_바람과함께사라지다,유제품류 및 빙과류,아이스크림,100g,234,3.48,,,115g
아이스크림_바람과함께사라지다 아이스크림,유제품류 및 빙과류,아이스크림,100g,234,3.48,11.3,29.57,115g
아이스크림_바삭한 쫀꾸렛,유제품류 및 빙과류,아이스크림,100g,271,4.35,,,115g
아이스크림_벅스 버니버니 당근당근 아이스크림,유제품류 및 빙과류,아이스크림,100g,227,3.48,11.3,27.83,115g
아이스크림_벌집꿀허니넛 요거트아이스크림,유제품류 및 빙과류,아이스크림,100g,209,4.62,,,260g
아이스크림_베리베리스트로베리,유제품류 및 빙과류,아이스크림,100g,198,2.61,,,115g
아이스크림_베리베리스트로베리 아이스크림,유제품류 및 빙과류,아이스크림,100g,198,2.61,10.43,23.48,115g
아이스크림_베리베리스트로베리 아이스크림 레디팩,유제품류 및 빙과류,아이스크림,100g,132,2.48,,,100g
아이스크림_베스트 샘플러 젤라또,유제품류 및 빙과류,아이스크림,100g,188,2.61,,,153g
아이스크림_보늬밤 열린 말차숲의 정석,유제품류 및 빙과류,아이스크림,100g,216,3.69,4,41.54,325g
아이스크림_보이즌 베리드림 아이스크림,유제품류 및 빙과류,아이스크림,100g,220,3,,,100g
아이스크림_복숭아 젤라또,유제품류 및 빙과류,아이스크림,100g,130,1.6,,,100g
아이스크림_봄날의 곰을 좋아하세요,유제품류 및 빙과류,아이스크림,100g,183,2.61,,,115g
아이스크림_봉쥬르  마카롱,유제품류 및 빙과류,아이스크림,100g,231,5.22,,,115g
아이스크림_북극곰 폴라베어,유제품류 및 빙과류,아이스크림,100g,243,2.61,,,115g
아이스크림_블랙 소르베,유제품류 및 빙과류,아이스크림,100g,122,0,,,115g
아이스크림_밀크 아이스크림,유제품류 및 빙과류,아이스크림,100ml,79,2.83,,,120ml
아이스크림_밀크 아이스크림,유제품류 및 빙과류,아이스크림,100g,188,4,,17.33,150g
아이스크림_밀크 아포가토,유제품류 및 빙과류,아이스크림,100ml,79,2.86,,,140ml
아이스크림_밀크티 코파 젤라또,유제품류 및 빙과류,아이스크림,100g,187,3.64,,,137.5
아이스크림_바나나 속 초코칩 젤라또,유제품류 및 빙과류,아이스크림,100g,185,3.7,,,100g
아이스크림_바나나 젤라또,유제품류 및 빙과류,아이스크림,100g,170,3.7,,,100g
아이스크림_바나나 품은 헤이즐넛 초코렛 젤라또,유제품류 및 빙과류,아이스크림,100g,193,4,,,100g
아이스크림_바나나쥬빌레 아이스크림,유제품류 및 빙과류,아이스크림,100g,217,2.61,12.17,24.35,115g
아이스크림_바닐라,유제품류 및 빙과류,아이스크림,100g,214,3.48,,,115g
아이스크림_바닐라 (더블),유제품류 및 빙과류,아이스크림,100g,213,2.78,,,180g
아이스크림_바닐라 (싱글),유제품류 및 빙과류,아이스크림,100g,213,2.22,,,90g
아이스크림_바닐라 빈 젤라또,유제품류 및 빙과류,아이스크림,100g,165,3.6,,,100g
아이스크림_바닐라 아이스크림,유제품류 및 빙과류,아이스크림,100g,214,3.48,12.17,22.61,115g
아이스크림_바닐라 아포가토,유제품류 및 빙과류,아이스크림,100g,194,2.8,,,107g
아이스크림_바닐라 아포가토,유제품류 및 빙과류,아이스크림,100g,156,1.95,,,205g
아이스크림_바닐라 젤라또,유제품류 및 빙과류,아이스크림,100g,166,3.6,,,100g
아이스크림_바닐라 클래식 아이스크림,유제품류 및 빙과류,아이스크림,100g,115,2,,,100g
아이스크림_바닐라아몬드 크런치 아이스크림,유제품류 및 빙과류,아이스크림,100g,218,6.09,9.57,26.96,115g
아이스크림_망고탱고 아이스크림 레디팩,유제품류 및 빙과류,아이스크림,100g,177,2.4,,,100g
아이스크림_망고패션 젤라또,유제품류 및 빙과류,아이스크림,100g,129,0.54,,,140g
아이스크림_메롱멜론,유제품류 및 빙과류,아이스크림,100g,190,1.74,,,115g
아이스크림_메이플아츄,유제품류 및 빙과류,아이스크림,100g,296,4.28,7.59,51.67,311g
아이스크림_멜론 젤라또,유제품류 및 빙과류,아이스크림,100g,114,1.43,,,140g
아이스크림_멜론멍키카바나나 요거트아이스크림,유제품류 및 빙과류,아이스크림,100g,93,2.23,,,470g
아이스크림_멜론의 정석,유제품류 및 빙과류,아이스크림,100g,145,1.94,2.58,28.71,310g
아이스크림_몬스터 아이스크림,유제품류 및 빙과류,아이스크림,100g,166,2.12,,,100g
아이스크림_무지개요아정,유제품류 및 빙과류,아이스크림,100g,204,3.06,10,25.28,360g
아이스크림_미니 스노우모찌(그린티  스트로베리  망고),유제품류 및 빙과류,아이스크림,100g,270,4.54,,,96g
아이스크림_민초의 정석,유제품류 및 빙과류,아이스크림,100g,288,4.14,11.72,41.72,290g
아이스크림_민트 블리스,유제품류 및 빙과류,아이스크림,100g,246,4.35,,,115g
아이스크림_민트 초코 봉봉,유제품류 및 빙과류,아이스크림,100g,248,3.48,,,115g
아이스크림_민트 초코 젤라또,유제품류 및 빙과류,아이스크림,100g,181,3.3,,,100g
아이스크림_민트초코칩 아이스크림,유제품류 및 빙과류,아이스크림,100g,250,3.8,,,100g
아이스크림_민트초콜릿칩,유제품류 및 빙과류,아이스크림,100g,225,3.48,,,115g
아이스크림_민트초콜릿칩 아이스크림,유제품류 및 빙과류,아이스크림,100g,225,3.48,13.04,23.48,115g
아이스크림_민트초콜릿칩 아이스크림 레디팩,유제품류 및 빙과류,아이스크림,100g,192,3.67,,,100g
아이스크림_마법사의 할로윈 아이스크림,유제품류 및 빙과류,아이스크림,100g,254,3.48,13.91,28.7,115g
아이스크림_마스카포네치즈 젤라또,유제품류 및 빙과류,아이스크림,100g,179,4.4,,,100g
아이스크림_마시는 요거트,유제품류 및 빙과류,아이스크림,100g,65,3,4.1,4,100g
아이스크림_말랑 꿀떡 모찌,유제품류 및 빙과류,아이스크림,100g,214,2.61,,,115g
아이스크림_말랑 딸기 찹쌀떡,유제품류 및 빙과류,아이스크림,100g,228,3.48,,,115g
아이스크림_말차다미아,유제품류 및 빙과류,아이스크림,100g,223,3.48,,,115g
아이스크림_말차숲 오렌지의 정석,유제품류 및 빙과류,아이스크림,100g,139,3,4,24.33,300g
아이스크림_망고 (더블),유제품류 및 빙과류,아이스크림,100g,109,0.56,,,180g
아이스크림_망고 라떼 젤라또,유제품류 및 빙과류,아이스크림,100g,124,1.6,,,100g
아이스크림_망고 솔베 젤라또,유제품류 및 빙과류,아이스크림,100g,121,0.4,,,100g
아이스크림_망고 아이스드림,유제품류 및 빙과류,아이스크림,100g,166,1.67,,,300g
아이스크림_망고 아이스크림,유제품류 및 빙과류,아이스크림,100g,136,1.66,,,100g
아이스크림_망고 아이스크림,유제품류 및 빙과류,아이스크림,100g,173,2.5,,,120g
아이스크림_망고 요거트 젤라또,유제품류 및 빙과류,아이스크림,100g,148,2.4,,,100g
아이스크림_망고의 정석,유제품류 및 빙과류,아이스크림,100g,148,1.88,3.75,26.25,320g
아이스크림_망고차차 아사이볼,유제품류 및 빙과류,아이스크림,100g,155,2.11,4.21,31.58,285g
아이스크림_망고탱고,유제품류 및 빙과류,아이스크림,100g,207,2.61,,,115g
아이스크림_망고탱고 아이스크림,유제품류 및 빙과류,아이스크림,100g,173,2.61,6.09,26.96,115g
아이스크림_럭키카라멜터틀 아이스크림,유제품류 및 빙과류,아이스크림,100g,126,2.09,,,100g
아이스크림_레드 라즈베리 소르베 아이스크림,유제품류 및 빙과류,아이스크림,100g,129,0,0,32.17,115g
아이스크림_레드 포레스트 젤라또,유제품류 및 빙과류,아이스크림,100g,155,2.8,,,100g
아이스크림_레몬 젤라또,유제품류 및 빙과류,아이스크림,100g,118,0.5,,,100g
아이스크림_레인보우 아이스크림,유제품류 및 빙과류,아이스크림,100g,114,2,,,100g
아이스크림_레인보우샤베트,유제품류 및 빙과류,아이스크림,100g,141,0.87,,,115g
아이스크림_레인보우샤베트 아이스크림,유제품류 및 빙과류,아이스크림,100g,141,2.61,1.74,28.7,115g
아이스크림_로얄밀크티파르페 아이스(ICED) (Short),유제품류 및 빙과류,아이스크림,100g,251,2.83,,,247g
아이스크림_로투스비스코프 아이스크림 레디팩,유제품류 및 빙과류,아이스크림,100g,219,2.7,,,100g
아이스크림_로투스비스코프 젤라또,유제품류 및 빙과류,아이스크림,100g,200,3,,,100g
아이스크림_리얼초콜릿오버로드 요거트아이스크림,유제품류 및 빙과류,아이스크림,100g,232,4.19,,,279g
아이스크림_리코타 젤라또,유제품류 및 빙과류,아이스크림,100g,164,4.1,,,100g
아이스크림_리코타치즈 (더블),유제품류 및 빙과류,아이스크림,100g,206,2.78,,,180g
아이스크림_리코타치즈 (싱글),유제품류 및 빙과류,아이스크림,100g,206,2.22,,,90g
아이스크림_리코타치즈 아포가토,유제품류 및 빙과류,아이스크림,100g,151,1.95,,,205g
아이스크림_리콜라 레몬민트 샤베트,유제품류 및 빙과류,아이스크림,100g,194,0.87,,,115g
아이스크림_마법사의 비밀 레시피,유제품류 및 빙과류,아이스크림,100g,254,3.48,,,115g
피자_치즈크러스트명란크림새우피자,빵 및 과자류,피자,100g,267,13.44,,,776g
아이스크림_디노 젤리 아이스크림,유제품류 및 빙과류,아이스크림,100g,223,3.48,10.43,28.7,115g
아이스크림_딸기 (싱글),유제품류 및 빙과류,아이스크림,100g,100,0,,,109g
아이스크림_딸기 라떼 젤라또,유제품류 및 빙과류,아이스크림,100g,121,1.6,,,100g
아이스크림_딸기 솔베 젤라또,유제품류 및 빙과류,아이스크림,100g,103,0.5,,,100g
아이스크림_딸기 아이스드림,유제품류 및 빙과류,아이스크림,100g,167,2,,,300g
아이스크림_딸기 연유 퐁당,유제품류 및 빙과류,아이스크림,100g,203,3.48,,,115g
아이스크림_딸기 요거트 젤라또,유제품류 및 빙과류,아이스크림,100g,146,2.4,,,100g
아이스크림_딸기 젤라또,유제품류 및 빙과류,아이스크림,100g,150,0.3,,,100g
아이스크림_딸기 티라미스크림,유제품류 및 빙과류,아이스크림,100g,208,2.52,,,220g
아이스크림_딸기 파르페,유제품류 및 빙과류,아이스크림,100g,252,0.99,,,263g
아이스크림_딸기라떼 젤라또,유제품류 및 빙과류,아이스크림,100g,139,2.86,,,140g
아이스크림_딸기의 정석,유제품류 및 빙과류,아이스크림,100g,158,2.96,5.56,24.08,270g
아이스크림_딸기쿠키 아이스크림,유제품류 및 빙과류,아이스크림,100g,183,2.76,,,145g
아이스크림_땅콩 바나나 젤라또,유제품류 및 빙과류,아이스크림,100g,195,5,,,100g
아이스크림_라떼 젤라또,유제품류 및 빙과류,아이스크림,100g,215,5,,,100g
아이스크림_라이언망고 마카롱 아이스크림,유제품류 및 빙과류,아이스크림,100g,195,2.61,6.96,30.43,115g
아이스크림_러브미,유제품류 및 빙과류,아이스크림,100g,217,3.48,,,115g
아이스크림_러브미 아이스크림,유제품류 및 빙과류,아이스크림,100g,217,3.48,11.3,25.22,115g
피자_점보불고기 피자,빵 및 과자류,피자,100g,221,16.29,,,1560g
피자_짱감자 피자 흑미스크린 (L),빵 및 과자류,피자,100g,222,11.19,,,1072g
피자_짱감자 피자 흑미스크린 (R),빵 및 과자류,피자,100g,218,10.31,,,582g
피자_짱감자 피자 흑미스크린치즈크러스트 (L),빵 및 과자류,피자,100g,219,11.72,,,1160g
피자_짱감자 피자 흑미스크린치즈크러스트 (R),빵 및 과자류,피자,100g,212,11.11,,,648g
피자_짱감자고구마크러스트(L),빵 및 과자류,피자,100g,228,10.54,,,1225g
피자_짱감자고구마크러스트(R),빵 및 과자류,피자,100g,228,10.01,,,708.8
피자_짱감자밀스크린(L),빵 및 과자류,피자,100g,234,11.23,,,1094
피자_짱감자밀스크린(R),빵 및 과자류,피자,100g,228,10.66,,,592.8
피자_짱감자밀스크린치즈크러스트(L),빵 및 과자류,피자,100g,228,11.57,,,1189
피자_짱감자밀스크린치즈크러스트(R),빵 및 과자류,피자,100g,222,11.16,,,660.6
피자_짱감자백미스크린(L),빵 및 과자류,피자,100g,228,11.17,,,1063
피자_짱감자백미스크린(R),빵 및 과자류,피자,100g,223,10.59,,,577.4
피자_짱감자백미치즈크러스트(L),빵 및 과자류,피자,100g,223,11.53,,,1158
피자_짱감자백미치즈크러스트(R),빵 및 과자류,피자,100g,217,11.11,,,645.2
피자_짱감자씬(L),빵 및 과자류,피자,100g,232,11.38,,,865g
피자_짱감자씬(R),빵 및 과자류,피자,100g,231,10.66,,,492g
피자_짱감자체다크림크러스트(L),빵 및 과자류,피자,100g,230,10.94,,,1230g
피자_짱감자체다크림크러스트(R),빵 및 과자류,피자,100g,229,10.43,,,711.8
피자_점보꿀고구마피자,빵 및 과자류,피자,100g,251,14.05,,,1712g
피자_짱감자 피자 백미스크린치즈크러스트 (R),빵 및 과자류,피자,100g,215,11.11,,,648g
피자_짱감자 피자 석쇠 (F),빵 및 과자류,피자,100g,254,18.28,,,1232g
피자_짱감자 피자 석쇠 (L),빵 및 과자류,피자,100g,252,17.32,,,940g
피자_짱감자 피자 석쇠 (R),빵 및 과자류,피자,100g,254,14.93,,,490g
피자_짱감자 피자 씬 (L),빵 및 과자류,피자,100g,231,11.11,,,864g
피자_짱감자 피자 씬 (R),빵 및 과자류,피자,100g,232,10.98,,,492g
피자_짱감자 피자 체다크림크러스트 (L),빵 및 과자류,피자,100g,229,11.04,,,1232g
피자_짱감자 피자 체다크림크러스트 (R),빵 및 과자류,피자,100g,229,10.08,,,714g
피자_짱감자 피자 치즈크러스트 (F),빵 및 과자류,피자,100g,255,18.57,,,1362g
피자_짱감자 피자 치즈크러스트 (L),빵 및 과자류,피자,100g,262,17.83,,,1140g
피자_짱감자 피자 치즈크러스트 (L),빵 및 과자류,피자,100g,225,11.76,,,1224g
피자_짱감자 피자 치즈크러스트 (R),빵 및 과자류,피자,100g,269,16.24,,,660g
피자_짱감자 피자 치즈크러스트 (R),빵 및 과자류,피자,100g,223,10.83,,,720g
피자_짱감자 피자 팬 (F),빵 및 과자류,피자,100g,262,18.32,,,1332g
피자_짱감자 피자 팬 (L),빵 및 과자류,피자,100g,260,17.48,,,1000g
피자_짱감자 피자 팬 (L),빵 및 과자류,피자,100g,231,11.35,,,1128g
피자_짱감자 피자 팬 (R),빵 및 과자류,피자,100g,230,11.01,,,654g
피자_짱감자 피자 팬 (R),빵 및 과자류,피자,100g,261,15.15,,,520g
피자_직화홀릭바이트 피자,빵 및 과자류,피자,100g,268,6.2,9.09,32.23,644g
피자_짱감자 피자 고구마크러스트 (L),빵 및 과자류,피자,100g,228,10.46,,,1224g
피자_짱감자 피자 고구마크러스트 (R),빵 및 과자류,피자,100g,231,10.17,,,708g
피자_짱감자 피자 라이스골드 (F),빵 및 과자류,피자,100g,250,17.84,,,1655g
피자_짱감자 피자 라이스골드 (L),빵 및 과자류,피자,100g,262,16.81,,,1300g
피자_짱감자 피자 라이스골드 (R),빵 및 과자류,피자,100g,269,15.55,,,740g
피자_짱감자 피자 라이스바이트 (F),빵 및 과자류,피자,100g,259,16.7,,,1737g
피자_짱감자 피자 밀스크린 (L),빵 및 과자류,피자,100g,234,10.95,,,1096g
피자_짱감자 피자 밀스크린 (R),빵 및 과자류,피자,100g,227,11.11,,,594g
피자_짱감자 피자 밀스크린고구마크러스트 (L),빵 및 과자류,피자,100g,230,10.74,,,1192g
피자_짱감자 피자 밀스크린고구마크러스트 (R),빵 및 과자류,피자,100g,226,10.19,,,648g
피자_짱감자 피자 밀스크린체다크림크러스트 (L),빵 및 과자류,피자,100g,234,10.74,,,1192g
피자_짱감자 피자 밀스크린체다크림크러스트 (R),빵 및 과자류,피자,100g,227,10.09,,,654g
피자_짱감자 피자 밀스크린치즈크러스트 (L),빵 및 과자류,피자,100g,228,11.41,,,1192g
피자_짱감자 피자 밀스크린치즈크러스트 (R),빵 및 과자류,피자,100g,221,10.91,,,660g
피자_짱감자 피자 백미스크린 (L),빵 및 과자류,피자,100g,229,11.28,,,1064g
피자_짱감자 피자 백미스크린 (R),빵 및 과자류,피자,100g,224,10.42,,,576g
피자_짱감자 피자 백미스크린치즈크러스트 (L),빵 및 과자류,피자,100g,222,11.72,,,1160g
피자_점보콤비네이션피자,빵 및 과자류,피자,100g,232,14.17,,,1631g
피자_직화불고기 피자 더블치즈크러스트 (L),빵 및 과자류,피자,100g,272,14.33,,,1072g
피자_직화불고기 피자 더블치즈크러스트 (M),빵 및 과자류,피자,100g,277,15.09,,,648g
피자_직화불고기 피자 리치골드(L),빵 및 과자류,피자,100g,269,12.3,,,1118g
피자_직화불고기 피자 리치골드(M),빵 및 과자류,피자,100g,272,12.63,,,688g
피자_직화불고기 피자 치즈크러스트 (L),빵 및 과자류,피자,100g,270,13.28,,,957g
피자_직화불고기 피자 치즈크러스트 (M),빵 및 과자류,피자,100g,271,13.98,,,575g
피자_직화불고기 피자 팬 (L),빵 및 과자류,피자,100g,290,11.18,,,880g
피자_직화불고기 피자 프리미엄 오리지널 (M),빵 및 과자류,피자,100g,277,13.33,,,442g
피자_직화불고기 피자 프리첼 치즈 (M),빵 및 과자류,피자,100g,278,10.6,,,603g
피자_직화불고기 피자밀도우(L),빵 및 과자류,피자,100g,103,8.19,,,860g
피자_직화불고기 피자밀도우(R),빵 및 과자류,피자,100g,68,5.45,,,540g
피자_직화불고기 피자씬도우(L),빵 및 과자류,피자,100g,103,8.19,,,650g
피자_직화불고기 피자씬도우?,빵 및 과자류,피자,100g,68,5.46,,,440g
피자_직화스테이크 피자 (L),빵 및 과자류,피자,100g,193,11.03,,,1005g
피자_직화파인애플 피자,빵 및 과자류,피자,100g,230,5.95,6.49,31.89,735g
피자_직화파인애플피자,빵 및 과자류,피자,100g,244,12.65,,,830g
피자_직화홀릭바베큐 피자 (L),빵 및 과자류,피자,100g,259,14.15,,,848g
피자_직화홀릭바베큐 피자 (M),빵 및 과자류,피자,100g,258,14.14,,,594g
피자_점보이탈리안치즈피자,빵 및 과자류,피자,100g,297,16.13,,,1016g
피자_죄다치즈 피자 (M),빵 및 과자류,피자,100g,307,17.05,,,528g
피자_지구식단직화피자,빵 및 과자류,피자,100g,263,13.62,,,668g
피자_지옥행불닭 피자 (L),빵 및 과자류,피자,100g,250,13.79,,,928g
피자_지옥행불닭 피자 (M),빵 및 과자류,피자,100g,252,14.02,,,642g
피자_직화 불고기리치골드 (M),빵 및 과자류,피자,100g,271,12.33,,,701g
피자_직화 불고기오리지널 (L),빵 및 과자류,피자,100g,263,12.47,,,730g
피자_직화 불고기오리지널 (M),빵 및 과자류,피자,100g,270,12.79,,,476g
피자_직화 불고기치즈크러스트 (L),빵 및 과자류,피자,100g,264,12.65,,,938g
피자_직화 불고기치즈크러스트 (M),빵 및 과자류,피자,100g,272,13.54,,,585g
피자_직화 불고기치즈크러스트 골드 (L),빵 및 과자류,피자,100g,269,13.22,,,971g
피자_직화 불고기치즈크러스트 골드 (M),빵 및 과자류,피자,100g,277,13.98,,,603g
피자_직화매운갈비 피자,빵 및 과자류,피자,100g,250,14.39,,28.03,1058g
피자_직화매운갈비피자,빵 및 과자류,피자,100g,250,14.39,,,1058g
피자_직화바베큐 디트로이트,빵 및 과자류,피자,100g,113,6.05,,,970g
피자_직화바베큐 피자,빵 및 과자류,피자,100g,246,13.89,8.89,21.67,1440g
피자_직화불고기 피자,빵 및 과자류,피자,100g,261,14.31,,,810g
피자_직화불고기 피자 (L),빵 및 과자류,피자,100g,314,14.32,,,791g
피자_직화불고기 피자 (L),빵 및 과자류,피자,100g,243,14.67,,,750g
피자_점보스테이크불갈비피자,빵 및 과자류,피자,100g,240,12.47,,,1640g
피자_존스 페이버릿 치즈롤 (P),빵 및 과자류,피자,100g,299,13.94,,,1505
피자_존스 페이버릿 크루아상,빵 및 과자류,피자,100g,345,12.56,,,598.4
피자_존스 페이버릿 피자 골드링 (F),빵 및 과자류,피자,100g,307,14.19,,,1183
피자_존스 페이버릿 피자 골드링 (L),빵 및 과자류,피자,100g,307,14.14,,,791.9
피자_존스 페이버릿 피자 골드링 (P),빵 및 과자류,피자,100g,307,14.38,,,1600
피자_존스 페이버릿 피자 골드링씬 (F),빵 및 과자류,피자,100g,321,13,,,1169
피자_존스 페이버릿 피자 씬 (F),빵 및 과자류,피자,100g,324,13.37,,,897.7
피자_존스 페이버릿 피자 오리지널 (F),빵 및 과자류,피자,100g,289,12.28,,,912.3
피자_존스 페이버릿 피자 오리지널 (L),빵 및 과자류,피자,100g,290,12.38,,,678g
피자_존스 페이버릿 피자 오리지널 (P),빵 및 과자류,피자,100g,290,12.07,,,1159
피자_존스 페이버릿 피자 치즈롤 (F),빵 및 과자류,피자,100g,299,14.05,,,1195
피자_존스 페이버릿 피자 치즈롤 (L),빵 및 과자류,피자,100g,299,14.23,,,898.8
피자_존스 페이버릿 피자 치즈롤 (P),빵 및 과자류,피자,100g,299,13.94,,,1505
피자_존스페이버릿 (L),빵 및 과자류,피자,100g,289,12.35,,,678g
피자_존스페이버릿 피자 (F),빵 및 과자류,피자,100g,289,12.28,,,912g
피자_존스페이버릿 피자 (L),빵 및 과자류,피자,100g,289,12.35,,,678g
피자_존스페이버릿 피자 (P),빵 및 과자류,피자,100g,290,12.07,,,1160g
피자_죄다치즈 피자 (L),빵 및 과자류,피자,100g,305,17.24,,,696g
피자_랍스타 피자 팬 (L),빵 및 과자류,피자,100g,256,15.25,,,1016g
피자_랍스타 피자 팬 (R),빵 및 과자류,피자,100g,258,15.29,,,519g
피자_랍스타미트 피자,빵 및 과자류,피자,100g,240,12.28,,,908g
피자_점보하와이안쉬림프피자,빵 및 과자류,피자,100g,228,12.86,,,1768g
피자_제노베제 살시챠 포카챠,빵 및 과자류,피자,100g,205,8.5,,,200g
피자_제주 고르곤졸라 피자 메가크런치 씬 (L),빵 및 과자류,피자,100g,404,16.27,,,360g
피자_존스 페이버릿 (F),빵 및 과자류,피자,100g,289,12.28,,,912.3
피자_존스 페이버릿 (P),빵 및 과자류,피자,100g,290,12.07,,,1159
피자_존스 페이버릿 골드링 (F),빵 및 과자류,피자,100g,307,14.19,,,1183
피자_존스 페이버릿 골드링 (L),빵 및 과자류,피자,100g,307,14.14,,,791.9
피자_존스 페이버릿 골드링 (P),빵 및 과자류,피자,100g,307,14.38,,,1600
피자_존스 페이버릿 골드링 씬,빵 및 과자류,피자,100g,321,13.01,,,1169
피자_존스 페이버릿 스파이시 갈릭 치즈롤 (F),빵 및 과자류,피자,100g,305,14.44,,,1162
피자_존스 페이버릿 스파이시 갈릭 치즈롤 (L),빵 및 과자류,피자,100g,306,14.47,,,884.7
피자_존스 페이버릿 스파이시 갈릭 치즈롤 (P),빵 및 과자류,피자,100g,306,14.43,,,1455
피자_존스 페이버릿 씬,빵 및 과자류,피자,100g,324,13.37,,,897.7
피자_존스 페이버릿 치즈롤 (F),빵 및 과자류,피자,100g,299,14.05,,,1195
피자_존스 페이버릿 치즈롤 (L),빵 및 과자류,피자,100g,299,14.24,,,898.8
피자_짱감자치즈크러스트(L),빵 및 과자류,피자,100g,226,11.66,,,1225g
피자_떡갈비(R),빵 및 과자류,피자,100g,184,16.43,,,693g
피자_떡갈비(XL),빵 및 과자류,피자,100g,245,21.83,,,1050g
피자_라구미트볼 시카고 피자,빵 및 과자류,피자,100g,250,14.37,,,1002g
피자_라구포테이토 (L),빵 및 과자류,피자,100g,247,12.5,,,956g
피자_라자냐 시카고 피자,빵 및 과자류,피자,100g,257,12.96,11.73,25.93,974g
피자_라코타스테이크 피자 오리지널,빵 및 과자류,피자,100g,265,11.11,13.51,,650g
피자_랍스타 피자 라이스골드 (F),빵 및 과자류,피자,100g,245,15.33,,,1758g
피자_랍스타 피자 라이스골드 (L),빵 및 과자류,피자,100g,259,15.1,,,1316g
피자_랍스타 피자 라이스골드 (R),빵 및 과자류,피자,100g,267,15.65,,,739g
피자_랍스타 피자 라이스바이트 (F),빵 및 과자류,피자,100g,253,14.35,,,1840g
피자_랍스타 피자 백미떡도우 (L),빵 및 과자류,피자,100g,178,8.8,,,896g
피자_랍스타 피자 석쇠 (F),빵 및 과자류,피자,100g,245,14.81,,,1335g
피자_랍스타 피자 석쇠 (L),빵 및 과자류,피자,100g,249,14.97,,,956g
피자_랍스타 피자 석쇠 (R),빵 및 과자류,피자,100g,252,15.07,,,489g
피자_랍스타 피자 치즈크러스트 (F),빵 및 과자류,피자,100g,247,15.39,,,1465g
피자_랍스타 피자 치즈크러스트 (L),빵 및 과자류,피자,100g,258,15.88,,,1156g
피자_랍스타 피자 치즈크러스트 (R),빵 및 과자류,피자,100g,267,16.35,,,659g
피자_랍스타 피자 팬 (F),빵 및 과자류,피자,100g,253,15.09,,,1435g
피자_딜라이트치킨볼 피자 크림치즈 (L),빵 및 과자류,피자,100g,264,12.57,,,1141
피자_딜라이트치킨볼 피자 크림치즈 (M),빵 및 과자류,피자,100g,256,12.13,,,762.5
피자_딥체다치즈베이컨 (R),빵 및 과자류,피자,100g,353,17.09,,,515g
피자_딥치즈 피자 (L),빵 및 과자류,피자,100g,279,2.71,,,600g
피자_딥치즈고구마 피자 (L),빵 및 과자류,피자,100g,267,14.89,,,1128g
피자_딥치즈더블바베큐 피자 (L),빵 및 과자류,피자,100g,246,16.96,,,1128g
피자_딥치즈베이컨 피자,빵 및 과자류,피자,100g,299,20.81,,20.81,1192g
피자_딥치즈베이컨피자,빵 및 과자류,피자,100g,299,20.8,,,1192g
피자_딥치즈불닭 피자 (L),빵 및 과자류,피자,100g,266,18.5,,,1184g
피자_딥치즈콤비네이션 피자 (L),빵 및 과자류,피자,100g,286,18.61,,,1264g
피자_딥치즈포테이토 피자 (L),빵 및 과자류,피자,100g,245,14.2,,,1264g
피자_딥치즈핫치킨 피자,빵 및 과자류,피자,100g,266,18.5,,,1184g
피자_땡초불고기 피자 (L),빵 및 과자류,피자,100g,236,5.42,,,910g
피자_땡초참치마요 피자 (L),빵 및 과자류,피자,100g,254,11.2,,,1088g
피자_떡갈비 피자,빵 및 과자류,피자,100g,264,12.73,,,935g
피자_떡갈비 피자 (L),빵 및 과자류,피자,100g,318,18.77,12.93,31.73,526g
피자_떡갈비 피자 (L),빵 및 과자류,피자,100g,296,6.46,,,780g
피자_떡갈비 피자 (XL),빵 및 과자류,피자,100g,245,21.83,,,1050g
피자_떡갈비 피자 (XL),빵 및 과자류,피자,100g,281,12.57,,,1052g
피자_디럭스치즈흑미스크린(L),빵 및 과자류,피자,100g,261,11.72,,,718.2
피자_디럭스치즈흑미스크린(R),빵 및 과자류,피자,100g,258,11.84,,,396.6
피자_디럭스치즈흑미치즈크러스트(L),빵 및 과자류,피자,100g,250,12.16,,,813.2
피자_디럭스치즈흑미치즈크러스트(R),빵 및 과자류,피자,100g,244,12.38,,,464.4
피자_디스이즈4유 (L),빵 및 과자류,피자,100g,258,13.89,,,860g
피자_디아블로 (L),빵 및 과자류,피자,100g,251,14.03,11.51,22.66,278g
피자_디아블로 피자,빵 및 과자류,피자,100g,317,14.14,10.99,39.79,191g
피자_디트로이트 더블페퍼로니 피자 (L),빵 및 과자류,피자,100g,357,14,,,926g
피자_디트로이트 미티디럭스 피자 (L),빵 및 과자류,피자,100g,337,13.85,,,942g
피자_디트로이트 하와이안 피자 (L),빵 및 과자류,피자,100g,299,11.29,,,992g
피자_딜라이트치킨볼 피자 골드 (L),빵 및 과자류,피자,100g,265,13.81,,,1095
피자_딜라이트치킨볼 피자 골드 (M),빵 및 과자류,피자,100g,256,13.23,,,735.2
피자_딜라이트치킨볼 피자 노엣지 (L),빵 및 과자류,피자,100g,266,14.32,,,932g
피자_딜라이트치킨볼 피자 노엣지 (M),빵 및 과자류,피자,100g,256,13.73,,,626g
피자_딜라이트치킨볼 피자 에그타르트 (L),빵 및 과자류,피자,100g,272,12.81,,,1095
피자_딜라이트치킨볼 피자 에그타르트 (M),빵 및 과자류,피자,100g,263,12.32,,,735.2
피자_딜라이트치킨볼 피자 치즈캡 (L),빵 및 과자류,피자,100g,266,15.37,,,1054
피자_딜라이트치킨볼 피자 치즈캡 (M),빵 및 과자류,피자,100g,258,15,,,721.5
피자_디럭스치즈고구마크러스트(L),빵 및 과자류,피자,100g,260,10.82,,,875g
피자_디럭스치즈고구마크러스트(R),빵 및 과자류,피자,100g,261,10.82,,,525.8
피자_디럭스치즈밀스크린(L),빵 및 과자류,피자,100g,275,11.87,,,744.6
피자_디럭스치즈밀스크린(R),빵 및 과자류,피자,100g,271,11.98,,,409.8
피자_디럭스치즈밀스크린치즈크러스트(L),빵 및 과자류,피자,100g,263,12.28,,,839.6
피자_디럭스치즈밀스크린치즈크러스트(R),빵 및 과자류,피자,100g,256,12.48,,,477.6
피자_디럭스치즈백미스크린(L),빵 및 과자류,피자,100g,269,11.82,,,713.8
피자_디럭스치즈백미스크린(R),빵 및 과자류,피자,100g,265,11.93,,,394.4
피자_디럭스치즈백미치즈크러스트(L),빵 및 과자류,피자,100g,257,12.25,,,808.8
피자_디럭스치즈백미치즈크러스트(R),빵 및 과자류,피자,100g,250,12.46,,,462.2
피자_디럭스치즈씬(L),빵 및 과자류,피자,100g,290,12.41,,,515g
피자_디럭스치즈씬(R),빵 및 과자류,피자,100g,290,12.41,,,309g
피자_디럭스치즈체다크림크러스트(L),빵 및 과자류,피자,100g,263,11.37,,,880g
피자_디럭스치즈체다크림크러스트(R),빵 및 과자류,피자,100g,263,11.37,,,528.8
피자_디럭스치즈치즈크러스트(L),빵 및 과자류,피자,100g,258,12.37,,,875g
피자_디럭스치즈치즈크러스트(R),빵 및 과자류,피자,100g,256,12.44,,,536.7
피자_디럭스치즈팬(L),빵 및 과자류,피자,100g,269,11.99,,,780g
피자_디럭스치즈팬(R),빵 및 과자류,피자,100g,269,11.99,,,468.8
피자_디럭스(치즈) 피자 흑미스크린 (L),빵 및 과자류,피자,100g,260,12.22,,,720g
피자_디럭스(치즈) 피자 흑미스크린 (R),빵 및 과자류,피자,100g,258,12.12,,,396g
피자_디럭스(치즈) 피자 흑미스크린치즈크러스트 (L),빵 및 과자류,피자,100g,250,11.88,,,808g
피자_디럭스(치즈) 피자 흑미스크린치즈크러스트 (R),빵 및 과자류,피자,100g,244,11.69,,,462g
피자_디럭스치즈 피자 라이스골드 (F),빵 및 과자류,피자,100g,277,18.03,,,1428g
피자_디럭스치즈 피자 라이스골드 (L),빵 및 과자류,피자,100g,293,17.6,,,1090g
피자_디럭스치즈 피자 라이스골드 (R),빵 및 과자류,피자,100g,298,17.86,,,620g
피자_디럭스치즈 피자 라이스바이트 (F),빵 및 과자류,피자,100g,286,16.7,,,1510g
피자_디럭스치즈 피자 라이스바이트 (L),빵 및 과자류,피자,100g,294,17.06,,,1170g
피자_디럭스치즈 피자 석쇠 (F),빵 및 과자류,피자,100g,292,18.48,,,1005g
피자_디럭스치즈 피자 석쇠 (L),빵 및 과자류,피자,100g,294,18.54,,,730g
피자_디럭스치즈 피자 석쇠 (R),빵 및 과자류,피자,100g,298,18.59,,,370g
피자_디럭스치즈 피자 치즈크러스트 (F),빵 및 과자류,피자,100g,289,18.81,,,1135g
피자_디럭스치즈 피자 치즈크러스트 (L),빵 및 과자류,피자,100g,298,18.99,,,930g
피자_디럭스치즈 피자 치즈크러스트 (R),빵 및 과자류,피자,100g,302,19.04,,,540g
피자_디럭스치즈 피자 팬 (F),빵 및 과자류,피자,100g,298,18.5,,,1105g
피자_디럭스치즈 피자 팬 (L),빵 및 과자류,피자,100g,299,18.56,,,790g
피자_디럭스치즈 피자 팬 (R),빵 및 과자류,피자,100g,303,18.62,,,400g
피자_디럭스(치즈) 피자 밀스크린고구마크러스트 (L),빵 및 과자류,피자,100g,266,10.48,,,840g
피자_디럭스(치즈) 피자 밀스크린고구마크러스트 (R),빵 및 과자류,피자,100g,260,10.26,,,468g
피자_디럭스(치즈) 피자 밀스크린체다크림크러스트 (L),빵 및 과자류,피자,100g,267,11.32,,,848g
피자_디럭스(치즈) 피자 밀스크린체다크림크러스트 (R),빵 및 과자류,피자,100g,265,11.54,,,468g
피자_디럭스(치즈) 피자 밀스크린치즈크러스트 (L),빵 및 과자류,피자,100g,262,12.38,,,840g
피자_디럭스(치즈) 피자 밀스크린치즈크러스트 (R),빵 및 과자류,피자,100g,254,12.5,,,480g
피자_디럭스(치즈) 피자 백미스크린 (L),빵 및 과자류,피자,100g,270,12.36,,,712g
피자_디럭스(치즈) 피자 백미스크린 (R),빵 및 과자류,피자,100g,264,12.12,,,396g
피자_디럭스(치즈) 피자 백미스크린치즈크러스트 (L),빵 및 과자류,피자,100g,255,11.88,,,808g
피자_디럭스(치즈) 피자 백미스크린치즈크러스트 (R),빵 및 과자류,피자,100g,247,12.99,,,462g
피자_디럭스(치즈) 피자 씬 (L),빵 및 과자류,피자,100g,220,14.46,,,664g
피자_디럭스(치즈) 피자 씬 (R),빵 및 과자류,피자,100g,220,13.64,,,396g
피자_디럭스(치즈) 피자 체다크림크러스트 (L),빵 및 과자류,피자,100g,263,11.82,,,880g
피자_디럭스(치즈) 피자 체다크림크러스트 (R),빵 및 과자류,피자,100g,264,11.36,,,528g
피자_디럭스(치즈) 피자 치즈크러스트 (L),빵 및 과자류,피자,100g,257,11.93,,,872g
피자_디럭스(치즈) 피자 치즈크러스트 (R),빵 및 과자류,피자,100g,256,12.36,,,534g
피자_디럭스(치즈) 피자 팬 (L),빵 및 과자류,피자,100g,267,12.24,,,784g
피자_디럭스(치즈) 피자 팬 (R),빵 및 과자류,피자,100g,269,11.54,,,468g
케이크_초코쉬폰 케이크,빵 및 과자류,케이크,100g,320,4.71,,,679g
피자_도이치바이트 피자,빵 및 과자류,피자,100g,258,12.23,9.04,32.45,755g
피자_도이치바이트피자,빵 및 과자류,피자,100g,261,11.98,,,785g
피자_도이치피자밀도우(L),빵 및 과자류,피자,100g,101,7.54,,,1120g
피자_도이치피자밀도우(R),빵 및 과자류,피자,100g,67,5.02,,,650g
피자_도이치피자씬도우(L),빵 및 과자류,피자,100g,101,7.55,,,910g
피자_도이치피자씬도우(R),빵 및 과자류,피자,100g,67,5.03,,,550g
피자_돈까스웨그 피자 (L),빵 및 과자류,피자,100g,306,12.7,,,1008g
피자_돈까스웨그 피자 (M),빵 및 과자류,피자,100g,307,12.14,,,840g
피자_돼지불백피자,빵 및 과자류,피자,100g,270,14.91,,,653g
피자_돼지불백피자바이트,빵 및 과자류,피자,100g,258,13.76,,,813g
피자_두둥 바이킹쉬림프 (R),빵 및 과자류,피자,100g,206,12.43,,,732g
피자_두둥 바이킹쉬림프 피자 (XL),빵 및 과자류,피자,100g,206,12.43,,,1024g
피자_듬뿍체다페파로니 피자 (L),빵 및 과자류,피자,100g,253,12.5,,,902g
피자_디럭스(치즈) 피자 고구마크러스트 (L),빵 및 과자류,피자,100g,261,11.01,,,872g
피자_디럭스(치즈) 피자 고구마크러스트 (R),빵 및 과자류,피자,100g,259,10.23,,,528g
피자_디럭스(치즈) 피자 밀스크린 (L),빵 및 과자류,피자,100g,275,11.83,,,744g
피자_디럭스(치즈) 피자 밀스크린 (R),빵 및 과자류,피자,100g,272,11.76,,,408g
피자_짱감자치즈크러스트(R),빵 및 과자류,피자,100g,224,11.23,,,719.7
케이크_초코생크림케이크3호,빵 및 과자류,케이크,100g,285,4.49,,,1026g
피자_더블페퍼로니 피자 (L),빵 및 과자류,피자,100g,281,15.88,,,825g
피자_더블페퍼로니피자(L),빵 및 과자류,피자,100g,273,16.86,12.99,22.1,997g
피자_더블페퍼로니피자(P),빵 및 과자류,피자,100g,273,16.86,12.99,22.1,399g
피자_더블페퍼로니피자(R),빵 및 과자류,피자,100g,273,16.86,12.99,22.1,625g
피자_더블포크쉬림프 피자 (L),빵 및 과자류,피자,100g,262,11.48,,,1085
피자_더블포테이토 피자 (L),빵 및 과자류,피자,100g,247,10.67,,,928g
피자_더블포테이토 피자 (L),빵 및 과자류,피자,100g,213,9.17,,,1200g
피자_더블포테이토 피자 (L),빵 및 과자류,피자,100g,250,11.04,,,1304g
피자_더블포테이토 피자 오리지널 (M),빵 및 과자류,피자,100g,279,10.71,12.75,24.37,670g
피자_더블포테이토(L),빵 및 과자류,피자,100g,247,10.67,,,923g
피자_더블포테이토(M),빵 및 과자류,피자,100g,247,10.67,,,643g
피자_더블포테이토피자 오리지널,빵 및 과자류,피자,100g,281,10.91,,,660g
피자_더블핫치킨폭탄 피자 (L),빵 및 과자류,피자,100g,159,13.23,,,1125g
피자_도이치 피자 밀도우 (L),빵 및 과자류,피자,100g,101,7.54,,,1120g
피자_도이치 피자 밀도우 (R),빵 및 과자류,피자,100g,67,5.02,,,650g
피자_도이치 피자 씬도우 (L),빵 및 과자류,피자,100g,101,7.55,,,910g
피자_도이치 피자 씬도우 (R),빵 및 과자류,피자,100g,67,5.03,,,550g
피자_짱감자팬(L),빵 및 과자류,피자,100g,231,11.33,,,1130g
케이크_초코생크림케이크2호,빵 및 과자류,케이크,100g,275,4.2,,,786g
피자_더블치즈 피자 석쇠 (G),빵 및 과자류,피자,100g,279,18.25,,,1261g
피자_더블치즈 피자 석쇠 (L),빵 및 과자류,피자,100g,278,17.93,,,736g
피자_더블치즈 피자 석쇠 (R),빵 및 과자류,피자,100g,278,17.89,,,490g
피자_더블치즈 피자 씬도우 (L),빵 및 과자류,피자,100g,331,19.08,,,523g
피자_더블치즈 피자 씬도우 (R),빵 및 과자류,피자,100g,333,20.81,,,396g
피자_더블치즈 피자 치즈링 (G),빵 및 과자류,피자,100g,273,18.92,,,1481g
피자_더블치즈 피자 치즈링 (L),빵 및 과자류,피자,100g,273,18.69,,,856g
피자_더블치즈 피자 치즈링 (R),빵 및 과자류,피자,100g,272,18.24,,,590g
피자_더블치즈버거 피자 (F),빵 및 과자류,피자,100g,289,10.53,,,1062g
피자_더블치즈버거 피자 (L),빵 및 과자류,피자,100g,290,10.66,,,789g
피자_더블치즈버거 피자 (P),빵 및 과자류,피자,100g,290,11.11,,,1350g
피자_더블치즈버거피자 (F),빵 및 과자류,피자,100g,289,10.53,,,1062g
피자_더블치즈베이컨 피자 (L),빵 및 과자류,피자,100g,249,15.08,,,1010g
피자_더블치즈불고기 피자 (L),빵 및 과자류,피자,100g,233,14.1,,,780g
피자_더블치즈폭탄 피자 (L),빵 및 과자류,피자,100g,233,13.1,,,1000g
피자_더블콤비네이션 피자 (L),빵 및 과자류,피자,100g,239,15.19,,,790g
피자_더블페파로니폭탄 피자 (L),빵 및 과자류,피자,100g,219,13.93,,,1031g
피자_더블페퍼로니 피자,빵 및 과자류,피자,100g,301,15,,,1277g
케이크_초코생크림케이크1호,빵 및 과자류,케이크,100g,273,4.14,,,555g
피자_더블체다 치즈버거 피자 치즈롤 (F),빵 및 과자류,피자,100g,282,13.58,,,1590
피자_더블체다 치즈버거 피자 치즈롤 (L),빵 및 과자류,피자,100g,282,13.38,,,1195
피자_더블체다 치즈버거 피자 치즈롤 (P),빵 및 과자류,피자,100g,282,13.48,,,2003
피자_더블체다치즈버거 피자 (F),빵 및 과자류,피자,100g,272,11.84,,,1214g
피자_더블체다치즈버거 피자 (L),빵 및 과자류,피자,100g,273,11.5,,,902g
피자_더블체다치즈버거 피자 (P),빵 및 과자류,피자,100g,273,11.69,,,1543g
피자_더블치즈 스테이크 피자 리치골드 (L),빵 및 과자류,피자,100g,248,11.91,,,1089g
피자_더블치즈 스테이크 피자 리치골드 (M),빵 및 과자류,피자,100g,246,11.67,,,684g
피자_더블치즈 스테이크 피자 치즈크러스트 (L),빵 및 과자류,피자,100g,247,12.48,,,1002g
피자_더블치즈 스테이크 피자 치즈크러스트 (M),빵 및 과자류,피자,100g,248,12.65,,,613g
피자_더블치즈 피자 (L),빵 및 과자류,피자,100g,274,18.34,,,805g
피자_더블치즈 피자 (L),빵 및 과자류,피자,100g,290,13.64,,,880g
피자_더블치즈 피자 골드스윗 (G),빵 및 과자류,피자,100g,281,16.88,,,1596g
피자_더블치즈 피자 골드스윗 (L),빵 및 과자류,피자,100g,281,17.24,,,926g
피자_더블치즈 피자 골드스윗 (R),빵 및 과자류,피자,100g,281,16.35,,,635g
피자_더블치즈 피자 리코타링 (G),빵 및 과자류,피자,100g,283,17.36,,,1441g
피자_더블치즈 피자 리코타링 (L),빵 및 과자류,피자,100g,282,18.1,,,836g
피자_더블치즈 피자 리코타링 (R),빵 및 과자류,피자,100g,283,17.48,,,570g
피자_더블바베큐피자 (L),빵 및 과자류,피자,100g,246,13.16,,,1001g
피자_더블불고기 피자 (L),빵 및 과자류,피자,100g,269,14.18,11.2,26.29,835g
피자_더블불고기 피자 오리지널 (M),빵 및 과자류,피자,100g,257,12.5,9.35,38.28,525g
피자_더블불고기폭탄 피자 (L),빵 및 과자류,피자,100g,160,10.75,,,1155g
피자_더블불고기피자오리지널(L),빵 및 과자류,피자,100g,250,15.13,,,740g
피자_더블쉬림프크런치씬 포테이토엣지 (L),빵 및 과자류,피자,100g,262,10.06,,,709g
피자_더블쉬림프크런치오리지널포테이토엣지 (L),빵 및 과자류,피자,100g,237,9.84,,,977g
피자_더블쉬림프크런치오리지널포테이토엣지 (M),빵 및 과자류,피자,100g,243,10.47,,,645g
피자_더블스테이크 피자 (L),빵 및 과자류,피자,100g,257,16.41,,,1020g
피자_더블스테이크 피자 (R),빵 및 과자류,피자,100g,259,16.67,,,830g
피자_더블체다 치즈버거 피자 골드링 (F),빵 및 과자류,피자,100g,290,13.21,,,1574
피자_더블체다 치즈버거 피자 골드링 (L),빵 및 과자류,피자,100g,289,13.67,,,1053
피자_더블체다 치즈버거 피자 골드링 (P),빵 및 과자류,피자,100g,289,13.15,,,2129
피자_더블체다 치즈버거 피자 골드링씬 (F),빵 및 과자류,피자,100g,302,12.35,,,1555
피자_더블체다 치즈버거 피자 씬 (F),빵 및 과자류,피자,100g,305,12.73,,,1194
피자_더블체다 치즈버거 피자 오리지널 (F),빵 및 과자류,피자,100g,273,11.86,,,1213
피자_더블체다 치즈버거 피자 오리지널 (L),빵 및 과자류,피자,100g,273,11.53,,,902g
피자_더블체다 치즈버거 피자 오리지널 (P),빵 및 과자류,피자,100g,273,11.67,,,1543
피자_더블 치즈버거 피자 크루아상,빵 및 과자류,피자,100g,346,10.99,,,696.4
피자_더블 포테이토크래프티드 플래츠 (P),빵 및 과자류,피자,100g,315,11.92,,,303g
피자_더블 핫&스파이시 멕시칸  (F),빵 및 과자류,피자,100g,239,10.34,,,1393
피자_더블 핫&스파이시 멕시칸  (L),빵 및 과자류,피자,100g,239,9.91,,,969g
피자_더블 핫&스파이시 멕시칸  (P),빵 및 과자류,피자,100g,240,10.35,,,1836
피자_더블갈릭바베큐 피자,빵 및 과자류,피자,100g,271,12.12,9.7,33.33,660g
피자_더블갈릭바베큐피자,빵 및 과자류,피자,100g,271,12.12,,,660g
피자_더블바베큐 불고기 피자 밀도우 (L),빵 및 과자류,피자,100g,101,7.9,,,810g
피자_더블바베큐 불고기 피자 밀도우 (R),빵 및 과자류,피자,100g,67,5.29,,,560g
피자_더블바베큐 불고기 피자 씬도우 (L),빵 및 과자류,피자,100g,101,7.93,,,600g
피자_더블바베큐 불고기 피자 씬도우 (R),빵 및 과자류,피자,100g,67,5.28,,,460g
피자_더블바베큐 불고기 피자밀도우(L),빵 및 과자류,피자,100g,101,7.9,,,810g
피자_더블바베큐 불고기 피자밀도우(R),빵 및 과자류,피자,100g,67,5.29,,,560g
피자_더블바베큐 불고기 피자씬도우(L),빵 및 과자류,피자,100g,101,7.93,,,600g
피자_더블바베큐 불고기 피자씬도우(R),빵 및 과자류,피자,100g,67,5.28,,,460g
피자_더블바베큐 피자 (L),빵 및 과자류,피자,100g,237,16.83,,,896g
피자_더블바베큐 피자 (L),빵 및 과자류,피자,100g,237,11.28,,,780g
피자_더블바베큐 피자 (L),빵 및 과자류,피자,100g,237,12.69,,,1205
피자_더블 치즈버거 피자 (L),빵 및 과자류,피자,100g,290,10.65,,,789g
피자_더블 치즈버거 피자 (P),빵 및 과자류,피자,100g,290,11.11,,,1349
피자_더블 치즈버거 피자 골드링 (F),빵 및 과자류,피자,100g,308,12.2,,,1377
피자_더블 치즈버거 피자 골드링 (L),빵 및 과자류,피자,100g,308,12.15,,,921.5
피자_더블 치즈버거 피자 골드링 (P),빵 및 과자류,피자,100g,308,12.35,,,1862
피자_더블 치즈버거 피자 골드링 씬,빵 및 과자류,피자,100g,322,11.18,,,1360
피자_더블 치즈버거 피자 골드링씬 (F),빵 및 과자류,피자,100g,322,11.18,,,1360
피자_더블 치즈버거 피자 스파이시 갈릭 치즈롤 (F),빵 및 과자류,피자,100g,306,12.41,,,1353
피자_더블 치즈버거 피자 스파이시 갈릭 치즈롤 (L),빵 및 과자류,피자,100g,306,12.43,,,1029
피자_더블 치즈버거 피자 스파이시 갈릭 치즈롤 (P),빵 및 과자류,피자,100g,306,12.4,,,1693
피자_더블 치즈버거 피자 씬,빵 및 과자류,피자,100g,324,12.25,,,1044
피자_더블 치즈버거 피자 씬 (F),빵 및 과자류,피자,100g,324,12.25,,,1044
피자_더블 치즈버거 피자 오리지널 (F),빵 및 과자류,피자,100g,290,10.55,,,1061
피자_더블 치즈버거 피자 오리지널 (L),빵 및 과자류,피자,100g,290,10.65,,,789g
피자_더블 치즈버거 피자 오리지널 (P),빵 및 과자류,피자,100g,290,11.11,,,1349
피자_더블 치즈버거 피자 치즈롤 (F),빵 및 과자류,피자,100g,300,12.08,,,1391
피자_더블 치즈버거 피자 치즈롤 (L),빵 및 과자류,피자,100g,300,12.23,,,1046
피자_더블 치즈버거 피자 치즈롤 (P),빵 및 과자류,피자,100g,300,12.56,,,1752
피자_닭발피자피자(XL),빵 및 과자류,피자,100g,156,10.75,,,2016g
피자_닭안심살 피자,빵 및 과자류,피자,100g,234,12.73,7.73,29.09,880g
피자_닭안심살피자,빵 및 과자류,피자,100g,248,13.42,,,775g
피자_대만 콘 치즈 감자 피자 나폴리 (L),빵 및 과자류,피자,100g,253,8.9,11.73,27.86,793g
피자_대만 콘 치즈 감자 피자 더블치즈 엣지 (L),빵 및 과자류,피자,100g,250,9.8,11.66,26.48,1186g
피자_대만 콘 치즈 감자 피자 더블치즈 페퍼로니 엣지 (L),빵 및 과자류,피자,100g,254,10.32,13.27,25.58,1226g
피자_대만 콘 치즈 감자 피자 슈퍼시드 화이버 버스트 오리지널 (L),빵 및 과자류,피자,100g,307,11.04,12.42,29.03,1188g
피자_대만 콘 치즈 감자 피자 슈퍼시드 화이버 오리지널 (L),빵 및 과자류,피자,100g,260,8.5,10.57,32.66,1002g
피자_대만 콘 치즈 감자 피자 슈화 더블치즈 페퍼로니 엣지 (L),빵 및 과자류,피자,100g,307,11.63,13.25,27.85,1199g
피자_대만 콘 치즈 감자 피자 씬 (L),빵 및 과자류,피자,100g,261,9,13.73,25.38,658g
피자_대만 콘 치즈 감자 피자 오리지널 (L),빵 및 과자류,피자,100g,257,9.3,10.89,30.45,1008g
피자_대만 콘 치즈 감자 피자 치즈버스트 나폴리 (L),빵 및 과자류,피자,100g,259,10,13.59,23.96,1021g
피자_대만 콘 치즈 감자 피자 치즈버스트 오리지널 (L),빵 및 과자류,피자,100g,257,9,11.96,28.33,1210g
피자_대만감자 피자 (L),빵 및 과자류,피자,100g,235,9.68,,,1240g
피자_대새 피자 (L),빵 및 과자류,피자,100g,227,16.28,,,1036g
피자_대새 피자 (R),빵 및 과자류,피자,100g,231,15.38,,,620g
피자_대왕페퍼로니 피자 (L),빵 및 과자류,피자,100g,276,13.66,,,820g
피자_대왕햄 피자 (L),빵 및 과자류,피자,100g,297,13.51,,,890g
피자_달콤고구마 피자 (L),빵 및 과자류,피자,100g,165,7.32,,,1158g
피자_달콤구마 피자,빵 및 과자류,피자,100g,273,13.1,10.12,29.76,1347g
피자_달콤딥고구마 피자 밀도우 (L),빵 및 과자류,피자,100g,119,4.03,,,1250g
피자_달콤딥고구마 피자 밀도우 (R),빵 및 과자류,피자,100g,79,2.68,,,710g
피자_달콤딥고구마 피자 씬도우 (L),빵 및 과자류,피자,100g,119,4.04,,,1040g
피자_달콤딥고구마 피자 씬도우 (R),빵 및 과자류,피자,100g,79,2.69,,,610g
피자_달콤딥고구마밀도우(L),빵 및 과자류,피자,100g,119,4.03,,,1250g
피자_달콤딥고구마밀도우(R),빵 및 과자류,피자,100g,79,2.68,,,710g
피자_달콤딥고구마씬도우(L),빵 및 과자류,피자,100g,119,4.04,,,1040g
피자_달콤딥고구마씬도우(R),빵 및 과자류,피자,100g,79,2.69,,,610g
피자_달콤불고기 피자,빵 및 과자류,피자,100g,205,14.18,,23.4,1126g
피자_달콤옥수수 피자,빵 및 과자류,피자,100g,275,12.12,,,790g
피자_달콤한나의고구마피자(L),빵 및 과자류,피자,100g,240,8.97,,,1087g
피자_달콤호구마 (L),빵 및 과자류,피자,100g,252,11.71,,,890g
피자_달피자 피자 (L),빵 및 과자류,피자,100g,335,12.93,,,930g
피자_닭발 피자 (L),빵 및 과자류,피자,100g,253,13.64,,,932g
피자_닭발 피자 (XL),빵 및 과자류,피자,100g,295,15.89,,,932g
피자_닭발피자피자(R),빵 및 과자류,피자,100g,107,5.95,,,1608g
피자_짱감자팬(R),빵 및 과자류,피자,100g,231,10.79,,,651.8
피자_단호박피자 (R),빵 및 과자류,피자,100g,245,8.34,,,550g
피자_단호박피자 (XL),빵 및 과자류,피자,100g,245,8.32,,,1280g
피자_달 피자 (L),빵 및 과자류,피자,100g,333,12.61,,,950g
피자_달달고구마 피자 (L),빵 및 과자류,피자,100g,248,11.02,,,1016g
피자_달달고구마 피자 (M),빵 및 과자류,피자,100g,248,10.64,,,846g
피자_달달옥수수 피자 씬 (L),빵 및 과자류,피자,100g,350,12.11,,,457g
피자_달달허니(R),빵 및 과자류,피자,100g,228,9.23,,,625g
피자_달달허니(XL),빵 및 과자류,피자,100g,229,9.38,,,910g
피자_달짝핫도그 피자 밀도우 (L),빵 및 과자류,피자,100g,125,7.64,,,1120g
피자_달짝핫도그 피자 밀도우 (R),빵 및 과자류,피자,100g,92,5.6,,,650g
피자_달짝핫도그 피자 씬도우 (L),빵 및 과자류,피자,100g,129,7.86,,,880g
피자_달짝핫도그 피자 씬도우 (R),빵 및 과자류,피자,100g,86,5.24,,,595g
피자_달짝핫도그피자밀도우(L),빵 및 과자류,피자,100g,125,7.64,,,1120g
피자_달짝핫도그피자밀도우(R),빵 및 과자류,피자,100g,92,5.6,,,650g
피자_달짝핫도그피자씬도우(L),빵 및 과자류,피자,100g,129,7.86,,,880g
피자_달짝핫도그피자씬도우(R),빵 및 과자류,피자,100g,86,5.24,,,595g
피자_달콤 고구마 피자,빵 및 과자류,피자,100g,219,7.96,,,441g
피자_달콤 고구마 피자 (L),빵 및 과자류,피자,100g,247,9.28,,,778g
피자_달콤고구마 피자,빵 및 과자류,피자,100g,236,7.72,,,984g
케이크_초코생크림뉴욕롤,빵 및 과자류,케이크,100g,436,5.81,25.58,43.02,86g
피자_단호박 피자 라이스골드 (F),빵 및 과자류,피자,100g,254,14.2,,,1788g
피자_단호박 피자 라이스골드 (L),빵 및 과자류,피자,100g,267,13.95,,,1351g
피자_단호박 피자 라이스골드 (R),빵 및 과자류,피자,100g,273,14.56,,,757g
피자_단호박 피자 라이스바이트 (F),빵 및 과자류,피자,100g,262,13.29,,,1870g
피자_단호박 피자 라이스바이트 (L),빵 및 과자류,피자,100g,269,13.72,,,1431g
피자_단호박 피자 백미 (L),빵 및 과자류,피자,100g,192,7.33,,,921g
피자_단호박 피자 백미 (R),빵 및 과자류,피자,100g,194,6.46,,,567g
피자_단호박 피자 석쇠 (F),빵 및 과자류,피자,100g,257,13.35,,,1365g
피자_단호박 피자 석쇠 (L),빵 및 과자류,피자,100g,259,13.4,,,991g
피자_단호박 피자 석쇠 (R),빵 및 과자류,피자,100g,261,13.48,,,507g
피자_단호박 피자 치즈크러스트 (F),빵 및 과자류,피자,100g,258,14.05,,,1495g
피자_단호박 피자 치즈크러스트 (L),빵 및 과자류,피자,100g,267,14.55,,,1191g
피자_단호박 피자 치즈크러스트 (R),빵 및 과자류,피자,100g,274,15.12,,,677g
피자_단호박 피자 팬 (F),빵 및 과자류,피자,100g,264,13.73,,,1465g
피자_단호박 피자 팬 (L),빵 및 과자류,피자,100g,266,13.76,,,1051g
피자_단호박 피자 팬 (R),빵 및 과자류,피자,100g,267,13.78,,,537g
피자_단호박피자,빵 및 과자류,피자,100g,243,8.02,,,497g
피자_단호박피자 (L),빵 및 과자류,피자,100g,245,8.33,,,1010g
피자_뉴클리어 피자 (L),빵 및 과자류,피자,100g,245,11.09,,,1003g
피자_니가가라하와이 피자 (L),빵 및 과자류,피자,100g,263,12.9,,,744g
피자_니가가라하와이 피자 (M),빵 및 과자류,피자,100g,263,12.9,,,558g
피자_다넣었어 피자 (L),빵 및 과자류,피자,100g,93,3.76,,,1250g
피자_다이나믹고구마무스 피자 (L),빵 및 과자류,피자,100g,291,13,,,1345g
피자_단고통밀도우피자,빵 및 과자류,피자,100g,275,8.93,,,724g
피자_단짠반반 (L),빵 및 과자류,피자,100g,236,9.02,,,983g
피자_단짠반반 (R),빵 및 과자류,피자,100g,238,8.93,,,621g
피자_단짠반반 피자 (L),빵 및 과자류,피자,100g,263,9.57,,,979.3
피자_단짠반반 피자 (R),빵 및 과자류,피자,100g,269,9.95,,,613.1
피자_단짠콘후라이 피자 (L),빵 및 과자류,피자,100g,240,11.57,,,968g
피자_단짠콘후라이 피자 (M),빵 및 과자류,피자,100g,240,11.46,,,576g
피자_단호박 알픽,빵 및 과자류,피자,100g,296,8.59,,,200g
피자_단호박 피자 (L),빵 및 과자류,피자,100g,209,7.91,,,858g
피자_단호박 피자 (L),빵 및 과자류,피자,100g,223,7.9,,,980g
피자_단호박 피자 (L),빵 및 과자류,피자,100g,243,8.41,,,1280g
피자_단호박 피자 (L),빵 및 과자류,피자,100g,288,5.78,,,935g
피자_단호박 피자 (M),빵 및 과자류,피자,100g,212,9.24,,,715g
피자_단호박 피자 (R),빵 및 과자류,피자,100g,242,8.79,,,725g
피자_뉴욕 오리진 피자 슈화 더블 치즈 페퍼로니 엣지 (M),빵 및 과자류,피자,100g,307,15.84,14.97,,797g
피자_뉴욕 오리진 피자 씬 (L),빵 및 과자류,피자,100g,260,13.45,15.43,,788g
피자_뉴욕 오리진 피자 씬 (M),빵 및 과자류,피자,100g,269,14.66,16.16,,419g
피자_뉴욕 오리진 피자 오리지널 (L),빵 및 과자류,피자,100g,251,12.73,13.33,20.04,1154g
피자_뉴욕 오리진 피자 오리지널 (M),빵 및 과자류,피자,100g,250,13.24,11.19,24.06,663g
피자_뉴욕 오리진 피자 치즈버스트 나폴리 (L),빵 및 과자류,피자,100g,270,12.62,17.48,,1185g
피자_뉴욕 오리진 피자 치즈버스트 오리지널 (L),빵 및 과자류,피자,100g,234,12.47,10.94,21.32,1374g
피자_뉴욕 오리진 피자 트리플치즈버스트 엣지 (L),빵 및 과자류,피자,100g,242,12.79,,,1375g
피자_뉴욕 핫도그씬 핫도그엣지 (L),빵 및 과자류,피자,100g,290,12.25,,,604g
피자_뉴욕 핫도그핫도그엣지 (L),빵 및 과자류,피자,100g,249,10.25,,,966g
피자_뉴욕 핫도그핫도그엣지 (M),빵 및 과자류,피자,100g,260,10.92,,,588g
피자_뉴욕베이컨체더 피자 (L),빵 및 과자류,피자,100g,247,5.94,,,995g
피자_뉴욕소세지 피자 오리지널 (M),빵 및 과자류,피자,100g,287,13.4,14.14,28.4,580g
피자_뉴욕스테이크 피자 (L),빵 및 과자류,피자,100g,164,9.96,,,1170g
피자_뉴욕오리진 오리지널 트리플치즈버스트엣지 (L),빵 및 과자류,피자,100g,253,13.33,,,1297g
피자_뉴욕페퍼로니 피자,빵 및 과자류,피자,100g,290,14.69,11.24,36.18,751g
피자_뉴욕핫독 피자 (L),빵 및 과자류,피자,100g,249,13.29,,,1140g
피자_뉴욕핫독 피자 (R),빵 및 과자류,피자,100g,250,13.04,,,830g
피자_뉴그릴드치킨치즈크러스트(L),빵 및 과자류,피자,100g,218,13.5,,,1020g
피자_뉴그릴드치킨치즈크러스트(R),빵 및 과자류,피자,100g,217,13.48,,,620.7
피자_뉴그릴드치킨팬(L),빵 및 과자류,피자,100g,223,13.29,,,925g
피자_뉴그릴드치킨팬(R),빵 및 과자류,피자,100g,223,13.23,,,552.8
피자_뉴그릴드치킨흑미스크린(L),빵 및 과자류,피자,100g,214,13.16,,,863.2
피자_뉴그릴드치킨흑미스크린(R),빵 및 과자류,피자,100g,208,13.29,,,480.6
피자_뉴그릴드치킨흑미치즈크러스트(L),빵 및 과자류,피자,100g,209,13.39,,,958.2
피자_뉴그릴드치킨흑미치즈크러스트(R),빵 및 과자류,피자,100g,203,13.57,,,548.4
피자_뉴욕 오리진 피자 나폴리 (L),빵 및 과자류,피자,100g,249,11.6,12.74,21.97,945g
피자_뉴욕 오리진 피자 나폴리 (M),빵 및 과자류,피자,100g,244,12.87,11.91,21.31,553g
피자_뉴욕 오리진 피자 더블치즈 엣지 (L),빵 및 과자류,피자,100g,245,12.94,11.94,21.38,1342g
피자_뉴욕 오리진 피자 더블치즈 엣지 (M),빵 및 과자류,피자,100g,264,13.84,11.66,25.84,806g
피자_뉴욕 오리진 피자 더블치즈 페퍼로니 엣지 (L),빵 및 과자류,피자,100g,249,13.31,14.96,,1382g
피자_뉴욕 오리진 피자 더블치즈 페퍼로니 엣지 (M),빵 및 과자류,피자,100g,267,14.13,13.38,,826g
피자_뉴욕 오리진 피자 슈퍼시드 화이버 버스트 오리지널 (L),빵 및 과자류,피자,100g,299,14.13,14.18,21.35,1351g
피자_뉴욕 오리진 피자 슈퍼시드 화이버 오리지널 (L),빵 및 과자류,피자,100g,257,11.9,12.87,23.25,1165g
피자_뉴욕 오리진 피자 슈퍼시드 화이버 오리지널 (M),빵 및 과자류,피자,100g,255,12.6,12.55,23.01,661g
피자_뉴욕 오리진 피자 슈화 더블 치즈 페퍼로니 엣지 (L),빵 및 과자류,피자,100g,298,14.56,14.89,20.38,1362g
피자_뉴그릴드치킨 피자 흑미스크린 (L),빵 및 과자류,피자,100g,214,13.89,,,864g
피자_뉴그릴드치킨 피자 흑미스크린 (R),빵 및 과자류,피자,100g,208,12.5,,,480g
피자_뉴그릴드치킨 피자 흑미스크린치즈크러스트 (L),빵 및 과자류,피자,100g,208,13.33,,,960g
피자_뉴그릴드치킨 피자 흑미스크린치즈크러스트 (R),빵 및 과자류,피자,100g,202,13.19,,,546g
피자_뉴그릴드치킨고구마크러스트(L),빵 및 과자류,피자,100g,221,12.16,,,1020g
피자_뉴그릴드치킨고구마크러스트(R),빵 및 과자류,피자,100g,221,12.1,,,609.8
피자_뉴그릴드치킨밀스크린(L),빵 및 과자류,피자,100g,227,13.24,,,889.6
피자_뉴그릴드치킨밀스크린(R),빵 및 과자류,피자,100g,220,13.36,,,493.8
피자_뉴그릴드치킨밀스크린치즈크러스트(L),빵 및 과자류,피자,100g,221,13.46,,,984.6
피자_뉴그릴드치킨밀스크린치즈크러스트(R),빵 및 과자류,피자,100g,213,13.62,,,561.6
피자_뉴그릴드치킨백미스크린(L),빵 및 과자류,피자,100g,220,13.25,,,858.8
피자_뉴그릴드치킨백미스크린(R),빵 및 과자류,피자,100g,213,13.37,,,478.4
피자_뉴그릴드치킨백미치즈크러스트(L),빵 및 과자류,피자,100g,214,13.47,,,953.8
피자_뉴그릴드치킨백미치즈크러스트(R),빵 및 과자류,피자,100g,207,13.64,,,546.2
피자_뉴그릴드치킨씬(L),빵 및 과자류,피자,100g,222,14.14,,,660g
피자_뉴그릴드치킨씬(R),빵 및 과자류,피자,100g,221,14.06,,,393g
피자_뉴그릴드치킨체다크림크러스트(L),빵 및 과자류,피자,100g,223,12.63,,,1025g
피자_뉴그릴드치킨체다크림크러스트(R),빵 및 과자류,피자,100g,223,12.57,,,612.8
피자_뉴그릴드치킨 피자 밀스크린고구마크러스트 (L),빵 및 과자류,피자,100g,224,12.2,,,984g
피자_뉴그릴드치킨 피자 밀스크린고구마크러스트 (R),빵 및 과자류,피자,100g,216,11.96,,,552g
피자_뉴그릴드치킨 피자 밀스크린체다크림크러스트 (L),빵 및 과자류,피자,100g,225,12.9,,,992g
피자_뉴그릴드치킨 피자 밀스크린체다크림크러스트 (R),빵 및 과자류,피자,100g,220,13.04,,,552g
피자_뉴그릴드치킨 피자 밀스크린치즈크러스트 (L),빵 및 과자류,피자,100g,220,13.01,,,984g
피자_뉴그릴드치킨 피자 밀스크린치즈크러스트 (R),빵 및 과자류,피자,100g,213,12.77,,,564g
피자_뉴그릴드치킨 피자 백미스크린 (L),빵 및 과자류,피자,100g,221,13.08,,,856g
피자_뉴그릴드치킨 피자 백미스크린 (R),빵 및 과자류,피자,100g,213,12.5,,,480g
피자_뉴그릴드치킨 피자 백미스크린치즈크러스트 (L),빵 및 과자류,피자,100g,213,12.5,,,960g
피자_뉴그릴드치킨 피자 백미스크린치즈크러스트 (R),빵 및 과자류,피자,100g,207,13.19,,,546g
피자_뉴그릴드치킨 피자 씬 (L),빵 및 과자류,피자,100g,238,10.64,,,752g
피자_뉴그릴드치킨 피자 씬 (R),빵 및 과자류,피자,100g,239,9.72,,,432g
피자_뉴그릴드치킨 피자 체다크림크러스트 (L),빵 및 과자류,피자,100g,223,12.5,,,1024g
피자_뉴그릴드치킨 피자 체다크림크러스트 (R),빵 및 과자류,피자,100g,223,12.75,,,612g
피자_뉴그릴드치킨 피자 치즈크러스트 (L),빵 및 과자류,피자,100g,218,13.39,,,1016g
피자_뉴그릴드치킨 피자 치즈크러스트 (R),빵 및 과자류,피자,100g,217,13.59,,,618g
피자_뉴그릴드치킨 피자 팬 (L),빵 및 과자류,피자,100g,222,12.93,,,928g
피자_뉴그릴드치킨 피자 팬 (R),빵 및 과자류,피자,100g,224,13.04,,,552g
케이크_초코생크림 케이크 2호,빵 및 과자류,케이크,100g,294,4.45,,,786g
피자_놀부단호박 피자 골드스윗 (L),빵 및 과자류,피자,100g,257,13.19,,,1150g
피자_놀부단호박 피자 골드스윗 (R),빵 및 과자류,피자,100g,256,12.38,,,839g
피자_놀부단호박 피자 리코타링 (L),빵 및 과자류,피자,100g,256,13.53,,,1060g
피자_놀부단호박 피자 리코타링 (R),빵 및 과자류,피자,100g,257,13.4,,,774g
피자_놀부단호박 피자 석쇠 (L),빵 및 과자류,피자,100g,250,13.33,,,960g
피자_놀부단호박 피자 석쇠 (R),빵 및 과자류,피자,100g,251,13.22,,,694g
피자_놀부단호박 피자 씬도우 (L),빵 및 과자류,피자,100g,287,13.26,,,723g
피자_놀부단호박 피자 씬도우 (R),빵 및 과자류,피자,100g,269,12.16,,,592g
피자_놀부단호박 피자 치즈링 (L),빵 및 과자류,피자,100g,249,14.07,,,1080g
피자_놀부단호박 피자 치즈링 (R),빵 및 과자류,피자,100g,249,14.07,,,794g
피자_눈꽃열차 피자 (L),빵 및 과자류,피자,100g,279,15.94,,,1240g
피자_눈꽃열차 피자 (R),빵 및 과자류,피자,100g,279,15.93,,,810g
피자_눈꽃치즈 피자 (L),빵 및 과자류,피자,100g,248,8.75,,,1279g
피자_눈꽃치즈스테이크 피자 (L),빵 및 과자류,피자,100g,237,13.53,,,1359g
피자_뉴그릴드치킨 피자 고구마크러스트 (L),빵 및 과자류,피자,100g,220,12.5,,,1024g
피자_뉴그릴드치킨 피자 고구마크러스트 (R),빵 및 과자류,피자,100g,220,11.76,,,612g
피자_뉴그릴드치킨 피자 밀스크린 (L),빵 및 과자류,피자,100g,227,13.51,,,888g
피자_뉴그릴드치킨 피자 밀스크린 (R),빵 및 과자류,피자,100g,221,13.41,,,492g
피자_꿀고구마 피자 바이트 (L),빵 및 과자류,피자,100g,231,9.06,,,1035g
피자_꿀고구마피자,빵 및 과자류,피자,100g,231,8.76,,,870g
피자_꿀고구마피자바이트,빵 및 과자류,피자,100g,231,9.07,,,1035g
피자_꿈을 피자 (L),빵 및 과자류,피자,100g,233,16.44,,,1165g
피자_꿈을 피자 (R),빵 및 과자류,피자,100g,250,16.28,,,690g
피자_꿈을피자 (L),빵 및 과자류,피자,100g,237,15.99,,,942g
피자_꿈을피자 (R),빵 및 과자류,피자,100g,252,15.63,,,564g
피자_꿈을피자 (XL),빵 및 과자류,피자,100g,260,16.13,,,1165g
피자_나이스투미트유 피자 (L),빵 및 과자류,피자,100g,270,15.97,,,1145g
피자_나폴리 피자,빵 및 과자류,피자,100g,241,12.35,8.24,29.7,761g
피자_나폴리로제피자 (L),빵 및 과자류,피자,100g,235,12.03,,,915g
피자_나폴리로제피자 (R),빵 및 과자류,피자,100g,238,13.29,,,465g
피자_나폴리로제피자 (XL),빵 및 과자류,피자,100g,235,12.04,,,1097g
피자_나폴리슈림프 피자,빵 및 과자류,피자,100g,214,10.78,,,288g
피자_나폴리피자,빵 및 과자류,피자,100g,246,11.7,,,761g
피자_날개 피자 (L),빵 및 과자류,피자,100g,268,12.68,,,1136g
피자_날밤새우게 피자 (L),빵 및 과자류,피자,100g,218,13.67,,,1110g
피자_날밤새우게 피자 (R),빵 및 과자류,피자,100g,218,13.79,,,870g
피자_넌필수있어 피자 (L),빵 및 과자류,피자,100g,293,10.79,,,737g
케이크_초코바스크치즈 케이크,빵 및 과자류,케이크,100g,363,5.26,,,38g
피자_깐쇼불갈비 피자 씬도우 (R),빵 및 과자류,피자,100g,264,11.11,,,646g
피자_깐쇼불갈비 피자 씬바샤삭 (L),빵 및 과자류,피자,100g,288,12.17,,,757g
피자_깐쇼불갈비 피자 씬바샤삭 (R),빵 및 과자류,피자,100g,264,11.11,,,646g
피자_깐쇼불갈비 피자 치즈링 (L),빵 및 과자류,피자,100g,253,13.56,,,944g
피자_깐쇼불갈비 피자 치즈링 (R),빵 및 과자류,피자,100g,252,14.2,,,677g
피자_깐쇼새우 피자,빵 및 과자류,피자,100g,305,13.89,8.8,42.59,864g
피자_깐쇼새우피자,빵 및 과자류,피자,100g,253,11.98,,,785g
피자_꽃 피자 (L),빵 및 과자류,피자,100g,283,15.57,,,850g
피자_꽃길만 감자 피자,빵 및 과자류,피자,100g,198,8.89,6.87,25.27,927g
피자_꽃맛살쉬림프 피자 (XL),빵 및 과자류,피자,100g,260,18.87,,,1200g
피자_꽃맛살쉬림프(R),빵 및 과자류,피자,100g,195,14.17,,,792g
피자_꽃맛살쉬림프(XL),빵 및 과자류,피자,100g,260,18.87,,,1200g
피자_꽉채운 페퍼로니 피자 (L),빵 및 과자류,피자,100g,260,13.87,,,793
피자_꽉채운 페퍼로니 피자 (R),빵 및 과자류,피자,100g,262,14.26,,,493.1
피자_꽉채운페퍼로니 (L),빵 및 과자류,피자,100g,238,12.96,,,793g
피자_꽉채운페퍼로니 (R),빵 및 과자류,피자,100g,242,13.48,,,493g
피자_꿀고구마 피자 (L),빵 및 과자류,피자,100g,231,8.76,,,870g
피자_짱감자흑미스크린(R),빵 및 과자류,피자,100g,218,10.54,,,579.6
케이크_초코생크림 케이크 3호,빵 및 과자류,케이크,100g,302,4.77,,,1027g
피자_그린잇 식물성 가든 스페셜,빵 및 과자류,피자,100g,211,5.74,,,767g
피자_그린잇 식물성 가든 스페셜 피자 오리지널 (L),빵 및 과자류,피자,100g,211,5.74,,,767g
피자_그린잇 식물성 마가리타,빵 및 과자류,피자,100g,274,6.85,,,584g
피자_그린잇 식물성 마가리타 피자 오리지널 (L),빵 및 과자류,피자,100g,274,6.85,,,584g
피자_그릴드비프 갈비천왕 피자,빵 및 과자류,피자,100g,297,12.34,,30.52,100g
피자_그릴드포크벨리 피자 (L),빵 및 과자류,피자,100g,251,11.04,,,1233g
피자_까르보나라 피자 (L),빵 및 과자류,피자,100g,243,14.08,,,980g
피자_까르보네 피자,빵 및 과자류,피자,100g,253,13.59,8.4,30.98,740g
피자_까르보네피자,빵 및 과자류,피자,100g,247,13.65,,,740g
피자_까르보치킨 피자 (L),빵 및 과자류,피자,100g,235,10.51,,,1160g
피자_깐쇼불갈비 피자 골드스윗 (L),빵 및 과자류,피자,100g,261,12.6,,,1014g
피자_깐쇼불갈비 피자 골드스윗 (R),빵 및 과자류,피자,100g,260,12.71,,,722g
피자_깐쇼불갈비 피자 리코타링 (L),빵 및 과자류,피자,100g,260,12.93,,,924g
피자_깐쇼불갈비 피자 리코타링 (R),빵 및 과자류,피자,100g,262,13.41,,,657g
피자_깐쇼불갈비 피자 석쇠 (L),빵 및 과자류,피자,100g,254,12.62,,,824g
피자_깐쇼불갈비 피자 석쇠 (R),빵 및 과자류,피자,100g,254,13.19,,,577g
피자_깐쇼불갈비 피자 씬도우 (L),빵 및 과자류,피자,100g,288,12.17,,,757g
피자_짱감자흑미스크린(L),빵 및 과자류,피자,100g,223,11.11,,,1068
케이크_초코생크림 케이크 1호,빵 및 과자류,케이크,100g,287,4.14,,,556g
피자_관자네 온 새우 피자 (L),빵 및 과자류,피자,100g,219,13.35,,,1079g
피자_관자네 온 새우 피자 (M),빵 및 과자류,피자,100g,229,15.07,,,664g
피자_국민반반 (L),빵 및 과자류,피자,100g,216,9.92,,,890g
피자_국민반반 (R),빵 및 과자류,피자,100g,219,11.11,,,545g
피자_국민반반 피자 (L),빵 및 과자류,피자,100g,235,11.23,,,889.6
피자_국민반반 피자 (R),빵 및 과자류,피자,100g,239,11.63,,,545.3
피자_궁중불고기 피자 (L),빵 및 과자류,피자,100g,260,12.36,,,1100g
피자_그라나콤비네이션 피자 (L),빵 및 과자류,피자,100g,249,5.28,,,985g
피자_그린머쉬룸 피자 골드스윗 (L),빵 및 과자류,피자,100g,263,12.73,,,880g
피자_그린머쉬룸 피자 골드스윗 (R),빵 및 과자류,피자,100g,263,12.23,,,556g
피자_그린머쉬룸 피자 리코타링 (L),빵 및 과자류,피자,100g,263,13.13,,,790g
피자_그린머쉬룸 피자 리코타링 (R),빵 및 과자류,피자,100g,264,13.01,,,491g
피자_그린머쉬룸 피자 석쇠 (L),빵 및 과자류,피자,100g,255,13.29,,,690g
피자_그린머쉬룸 피자 석쇠 (R),빵 및 과자류,피자,100g,254,12.62,,,411g
피자_그린머쉬룸 피자 씬바샤삭 (L),빵 및 과자류,피자,100g,305,14.52,,,495g
피자_그린머쉬룸 피자 씬바샤삭 (R),빵 및 과자류,피자,100g,299,15.6,,,376g
피자_그린머쉬룸 피자 치즈링 (L),빵 및 과자류,피자,100g,252,13.86,,,810g
피자_그린머쉬룸 피자 치즈링 (R),빵 및 과자류,피자,100g,252,14.06,,,511g
케이크_초코반 딸기반,빵 및 과자류,케이크,100g,290,4,20,25,710g
피자_골드페파로니 피자 (L),빵 및 과자류,피자,100g,286,14.54,,,908g
피자_골드페퍼로니피자,빵 및 과자류,피자,100g,286,14.54,,,908g
피자_골드포테이토 피자 (L),빵 및 과자류,피자,100g,263,12.8,,,1000g
피자_골드포테이토피자,빵 및 과자류,피자,100g,263,12.8,,,1000g
피자_골드프리미엄 불고기 피자 (L),빵 및 과자류,피자,100g,377,17.73,15,42.67,792g
피자_골드하와이언쉬림프 피자 (L),빵 및 과자류,피자,100g,232,12.49,,,1059g
피자_골드하와이언쉬림프피자,빵 및 과자류,피자,100g,232,12.49,,,1059g
피자_골드핫치킨 피자 (L),빵 및 과자류,피자,100g,371,20.84,13.88,40.61,900g
피자_골드흑마늘불고기피자,빵 및 과자류,피자,100g,257,12.41,,,948g
피자_골든맥앤치즈피자 (L),빵 및 과자류,피자,100g,241,11.02,,,906g
피자_골든맥앤치즈피자 (M),빵 및 과자류,피자,100g,238,12.06,,,678g
피자_골든맥앤치즈피자 리치골드크러스트 (L),빵 및 과자류,피자,100g,247,11.5,,,1106g
피자_골든맥앤치즈피자 리치골드크러스트 (M),빵 및 과자류,피자,100g,243,12.27,,,778g
피자_골든맥앤치즈피자 치즈크러스트 (L),빵 및 과자류,피자,100g,246,11.29,,,1006g
피자_골든맥앤치즈피자 치즈크러스트 (M),빵 및 과자류,피자,100g,243,12.22,,,753g
피자_골든치즈볼 피자 (L),빵 및 과자류,피자,100g,307,13.33,,,856g
피자_골든큐브스테이크 피자,빵 및 과자류,피자,100g,215,11.35,,,1138g
피자_과카몰리 비프 쉬림프 피자,빵 및 과자류,피자,100g,249,12.21,,,992g
케이크_초코바닐라 마블쉬폰,빵 및 과자류,케이크,100g,315,4,20,30,560g
피자_골드 콘 하베스트팬 (L),빵 및 과자류,피자,100g,289,8.62,,,933g
피자_골드고구마 피자 (L),빵 및 과자류,피자,100g,283,12.51,9.07,37.84,920g
피자_골드고구마 피자 오리지널 (M),빵 및 과자류,피자,100g,292,17.2,15.34,25.34,555g
피자_골드고구마피자 오리지널,빵 및 과자류,피자,100g,282,12.25,,,590g
피자_골드고추마요치킨피자,빵 및 과자류,피자,100g,280,13.59,,,896g
피자_골드꿀고구마 피자 (L),빵 및 과자류,피자,100g,239,9.91,,,1095g
피자_골드꿀고구마피자,빵 및 과자류,피자,100g,239,9.9,,,1095g
피자_골드데리치킨피자,빵 및 과자류,피자,100g,254,14.5,,,948g
피자_골드스테이크불갈비피자,빵 및 과자류,피자,100g,263,15,,,955g
피자_골드아메리칸체다피자,빵 및 과자류,피자,100g,262,12.73,,,948g
피자_골드이탈리안치즈 피자 (L),빵 및 과자류,피자,100g,280,16.07,,,825g
피자_골드이탈리안치즈피자,빵 및 과자류,피자,100g,280,16.07,,,825g
피자_골드체다소세지 피자 (L),빵 및 과자류,피자,100g,255,13.57,,,905g
피자_골드콤비네이션 피자 (L),빵 및 과자류,피자,100g,250,13.28,,,951g
피자_골드콤비네이션피자,빵 및 과자류,피자,100g,250,13.28,,,951g
피자_골드투움바파스타 피자 (L),빵 및 과자류,피자,100g,242,11.27,,,993g
피자_골드투움바피자,빵 및 과자류,피자,100g,242,11.27,,,993g
피자_골드트러플버섯 피자 (L),빵 및 과자류,피자,100g,262,11.61,,,817g
케이크_초코미니 롤,빵 및 과자류,케이크,100g,318,6,,,120g
피자_고소포테이토 피자 (L),빵 및 과자류,피자,100g,187,9.17,,,1067g
피자_고스트페퍼로니 피자 (L),빵 및 과자류,피자,100g,269,10.56,,,985.2
피자_고추마요치킨피자,빵 및 과자류,피자,100g,285,13.83,,,676g
피자_고추마요치킨피자바이트,빵 및 과자류,피자,100g,271,12.92,,,836g
피자_고추불고기 피자,빵 및 과자류,피자,100g,221,14.18,,24.63,1074g
피자_고추장불고기 피자,빵 및 과자류,피자,100g,270,14.16,,,900g
피자_고추장불고기(R),빵 및 과자류,피자,100g,272,14.44,,,540g
피자_고추장불고기(XL),빵 및 과자류,피자,100g,270,14.16,,,900g
피자_골드 콘 하베스트리치골드 (L),빵 및 과자류,피자,100g,258,9.74,,,1227g
피자_골드 콘 하베스트리치골드 (M),빵 및 과자류,피자,100g,261,10.39,,,764g
피자_골드 콘 하베스트씬 (L),빵 및 과자류,피자,100g,293,9.52,,,591g
피자_골드 콘 하베스트오리지널 (L),빵 및 과자류,피자,100g,258,9.43,,,852g
피자_골드 콘 하베스트오리지널 (M),빵 및 과자류,피자,100g,259,10.11,,,536g
피자_골드 콘 하베스트치즈크러스트 (L),빵 및 과자류,피자,100g,259,10.15,,,1068g
피자_골드 콘 하베스트치즈크러스트 (M),빵 및 과자류,피자,100g,261,11.2,,,648g
피자_골드 콘 하베스트치즈크러스트 골드 (L),빵 및 과자류,피자,100g,263,10.66,,,1100g
피자_골드 콘 하베스트치즈크러스트 골드 (M),빵 및 과자류,피자,100g,266,11.62,,,666g
피자_짱감자흑미치즈크러스트(L),빵 및 과자류,피자,100g,219,11.47,,,1163
피자_고르곤졸라 피자 씬도우 (R),빵 및 과자류,피자,100g,373,18.4,,,332g
피자_고르곤졸라 피자 씬바샤삭 (L),빵 및 과자류,피자,100g,366,20.51,,,467g
피자_고르곤졸라 피자 씬바샤삭 (R),빵 및 과자류,피자,100g,373,18.4,,,332g
피자_고르곤졸라 피자 치즈링 (G),빵 및 과자류,피자,100g,296,18.49,,,1191g
피자_고르곤졸라 피자 치즈링 (L),빵 및 과자류,피자,100g,301,19.21,,,708g
피자_고르곤졸라 피자 치즈링 (R),빵 및 과자류,피자,100g,301,19.08,,,525g
피자_고르곤졸라(R),빵 및 과자류,피자,100g,209,8,,,602g
피자_고르곤졸라(XL),빵 및 과자류,피자,100g,276,12.28,,,912g
피자_고르곤졸라씬 (L),빵 및 과자류,피자,100g,305,14.06,,,469g
피자_고르곤졸라씬 (R),빵 및 과자류,피자,100g,311,14.82,,,300g
피자_고르곤졸라피자,빵 및 과자류,피자,100g,279,16.17,,,538g
피자_고르곤졸라피자,빵 및 과자류,피자,100g,297,16.67,,,716g
피자_고르곤졸라피자 (R),빵 및 과자류,피자,100g,320,22.17,,,300g
피자_고르곤졸라피자 (XL),빵 및 과자류,피자,100g,243,20.91,,,505g
피자_고르곤졸리피자 (L),빵 및 과자류,피자,100g,242,20.42,,,502g
피자_고르목졸라 피자 (L),빵 및 과자류,피자,100g,319,18.07,,,664g
피자_고르목졸라 피자 (M),빵 및 과자류,피자,100g,315,17.28,,,486g
피자_고른곤졸라씬(L),빵 및 과자류,피자,100g,295,15.15,,,589g
피자_고른곤졸라씬(R),빵 및 과자류,피자,100g,295,15.2,,,355.4
케이크_초코무스케이크,빵 및 과자류,케이크,100g,348,6.78,,,90g
피자_고르곤졸라 피자 (L),빵 및 과자류,피자,100g,364,19.61,,,452g
피자_고르곤졸라 피자 (M),빵 및 과자류,피자,100g,310,14.05,,,430g
피자_고르곤졸라 피자 (R),빵 및 과자류,피자,100g,329,23.68,,,305g
피자_고르곤졸라 피자 (XL),빵 및 과자류,피자,100g,276,12.28,,,912g
피자_고르곤졸라 피자 골드스윗 (G),빵 및 과자류,피자,100g,303,16.03,,,1306g
피자_고르곤졸라 피자 골드스윗 (L),빵 및 과자류,피자,100g,309,16.41,,,778g
피자_고르곤졸라 피자 골드스윗 (R),빵 및 과자류,피자,100g,306,16.78,,,570g
피자_고르곤졸라 피자 리코타링 (G),빵 및 과자류,피자,100g,310,16.52,,,1151g
피자_고르곤졸라 피자 리코타링 (L),빵 및 과자류,피자,100g,314,17.44,,,688g
피자_고르곤졸라 피자 리코타링 (R),빵 및 과자류,피자,100g,315,18.25,,,505g
피자_고르곤졸라 피자 석쇠 (G),빵 및 과자류,피자,100g,308,17.01,,,971g
피자_고르곤졸라 피자 석쇠 (L),빵 및 과자류,피자,100g,314,18.37,,,588g
피자_고르곤졸라 피자 석쇠 (R),빵 및 과자류,피자,100g,315,18.87,,,425g
피자_고르곤졸라 피자 씬 (L),빵 및 과자류,피자,100g,339,15.78,,,469.4
피자_고르곤졸라 피자 씬 (L),빵 및 과자류,피자,100g,293,14.86,,,592g
피자_고르곤졸라 피자 씬 (R),빵 및 과자류,피자,100g,295,15.25,,,354g
피자_고르곤졸라 피자 씬 (R),빵 및 과자류,피자,100g,342,16.11,,,299.9
피자_고르곤졸라 피자 씬도우 (L),빵 및 과자류,피자,100g,366,20.51,,,467g
피자_고기밭피자 (L),빵 및 과자류,피자,100g,272,15.16,,,1044g
피자_고기천국 피자 (L),빵 및 과자류,피자,100g,271,14.95,,,856g
피자_고기천국 피자 (M),빵 및 과자류,피자,100g,270,14.71,,,612g
피자_고르곤졸라 (L),빵 및 과자류,피자,100g,364,18.89,17.22,33.89,180g
피자_고르곤졸라 피자,빵 및 과자류,피자,100g,384,18.1,17.24,39.66,116g
피자_고르곤졸라 피자,빵 및 과자류,피자,100g,322,16.38,13.79,32.76,932g
피자_고르곤졸라 피자,빵 및 과자류,피자,100g,280,14.81,,,736g
피자_고르곤졸라 피자,빵 및 과자류,피자,100g,303,16.67,10,36.11,480g
피자_고르곤졸라 피자,빵 및 과자류,피자,100g,278,15.71,,,100g
피자_고르곤졸라 피자,빵 및 과자류,피자,100g,331,12.9,,,311g
피자_고르곤졸라 피자,빵 및 과자류,피자,100g,297,16.67,,34.44,716g
피자_고르곤졸라 피자 (L),빵 및 과자류,피자,100g,358,20.35,,,360g
피자_고르곤졸라 피자 (L),빵 및 과자류,피자,100g,306,25,,,360g
피자_고르곤졸라 피자 (L),빵 및 과자류,피자,100g,262,16.76,,,830g
피자_고르곤졸라 피자 (L),빵 및 과자류,피자,100g,312,14.24,,,616g
피자_고르곤졸라 피자 (L),빵 및 과자류,피자,100g,238,21.43,,,505g
피자_고르곤졸라 피자 (L),빵 및 과자류,피자,100g,374,7.5,,,581g
피자_고르곤졸라 피자 (L),빵 및 과자류,피자,100g,503,27.7,,,570g
피자_고르곤졸라 피자 (L),빵 및 과자류,피자,100g,377,12.86,,,556g
피자_고구마팬(L),빵 및 과자류,피자,100g,236,10.59,,,1015g
피자_고구마팬(R),빵 및 과자류,피자,100g,236,10.15,,,590.8
피자_고구마피자,빵 및 과자류,피자,100g,251,7.9,,,492g
피자_고구마피자,빵 및 과자류,피자,100g,249,9.17,,,785g
피자_고구마피자 (1인),빵 및 과자류,피자,100g,221,8.86,,,327g
피자_고구마피자 (L),빵 및 과자류,피자,100g,272,9.01,,,850g
피자_고구마피자 (L),빵 및 과자류,피자,100g,251,8.22,,,985g
피자_고구마피자 (M),빵 및 과자류,피자,100g,272,10.33,,,605g
피자_고구마피자 (R),빵 및 과자류,피자,100g,251,8.23,,,560g
피자_고구마피자 (XL),빵 및 과자류,피자,100g,252,8.23,,,1260g
피자_고구마피자 리치골드크러스트 (L),빵 및 과자류,피자,100g,273,9.9,,,1050g
피자_고구마피자 리치골드크러스트 (M),빵 및 과자류,피자,100g,272,10.8,,,705g
피자_고구마피자 치즈크러스트 (L),빵 및 과자류,피자,100g,274,9.51,,,950g
피자_고구마피자 치즈크러스트 (M),빵 및 과자류,피자,100g,274,10.7,,,680g
피자_고구마흑미스크린(L),빵 및 과자류,피자,100g,228,10.3,,,953.2
피자_고구마흑미스크린(R),빵 및 과자류,피자,100g,223,9.77,,,518.6
피자_고구마흑미치즈크러스트(L),빵 및 과자류,피자,100g,222,10.77,,,1048
피자_고구마흑미치즈크러스트(R),빵 및 과자류,피자,100g,217,10.44,,,586.4
피자_고기농장 피자 (L),빵 및 과자류,피자,100g,171,8.09,,,940g
케이크_초코무스 케이크,빵 및 과자류,케이크,100g,348,6.78,,,90g
피자_고구마무스피자,빵 및 과자류,피자,100g,217,7.88,,,1318g
피자_고구마밀스크린(L),빵 및 과자류,피자,100g,240,10.45,,,979.6
피자_고구마밀스크린(R),빵 및 과자류,피자,100g,234,9.93,,,531.8
피자_고구마밀스크린치즈크러스트(L),빵 및 과자류,피자,100g,233,10.9,,,1074
피자_고구마밀스크린치즈크러스트(R),빵 및 과자류,피자,100g,226,10.56,,,599.6
피자_고구마백미스크린(L),빵 및 과자류,피자,100g,234,10.36,,,948.8
피자_고구마백미스크린(R),빵 및 과자류,피자,100g,228,9.83,,,516.4
피자_고구마백미치즈크러스트(L),빵 및 과자류,피자,100g,228,10.83,,,1043
피자_고구마백미치즈크러스트(R),빵 및 과자류,피자,100g,221,10.5,,,584.2
피자_고구마베이컨 피자 (L),빵 및 과자류,피자,100g,238,6.65,,,1179g
피자_고구마스위트 피자 (L),빵 및 과자류,피자,100g,277,9.33,,,1201g
피자_고구마씬(L),빵 및 과자류,피자,100g,239,10.38,,,750g
피자_고구마씬(R),빵 및 과자류,피자,100g,239,9.76,,,431g
피자_고구마체다크림크러스트(L),빵 및 과자류,피자,100g,234,10.23,,,1115g
피자_고구마체다크림크러스트(R),빵 및 과자류,피자,100g,234,9.81,,,650.8
피자_고구마치즈크러스트(L),빵 및 과자류,피자,100g,230,11.01,,,1110g
피자_고구마치즈크러스트(R),빵 및 과자류,피자,100g,229,10.7,,,658.7
피자_고구마파인애플 피자 (L),빵 및 과자류,피자,100g,250,12.43,,,1030g
케이크_초코무스 케이크,빵 및 과자류,케이크,100g,373,6.24,,,101g
피자_고구마 피자 흑미스크린치즈크러스트 (R),빵 및 과자류,피자,100g,216,10.31,,,582g
피자_고구마(L),빵 및 과자류,피자,100g,229,12,,,923g
피자_고구마(M),빵 및 과자류,피자,100g,229,12,,,600g
피자_고구마(R),빵 및 과자류,피자,100g,183,12.56,,,755g
피자_고구마(XL),빵 및 과자류,피자,100g,242,16.64,,,1144g
피자_고구마고구마크러스트(L),빵 및 과자류,피자,100g,232,9.78,,,1110g
피자_고구마고구마크러스트(R),빵 및 과자류,피자,100g,232,9.36,,,647.8
피자_고구마디럭스 피자,빵 및 과자류,피자,100g,116,5.93,,,100g
피자_고구마랍스터볼크림 피자 (L),빵 및 과자류,피자,100g,266,14,,,1103g
피자_고구마무스 (L),빵 및 과자류,피자,100g,237,8.76,,,1006g
피자_고구마무스 (R),빵 및 과자류,피자,100g,241,8.93,,,619g
피자_고구마무스 베이컨 피자 (L),빵 및 과자류,피자,100g,231,11,,,1072g
피자_고구마무스 피자,빵 및 과자류,피자,100g,217,7.88,,30.3,1318g
피자_고구마무스 피자 (L),빵 및 과자류,피자,100g,222,10.58,,,920g
피자_고구마무스 피자 (L),빵 및 과자류,피자,100g,216,9.07,,,1000g
피자_고구마무스 피자 (L),빵 및 과자류,피자,100g,260,9.49,,,1000
피자_고구마무스 피자 (M),빵 및 과자류,피자,100g,212,9.45,,,775g
피자_고구마무스 피자 (R),빵 및 과자류,피자,100g,263,9.94,,,615.4
피자_고구마 피자 체다크림크러스트 (L),빵 및 과자류,피자,100g,233,10,,,1120g
피자_고구마 피자 체다크림크러스트 (R),빵 및 과자류,피자,100g,233,9.17,,,654g
피자_고구마 피자 치즈링 (L),빵 및 과자류,피자,100g,255,13.11,,,976g
피자_고구마 피자 치즈링 (R),빵 및 과자류,피자,100g,255,13.16,,,758g
피자_고구마 피자 치즈크러스트 (F),빵 및 과자류,피자,100g,242,13.62,,,1572g
피자_고구마 피자 치즈크러스트 (L),빵 및 과자류,피자,100g,230,10.87,,,1104g
피자_고구마 피자 치즈크러스트 (L),빵 및 과자류,피자,100g,253,14.15,,,1241g
피자_고구마 피자 치즈크러스트 (R),빵 및 과자류,피자,100g,227,10.91,,,660g
피자_고구마 피자 치즈크러스트 (R),빵 및 과자류,피자,100g,261,14.75,,,702g
피자_고구마 피자 팬 (F),빵 및 과자류,피자,100g,248,13.31,,,1542g
피자_고구마 피자 팬 (L),빵 및 과자류,피자,100g,248,13.25,,,1101g
피자_고구마 피자 팬 (L),빵 및 과자류,피자,100g,235,10.24,,,1016g
피자_고구마 피자 팬 (R),빵 및 과자류,피자,100g,251,13.37,,,562g
피자_고구마 피자 팬 (R),빵 및 과자류,피자,100g,238,10.2,,,588g
피자_고구마 피자 흑미스크린 (L),빵 및 과자류,피자,100g,229,10.08,,,952g
피자_고구마 피자 흑미스크린 (R),빵 및 과자류,피자,100g,224,9.3,,,516g
피자_고구마 피자 흑미스크린치즈크러스트 (L),빵 및 과자류,피자,100g,221,10.69,,,1048g
피자_짱감자흑미치즈크러스트(R),빵 및 과자류,피자,100g,213,11.06,,,647.4
케이크_초코무스 케이크,빵 및 과자류,케이크,100g,320,3.53,,,85g
피자_고구마 피자 밀스크린치즈크러스트 (R),빵 및 과자류,피자,100g,225,10,,,600g
피자_고구마 피자 백미 (L),빵 및 과자류,피자,100g,177,7.18,,,971g
피자_고구마 피자 백미 (R),빵 및 과자류,피자,100g,181,6.38,,,592g
피자_고구마 피자 백미스크린 (L),빵 및 과자류,피자,100g,233,10.08,,,952g
피자_고구마 피자 백미스크린 (R),빵 및 과자류,피자,100g,229,9.3,,,516g
피자_고구마 피자 백미스크린치즈크러스트 (L),빵 및 과자류,피자,100g,227,10.77,,,1040g
피자_고구마 피자 백미스크린치즈크러스트 (R),빵 및 과자류,피자,100g,221,10.31,,,582g
피자_고구마 피자 석쇠 (F),빵 및 과자류,피자,100g,240,12.92,,,1442g
피자_고구마 피자 석쇠 (L),빵 및 과자류,피자,100g,257,12.15,,,856g
피자_고구마 피자 석쇠 (L),빵 및 과자류,피자,100g,242,12.98,,,1041g
피자_고구마 피자 석쇠 (R),빵 및 과자류,피자,100g,258,12.12,,,658g
피자_고구마 피자 석쇠 (R),빵 및 과자류,피자,100g,244,13.07,,,532g
피자_고구마 피자 씬 (L),빵 및 과자류,피자,100g,238,10.64,,,752g
피자_고구마 피자 씬 (R),빵 및 과자류,피자,100g,239,9.72,,,432g
피자_고구마 피자 씬도우 (L),빵 및 과자류,피자,100g,278,11.98,,,768g
피자_고구마 피자 씬도우 (R),빵 및 과자류,피자,100g,272,11.03,,,545g
피자_고구마 피자 씬바샤삭 (L),빵 및 과자류,피자,100g,278,11.98,,,768g
피자_고구마 피자 씬바샤삭 (R),빵 및 과자류,피자,100g,272,11.03,,,545g
피자_고구마 피자 고구마크러스트 (L),빵 및 과자류,피자,100g,232,10.07,,,1112g
피자_고구마 피자 고구마크러스트 (R),빵 및 과자류,피자,100g,235,9.26,,,648g
피자_고구마 피자 골드스윗 (L),빵 및 과자류,피자,100g,263,12.21,,,1046g
피자_고구마 피자 골드스윗 (R),빵 및 과자류,피자,100g,262,12,,,803g
피자_고구마 피자 라이스골드 (F),빵 및 과자류,피자,100g,240,13.76,,,1865g
피자_고구마 피자 라이스골드 (L),빵 및 과자류,피자,100g,254,13.62,,,1401g
피자_고구마 피자 라이스골드 (R),빵 및 과자류,피자,100g,261,14.25,,,782g
피자_고구마 피자 라이스바이트 (F),빵 및 과자류,피자,100g,248,12.91,,,1947g
피자_고구마 피자 라이스바이트 (L),빵 및 과자류,피자,100g,257,13.41,,,1481g
피자_고구마 피자 리코타링 (L),빵 및 과자류,피자,100g,263,12.5,,,956g
피자_고구마 피자 리코타링 (R),빵 및 과자류,피자,100g,264,12.43,,,738g
피자_고구마 피자 밀스크린 (L),빵 및 과자류,피자,100g,240,10.66,,,976g
피자_고구마 피자 밀스크린 (R),빵 및 과자류,피자,100g,234,10.11,,,534g
피자_고구마 피자 밀스크린고구마크러스트 (L),빵 및 과자류,피자,100g,236,9.7,,,1072g
피자_고구마 피자 밀스크린고구마크러스트 (R),빵 및 과자류,피자,100g,231,9.18,,,588g
피자_고구마 피자 밀스크린체다크림크러스트 (L),빵 및 과자류,피자,100g,237,10.37,,,1080g
피자_고구마 피자 밀스크린체다크림크러스트 (R),빵 및 과자류,피자,100g,231,9.09,,,594g
피자_고구마 피자 밀스크린치즈크러스트 (L),빵 및 과자류,피자,100g,233,11.19,,,1072g
피자_고구마 (L),빵 및 과자류,피자,100g,285,8.46,,,1040g
피자_고구마 베이컨 피자 (L),빵 및 과자류,피자,100g,248,11.98,,,1016g
피자_고구마 알픽,빵 및 과자류,피자,100g,317,11.28,,,200g
피자_고구마 피자,빵 및 과자류,피자,100g,258,11.73,5.61,45.41,785g
피자_고구마 피자,빵 및 과자류,피자,100g,245,9.3,,,303g
피자_고구마 피자 (L),빵 및 과자류,피자,100g,252,9.66,,,826g
피자_고구마 피자 (L),빵 및 과자류,피자,100g,252,11.74,,,904g
피자_고구마 피자 (L),빵 및 과자류,피자,100g,225,9.28,,,865g
피자_고구마 피자 (L),빵 및 과자류,피자,100g,229,12,,,928g
피자_고구마 피자 (L),빵 및 과자류,피자,100g,252,8.57,,,1260g
피자_고구마 피자 (L),빵 및 과자류,피자,100g,292,6,,,880g
피자_고구마 피자 (L),빵 및 과자류,피자,100g,307,8.27,,,1060g
피자_고구마 피자 (L),빵 및 과자류,피자,100g,271,9.79,8.53,31.99,905g
피자_고구마 피자 (L),빵 및 과자류,피자,100g,252,12.55,,,1020g
피자_고구마 피자 (L),빵 및 과자류,피자,100g,283,12.51,9.07,37.84,620g
피자_고구마 피자 (L),빵 및 과자류,피자,100g,222,4.16,,,1075g
피자_고구마 피자 (M),빵 및 과자류,피자,100g,229,7.98,,,600g
피자_고구마 피자 (R),빵 및 과자류,피자,100g,253,7.69,,,725g
피자_고구마 피자 (XL),빵 및 과자류,피자,100g,242,16.64,,,1144g
피자_갈릭스테이크쉬림프 피자 (L),빵 및 과자류,피자,100g,147,8,,,1197g
피자_갈릭페퍼스테이크 피자 (F),빵 및 과자류,피자,100g,267,12.4,,,1036g
피자_갈릭페퍼스테이크 피자 (L),빵 및 과자류,피자,100g,267,11.98,,,770g
피자_갈릭페퍼스테이크 피자 (P),빵 및 과자류,피자,100g,265,12.12,,,1316g
피자_갈릭홀릭 피자 (L),빵 및 과자류,피자,100g,286,15.13,,,950g
피자_갈릭홀릭 피자 (R),빵 및 과자류,피자,100g,285,15.18,,,670g
피자_갈비앤치킨 피자 씬 (L),빵 및 과자류,피자,100g,207,10,,,960g
피자_갈비앤치킨 피자 씬 (R),빵 및 과자류,피자,100g,206,9.57,,,564g
피자_갈비앤치킨씬(L),빵 및 과자류,피자,100g,207,9.65,,,959g
피자_갈비앤치킨씬(R),빵 및 과자류,피자,100g,207,9.36,,,564.4
피자_감자 피자,빵 및 과자류,피자,100g,264,12.03,,,929g
피자_감자베이컨 피자 (L),빵 및 과자류,피자,100g,285,6.31,,,830g
피자_감자별한웅큼피자 (L),빵 및 과자류,피자,100g,248,11.28,,,1227g
피자_강냉이털어 피자 (L),빵 및 과자류,피자,100g,268,14,,,931g
피자_걱정말아요허니 피자 (L),빵 및 과자류,피자,100g,272,12.91,,,742g
피자_게살크림 피자,빵 및 과자류,피자,100g,222,13.33,,24,1196g
피자_게살크림피자,빵 및 과자류,피자,100g,222,13.33,,,1196g
피자_고객의실수 피자 (L),빵 및 과자류,피자,100g,259,14.29,,,1060g
피자_고객의실수 피자 (R),빵 및 과자류,피자,100g,260,14.39,,,835g
케이크_초코모찌 롤케이크,빵 및 과자류,케이크,100g,290,4.55,,,110g
피자_갈릭버터쉬림프치즈크러스트 (L),빵 및 과자류,피자,100g,250,11.33,,,1030g
피자_갈릭버터쉬림프치즈크러스트 골드 (L),빵 및 과자류,피자,100g,255,11.89,,,1062g
피자_갈릭베이컨체다치즈 피자 (L),빵 및 과자류,피자,100g,188,12.41,,,830g
피자_갈릭베이컨포테이토 피자 (L),빵 및 과자류,피자,100g,245,9.8,,,1016g
피자_갈릭비프스테이크 피자 (L),빵 및 과자류,피자,100g,208,11.05,,,920g
피자_갈릭비프스테이크 피자 (M),빵 및 과자류,피자,100g,197,11.13,,,693g
피자_갈릭쉬림프 피자 (L),빵 및 과자류,피자,100g,292,12.17,,,922g
피자_갈릭쉬림프 피자 (L),빵 및 과자류,피자,100g,177,11.78,,,1013g
피자_갈릭쉬림프 피자 (L),빵 및 과자류,피자,100g,215,5.29,,,1165g
피자_갈릭쉬림프 피자 (L),빵 및 과자류,피자,100g,88,4.25,,,1130g
피자_갈릭쉬림프 피자 오리지널 (M),빵 및 과자류,피자,100g,262,11.76,11.96,26.22,610g
피자_갈릭쉬림프피자 오리지널,빵 및 과자류,피자,100g,236,12,,,600g
피자_갈릭쉬림플렉스피자오리지널(L),빵 및 과자류,피자,100g,204,12.23,,,1215g
피자_갈릭스테이크 피자 (L),빵 및 과자류,피자,100g,229,12.14,,,923g
피자_갈릭스테이크 피자 (L),빵 및 과자류,피자,100g,276,15,,,1396g
피자_갈릭스테이크 피자 오리지널 (M),빵 및 과자류,피자,100g,258,10.68,9.95,30.12,620g
피자_갈릭스테이크(L),빵 및 과자류,피자,100g,292,12,,,1000g
피자_갈릭스테이크(M),빵 및 과자류,피자,100g,292,12,,,692g
케이크_초코골드레이어,빵 및 과자류,케이크,100g,300,4.4,,,750g
피자_가든 스페셜 피자 치즈롤 (L),빵 및 과자류,피자,100g,220,9.31,,,1031
피자_가든 스페셜 피자 치즈롤 (P),빵 및 과자류,피자,100g,220,9.26,,,1727
피자_가든 스페셜 하트씬,빵 및 과자류,피자,100g,215,6.46,,,969.5
피자_가든스페셜 (L),빵 및 과자류,피자,100g,213,8.21,,,778g
피자_가든스페셜 (R),빵 및 과자류,피자,100g,214,8.39,,,430g
피자_가든스페셜 피자 (F),빵 및 과자류,피자,100g,214,8.4,,,1047g
피자_가든스페셜 피자 (L),빵 및 과자류,피자,100g,213,8.21,,,778g
피자_가든스페셜 피자 (P),빵 및 과자류,피자,100g,214,8.27,,,1331g
피자_가든스페셜 피자 (R),빵 및 과자류,피자,100g,214,8.39,,,430g
피자_갈릭 버터 쉬림프 피자 리치골드 (L),빵 및 과자류,피자,100g,244,11.34,,,1139g
피자_갈릭 버터 쉬림프 피자 리치골드 (M),빵 및 과자류,피자,100g,274,12.72,,,618g
피자_갈릭 버터 쉬림프 피자 치즈크러스트 (L),빵 및 과자류,피자,100g,241,11.83,,,1050g
피자_갈릭 버터 쉬림프 피자 치즈크러스트 (M),빵 및 과자류,피자,100g,242,12.21,,,623g
피자_갈릭 포테이토 피자,빵 및 과자류,피자,100g,228,9.72,,,362g
피자_갈릭 포테이토 피자 (L),빵 및 과자류,피자,100g,243,10.23,,,700g
피자_갈릭버터브레드 (1인),빵 및 과자류,피자,100g,318,11.31,,,225g
피자_갈릭버터쉬림프리치골드 (L),빵 및 과자류,피자,100g,251,10.74,,,1189g
피자_갈릭버터쉬림프오리지널 (L),빵 및 과자류,피자,100g,245,10.88,,,816g
케이크_초코 티라미수 케이크,빵 및 과자류,케이크,100g,358,5.26,,,95g
피자_가든 스페셜 스파이시 갈릭 치즈롤 (F),빵 및 과자류,피자,100g,225,9.59,,,1334
피자_가든 스페셜 스파이시 갈릭 치즈롤 (L),빵 및 과자류,피자,100g,225,9.46,,,1015
피자_가든 스페셜 스파이시 갈릭 치즈롤 (P),빵 및 과자류,피자,100g,226,9.58,,,1670
피자_가든 스페셜 씬,빵 및 과자류,피자,100g,238,9.32,,,1030
피자_가든 스페셜 치즈롤 (F),빵 및 과자류,피자,100g,221,9.33,,,1372
피자_가든 스페셜 치즈롤 (L),빵 및 과자류,피자,100g,220,9.31,,,1031
피자_가든 스페셜 치즈롤 (P),빵 및 과자류,피자,100g,220,9.26,,,1727
피자_가든 스페셜 크루아상,빵 및 과자류,피자,100g,255,8.46,,,686.7
피자_가든 스페셜 피자 골드링 (F),빵 및 과자류,피자,100g,227,9.42,,,1358
피자_가든 스페셜 피자 골드링 (L),빵 및 과자류,피자,100g,227,9.68,,,908.7
피자_가든 스페셜 피자 골드링 (P),빵 및 과자류,피자,100g,227,9.26,,,1836
피자_가든 스페셜 피자 골드링씬 (F),빵 및 과자류,피자,100g,237,8.94,,,1341
피자_가든 스페셜 피자 씬 (F),빵 및 과자류,피자,100g,238,9.32,,,1030
피자_가든 스페셜 피자 오리지널 (F),빵 및 과자류,피자,100g,214,8.4,,,1046
피자_가든 스페셜 피자 오리지널 (L),빵 및 과자류,피자,100g,214,8.22,,,778g
피자_가든 스페셜 피자 오리지널 (P),빵 및 과자류,피자,100g,213,8.26,,,1330
피자_가든 스페셜 피자 오리지널 (R),빵 및 과자류,피자,100g,213,8.37,,,429.9
피자_가든 스페셜 피자 치즈롤 (F),빵 및 과자류,피자,100g,221,9.33,,,1372
케이크_초코 케이크 (조각),빵 및 과자류,케이크,100g,376,5.88,,,85g
피자_LA BBQ 불고기오리지널 (L),빵 및 과자류,피자,100g,254,12.53,,,747g
피자_LA BBQ 불고기오리지널 (M),빵 및 과자류,피자,100g,260,12.69,,,468g
피자_LA BBQ 불고기치즈크러스트 (L),빵 및 과자류,피자,100g,257,12.69,,,956g
피자_LA BBQ 불고기치즈크러스트 (M),빵 및 과자류,피자,100g,266,13.54,,,576g
피자_LA BBQ 불고기치즈크러스트 골드 (L),빵 및 과자류,피자,100g,263,13.25,,,989g
피자_LA BBQ 불고기치즈크러스트 골드 (M),빵 및 과자류,피자,100g,270,13.99,,,594g
피자_LA BBQ 불고기팬 (L),빵 및 과자류,피자,100g,288,11.36,,,827g
피자_LA BBQ불고기+페페로니 피자 씬 (L),빵 및 과자류,피자,100g,328,16.3,,,509g
피자_LA BBQ불고기+페페로니 피자 오리지날 (L),빵 및 과자류,피자,100g,263,13.35,,,848g
피자_LA BBQ불고기+페페로니 피자 오리지널 파마산엣지 (L),빵 및 과자류,피자,100g,283,14.19,,,813g
피자_LA BBQ불고기+페페로니 피자 팬 (L),빵 및 과자류,피자,100g,310,12.75,,,846g
피자_가든 스페셜 (F),빵 및 과자류,피자,100g,214,8.4,,,1046
피자_가든 스페셜 (P),빵 및 과자류,피자,100g,213,8.26,,,1330
피자_가든 스페셜 골드링 (F),빵 및 과자류,피자,100g,227,9.42,,,1358
피자_가든 스페셜 골드링 (L),빵 및 과자류,피자,100g,227,9.68,,,908.7
피자_가든 스페셜 골드링 (P),빵 및 과자류,피자,100g,227,9.26,,,1836
피자_가든 스페셜 골드링 씬,빵 및 과자류,피자,100g,237,8.95,,,1341
피자_쭈꾸미 피자 (L),빵 및 과자류,피자,100g,87,3.39,,,112g
케이크_초코 치즈 스틱 케이크,빵 및 과자류,케이크,100g,442,4.44,,,45g
피자_BBQ리얼 시카고 피자 (L),빵 및 과자류,피자,100g,255,12.02,,,995g
피자_BBQ불고기 피자 마니아 에어도우 (L),빵 및 과자류,피자,100g,256,12.29,,,1052g
피자_BBQ불고기 피자 마니아 에어도우 (M),빵 및 과자류,피자,100g,250,12.65,,,616g
피자_BBQ불고기 피자 마니아 파마산엣지 (L),빵 및 과자류,피자,100g,247,12.54,,,1075g
피자_BBQ불고기 피자 마니아 파마산엣지 (M),빵 및 과자류,피자,100g,250,12.95,,,630g
피자_K-Rib&치즈 오리지널 (L),빵 및 과자류,피자,100g,293,12.67,,,972g
피자_K-불고기 피자,빵 및 과자류,피자,100g,230,9.46,,,370g
피자_K-불고기 피자 (L),빵 및 과자류,피자,100g,272,12.05,,,660g
피자_K-쌈장채끝스테이크 오리지널 (L),빵 및 과자류,피자,100g,233,11.33,,,1065g
피자_LA BBQ 불고기 피자 씬 (L),빵 및 과자류,피자,100g,308,15.71,,,532g
피자_LA BBQ 불고기 피자 오리지널 (L),빵 및 과자류,피자,100g,271,13.63,,,823g
피자_LA BBQ 불고기 피자 오리지널 (M),빵 및 과자류,피자,100g,274,13.8,,,476g
피자_LA BBQ 불고기 피자 오리지널 파마산 치즈 (L),빵 및 과자류,피자,100g,275,14.19,,,845g
피자_LA BBQ 불고기 피자 오리지널 파마산 치즈 (M),빵 및 과자류,피자,100g,279,14.36,,,490g
피자_LA BBQ 불고기 피자 팬 (L),빵 및 과자류,피자,100g,300,12.5,,,870g
피자_LA BBQ 불고기리치골드 (L),빵 및 과자류,피자,100g,258,11.87,,,1116g
피자_LA BBQ 불고기리치골드 (M),빵 및 과자류,피자,100g,264,12.26,,,692g
피자_LA BBQ 불고기씬 (L),빵 및 과자류,피자,100g,289,13.98,,,492g
케이크_초코 스틱 케이크,빵 및 과자류,케이크,100g,357,5.71,,,35g
피자_2in1(한우불고기+밤스위트골드) 피자 (R),빵 및 과자류,피자,100g,279,17.13,,,703g
피자_4색 피자 (L),빵 및 과자류,피자,100g,342,21.75,,,1150g
피자_4색 피자 (R),빵 및 과자류,피자,100g,271,17.2,,,750g
피자_7번가스페셜 피자 골드스윗 (L),빵 및 과자류,피자,100g,266,13.25,,,1206g
피자_7번가스페셜 피자 골드스윗 (R),빵 및 과자류,피자,100g,265,13.27,,,907g
피자_7번가스페셜 피자 리코타링 (L),빵 및 과자류,피자,100g,266,13.57,,,1116g
피자_7번가스페셜 피자 리코타링 (R),빵 및 과자류,피자,100g,267,13.33,,,842g
피자_7번가스페셜 피자 석쇠 (L),빵 및 과자류,피자,100g,261,13.39,,,1016g
피자_7번가스페셜 피자 석쇠 (R),빵 및 과자류,피자,100g,261,13.61,,,762g
피자_7번가스페셜 피자 씬도우 (L),빵 및 과자류,피자,100g,278,10.53,,,915g
피자_7번가스페셜 피자 씬도우 (R),빵 및 과자류,피자,100g,264,11.24,,,675g
피자_7번가스페셜 피자 씬바샤삭 (L),빵 및 과자류,피자,100g,278,10.53,,,915g
피자_7번가스페셜 피자 씬바샤삭 (R),빵 및 과자류,피자,100g,264,11.24,,,675g
피자_7번가스페셜 피자 치즈링 (L),빵 및 과자류,피자,100g,259,14.08,,,1136g
피자_7번가스페셜 피자 치즈링 (R),빵 및 과자류,피자,100g,257,14.81,,,862g
피자_88페퍼로니 (R),빵 및 과자류,피자,100g,261,15.54,,,708g
피자_88페퍼로니 피자 (XL),빵 및 과자류,피자,100g,261,15.54,,,968g
피자_8비트피자 오리지널,빵 및 과자류,피자,100g,248,12.93,,,925g
프레즐_플레인 프레즐,빵 및 과자류,프레즐,100g,268,11.11,2.56,50.43,117g
프레즐_할라피뇨 도그 프레즐,빵 및 과자류,프레즐,100g,243,10.34,10.34,26.9,145g
프레즐_햄치즈 프레첼,빵 및 과자류,프레즐,100g,285,11.9,8,41.4,110g
피망볶음,볶음류,피망볶음,100ml,84,1.3,5.33,8.08,42.9
피망볶음,볶음류,피망볶음,100ml,138,1.7,9.8,11.12,78.6
피자,빵 및 과자류,피자,100ml,231,11.5,9.48,23.49,160ml
피자,빵 및 과자류,피자,100ml,153,7.8,4.77,21.07,210ml
피자,빵 및 과자류,피자,100ml,219,12.1,7.94,23.36,160ml
피자,빵 및 과자류,피자,100ml,128,6.3,4.11,15.57,300ml
피자_12첩콤비네이션 (L),빵 및 과자류,피자,100g,216,9.6,,,917g
피자_12첩콤비네이션 (R),빵 및 과자류,피자,100g,219,10.58,,,572g
피자_12첩콤비네이션 피자 (L),빵 및 과자류,피자,100g,236,10.83,,,917.2
피자_12첩콤비네이션 피자 (R),빵 및 과자류,피자,100g,239,11.29,,,571.7
피자_1988 피자 (L),빵 및 과자류,피자,100g,255,10.9,,,1251g
피자_1992브로 피자 (L),빵 및 과자류,피자,100g,277,13,,,1344g
피자_2in1(한우불고기+밤스위트골드) 피자 (F),빵 및 과자류,피자,100g,258,16.46,,,1692g
피자_2in1(한우불고기+밤스위트골드) 피자 (L),빵 및 과자류,피자,100g,272,16.39,,,1248g
피자_찐3 피자,빵 및 과자류,피자,100g,182,8.17,,,1045g
프레즐_자이언트 페퍼로니 프레즐,빵 및 과자류,프레즐,100g,337,11.67,,,120g
프레즐_초코 프레즐,빵 및 과자류,프레즐,100g,407,6.4,,,125g
프레즐_커스타드 프레즐,빵 및 과자류,프레즐,100g,378,7.2,,,125g
프레즐_콘 샐러드 프레즐,빵 및 과자류,프레즐,100g,215,10.19,5.09,32.41,216g
프레즐_콘 프레즐,빵 및 과자류,프레즐,100g,242,12.98,6.73,32.21,208g
프레즐_콰트로 치즈 프레즐,빵 및 과자류,프레즐,100g,327,13.33,,,120g
프레즐_크림치즈 바이트,빵 및 과자류,프레즐,100g,301,7.14,,,168g
프레즐_크림치즈 스틱,빵 및 과자류,프레즐,100g,301,7.01,,,157g
프레즐_크림치즈 프레즐,빵 및 과자류,프레즐,100g,272,9.8,6.54,43.79,153g
프레즐_크림치즈 프레즐,빵 및 과자류,프레즐,100g,253,7.07,,,99g
프레즐_크림치즈 프레즐,빵 및 과자류,프레즐,100g,149,10,,,99g
프레즐_크림치즈 프레즐,빵 및 과자류,프레즐,100g,315,7,,,100g
프레즐_크림치즈 프레즐,빵 및 과자류,프레즐,100g,253,8.08,,,99g
프레즐_크림치즈 프렛즐,빵 및 과자류,프레즐,100g,253,42.42,,,99g
프레즐_크림치즈스틱,빵 및 과자류,프레즐,100g,297,7.55,,,159g
프레즐_파마산허브 프레즐,빵 및 과자류,프레즐,100g,312,7.34,,,109g
프레즐_페퍼로니 프레즐,빵 및 과자류,프레즐,100g,322,13.51,,,148g
프레즐_페퍼로니 프레즐,빵 및 과자류,프레즐,100g,216,13.33,7.62,23.81,210g
프레즐_프레즐,빵 및 과자류,프레즐,100g,253,7.07,,,99g
프레즐_아몬드 고구마 크림치즈 스틱,빵 및 과자류,프레즐,100g,303,5.79,,,190g
프레즐_아몬드 스틱,빵 및 과자류,프레즐,100g,340,7.29,,,151g
프레즐_아몬드 옥수수 크림치즈 스틱,빵 및 과자류,프레즐,100g,323,8.07,,,161g
프레즐_아몬드 크림치즈 바이트,빵 및 과자류,프레즐,100g,316,6.67,,,180g
프레즐_아몬드 크림치즈 스틱,빵 및 과자류,프레즐,100g,315,7.05,,,156g
프레즐_아몬드 프레즐,빵 및 과자류,프레즐,100g,339,6.42,,,109g
프레즐_아몬드스틱,빵 및 과자류,프레즐,100g,338,7.24,,,152g
프레즐_아몬드크림치즈스틱,빵 및 과자류,프레즐,100g,298,6.67,,,165g
프레즐_압구정 프레첼,빵 및 과자류,프레즐,100g,470,6.8,29.7,43.8,200g
프레즐_어니언 스틱,빵 및 과자류,프레즐,100g,322,7.48,,,147g
프레즐_어니언 프레즐,빵 및 과자류,프레즐,100g,308,7.34,,,109g
프레즐_어니언스틱,빵 및 과자류,프레즐,100g,322,7.48,,,147g
프레즐_오곡 프레즐,빵 및 과자류,프레즐,100g,308,8.33,,,120g
프레즐_오리지날 프레즐,빵 및 과자류,프레즐,100g,321,7.62,,,105g
프레즐_오리지널 스틱,빵 및 과자류,프레즐,100g,342,7.58,,,132g
프레즐_오리지널 프레즐,빵 및 과자류,프레즐,100g,315,7.48,,,107g
프레즐_오리지널 프레즐,빵 및 과자류,프레즐,100g,268,11.11,2.56,52.14,117g
프레즐_오리지널스틱,빵 및 과자류,프레즐,100g,342,7.58,,,132g
프레즐_옥수수 크림치즈 스틱,빵 및 과자류,프레즐,100g,317,7.74,,,155g
케이크_초코 생크림 케이크,빵 및 과자류,케이크,100g,346,4.29,,,70g
풋마늘무침,생채·무침류,풋마늘무침,100ml,38,1.31,0.82,8.05,70ml
풋마늘무침,생채·무침류,풋마늘무침,100ml,62,1.8,2.72,9.59,81.6
프레즐,빵 및 과자류,프레즐,100g,312,8.37,6.45,55.14,100g
프레즐_갈릭 스틱,빵 및 과자류,프레즐,100g,350,7.3,,,137g
프레즐_갈릭 프레즐,빵 및 과자류,프레즐,100g,309,7.27,,,110g
프레즐_갈릭스틱,빵 및 과자류,프레즐,100g,350,7.3,,,137g
프레즐_고구마 크림치즈 스틱,빵 및 과자류,프레즐,100g,264,5.95,,,168g
프레즐_고구마 프레즐,빵 및 과자류,프레즐,100g,268,12.74,6.6,40.09,212g
프레즐_도그 프레즐,빵 및 과자류,프레즐,100g,167,11.11,7.41,18.52,135g
프레즐_버터 프레첼,빵 및 과자류,프레즐,100g,350,7.4,,,125g
프레즐_베이컨 치즈 고구마 크림치즈 스틱,빵 및 과자류,프레즐,100g,266,7.84,,,204g
프레즐_베이컨 치즈 옥수수 크림치즈 스틱,빵 및 과자류,프레즐,100g,310,10.05,,,199g
프레즐_불고기 프레즐,빵 및 과자류,프레즐,100g,267,13.53,8.21,34.78,207g
프레즐_소금빵 크림치즈 스틱,빵 및 과자류,프레즐,100g,330,6.37,,,157g
프레즐_시나몬 슈가 스틱,빵 및 과자류,프레즐,100g,345,5.84,,,137g
프레즐_시나몬 슈가 프레즐,빵 및 과자류,프레즐,100g,354,6.25,,,96g
프레즐_시나몬슈가 프레즐,빵 및 과자류,프레즐,100g,312,6.42,,,109g
프레즐_시나몬슈가스틱,빵 및 과자류,프레즐,100g,305,5.81,,,155g
페이스트리_허니치즈퐁당 마마츄리,빵 및 과자류,페이스트리,100g,319,10.96,,,187g
페이스트리_현무암돌빵,빵 및 과자류,페이스트리,100g,421,6.56,,,96g
페이스트리_화이트 마카다미아 데니쉬,빵 및 과자류,페이스트리,100g,401,6.58,,,76g
페이스트리_회오리롱소시지패스트리,빵 및 과자류,페이스트리,100g,320,10.31,,,97g
폭찹,볶음류,폭찹,100ml,124,12.2,5.35,5.73,99ml
폭찹,볶음류,폭찹,100ml,124,12.2,5.35,5.73,99ml
표고버섯볶음,볶음류,표고버섯볶음,100ml,35,1.7,2.11,3.96,110ml
표고버섯볶음,볶음류,표고버섯볶음,100ml,35,1.7,2.11,3.96,110ml
표고버섯볶음,볶음류,표고버섯볶음,100ml,34,1.7,2.06,4,110ml
표고버섯볶음,볶음류,표고버섯볶음,100ml,35,1.7,2.11,3.96,110ml
풋고추된장무침,생채·무침류,풋고추된장무침,100ml,45,1.9,0.92,7.94,50ml
풋고추된장무침,생채·무침류,풋고추된장무침,100ml,45,1.9,0.92,7.94,50ml
풋고추된장무침,생채·무침류,풋고추된장무침,100ml,45,1.9,0.92,7.94,50ml
풋고추된장무침_풋고추,생채·무침류,풋고추된장무침,100g,124,2.37,7.35,12,100g
풋고추볶음,볶음류,풋고추볶음,100g,70,1.93,3.23,8.25,100g
풋고추찜,찜류,풋고추찜,100g,51,2.31,0.99,8.27,100g
풋고추찜,찜류,풋고추찜,100ml,55,2.3,1.03,9.58,150ml
풋마늘무침,생채·무침류,풋마늘무침,100g,71,4.14,1.04,11.27,100g
페이스트리_초코푀이테,빵 및 과자류,페이스트리,100g,321,10.71,,,28g
페이스트리_촉촉한몽블랑,빵 및 과자류,페이스트리,100g,397,5.88,22.35,43.53,170g
페이스트리_치즈소시지페스츄리,빵 및 과자류,페이스트리,100g,355,10.91,,,110g
페이스트리_카라멜피칸소보로프,빵 및 과자류,페이스트리,100g,509,6.88,,,160g
페이스트리_콘 치즈 데니쉬,빵 및 과자류,페이스트리,100g,432,8.15,,,135g
페이스트리_콘크림치즈패스트리,빵 및 과자류,페이스트리,100g,453,9.47,,,95g
페이스트리_쿠인아망,빵 및 과자류,페이스트리,100g,286,8.24,,,85g
페이스트리_퀸아망,빵 및 과자류,페이스트리,100g,415,4,,,100g
페이스트리_크림치즈데니쉬,빵 및 과자류,페이스트리,100g,384,6.32,25.26,30.53,95g
페이스트리_크림치즈롤페스츄리,빵 및 과자류,페이스트리,100g,361,5.56,,,36g
페이스트리_파삭크림롤,빵 및 과자류,페이스트리,100g,407,5.71,,,140g
페이스트리_팥절미 페이스트리,빵 및 과자류,페이스트리,100g,381,11.72,,,145g
페이스트리_패스트리크림북,빵 및 과자류,페이스트리,100g,429,7.14,,,112g
페이스트리_페이스트리 앙버터,빵 및 과자류,페이스트리,100g,449,5.6,25.1,50.1,310g
페이스트리_푀이테쇼콜라,빵 및 과자류,페이스트리,100g,350,6.67,,,60g
페이스트리_프렌치뀐아망,빵 및 과자류,페이스트리,100g,485,5.88,29.41,50,68g
페이스트리_햄감자말이페스트리,빵 및 과자류,페이스트리,100g,298,11.58,,,95g
페이스트리_허니볼,빵 및 과자류,페이스트리,100g,277,6,,,200g
페이스트리_소시지페스트리,빵 및 과자류,페이스트리,100g,356,11,,,120g
페이스트리_슈크림데니쉬,빵 및 과자류,페이스트리,100g,358,8,,,335g
페이스트리_스위트갈릭고구마페스츄리,빵 및 과자류,페이스트리,100g,317,5.56,,,90g
페이스트리_스위트밤블랑,빵 및 과자류,페이스트리,100g,413,6.63,,,196g
페이스트리_스크류소시지,빵 및 과자류,페이스트리,100g,392,10.97,,,155g
페이스트리_시나몬페스트리,빵 및 과자류,페이스트리,100g,411,12,,,110g
페이스트리_아몬드 퀸아망,빵 및 과자류,페이스트리,100g,467,6.67,,,75g
페이스트리_에그베이컨페이스트리,빵 및 과자류,페이스트리,100g,365,12.31,,,130g
페이스트리_오렌지 페이스트리,빵 및 과자류,페이스트리,100g,277,4.46,16.68,27.61,190g
페이스트리_오름 치즈 케이츄리,빵 및 과자류,페이스트리,100g,399,6.76,,,148g
페이스트리_오코노미야키 페이스트리,빵 및 과자류,페이스트리,100g,241,9,12.7,22.6,190g
페이스트리_쟌슨빌소시지페이스트리,빵 및 과자류,페이스트리,100g,275,9,,,100g
페이스트리_정통소시지데니쉬,빵 및 과자류,페이스트리,100g,351,12.63,,,95g
페이스트리_쫀득한페스트리,빵 및 과자류,페이스트리,100g,327,9.33,,,75g
페이스트리_청포도 페이스트리,빵 및 과자류,페이스트리,100g,276,4.31,16.64,27.7,190g
페이스트리_초코 퐁당 마마츄리,빵 및 과자류,페이스트리,100g,327,4.83,,,205g
페이스트리_초코범벅페스츄리,빵 및 과자류,페이스트리,100g,446,6.15,,,65g
페이스트리_초코칩쏙쏙트위스트,빵 및 과자류,페이스트리,100g,417,8.33,,,24g
페이스트리_미니초코칩트위스트,빵 및 과자류,페이스트리,100g,409,4.55,22.73,45.45,22g
페이스트리_바통쉬크레,빵 및 과자류,페이스트리,100g,462,7.69,,,130g
페이스트리_밤패스트리,빵 및 과자류,페이스트리,100g,361,6.17,,,162g
페이스트리_베이컨 포테이토 데니쉬,빵 및 과자류,페이스트리,100g,442,23.85,,,130g
페이스트리_베이컨&치즈패스트리,빵 및 과자류,페이스트리,100g,424,8.86,,,79g
페이스트리_블루베리 퐁당 마마츄리,빵 및 과자류,페이스트리,100g,266,4.04,,,230g
페이스트리_블루베리패스트리크림북,빵 및 과자류,페이스트리,100g,398,6.56,,,122g
페이스트리_블루베리품은 소보로 페스트리,빵 및 과자류,페이스트리,100g,441,7,,,400g
페이스트리_비벼먹는 페스츄리 딸기,빵 및 과자류,페이스트리,100g,261,4.71,,,276g
페이스트리_비벼먹는 페스츄리 초콜릿,빵 및 과자류,페이스트리,100g,398,6.99,,,186g
페이스트리_비프볼로네제 페스츄리(1개입),빵 및 과자류,페이스트리,100g,333,6.67,,,30g
페이스트리_비프카레페스츄리(1개입),빵 및 과자류,페이스트리,100g,317,6.67,,,30g
페이스트리_뺑 오 쇼콜라,빵 및 과자류,페이스트리,100g,421,7.14,,,70g
페이스트리_뺑오쇼콜라,빵 및 과자류,페이스트리,100g,398,6.78,,,59g
페이스트리_뺑오쇼콜라,빵 및 과자류,페이스트리,100g,457,7.3,,,100g
페이스트리_생크림소보루페스트리,빵 및 과자류,페이스트리,100g,341,6,,,128g
페이스트리_소세지 페스츄리,빵 및 과자류,페이스트리,100g,314,11.67,,,120g
페이스트리_소시지 양파 페이스트리,빵 및 과자류,페이스트리,100g,316,10.5,,,200g
커피_카페 라떼 핫(HOT),음료 및 차류,커피,100g,64,2.79,,,290g
팥빵_쫀득한 단팥빵,빵 및 과자류,팥빵,100g,294,6.9,,,145g
팥빵_추억의 팥절미빵,빵 및 과자류,팥빵,100g,273,9.09,12.12,40.4,99g
팥빵_팥 붕어빵,빵 및 과자류,팥빵,100g,287,3.85,,,130g
팥빵_팥 페스츄리 붕어빵,빵 및 과자류,팥빵,100g,262,5.38,,39.23,130g
팥빵_팥딸기버터호두과자(20개입),빵 및 과자류,팥빵,100g,307,6.5,8.5,47.5,420g
팥빵_팥딸기버터호두과자(8개입),빵 및 과자류,팥빵,100g,307,6.5,8.5,47.5,168g
팥빵_팥레몬버터호두과자(20개입),빵 및 과자류,팥빵,100g,313,6.5,11.5,46.5,420g
팥빵_팥레몬버터호두과자(8개입),빵 및 과자류,팥빵,100g,313,6.5,11.5,46.5,168g
팥빵_팥앙버터호두과자(20개입),빵 및 과자류,팥빵,100g,320,7,11.5,46.5,420g
페이스트리_딸기탑 마마츄리,빵 및 과자류,페이스트리,100g,241,3.91,,,274g
페이스트리_라즈베리 퐁당 마마츄리,빵 및 과자류,페이스트리,100g,269,4.13,,,230g
페이스트리_롤링 페이스트리,빵 및 과자류,페이스트리,100g,383,6.1,24.3,34.9,130g
페이스트리_마카다미아 데니쉬,빵 및 과자류,페이스트리,100g,394,5.88,,,85g
페이스트리_몽블랑 데니쉬,빵 및 과자류,페이스트리,100g,389,5.93,,,135g
페이스트리_몽블랑 플레인,빵 및 과자류,페이스트리,100g,399,6.7,,,195g
페이스트리_몽블랑의정석,빵 및 과자류,페이스트리,100g,420,7.42,,,256g
페이스트리_미니소시지페스츄리,빵 및 과자류,페이스트리,100g,396,8.33,29.17,25,24g
피자_찐4 피자,빵 및 과자류,피자,100g,273,13.81,,,862g
커피_카페 라떼 핫(HOT),음료 및 차류,커피,100g,46,2.18,,,473g
팥빵_레몬버터딸기버터호두과자(20개입),빵 및 과자류,팥빵,100g,340,6,13,45,440g
팥빵_레몬버터딸기버터호두과자(8개입),빵 및 과자류,팥빵,100g,340,6,13,45,176g
팥빵_레몬버터호두과자(20개입),빵 및 과자류,팥빵,100g,346,6,16,44,440g
팥빵_레몬버터호두과자(8개입),빵 및 과자류,팥빵,100g,346,6,16,44,176g
팥빵_미강빵,빵 및 과자류,팥빵,100g,307,6.67,,,30g
팥빵_미니붕어빵 통팥,빵 및 과자류,팥빵,100g,291,6.4,,,125g
팥빵_생크림 듬뿍이 단팥빵,빵 및 과자류,팥빵,100g,280,7.37,,,190g
팥빵_생크림단팥빵,빵 및 과자류,팥빵,100g,271,6.2,,,129g
팥빵_소보루단팥빵,빵 및 과자류,팥빵,100g,356,7.1,17.9,50,125g
팥빵_앙버터딸기버터호두과자(20개입),빵 및 과자류,팥빵,100g,347,6.5,13,45,440g
팥빵_앙버터딸기버터호두과자(8개입),빵 및 과자류,팥빵,100g,347,6.5,13,45,176g
팥빵_앙버터레몬버터호두버터(20개입),빵 및 과자류,팥빵,100g,353,6.5,16,44,440g
팥빵_앙버터레몬버터호두버터(8개입),빵 및 과자류,팥빵,100g,353,6.5,16,44,176g
팥빵_앙버터호두과자(20개입),빵 및 과자류,팥빵,100g,359,7,16,44,440g
팥빵_앙버터호두과자(8개입),빵 및 과자류,팥빵,100g,359,7,16,44,176g
팥빵_연유크림만난단팥빵,빵 및 과자류,팥빵,100g,348,7.62,,,105g
팥빵_완전소중한단팥빵,빵 및 과자류,팥빵,100g,307,7.41,,,135g
팥빵_우리쌀앙버터브레드 (H),빵 및 과자류,팥빵,100g,252,3.45,,,145g
팝콘_카라멜,"곡류, 서류 제품",팝콘,100g,479,5.92,19.56,69.79,100g
팟타이,면 및 만두류,팟타이,100g,146,3.98,6.2,18.54,100g
팟타이_간편조리세트_비프 팟타이,면 및 만두류,팟타이,100g,231,7.04,12.58,22.5,576g
팥밥,밥류,팥밥,100ml,119,2.3,0.14,25.86,450ml
팥밥,밥류,팥밥,100ml,140,3.2,0.41,29.53,250ml
팥밥,밥류,팥밥,100ml,119,2.5,0.34,25.45,250ml
팥밥,밥류,팥밥,100ml,119,2.6,0.34,25.37,300ml
팥빙수,유제품류 및 빙과류,팥빙수,100ml,99,2.4,0.81,20.82,300ml
팥빙수,유제품류 및 빙과류,팥빙수,100ml,99,2.2,0.82,20.99,300ml
팥빙수,유제품류 및 빙과류,팥빙수,100ml,99,2.2,0.82,20.99,300ml
팥빙수_팥빙수,유제품류 및 빙과류,팥빙수,100g,118,1.88,,,511g
팥빵_단팥빵,빵 및 과자류,팥빵,100g,250,7.27,,,110g
팥빵_단팥빵,빵 및 과자류,팥빵,100g,314,9.3,,,86g
팥빵_단팥빵,빵 및 과자류,팥빵,100g,274,7.8,,,130g
팥빵_단팥빵,빵 및 과자류,팥빵,100g,308,10.53,,,76g
팥빵_단팥소보로빵,빵 및 과자류,팥빵,100g,386,10,,,110g
팥빵_단팥앙금롤브레드,빵 및 과자류,팥빵,100g,330,8.93,,,280g
팥빵_딸기버터호두과자(20개입),빵 및 과자류,팥빵,100g,334,6,10,46,440g
팥빵_딸기버터호두과자(8개입),빵 및 과자류,팥빵,100g,334,6,10,46,176g
커피_카페 라떼 핫(HOT),음료 및 차류,커피,100g,44,1.86,,,591g
파이/만주_플레인 에그디쉬,빵 및 과자류,파이/만주,100g,325,6.86,,,172g
파이/만주_하트 파이,빵 및 과자류,파이/만주,100g,485,9.38,,,96g
파이/만주_호두파이,빵 및 과자류,파이/만주,100g,380,6,,,100g
파이/만주_황금파이만주,빵 및 과자류,파이/만주,100g,397,6.9,,,58g
파전,전·적 및 부침류,파전,100ml,216,6.2,11.26,20.92,71ml
파전,전·적 및 부침류,파전,100ml,101,3,3.04,14.47,221ml
파전,전·적 및 부침류,파전,100g,195,4.56,9.35,23.2,150g
파전_감자_김치,전·적 및 부침류,파전,100ml,93,2.8,2.39,14.54,150ml
파전_감자_김치,전·적 및 부침류,파전,100ml,93,2.8,2.39,14.54,150ml
파전_굴_김치,전·적 및 부침류,파전,100ml,99,3.9,2.72,14.24,140ml
파전_돼지고기_김치,전·적 및 부침류,파전,100ml,101,5,2.85,13.21,150ml
파전_해물,전·적 및 부침류,파전,100g,171,5.5,8.4,18.29,150g
파전_해물,전·적 및 부침류,파전,100ml,195,10.67,7.77,18.92,60ml
팔보채,볶음류,팔보채,100ml,137,12.7,7.52,3.17,132.8
팔보채,볶음류,팔보채,100ml,73,10.2,2.69,1.56,241ml
팔보채,볶음류,팔보채,100g,90,12.42,2.9,3.42,220g
팝콘,"곡류, 서류 제품",팝콘,100g,511,8.3,27.34,58.06,100g
피자_찐페퍼로니 피자 씬 크러스트,빵 및 과자류,피자,100g,351,16.93,,,318g
커피_카페 라떼 핫(HOT),음료 및 차류,커피,100g,32,1.56,,,385g
파이/만주_새콤달콤유자파이,빵 및 과자류,파이/만주,100g,364,5.61,,,107g
파이/만주_생크림 가득 파이,빵 및 과자류,파이/만주,100g,358,5.4,22.3,33.9,170g
파이/만주_스노우 화이트 애플 파이,빵 및 과자류,파이/만주,100g,290,3.33,,,210g
파이/만주_스틱파이,빵 및 과자류,파이/만주,100g,476,6.32,,,95g
파이/만주_쌀콩만주,빵 및 과자류,파이/만주,100g,328,8.5,4.5,63.3,25g
파이/만주_알밤파이만주,빵 및 과자류,파이/만주,100g,400,6.67,,,60g
파이/만주_약과 버터바,빵 및 과자류,파이/만주,100g,432,4.05,,,148g
파이/만주_연유슈크림애플파이,빵 및 과자류,파이/만주,100g,332,4,,,176g
파이/만주_이탈리안 에그디쉬,빵 및 과자류,파이/만주,100g,296,7.91,,,230g
파이/만주_주상절리 파이,빵 및 과자류,파이/만주,100g,532,7.37,,,95g
파이/만주_진한크림치즈롤파이,빵 및 과자류,파이/만주,100g,375,6.25,25,34.38,32g
파이/만주_치킨 팟파이,빵 및 과자류,파이/만주,100g,253,15.88,,,170g
파이/만주_카라멜애플파이,빵 및 과자류,파이/만주,100g,346,4.26,,,94g
파이/만주_커스타드애플파이,빵 및 과자류,파이/만주,100g,341,3.53,,,85g
파이/만주_크림치즈롤파이,빵 및 과자류,파이/만주,100g,412,5.29,,,17g
파이/만주_클래식애플파이,빵 및 과자류,파이/만주,100g,313,4,18.67,34.67,75g
파이/만주_파이만주,빵 및 과자류,파이/만주,100g,351,6.6,,,40g
파이/만주_파이콘,빵 및 과자류,파이/만주,100g,514,6.8,,,170g
파이/만주_로스팅호두로더고소한호두파이(조각),빵 및 과자류,파이/만주,100g,400,5,,,60g
파이/만주_리프파이,빵 및 과자류,파이/만주,100g,493,6.67,,,60g
파이/만주_링고파이,빵 및 과자류,파이/만주,100g,345,3,,,100g
파이/만주_만주,빵 및 과자류,파이/만주,100g,318,7.33,2.34,66.86,70g
파이/만주_미니고구마파이,빵 및 과자류,파이/만주,100g,374,7.89,,,38g
파이/만주_미니딸기필링파이,빵 및 과자류,파이/만주,100g,397,3.03,,,33g
파이/만주_미니애플파이,빵 및 과자류,파이/만주,100g,346,5.41,,,37g
파이/만주_미니크림치즈파이,빵 및 과자류,파이/만주,100g,400,6.06,,,33g
파이/만주_베이컨 치즈 팟파이,빵 및 과자류,파이/만주,100g,269,9.38,,,160g
파이/만주_블루베리 에그디쉬,빵 및 과자류,파이/만주,100g,264,5.54,,,202g
파이/만주_빨미까레 녹차,빵 및 과자류,파이/만주,100g,438,6.25,22.5,48.75,80g
파이/만주_빨미까레 초코,빵 및 과자류,파이/만주,100g,455,6.25,25,48.75,80g
파이/만주_빨미까레 쿠앤크,빵 및 과자류,파이/만주,100g,403,6.25,21.25,45,80g
파이/만주_뽀미파이 애플파이,빵 및 과자류,파이/만주,100g,347,6.76,,,74g
파이/만주_사과파이,빵 및 과자류,파이/만주,100g,185,2.54,3.91,34.83,100g
파이/만주_사르르리본파이,빵 및 과자류,파이/만주,100g,526,6.32,,,95g
파이/만주_사르르미니리본파이(3개입),빵 및 과자류,파이/만주,100g,521,6.25,,,48g
파이/만주_사르르미니리본파이(6개입),빵 및 과자류,파이/만주,100g,526,6.32,,,95g
파무침,생채·무침류,파무침,100ml,38,1.6,1.97,4.32,35.2
파운드케이크,빵 및 과자류,파운드케이크,100ml,226,3.5,11.79,26.67,170ml
파운드케이크_레몬 아이싱 파운드,빵 및 과자류,파운드케이크,100g,440,5.71,,,70g
파운드케이크_무화과 파운드 케이크,빵 및 과자류,파운드케이크,100g,404,4.55,,44.55,110g
파운드케이크_소보로쑥파운드,빵 및 과자류,파운드케이크,100g,407,5,,,140g
파운드케이크_솔트카라멜 파운드 케이크,빵 및 과자류,파운드케이크,100g,434,5.56,,50,90g
파운드케이크_초코청크파운드,빵 및 과자류,파운드케이크,100g,393,3.82,,,131g
파운드케이크_콰트로 치즈 파운드,빵 및 과자류,파운드케이크,100g,406,6.25,,,64g
파운드케이크_티타임레몬슈가파운드,빵 및 과자류,파운드케이크,100g,415,4.44,,,135g
파운드케이크_호두 파운드,빵 및 과자류,파운드케이크,100g,385,6.15,,,65g
파이/만주_THE호두파이(조각),빵 및 과자류,파이/만주,100g,460,7.94,,,63g
파이/만주_겹겹이딸기파이,빵 및 과자류,파이/만주,100g,394,6.38,,,94g
파이/만주_다크초콜릿롤,빵 및 과자류,파이/만주,100g,417,7.3,24.5,41.9,120g
파이/만주_달콤한딸기롤파이,빵 및 과자류,파이/만주,100g,371,3.23,16.13,51.61,31g
파이/만주_달콤한딸기롤파이 (2개입),빵 및 과자류,파이/만주,100g,363,3.23,16.13,50,62g
파이/만주_달콤한딸기롤파이 (5개입),빵 및 과자류,파이/만주,100g,365,3.23,16.13,50.97,155g
파이/만주_딸기잼롤파이,빵 및 과자류,파이/만주,100g,400,4.5,,,20g
파이/만주_로스팅호두로더고소한호두파이 (조각),빵 및 과자류,파이/만주,100g,402,7.14,23.21,44.64,56g
파래무침,생채·무침류,파래무침,100g,49,3.53,1.7,4.97,30g
파래무침,생채·무침류,파래무침,100ml,49,3.6,1.11,8.65,30ml
파래무침,생채·무침류,파래무침,100ml,49,3.6,1.11,8.65,30ml
파래무침_무,생채·무침류,파래무침,100ml,21,1.3,0.51,3.92,100ml
파래무침_무,생채·무침류,파래무침,100ml,36,1.8,1.61,5.29,39.9
파래무침_무,생채·무침류,파래무침,100ml,38,1.8,1.62,5.56,39.9
파래무침_액젓,생채·무침류,파래무침,100ml,22,1.7,1.12,2.61,100ml
파래무침_파래_무,생채·무침류,파래무침,100ml,23,1.07,0.38,4.86,130ml
파래볶음,볶음류,파래볶음,100ml,49,1.6,4.1,3.03,100ml
파래볶음,볶음류,파래볶음,100ml,61,1.2,5.95,1.85,50.7
파래볶음,볶음류,파래볶음,100ml,61,1.2,5.96,1.88,50.7
파래전,전·적 및 부침류,파래전,100ml,197,4.74,5.03,31.77,40ml
파무침,생채·무침류,파무침,100g,82,2.31,3.36,10.65,100g
파무침,생채·무침류,파무침,100ml,40,1.3,1.7,5.72,85ml
파무침,생채·무침류,파무침,100ml,38,1.6,1.97,4.32,35.2
파무침,생채·무침류,파무침,100g,71,2.25,2.81,9.08,150g
파무침,생채·무침류,파무침,100ml,40,1.3,1.7,5.72,85ml
피자_차슈(불갈비) 피자 (L),빵 및 과자류,피자,100g,222,12.42,,,900g
토스트_카야치즈 토스트,빵 및 과자류,토스트,100g,249,7.37,8.42,43.16,95g
토스트_콘치즈 프렌치토스트,빵 및 과자류,토스트,100g,241,8.82,,,170g
토스트_통버터 프렌치토스트,빵 및 과자류,토스트,100g,289,6.32,,,95g
토스트_트리플 치즈 카야 토스트,빵 및 과자류,토스트,100g,273,5.43,,,188g
토스트_페퍼로니 피자 토스트,빵 및 과자류,토스트,100g,282,12.35,,,170g
토스트_피자토스트,빵 및 과자류,토스트,100g,259,12.73,,,110g
토스트_햄 치즈 프렌치 토스트,빵 및 과자류,토스트,100g,312,10,17.5,28.13,160g
토스트_햄치즈 스크램블 토스트,빵 및 과자류,토스트,100g,290,11,,,100g
토스트_햄치즈 토스트,빵 및 과자류,토스트,100g,283,12.86,,,70g
토스트_허니버터토스트,빵 및 과자류,토스트,100g,335,6,,,225g
톳나물_두부,나물·숙채류,톳나물,100ml,30,2.67,1.6,2.55,60ml
톳나물_두부,나물·숙채류,톳나물,100ml,52,3.7,1.95,6.75,60ml
톳나물무침,생채·무침류,톳나물무침,100g,75,1.87,2.09,12.28,90g
트위스터 샌드위치,빵 및 과자류,트위스터 샌드위치,100ml,56,3.6,2.96,3.3,380.6
트위스터 샌드위치,빵 및 과자류,트위스터 샌드위치,100ml,56,3.6,2.95,3.47,380.6
트위스터 샌드위치,빵 및 과자류,트위스터 샌드위치,100ml,56,3.6,2.95,3.47,380.6
파강회,"채소, 해조류",파강회,100ml,42,1.2,1.71,6.33,85ml
파김치,김치류,파김치,100g,49,2.5,0.58,8.51,100g
커피_카페 라떼 핫(HOT),음료 및 차류,커피,100g,59,2.58,3.23,4.52,310g
토스트_뚜쥬맘계란토스트,빵 및 과자류,토스트,100g,232,9.49,,,274g
토스트_마늘토스트,빵 및 과자류,토스트,100g,306,7.27,,,165g
토스트_몬테크리스토 (H),빵 및 과자류,토스트,100g,262,8,,,149g
토스트_새우오믈렛토스트,빵 및 과자류,토스트,100g,251,8.67,,,173g
토스트_스위트토스트,빵 및 과자류,토스트,100g,419,6.45,,,62g
토스트_쏙쏙토스트,빵 및 과자류,토스트,100g,323,9.3,,,172g
토스트_오믈렛토스트,빵 및 과자류,토스트,100g,269,11.54,,,130g
토스트_인절미 카야 토스트,빵 및 과자류,토스트,100g,261,5.43,,,184g
토스트_인절미 토스트,빵 및 과자류,토스트,100g,301,5.88,,,85g
토스트_인절미 토스트,빵 및 과자류,토스트,100g,342,8.99,,,178g
토스트_자색 고구마 카야 토스트,빵 및 과자류,토스트,100g,256,5.83,,,168g
토스트_전여친 생각 토스트,빵 및 과자류,토스트,100g,379,5.88,13.24,58.82,136g
토스트_촉촉한 허니버터토스트,빵 및 과자류,토스트,100g,380,4.57,,,175g
토스트_촉촉한햄치즈 토스트,빵 및 과자류,토스트,100g,253,10,,,446g
토스트_카라멜버터토스트,빵 및 과자류,토스트,100g,332,6.84,,,190g
토스트_카야 버터치즈 반반 토스트,빵 및 과자류,토스트,100g,285,6.32,11.58,43.16,95g
토스트_카야 토스트,빵 및 과자류,토스트,100g,315,7.55,,,106g
토스트_카야버터 토스트,빵 및 과자류,토스트,100g,321,5.26,13.68,43.16,95g
탕평채,생채·무침류,탕평채,100g,97,3.55,3.81,12.26,100g
탕평채,생채·무침류,탕평채,100ml,65,2.4,3.25,6.6,72.1
탕평채,생채·무침류,탕평채,100ml,73,2.4,4.34,6.29,150ml
탕평채,생채·무침류,탕평채,100ml,65,2.4,3.25,6.6,72.1
탕평채,생채·무침류,탕평채,100ml,73,2.4,4.34,6.29,150ml
토란국,국 및 탕류,토란국,100ml,34,1.9,1.45,3.56,320ml
토란국,국 및 탕류,토란국,100g,16,1,0.12,2.61,400g
토란국,국 및 탕류,토란국,100ml,34,1.9,1.45,3.56,320ml
토란국,국 및 탕류,토란국,100ml,33,1.9,1.42,3.45,164.2
토란대나물,나물·숙채류,토란대나물,100ml,32,0.9,1.68,3.88,50ml
토란대나물무침,나물·숙채류,토란대나물무침,100g,68,5.14,3.38,4.22,90g
토스트(식빵),빵 및 과자류,토스트(식빵),100ml,84,2.5,1.33,15.55,230.3
토스트_갈릭스틱토스트,빵 및 과자류,토스트,100g,378,4.88,,,41g
토스트_갈릭치즈토스트,빵 및 과자류,토스트,100g,407,7.14,,,70g
토스트_구운햄치즈 토스트,빵 및 과자류,토스트,100g,304,11,,,157g
토스트_누텔라 바나나 토스트,빵 및 과자류,토스트,100g,208,3.42,5.48,36.3,146g
토스트_더블 버터 카야 토스트,빵 및 과자류,토스트,100g,335,4.74,,,154g
토스트_뚜레1번가햄치즈토스트,빵 및 과자류,토스트,100g,186,8.57,,,210g
탄산음료_슬림 깔라만시 탄산수,음료 및 차류,탄산음료,100g,5,0.05,,,100g
탄산음료_슬림 청포도 탄산수,음료 및 차류,탄산음료,100g,12,0.03,,,100g
탄산음료_유자 패션 피지오 (Tall),음료 및 차류,탄산음료,100g,41,0,,,355g
탄산음료_체리콕콕 아이스(ICED),음료 및 차류,탄산음료,100g,48,0.17,,,600g
탄산음료_체리팡팡 아이스(ICED) (L),음료 및 차류,탄산음료,100g,53,0,,12.79,946g
탄산음료_쿨 라임 피지오 (Tall),음료 및 차류,탄산음료,100g,30,0,,,355g
탄산음료_파인소다 아이스(ICED) (L),음료 및 차류,탄산음료,100g,31,0,,,946g
탄산음료_패션 탱고티 레모네이드 피지오 (Tall),음료 및 차류,탄산음료,100g,18,0,,,355g
탄탄면_간편조리세트_마라 탄탄면,면 및 만두류,탄탄면,100g,174,5.73,7.4,21,599g
탕수어,튀김류,탕수어,100ml,185,8.5,5.02,25.43,83.1
탕수어,튀김류,탕수어,100ml,281,12.6,7.79,38.73,113.5
탕수어,튀김류,탕수어,100ml,281,12.6,7.71,38.96,113.5
탕수육,튀김류,탕수육,100ml,160,10.6,6.86,13.14,108.6
탕수육,튀김류,탕수육,100ml,225,13.1,9.15,21.14,155.2
탕수육,튀김류,탕수육,100ml,160,10.6,6.86,13.14,108.6
탕수육,튀김류,탕수육,100ml,113,6.7,4.4,11.21,343ml
탕수육_간편조리세트_김치피자탕수육,튀김류,탕수육,100g,227,12.36,10.67,20.47,790g
탕수육_새우,튀김류,탕수육,100g,116,6.65,4.2,13.02,200g
타르트_밀당 에그 타르트,빵 및 과자류,타르트,100g,400,4.21,,,95g
타르트_소프트 에그타르트,빵 및 과자류,타르트,100g,330,6,,,50g
타르트_쉬림프 피자 타르트,빵 및 과자류,타르트,100g,280,6,,,50g
타르트_스모어마시멜로우타르트,빵 및 과자류,타르트,100g,420,6,,,50g
타르트_씨앗타르트,빵 및 과자류,타르트,100g,417,11.71,,,35g
타르트_아몬드타르트,빵 및 과자류,타르트,100g,426,11.71,,,35g
타르트_에그 타르트,빵 및 과자류,타르트,100g,270,4,,,50g
타르트_에그타르트,빵 및 과자류,타르트,100g,239,2.17,,,46g
타르트_에그타르트,빵 및 과자류,타르트,100g,297,5.9,13.4,38.1,70g
타르트_에그타르트,빵 및 과자류,타르트,100g,264,6,,,50g
타르트_에그타르트,빵 및 과자류,타르트,100g,280,4,16,28,50g
타르트_오렌지타르트,빵 및 과자류,타르트,100g,248,3.82,14.23,26.27,200g
타르트_정통에그타르트,빵 및 과자류,타르트,100g,280,4,,,50g
타르트_크림치즈 타르트,빵 및 과자류,타르트,100g,433,7.5,,,80g
타르트_패스트리에빠진에그푸딩,빵 및 과자류,타르트,100g,457,9.57,,,94g
타르트_호두듬뿍타르트,빵 및 과자류,타르트,100g,430,8,26,42,50g
타르트_호두타르트,빵 및 과자류,타르트,100g,426,11.43,,,35g
탄산음료_블랙티 레모네이드 피지오 (Tall),음료 및 차류,탄산음료,100g,18,0,,,355g
탄산음료_블루캔디소다 아이스(ICED),음료 및 차류,탄산음료,100g,36,0,,,625g
크림빵_크림소금빵,빵 및 과자류,크림빵,100g,450,12.5,,,80g
크림빵_크림코르네,빵 및 과자류,크림빵,100g,272,3.51,,,57g
크림빵_티라미수 크림 데니쉬,빵 및 과자류,크림빵,100g,345,4.55,,,110g
크림빵_팥크림빵빵,빵 및 과자류,크림빵,100g,294,6.36,,,110g
크림빵_후레쉬연유크림,빵 및 과자류,크림빵,100g,454,9.52,,,84g
크림빵_후레쉬연유크림빵,빵 및 과자류,크림빵,100g,417,8,,,360g
크림빵_후레쉬크림빵,빵 및 과자류,크림빵,100g,404,6.41,,,78g
크림빵_후레쉬크림빵,빵 및 과자류,크림빵,100g,411,7.59,,,79g
크림빵_후레쉬크림샌드빵,빵 및 과자류,크림빵,100g,408,7.6,,,250g
크림빵_후레쉬크림샌드빵 (소),빵 및 과자류,크림빵,100g,408,7.2,,,125g
크림빵_후레쉬크림샌드빵(소),빵 및 과자류,크림빵,100g,408,7.2,,,125g
크림빵_흑당크림브레드,빵 및 과자류,크림빵,100g,268,3.68,,,100g
키조개구이,구이류,키조개구이,100ml,75,8.7,3.41,1.86,100ml
타르트_까망베르치즈 타르트,빵 및 과자류,타르트,100g,314,6.47,,,850g
타르트_뉴욕치즈타르트,빵 및 과자류,타르트,100g,390,8,,,50g
타르트_리얼 다크 타르트,빵 및 과자류,타르트,100g,429,6.67,,,120g
타르트_무화과 레어치즈 타르트,빵 및 과자류,타르트,100g,250,3,,,280g
타르트_무화과타르트,빵 및 과자류,타르트,100g,476,8.98,,,490g
타르트_미니 타르트 4종 세트,빵 및 과자류,타르트,100g,446,8.53,,,680g
커피_카페 라떼 핫(HOT),음료 및 차류,커피,100g,43,2.82,,,355g
크림빵_치즈크림팡도르,빵 및 과자류,크림빵,100g,326,6.32,,,190g
크림빵_카스타드롤,빵 및 과자류,크림빵,100g,292,7.69,,,52g
크림빵_카스테라우유크림볼,빵 및 과자류,크림빵,100g,329,5.63,,,213g
크림빵_카페모카크림빵 (대),빵 및 과자류,크림빵,100g,403,6.56,,,320g
크림빵_카페모카크림빵 (소),빵 및 과자류,크림빵,100g,393,6.67,,,150g
크림빵_카페모카크림빵(대),빵 및 과자류,크림빵,100g,416,7.05,,,326g
크림빵_카페모카크림빵(소),빵 및 과자류,크림빵,100g,406,7.74,,,155g
크림빵_커스타드 크로칸 슈,빵 및 과자류,크림빵,100g,427,10,,,100g
크림빵_커스터드크로칸슈,빵 및 과자류,크림빵,100g,356,8.33,23.33,28.33,120g
크림빵_쿠키슈 생크림,빵 및 과자류,크림빵,100g,343,4.29,18.57,40,70g
크림빵_쿠키슈 커스터드초코크림,빵 및 과자류,크림빵,100g,427,8.57,20,48.57,70g
크림빵_쿠키슈 커스터드크림,빵 및 과자류,크림빵,100g,377,4.29,15.71,44.29,70g
크림빵_쿠키슈 황치즈크림,빵 및 과자류,크림빵,100g,386,8.57,15.71,58.57,70g
크림빵_크리미 크로칸 슈,빵 및 과자류,크림빵,100g,272,3.64,6.36,,110g
크림빵_크리미크로칸슈,빵 및 과자류,크림빵,100g,272,3.64,,,110g
크림빵_크림 치즈 크로칸 슈,빵 및 과자류,크림빵,100g,449,8,,,100g
크림빵_크림듬뿍초코크림아몬드볼,빵 및 과자류,크림빵,100g,400,7.78,,,90g
피자_차슈(불갈비) 피자 (M),빵 및 과자류,피자,100g,231,13.99,,,554g
크림빵_인생 딸기생크림빵,빵 및 과자류,크림빵,100g,329,5.71,17.14,40,105g
크림빵_인생크림빵 말차단팥,빵 및 과자류,크림빵,100g,310,5.56,,,108g
크림빵_인생크림빵 메론,빵 및 과자류,크림빵,100g,295,4.55,,,110g
크림빵_인생크림빵 애플망고,빵 및 과자류,크림빵,100g,248,4.76,,,105g
크림빵_인생크림빵 초코바나나,빵 및 과자류,크림빵,100g,307,4.72,,,106g
크림빵_자색고구마 미니 붕어빵,빵 및 과자류,크림빵,100g,294,4.8,,,125g
크림빵_진한쌀크림빵,빵 및 과자류,크림빵,100g,325,5.59,,,143g
크림빵_진한우유크림빵,빵 및 과자류,크림빵,100g,271,7.14,,,70g
크림빵_초코 미니 붕어빵,빵 및 과자류,크림빵,100g,328,4.8,,,125g
크림빵_초코 슈스틱,빵 및 과자류,크림빵,100g,333,6.67,,,60g
크림빵_초코 슈스틱,빵 및 과자류,크림빵,100g,333,6.67,,36.67,60g
크림빵_초코가나슈크림빵,빵 및 과자류,크림빵,100g,299,7.79,,,77g
크림빵_초코슈,빵 및 과자류,크림빵,100g,300,8,,,25g
크림빵_초코크로칸슈,빵 및 과자류,크림빵,100g,277,3.64,,,110g
크림빵_초코크림아몬드볼,빵 및 과자류,크림빵,100g,400,8.75,,,80g
크림빵_초콜릿크로캉롱슈,빵 및 과자류,크림빵,100g,286,4.4,,,91g
크림빵_촉촉브래드,빵 및 과자류,크림빵,100g,296,7.27,,,110g
크림빵_추억의 고구마생크림빵,빵 및 과자류,크림빵,100g,368,6.36,17.27,42.73,110g
크림빵_치즈크림빵,빵 및 과자류,크림빵,100g,349,7.78,,,90g
커피_카페 라떼 핫(HOT),음료 및 차류,커피,100g,50,2.63,,4.21,380g
크림빵_시원하게 즐기는 메론빵,빵 및 과자류,크림빵,100g,327,5.45,,,110g
크림빵_아몬드슈,빵 및 과자류,크림빵,100g,277,6.67,,,30g
크림빵_아이스 딸기라떼 와앙슈,빵 및 과자류,크림빵,100g,287,4,13.33,37.33,75g
크림빵_아이스 허니 와앙 슈,빵 및 과자류,크림빵,100g,267,5.33,12,34.67,75g
크림빵_아이스슈,빵 및 과자류,크림빵,100g,283,3.33,,,90g
크림빵_아이스허니와앙슈,빵 및 과자류,크림빵,100g,267,5.33,,,75g
크림빵_어니언크런치,빵 및 과자류,크림빵,100g,248,8.7,,,230g
크림빵_어둠의다크초코통통,빵 및 과자류,크림빵,100g,400,6.67,,,90g
크림빵_연유크림브레드,빵 및 과자류,크림빵,100g,271,4,,,100g
크림빵_옥수수콘크림샌드,빵 및 과자류,크림빵,100g,313,6.09,14.78,38.26,115g
크림빵_와앙 바닐라 슈크림빵,빵 및 과자류,크림빵,100g,332,6.09,15.65,41.74,115g
크림빵_왕구름크림빵,빵 및 과자류,크림빵,100g,359,6.12,17.14,45.31,245g
크림빵_요구르트 슈스틱,빵 및 과자류,크림빵,100g,325,5,,38.33,60g
크림빵_요구르트 슈스틱,빵 및 과자류,크림빵,100g,275,5,20,21.67,60g
크림빵_우유버터브레드,빵 및 과자류,크림빵,100g,383,7.59,,,145g
크림빵_우유생크림빵,빵 및 과자류,크림빵,100g,327,4.81,,,104g
크림빵_우유크림슈,빵 및 과자류,크림빵,100g,304,4.35,21.74,21.74,23g
크림빵_우유크림크로칸슈,빵 및 과자류,크림빵,100g,415,10,28,34,100g
크림빵_부드러운모카크림빵,빵 및 과자류,크림빵,100g,407,5.71,,,70g
크림빵_부드러운후레쉬크림샌드빵,빵 및 과자류,크림빵,100g,386,6.2,,,355g
크림빵_브리오슈슈크레,빵 및 과자류,크림빵,100g,740,8,,,75g
크림빵_사르르우유슈,빵 및 과자류,크림빵,100g,283,3.33,,,30g
크림빵_사르르초코슈,빵 및 과자류,크림빵,100g,300,3.33,,,30g
크림빵_생크림메론크림빵,빵 및 과자류,크림빵,100g,328,5.17,14.66,43.1,116g
크림빵_생크림빵,빵 및 과자류,크림빵,100g,310,7.14,,,70g
크림빵_순 딸기산도,빵 및 과자류,크림빵,100g,265,4.9,,,102g
크림빵_순진우유크림빵,빵 및 과자류,크림빵,100g,350,8.57,,,70g
크림빵_슈슈 붕어빵,빵 및 과자류,크림빵,100g,237,2.86,,,140g
크림빵_슈크림 붕어빵,빵 및 과자류,크림빵,100g,280,3.08,,,130g
크림빵_슈크림 콩빵,빵 및 과자류,크림빵,100g,357,5.13,,,100g
크림빵_슈크림빵,빵 및 과자류,크림빵,100g,298,7.14,,,84g
크림빵_슈크림빵,빵 및 과자류,크림빵,100g,312,8.24,,,85g
크림빵_슈크림슈,빵 및 과자류,크림빵,100g,304,4.35,,,23g
크림빵_슈크림슈,빵 및 과자류,크림빵,100g,320,8,,,25g
크림빵_스노우 쿠키슈,빵 및 과자류,크림빵,100g,331,4.62,,,65g
크림빵_스노우쿠키슈,빵 및 과자류,크림빵,100g,320,6,,,50g
크림빵_스마일슈크림빵,빵 및 과자류,크림빵,100g,300,6.94,,,72g
커피_카페 라떼 핫(HOT),음료 및 차류,커피,100g,40,1.96,,,414g
크림빵_동글동글순우유롤,빵 및 과자류,크림빵,100g,361,7.54,,,345g
크림빵_딸기샌드케이크 크림빵,빵 및 과자류,크림빵,100g,252,4,,,191g
크림빵_딸기흑임자크림빵,빵 및 과자류,크림빵,100g,286,5.19,,,77g
크림빵_땅콩크림빵,빵 및 과자류,크림빵,100g,431,8.75,,,80g
크림빵_리얼초코소라빵,빵 및 과자류,크림빵,100g,301,5.88,,,68g
크림빵_매직모카크림빵,빵 및 과자류,크림빵,100g,423,6.73,,,342g
크림빵_메론크림빵,빵 및 과자류,크림빵,100g,322,5.77,12.5,47.12,104g
크림빵_모카크림샌드빵,빵 및 과자류,크림빵,100g,398,6.05,,,215g
크림빵_미니붕어빵 커스타드,빵 및 과자류,크림빵,100g,311,6.4,,,125g
크림빵_민트초코 생크림 브레드,빵 및 과자류,크림빵,100g,309,4.15,,,265g
크림빵_밀크크림브레드,빵 및 과자류,크림빵,100g,221,5.26,,,95g
크림빵_바닐라 우유 크림슈,빵 및 과자류,크림빵,100g,326,4.35,26.09,13.04,23g
크림빵_바닐라슈,빵 및 과자류,크림빵,100g,307,6.67,,,30g
크림빵_바닐라크로캉롱슈,빵 및 과자류,크림빵,100g,314,4.65,,,86g
크림빵_반반 후.크.샌 연유와 옥수수,빵 및 과자류,크림빵,100g,361,7.35,,,245g
크림빵_베이비 슈,빵 및 과자류,크림빵,100g,324,3.03,18.18,39.39,33g
크림빵_베이비슈,빵 및 과자류,크림빵,100g,317,3.33,,,30g
크림빵_보슬보슬옥수수크림빵,빵 및 과자류,크림빵,100g,344,6.67,16.67,41.11,90g
커피_카페 라떼 핫(HOT),음료 및 차류,커피,100g,37,1.39,,,360g
크로플_플레인 크로플,빵 및 과자류,크로플,100g,411,8.93,,,56g
크로플_플레인 크로플,빵 및 과자류,크로플,100g,425,7.81,,,64g
크로플_플레인 크로플,빵 및 과자류,크로플,100g,100,0.26,,,205g
크로플_플레인크로플,빵 및 과자류,크로플,100g,425,8.93,,,56g
크로플_플레인크로플,빵 및 과자류,크로플,100g,438,9.09,,,55g
크로플_호호불어 호떡 크로플,빵 및 과자류,크로플,100g,299,6.67,10.67,38.67,75g
크로플_황치즈크림에 스며든 뽀또 크로플,빵 및 과자류,크로플,100g,268,5.26,10.53,35.79,95g
크로플_황치즈크림위에 뛰노는 큐브치즈 크로플,빵 및 과자류,크로플,100g,260,5.22,12.17,29.57,115g
크림빵_고소한 흑임자크림빵,빵 및 과자류,크림빵,100g,328,5.97,,,67g
크림빵_골든크림메론빵,빵 및 과자류,크림빵,100g,320,5,,,100g
크림빵_그릭요거트슈,빵 및 과자류,크림빵,100g,308,3.85,,,26g
크림빵_까까웨뜨,빵 및 과자류,크림빵,100g,407,7.41,,,81g
크림빵_나눠먹는크림빵,빵 및 과자류,크림빵,100g,428,7,,,234g
크림빵_단팥생크림빵,빵 및 과자류,크림빵,100g,297,4.88,13.82,38.21,123g
크림빵_단팥우유크림빵,빵 및 과자류,크림빵,100g,320,6.67,,44,75g
크림빵_단팥크림빵,빵 및 과자류,크림빵,100g,289,7.27,,,110g
크림빵_단팥크림코팡,빵 및 과자류,크림빵,100g,271,5.88,,,85g
크림빵_단호박 미니 붕어빵,빵 및 과자류,크림빵,100g,275,4.8,,,125g
크로플_쿠앤크 아이스크림 크로플,빵 및 과자류,크로플,100g,233,6,14,19,100g
크로플_크로플,빵 및 과자류,크로플,100g,430,8,,,50g
크로플_크로플 with 젤라또,빵 및 과자류,크로플,100g,329,4.74,,,190g
크로플_크림치즈 엎은 누텔라 크로플,빵 및 과자류,크로플,100g,351,7.62,21.9,29.52,105g
크로플_크림치즈 크로플,빵 및 과자류,크로플,100g,363,7.23,,,83g
크로플_크림치즈&누텔라 크로플,빵 및 과자류,크로플,100g,242,5,13.8,28,100g
크로플_트리플 치즈 크로플,빵 및 과자류,크로플,100g,368,7.68,,,112g
크로플_티라미수 크로플,빵 및 과자류,크로플,100g,351,7.62,,,105g
크로플_티라미수 크로플 생크림,빵 및 과자류,크로플,100g,267,10,13,26,100g
크로플_티라미수 크로플 초코커스터드 크림,빵 및 과자류,크로플,100g,326,10,16,32,100g
크로플_티라미수 크로플 커스터드 크림,빵 및 과자류,크로플,100g,304,10,15,30,100g
크로플_티라미수크림 크로플,빵 및 과자류,크로플,100g,356,5.75,,,87g
크로플_티라미수크림크로플,빵 및 과자류,크로플,100g,366,5.75,,,87g
크로플_프렌치 아이스크림 크로플,빵 및 과자류,크로플,100g,205,2.73,,,183g
크로플_플레인 크로플,빵 및 과자류,크로플,100g,414,7.81,,,64g
크로플_플레인 크로플,빵 및 과자류,크로플,100g,507,7.14,,45.71,70g
크로플_플레인 크로플,빵 및 과자류,크로플,100g,264,5,,,100g
피자_찹스테이크 피자 (XL),빵 및 과자류,피자,100g,195,11.76,,,1088g
크로플_초코 크로플,빵 및 과자류,크로플,100g,100,2.35,,,250g
크로플_초코벌집 크로플,빵 및 과자류,크로플,100g,463,7.41,,,81g
크로플_초코젤라또 크로플,빵 및 과자류,크로플,100g,332,6.31,16.22,39.64,111g
크로플_초코크림 크로플,빵 및 과자류,크로플,100g,381,5.88,,,85g
크로플_초코크림크로플,빵 및 과자류,크로플,100g,389,5.88,,,85g
크로플_초코퐁듀 크로플,빵 및 과자류,크로플,100g,463,7.41,,,81g
크로플_치즈몽땅 크로플,빵 및 과자류,크로플,100g,300,10.23,19.32,32.95,88g
크로플_치즈범벅 크로플,빵 및 과자류,크로플,100g,235,5,15,25,100g
크로플_카라멜 브라운치즈 크로플,빵 및 과자류,크로플,100g,359,8,16,42.67,75g
크로플_카라멜 크로플,빵 및 과자류,크로플,100g,404,6.87,,,58.25
크로플_카라멜 크로플,빵 및 과자류,크로플,100g,493,6.67,,46.67,75g
크로플_카야 크로플,빵 및 과자류,크로플,100g,382,6.79,,,109g
크로플_카야치즈 크로플,빵 및 과자류,크로플,100g,562,5.88,,,68g
크로플_카이막 크로플,빵 및 과자류,크로플,100g,220,6,14.75,15,100g
크로플_커스터드 브륄레 크로플,빵 및 과자류,크로플,100g,310,5.56,10,45.56,90g
크로플_커스터드에 반한 딸기 크로플 딸기청,빵 및 과자류,크로플,100g,273,5,9,35,100g
크로플_커스터드에 반한 딸기 크로플 생딸기,빵 및 과자류,크로플,100g,267,5,9,33,100g
크로플_쿠앤크 아이스크림 크로플,빵 및 과자류,크로플,100g,182,3.41,8.29,21.95,205g
크로플_애플생크림 크로플,빵 및 과자류,크로플,100g,315,4.29,,,140g
크로플_애플시나몬 크로플,빵 및 과자류,크로플,100g,288,4.81,,,104g
크로플_약과 크림 크로플,빵 및 과자류,크로플,100g,345,7.83,,,69g
크로플_오레오 크로플 생크림,빵 및 과자류,크로플,100g,235,4.55,9.09,36.36,110g
크로플_오레오 크로플 초코커스터드크림,빵 및 과자류,크로플,100g,322,5,14,45,100g
크로플_오레오 크로플 커스터드크림,빵 및 과자류,크로플,100g,289,5,12,42,100g
크로플_오레오생크림 크로플,빵 및 과자류,크로플,100g,399,5.56,,,126g
크로플_와플보다 맛있는 플레인 크로플 빵,빵 및 과자류,크로플,100g,275,7,0.8,60,260g
크로플_인생팥 크로플,빵 및 과자류,크로플,100g,239,6.5,12,24.7,100g
크로플_인절미 연유 크로플,빵 및 과자류,크로플,100g,486,7.5,,47.5,80g
크로플_인절미 크로플,빵 및 과자류,크로플,100g,230,5,12,30,100g
크로플_전여친 생각 크로플 생크림,빵 및 과자류,크로플,100g,360,5,7,68,100g
크로플_전여친 생각 크로플 크림치즈,빵 및 과자류,크로플,100g,305,6.36,18.18,28.18,110g
크로플_체다치즈 크로플,빵 및 과자류,크로플,100g,222,4,13,18,100g
크로플_초땅 반반크로스 크로플,빵 및 과자류,크로플,100g,472,8.33,23.15,64.81,108g
크로플_초코 아이스크림 크로플,빵 및 과자류,크로플,100g,234,7,14.9,18.7,100g
크로플_초코 아이스크림 크로플,빵 및 과자류,크로플,100g,188,3.41,8.78,22.93,205g
크로플_초코 크로플,빵 및 과자류,크로플,100g,493,6.67,,46.67,75g
크로플_생크림 샤인머스캣 크로플,빵 및 과자류,크로플,100g,226,4,14,21.2,100g
크로플_생크림 애플잼 크로플,빵 및 과자류,크로플,100g,457,4,7,91,100g
크로플_생크림 오레오 크로플,빵 및 과자류,크로플,100g,288,5,15.5,33,100g
크로플_생크림 위에 뛰노는 큐브퐁듀 크로플,빵 및 과자류,크로플,100g,275,5,12.5,33.33,120g
크로플_생크림 큐브망고 크로스 크로플,빵 및 과자류,크로플,100g,206,3.81,6.67,30.48,105g
크로플_생크림 큐브블루베리 크로스 크로플,빵 및 과자류,크로플,100g,208,3.81,6.67,30.48,105g
크로플_생크림 크로플,빵 및 과자류,크로플,100g,386,5.71,,,105g
크로플_생크림 크로플,빵 및 과자류,크로플,100g,376,5.32,,,94g
크로플_생크림누텔라 크로플,빵 및 과자류,크로플,100g,401,5.98,,,117g
크로플_생크림인절미 크로플,빵 및 과자류,크로플,100g,253,6.36,11.82,28.18,110g
크로플_아몬드초코카라멜 크로플,빵 및 과자류,크로플,100g,392,6.02,,,88g
크로플_아몬드카라멜 아이스크림 크로플,빵 및 과자류,크로플,100g,255,3.03,,,165g
크로플_아이스크림 크로플,빵 및 과자류,크로플,100g,237,3.65,,,137g
크로플_아이스크림 크로플,빵 및 과자류,크로플,100g,270,4.71,,,170g
크로플_아이스크림 크로플,빵 및 과자류,크로플,100g,353,6,,,100g
크로플_아이스크림 크로플,빵 및 과자류,크로플,100g,350,1.27,,,118g
크로플_앙증맞은 앙버터 크로플,빵 및 과자류,크로플,100g,431,5.56,27.78,38.89,90g
크로플_애플사과 시나몬 크로플,빵 및 과자류,크로플,100g,288,5,7.5,46.25,80g
크로플_블루베리크림치즈 크로플,빵 및 과자류,크로플,100g,327,5.5,,,109g
크로플_블루베리크림크로플,빵 및 과자류,크로플,100g,380,5.75,,,87g
크로플_사과품은 크로플,빵 및 과자류,크로플,100g,220,4,,20,100g
크로플_생딸기생크림 크로플,빵 및 과자류,크로플,100g,272,4.49,,,156g
크로플_생초콜릿생크림 크로플,빵 및 과자류,크로플,100g,415,5.1,,,157g
크로플_생크림 고구마구마 크로플,빵 및 과자류,크로플,100g,244,4,7,38,100g
크로플_생크림 과일폭탄 크로플,빵 및 과자류,크로플,100g,245,7.3,14,27.7,100g
크로플_생크림 돼지바 크로플,빵 및 과자류,크로플,100g,220,5,,15.8,100g
크로플_생크림 듬뿍 딸기 크로플 딸기청,빵 및 과자류,크로플,100g,217,4,7,28,100g
크로플_생크림 듬뿍 딸기 크로플 생딸기,빵 및 과자류,크로플,100g,112,3.23,4.52,19.35,155g
크로플_생크림 듬뿍 망고 크로플,빵 및 과자류,크로플,100g,160,3.48,6.09,29.57,115g
크로플_생크림 듬뿍 블루베리 크로플,빵 및 과자류,크로플,100g,163,3.64,6.36,30,110g
크로플_생크림 딸기 크로플,빵 및 과자류,크로플,100g,235,4,14,23,100g
크로플_생크림 딸기잼 크로플,빵 및 과자류,크로플,100g,360,5,7,68,100g
크로플_생크림 로투스 크로플,빵 및 과자류,크로플,100g,265,4.3,15.2,27.5,100g
크로플_생크림 망고 크로플,빵 및 과자류,크로플,100g,219,4,14,25,100g
크로플_생크림 망고치즈케이크 크로플,빵 및 과자류,크로플,100g,253,6,13,27,100g
크로플_생크림 블루베리 크로플,빵 및 과자류,크로플,100g,215,4,13,22.7,100g
크로플_목구멍이 포도 청포도 크로플 생크림,빵 및 과자류,크로플,100g,185,3.64,6.36,26.36,110g
크로플_목구멍이 포도청포도 크로플 커스터드크림,빵 및 과자류,크로플,100g,235,4.55,8.18,33.64,110g
크로플_바나나누텔라 크로플,빵 및 과자류,크로플,100g,294,5.22,,,115g
크로플_바나나생크림누텔라 크로플,빵 및 과자류,크로플,100g,308,4.24,,,165g
크로플_바닐라 아이스크림 크로플,빵 및 과자류,크로플,100g,231,6.8,15.2,18,100g
크로플_바닐라 아이스크림 크로플,빵 및 과자류,크로플,100g,168,3.41,11.22,18.54,205g
크로플_버터 크로플,빵 및 과자류,크로플,100g,425,9.09,,,55g
크로플_베리크런치 아이스크림 크로플,빵 및 과자류,크로플,100g,244,3.16,,,190g
크로플_붕X싸만코 크로플,빵 및 과자류,크로플,100g,221,5,11.46,18.5,100g
크로플_붕어둥절 붕어싸만코 크로플,빵 및 과자류,크로플,100g,252,4,8,38,100g
크로플_브라운 치즈 크로플,빵 및 과자류,크로플,100g,293,6.32,,,95g
크로플_브라운 치즈 크로플,빵 및 과자류,크로플,100g,228,6,12.5,20,100g
크로플_브라운치즈 아이스크림 크로플,빵 및 과자류,크로플,100g,425,9.09,,,55g
크로플_블루베리 아이스크림 크로플,빵 및 과자류,크로플,100g,225,2.7,,,185g
크로플_블루베리 크로플,빵 및 과자류,크로플,100g,343,3.55,,,116g
크로플_블루베리생크림 크로플,빵 및 과자류,크로플,100g,338,4.29,,,140g
크로플_블루베리요거트 아이스크림 크로플,빵 및 과자류,크로플,100g,175,3.41,7.32,23.41,205g
크로플_블루베리크림 크로플,빵 및 과자류,크로플,100g,368,5.75,,,87g
크로플_딸기 아이스크림 크로플,빵 및 과자류,크로플,100g,235,6.5,13.8,19.6,100g
크로플_딸기 아이스크림 크로플,빵 및 과자류,크로플,100g,179,3.41,7.32,22.93,205g
크로플_딸기 크로플,빵 및 과자류,크로플,100g,273,3.9,,,116g
크로플_딸기크림 크로플,빵 및 과자류,크로플,100g,373,5.81,,,86g
크로플_딸기크림크로플,빵 및 과자류,크로플,100g,383,5.81,,,86g
크로플_땅콩범벅이 고소한 초코 크로플,빵 및 과자류,크로플,100g,458,10.91,27.27,54.55,165g
크로플_로투스 크로플 생크림,빵 및 과자류,크로플,100g,267,5,10,36,100g
크로플_로투스 크로플 초코커스터드크림,빵 및 과자류,크로플,100g,356,6,15,47,100g
크로플_로투스 크로플 커스터드크림,빵 및 과자류,크로플,100g,323,6,13,44,100g
크로플_루비자몽생크림 크로플,빵 및 과자류,크로플,100g,383,6,,,100g
크로플_리얼초코 아이스크림 크로플,빵 및 과자류,크로플,100g,290,4.12,,,170g
크로플_마약크림 딸기 크로플,빵 및 과자류,크로플,100g,221,4,14,25,100g
크로플_마약크림 브륄레 크로플,빵 및 과자류,크로플,100g,232,4,15,21,100g
크로플_마약크림 티라미슈 크로플,빵 및 과자류,크로플,100g,240,5,13.7,26.5,100g
크로플_말차티라미수 크로플,빵 및 과자류,크로플,100g,351,6.67,,,105g
크로플_망고 크로플,빵 및 과자류,크로플,100g,273,3.71,,,120g
크로플_매력무엇 돼지바 크로플,빵 및 과자류,크로플,100g,375,5,9.17,67.5,120g
크로플_메이플 크로플,빵 및 과자류,크로플,100g,360,5.33,,,75g
크로플_누텔라 초코듬뿍 바나나 크로플,빵 및 과자류,크로플,100g,223,4,7.2,33.6,125g
크로플_누텔라 초코듬뿍 크로플,빵 및 과자류,크로플,100g,358,7.69,13.85,46.15,65g
크로플_누텔라 초코범벅에 미치다,빵 및 과자류,크로플,100g,281,6,11.33,35.33,150g
크로플_누텔라 초코범벅에 미치다 딸기,빵 및 과자류,크로플,100g,251,4.74,8.42,29.47,190g
크로플_누텔라 초코범벅에 미치다 바나나,빵 및 과자류,크로플,100g,226,4.5,8,31.5,200g
크로플_누텔라 초코범벅에 미치다 생딸기&바나나,빵 및 과자류,크로플,100g,216,4,7.11,28.89,225g
크로플_누텔라 초코범벅에 미치다 이쁜 너를 위한 생딸기,빵 및 과자류,크로플,100g,251,4.74,8.42,29.47,190g
크로플_누텔라 크로플,빵 및 과자류,크로플,100g,225,4,12,22,100g
크로플_누텔라 크로플,빵 및 과자류,크로플,100g,307,6.82,,,88g
크로플_누텔라 크로플,빵 및 과자류,크로플,100g,445,8.96,,,67g
크로플_누텔라크로플,빵 및 과자류,크로플,100g,478,5.88,,,85g
크로플_누텔라크림치즈 크로플,빵 및 과자류,크로플,100g,384,7.37,,,95g
크로플_눈꽃 브라운치즈 크로플,빵 및 과자류,크로플,100g,361,8.57,17.14,40,70g
크로플_눈꽃 카스텔라 범벅 크로플 생크림 카스텔라,빵 및 과자류,크로플,100g,239,5.56,8.89,32.22,90g
크로플_눈꽃 카스텔라 범벅 크로플 커스터드 카스텔라,빵 및 과자류,크로플,100g,301,5.56,11.11,41.11,90g
크로플_다크초코칩 크로플,빵 및 과자류,크로플,100g,401,5.4,,,87.25
크로플_단팥생크림 크로플,빵 및 과자류,크로플,100g,387,6.32,,,95g
크로플_달콤고소 인절미 크로플,빵 및 과자류,크로플,100g,325,8.75,15,36.25,80g
크로켓(고로케)_피자 고로케,빵 및 과자류,크로켓(고로케),100g,293,7.78,,,90g
크로켓(고로케)_피자고로케,빵 및 과자류,크로켓(고로케),100g,260,7.27,,,110g
크로켓(고로케)_하와이안 비프,빵 및 과자류,크로켓(고로케),100g,233,8.8,9,29.3,180g
크로켓(고로케)_핫불고기고로케,빵 및 과자류,크로켓(고로케),100g,238,10.35,,,115g
크로켓(고로케)_화끈한 마라고로케,빵 및 과자류,크로켓(고로케),100g,310,7,17,33,100g
크로켓(고로케)_화끈한불닭고로케,빵 및 과자류,크로켓(고로케),100g,265,11,,,100g
크로플_감당해봐 대왕크로플,빵 및 과자류,크로플,100g,307,7.27,10.91,38.18,110g
크로플_구슬 크로플 초코바닐라,빵 및 과자류,크로플,100g,335,5.04,,,96g
크로플_구슬 크로플 캔디프로스,빵 및 과자류,크로플,100g,331,5.29,,,96g
크로플_내맘담은 종합과자세트 크로플,빵 및 과자류,크로플,100g,237,4.62,9.62,31.54,260g
크로플_녹차 아이스크림 크로플,빵 및 과자류,크로플,100g,183,3.41,8.78,21.46,205g
크로플_누텔라 아이스크림 크로플,빵 및 과자류,크로플,100g,260,4,,,150g
크로플_누텔라 위에 뛰노는 큐브치즈 크로플,빵 및 과자류,크로플,100g,357,6.67,16.67,41.11,90g
크로플_누텔라 초코 딸기 크로플,빵 및 과자류,크로플,100g,255,4,13,28,100g
크로플_누텔라 초코 바나나 크로플,빵 및 과자류,크로플,100g,250,5,13,25,100g
크로플_누텔라 초코듬뿍 딸기 크로플 딸기청,빵 및 과자류,크로플,100g,363,6,15,43,100g
크로플_누텔라 초코듬뿍 마시멜로 크로플,빵 및 과자류,크로플,100g,351,6.02,10.84,54.22,83g
피자_찹스테이크(R),빵 및 과자류,피자,100g,134,11.76,,,718g
크로켓(고로케)_야채감자 고로케,빵 및 과자류,크로켓(고로케),100g,304,6.09,16.52,32.17,115g
크로켓(고로케)_야채감자 샐러드고로케,빵 및 과자류,크로켓(고로케),100g,308,6.25,,,112g
크로켓(고로케)_야채고로케,빵 및 과자류,크로켓(고로케),100g,233,6.36,,,110g
크로켓(고로케)_어니언크림치즈 고로케,빵 및 과자류,크로켓(고로케),100g,338,7.69,,,78g
크로켓(고로케)_오븐에구운 고로케,빵 및 과자류,크로켓(고로케),100g,263,5.7,14.9,26.6,200g
크로켓(고로케)_옥수수치즈 고로케,빵 및 과자류,크로켓(고로케),100g,320,5.56,,,90g
크로켓(고로케)_이탈리안 고로케,빵 및 과자류,크로켓(고로케),100g,270,8,,,150g
크로켓(고로케)_잡채 고로케,빵 및 과자류,크로켓(고로케),100g,312,7.41,,,108g
크로켓(고로케)_중화잡채 고로케,빵 및 과자류,크로켓(고로케),100g,369,7.69,,,78g
크로켓(고로케)_채소,빵 및 과자류,크로켓(고로케),100g,301,7.13,16.38,31.19,100g
크로켓(고로케)_추억의사라다 고로케,빵 및 과자류,크로켓(고로케),100g,283,4.72,,,127g
크로켓(고로케)_추억의사라다고로케,빵 및 과자류,크로켓(고로케),100g,296,4.62,,,130g
크로켓(고로케)_충남예산쪽파송송고로케,빵 및 과자류,크로켓(고로케),100g,288,8.48,,,118g
크로켓(고로케)_치즈퐁당감자 고로케,빵 및 과자류,크로켓(고로케),100g,339,10.48,,,105g
크로켓(고로케)_치킨듬뿍 고추마요 도로케,빵 및 과자류,크로켓(고로케),100g,353,9.17,,,109g
크로켓(고로케)_칠리꽃맛살 고로케,빵 및 과자류,크로켓(고로케),100g,345,7,,,100g
크로켓(고로케)_크림치즈 고로케,빵 및 과자류,크로켓(고로케),100g,380,7.5,,,80g
크로켓(고로케)_크림치즈고로케,빵 및 과자류,크로켓(고로케),100g,288,5.73,,,110g
크로켓(고로케)_마늘치킨 고로케,빵 및 과자류,크로켓(고로케),100g,286,10,,,100g
크로켓(고로케)_매콤고추잡채고로케,빵 및 과자류,크로켓(고로케),100g,295,7.62,,,105g
크로켓(고로케)_매콤마라모찌 (6개입),빵 및 과자류,크로켓(고로케),100g,313,1.39,19.44,44.44,72g
크로켓(고로케)_매콤마요 감동란 코로케,빵 및 과자류,크로켓(고로케),100g,296,9,,,130g
크로켓(고로케)_매콤아삭 고로케,빵 및 과자류,크로켓(고로케),100g,273,6.36,12.73,32.73,110g
크로켓(고로케)_매콤에그마요 고로케,빵 및 과자류,크로켓(고로케),100g,290,9,,,100g
크로켓(고로케)_매콤치킨 고로케,빵 및 과자류,크로켓(고로케),100g,324,11.11,,,99g
크로켓(고로케)_매콤치킨커리 고로케,빵 및 과자류,크로켓(고로케),100g,259,8.33,,,108g
크로켓(고로케)_명품고기잡채고로케,빵 및 과자류,크로켓(고로케),100g,239,7.83,,,115g
크로켓(고로케)_명품잡채 고로케,빵 및 과자류,크로켓(고로케),100g,275,5.83,15,30,120g
크로켓(고로케)_명품카레 고로케,빵 및 과자류,크로켓(고로케),100g,316,7.02,,,114g
크로켓(고로케)_모짜렐라감자고로케,빵 및 과자류,크로켓(고로케),100g,335,9.43,,,106g
크로켓(고로케)_모짜렐라고로케,빵 및 과자류,크로켓(고로케),100g,317,13,,,100g
크로켓(고로케)_바삭쫄깃한 로제품은달걀,빵 및 과자류,크로켓(고로케),100g,210,8,,,100g
크로켓(고로케)_볶음김치 고로케,빵 및 과자류,크로켓(고로케),100g,290,6.67,,,90g
크로켓(고로케)_불고기피자 고로케,빵 및 과자류,크로켓(고로케),100g,277,4.5,,,100g
크로켓(고로케)_슈크림 고로케,빵 및 과자류,크로켓(고로케),100g,335,6.67,,,75g
크로켓(고로케)_야채 고로케,빵 및 과자류,크로켓(고로케),100g,294,7.78,,,90g
크로켓(고로케)_NEW바베큐치킨고로케,빵 및 과자류,크로켓(고로케),100g,261,5.22,,,115g
크로켓(고로케)_NEW정통 고로케,빵 및 과자류,크로켓(고로케),100g,300,8.33,,,120g
크로켓(고로케)_NEW정통고로케,빵 및 과자류,크로켓(고로케),100g,316,8.55,,,117g
크로켓(고로케)_감자 고로케,빵 및 과자류,크로켓(고로케),100g,304,5,,,80g
크로켓(고로케)_감자고로케,빵 및 과자류,크로켓(고로케),100g,245,4.36,,,110g
크로켓(고로케)_게살고로케,빵 및 과자류,크로켓(고로케),100g,248,7.04,,,115g
크로켓(고로케)_게살크림 고로케,빵 및 과자류,크로켓(고로케),100g,333,7.78,,,90g
크로켓(고로케)_고구마 고로케,빵 및 과자류,크로켓(고로케),100g,345,6.67,,,75g
크로켓(고로케)_고기가득부추 고로케,빵 및 과자류,크로켓(고로케),100g,314,9,,,100g
크로켓(고로케)_고기듬뿍 갈릭마요 도로케,빵 및 과자류,크로켓(고로케),100g,362,8.26,,,109g
크로켓(고로케)_고기야채 고로케,빵 및 과자류,크로켓(고로케),100g,294,7.78,,,90g
크로켓(고로케)_김치고로게,빵 및 과자류,크로켓(고로케),100g,243,6.52,,,115g
크로켓(고로케)_까르보나라까망 고로케,빵 및 과자류,크로켓(고로케),100g,338,6.67,,,105g
크로켓(고로케)_꽃맛살 고로케,빵 및 과자류,크로켓(고로케),100g,295,6.67,16.19,29.52,105g
크로켓(고로케)_남해마늘로만든마늘치킨 고로케,빵 및 과자류,크로켓(고로케),100g,286,10,,,110g
크로켓(고로케)_납작김치고로전,빵 및 과자류,크로켓(고로케),100g,304,6.4,,,125g
크로켓(고로케)_단호박 고로케,빵 및 과자류,크로켓(고로케),100g,344,6.67,,,75g
크로켓(고로케)_돼지갈비 고로케,빵 및 과자류,크로켓(고로케),100g,276,9.52,,,105g
커피_카페 라떼 핫(HOT),음료 및 차류,커피,100ml,50,2.17,,,360ml
크로와상_크룽지,빵 및 과자류,크로와상,100g,165,2.13,,,94g
크로와상_크룽지,빵 및 과자류,크로와상,100g,572,22,,,20g
크로와상_크룽지 With 젤라또,빵 및 과자류,크로와상,100g,305,4.04,,,109g
크로와상_크림치즈 크로와상,빵 및 과자류,크로와상,100g,434,5.71,,,35g
크로와상_토피넛 꽈루아상,빵 및 과자류,크로와상,100g,332,5.98,,,117g
크로와상_통팥크로,빵 및 과자류,크로와상,100g,360,7.32,13,52.44,82g
크로와상_티라미수 크로와상,빵 및 과자류,크로와상,100g,453,6.67,,,30g
크로와상_팥생크림 크로와상,빵 및 과자류,크로와상,100g,446,5.71,,,35g
크로와상_페페로니 크로플,빵 및 과자류,크로와상,100g,426,11.11,,,27g
크로와상_프렌치크라상,빵 및 과자류,크로와상,100g,453,7.55,26.42,45.28,53g
크로와상_플레인 꽈루아상,빵 및 과자류,크로와상,100g,397,8.2,,,61g
크로와상_해시브라운 크로플,빵 및 과자류,크로와상,100g,808,40,,,25g
크로와상_허니 고르곤졸라 크로와상,빵 및 과자류,크로와상,100g,600,16.67,,,24g
크로와상_헤이즐넛초코 크로와상,빵 및 과자류,크로와상,100g,500,7.14,,,28g
크로와상_후랑크 소세지 크로와상,빵 및 과자류,크로와상,100g,306,8,,,50g
크로와상_흑당 크로플,빵 및 과자류,크로와상,100g,476,8,,,25g
크로켓(고로케)_NEW김치 고로케,빵 및 과자류,크로켓(고로케),100g,288,6.82,,,132g
크로켓(고로케)_NEW김치고로케,빵 및 과자류,크로켓(고로케),100g,267,5.83,,,120g
커피_카페 라떼 핫(HOT),음료 및 차류,커피,100ml,53,1.69,,,473ml
크로와상_정통 크라상,빵 및 과자류,크로와상,100g,405,7.14,,,42g
크로와상_정통크로와상,빵 및 과자류,크로와상,100g,433,6.12,,,49g
크로와상_청크초코칩 크루키,빵 및 과자류,크로와상,100g,446,5.6,,,125g
크로와상_초코 크루키,빵 및 과자류,크로와상,100g,379,7.06,,,85g
크로와상_초코롤링크라상,빵 및 과자류,크로와상,100g,386,6.52,,,92g
크로와상_초코생크림 크로와상,빵 및 과자류,크로와상,100g,475,5.56,,,36g
크로와상_초코츄러스 크로와상,빵 및 과자류,크로와상,100g,504,8,,,25g
크로와상_초코칩 크루키,빵 및 과자류,크로와상,100g,481,7,,,100g
크로와상_초코크런치 크로와상,빵 및 과자류,크로와상,100g,510,10,,,30g
크로와상_초코트위스트크로,빵 및 과자류,크로와상,100g,425,8,20,53.33,75g
크로와상_초코퐁당크라상,빵 및 과자류,크로와상,100g,456,6.8,,,103g
크로와상_커스타드 크루아상,빵 및 과자류,크로와상,100g,310,6.67,,,165g
크로와상_커피카라멜크라상,빵 및 과자류,크로와상,100g,393,5.36,,,112g
크로와상_코코넛카야 크루아상,빵 및 과자류,크로와상,100g,305,6,,,100g
크로와상_크랜베리크로,빵 및 과자류,크로와상,100g,417,6.25,17,59.38,64g
크로와상_크루아상,빵 및 과자류,크로와상,100g,433,6.67,,,60g
크로와상_크루아상,빵 및 과자류,크로와상,100g,361,7.41,,,54g
크로와상_크룽지,빵 및 과자류,크로와상,100g,495,10.53,,,38g
커피_카페 라떼 핫(HOT),음료 및 차류,커피,100ml,44,2.24,,,473ml
크로와상_스노우미니크라상,빵 및 과자류,크로와상,100g,440,8,,,25g
크로와상_스위트포테이토 크로플,빵 및 과자류,크로와상,100g,436,5.56,,,36g
크로와상_스윗 크룽지,빵 및 과자류,크로와상,100g,495,8.5,,,20g
크로와상_슬라이스햄치즈크로,빵 및 과자류,크로와상,100g,391,9.76,21,41.46,82g
크로와상_아몬드 크로와상,빵 및 과자류,크로와상,100g,589,7.14,,,28g
크로와상_아몬드 크루아상,빵 및 과자류,크로와상,100g,482,10.8,,,130g
크로와상_아몬드크라상,빵 및 과자류,크로와상,100g,441,7.63,,,118g
크로와상_앙버터 크로와상,빵 및 과자류,크로와상,100g,445,5,,,40g
크로와상_앙버터 크로플,빵 및 과자류,크로와상,100g,474,4.76,,,42g
크로와상_에그베이컨 크로와상,빵 및 과자류,크로와상,100g,334,10.34,,,58g
크로와상_에그소시지 크로와상,빵 및 과자류,크로와상,100g,267,8.03,,27.07,180g
크로와상_에그포테이토 크로와상,빵 및 과자류,크로와상,100g,228,6.14,,25.59,170g
크로와상_오레오 크로와상,빵 및 과자류,크로와상,100g,431,6.25,,,32g
크로와상_오리지널생크림크라상,빵 및 과자류,크로와상,100g,430,6.41,,,78g
크로와상_오리지널크라상,빵 및 과자류,크로와상,100g,440,6.9,,,58g
크로와상_우유크림크라상,빵 및 과자류,크로와상,100g,400,5,,,100g
크로와상_인절미 크로와상,빵 및 과자류,크로와상,100g,429,5.71,,,35g
크로와상_인절미콩고물크라상,빵 및 과자류,크로와상,100g,388,6.12,,,98g
커피_카페 라떼 핫(HOT) (Tall),음료 및 차류,커피,100g,51,2.82,,,355g
크로와상_미니크로와상,빵 및 과자류,크로와상,100g,369,6.25,,,16g
크로와상_미니크루키 더블초코칩,빵 및 과자류,크로와상,100g,532,8,,,50g
크로와상_미니크루키 오트밀레이즌,빵 및 과자류,크로와상,100g,522,8,,,50g
크로와상_미니크루키 피넛버터,빵 및 과자류,크로와상,100g,544,10,,,50g
크로와상_민트초코 크로와상,빵 및 과자류,크로와상,100g,426,5.88,,,34g
크로와상_바닐라 피칸 크로스트,빵 및 과자류,크로와상,100g,415,5.36,,,112g
크로와상_버터 크루아상,빵 및 과자류,크로와상,100g,483,10.5,,,65g
크로와상_블루베리아몬드 크루아상,빵 및 과자류,크로와상,100g,259,6.36,,,110g
크로와상_블루베리크로,빵 및 과자류,크로와상,100g,356,5.26,14,50.53,95g
크로와상_비스킷크림 크로와상,빵 및 과자류,크로와상,100g,407,7.32,,,41g
크로와상_사과크로,빵 및 과자류,크로와상,100g,377,5.26,15,55.79,95g
크로와상_산딸기크로,빵 및 과자류,크로와상,100g,353,5.26,12,56.84,95g
크로와상_생크림 크로와상,빵 및 과자류,크로와상,100g,557,6.67,,,30g
크로와상_생크림미니크로와상,빵 및 과자류,크로와상,100g,312,3.85,,,26g
크로와상_소시지 크루아상,빵 및 과자류,크로와상,100g,230,11,,,100g
크로와상_솔티연유버터 크로스트,빵 및 과자류,크로와상,100g,419,5.71,,,105g
크로와상_슈크림 크로와상,빵 및 과자류,크로와상,100g,380,8.57,,,35g
크로와상_슈크림크로,빵 및 과자류,크로와상,100g,318,5.26,15,41.05,95g
크로와상_기분좋은 초콜릿 크로와상,빵 및 과자류,크로와상,100g,358,7.69,13.85,46.15,65g
크로와상_꿀꿀바 크로와상,빵 및 과자류,크로와상,100g,503,6.67,,,30g
크로와상_녹차 크루키,빵 및 과자류,크로와상,100g,406,7.06,,,85g
크로와상_누네딸기 크로와상,빵 및 과자류,크로와상,100g,383,5.56,,,36g
크로와상_누텔라 초코 바나나 크로와상,빵 및 과자류,크로와상,100g,201,3.2,4.8,33.6,125g
크로와상_누텔라 크로와상,빵 및 과자류,크로와상,100g,508,8,,,25g
크로와상_다크 초콜릿 크루아상,빵 및 과자류,크로와상,100g,371,6.25,,,160g
크로와상_달콤바삭크룽지,빵 및 과자류,크로와상,100g,411,3.57,,,28g
크로와상_달콤한크림크라상,빵 및 과자류,크로와상,100g,405,7.37,26.32,36.84,95g
크로와상_딸기우유 크로와상,빵 및 과자류,크로와상,100g,441,6.25,,,32g
크로와상_레몬글레이즈 크로와상,빵 및 과자류,크로와상,100g,450,9.09,,,22g
크로와상_로띠크로,빵 및 과자류,크로와상,100g,388,8.33,17,51.67,60g
크로와상_리얼버터 오리지널 크로와상,빵 및 과자류,크로와상,100g,490,10,,,20g
크로와상_마약옥수수 크로와상,빵 및 과자류,크로와상,100g,324,7.32,,,41g
크로와상_말차 크로와상,빵 및 과자류,크로와상,100g,380,8.57,,,35g
크로와상_메이플 크로와상,빵 및 과자류,크로와상,100g,477,9.09,,,22g
크로와상_미니크라상,빵 및 과자류,크로와상,100g,417,5.56,,,18g
피자_찹스테이크(XL),빵 및 과자류,피자,100g,195,11.77,,,1088g
콩비지찌개,찌개 및 전골류,콩비지찌개,100ml,42,4,1.44,3.11,481ml
콩비지찌개,찌개 및 전골류,콩비지찌개,100ml,41,2.7,1.15,5.17,240ml
콩비지찌개,찌개 및 전골류,콩비지찌개,100ml,39,3.02,1.06,4.46,150ml
콩조림,조림류,콩조림,100ml,198,13.5,6.44,22.36,95ml
콩조림,조림류,콩조림,100ml,198,13.5,6.44,22.36,95ml
콩조림,조림류,콩조림,100ml,198,13.5,6.44,22.36,95ml
콩조림,조림류,콩조림,100ml,198,13.5,6.44,22.36,95ml
콩조림(콩자반),조림류,콩조림(콩자반),100g,271,19.3,4.2,39.1,100g
콩조림(콩자반),조림류,콩조림(콩자반),100g,281,17.97,7.73,34.83,30g
크로와상,빵 및 과자류,크로와상,100g,446,7.52,26.98,43.31,150g
크로와상_AOP 버터 크라상,빵 및 과자류,크로와상,100g,440,7.14,,,42g
크로와상_AOP 버터 크루아상,빵 및 과자류,크로와상,100g,436,7.14,,,70g
크로와상_AOP버터 프렌치 크루아상,빵 및 과자류,크로와상,100g,354,6.15,,36.92,65g
크로와상_갈릭 크룽지,빵 및 과자류,크로와상,100g,490,8.5,,,20g
크로와상_갈릭대파 크로와상,빵 및 과자류,크로와상,100g,415,9.09,,,33g
크로와상_갈릭크림치즈 크로와상,빵 및 과자류,크로와상,100g,443,6.67,,,30g
크로와상_거문 오름 크루아상,빵 및 과자류,크로와상,100g,477,8.54,,,82g
크로와상_고구마크로,빵 및 과자류,크로와상,100g,341,7.32,10,56.1,82g
콩나물밥,밥류,콩나물밥,100g,123,4.68,1.58,22.39,320g
콩나물밥_돼지고기,밥류,콩나물밥,100ml,91,3.3,0.84,17.21,572ml
콩나물밥_소고기,밥류,콩나물밥,100ml,96,2.8,0.85,18.93,350ml
콩나물밥_소고기,밥류,콩나물밥,100ml,160,5.1,1.48,30.68,273.1
콩나물밥_소고기,밥류,콩나물밥,100ml,131,3.9,1.14,25.47,440ml
콩나물밥_양념장,밥류,콩나물밥,100ml,112,3.55,1.2,21.33,350ml
콩나물밥_양념장,밥류,콩나물밥,100ml,110,3.17,0.92,21.8,450ml
콩나물밥_양념장,밥류,콩나물밥,100ml,110,3.39,1.29,20.65,240ml
콩나물잡채,볶음류,콩나물잡채,100ml,103,4.8,7.86,3.76,145.6
콩나물잡채,볶음류,콩나물잡채,100ml,43,2.2,2.49,4.01,79ml
콩나물잡채,볶음류,콩나물잡채,100ml,103,4.8,7.86,3.76,145.6
콩나물잡채,볶음류,콩나물잡채,100ml,43,2.2,2.49,4.04,79ml
콩나물찌개,찌개 및 전골류,콩나물찌개,100ml,12,1.6,0.37,1.09,250ml
콩나물찜_해물,찜류,콩나물찜,100g,56,6.67,1.01,4.97,200g
콩밥_강낭콩,밥류,콩밥,100g,173,4.38,0.39,38.04,100g
콩밥_검정콩,밥류,콩밥,100g,165,4.53,1.12,34.3,200g
콩밥_완두콩,밥류,콩밥,100g,138,2.95,0.16,31.25,200g
콩비지찌개,찌개 및 전골류,콩비지찌개,100g,69,6.74,3.08,3.57,400g
콩나물무침_당근_시금치,나물·숙채류,콩나물무침,100ml,23,2.1,1.17,2.16,50ml
콩나물무침_당근_시금치,나물·숙채류,콩나물무침,100ml,23,2.1,1.17,2.15,50ml
콩나물무침_당근_시금치,나물·숙채류,콩나물무침,100ml,23,2.1,1.17,2.15,50ml
콩나물무침_당근_시금치,나물·숙채류,콩나물무침,100ml,23,2.1,1.17,2.15,50ml
콩나물무침_부추,나물·숙채류,콩나물무침,100ml,23,2.1,1.15,2.26,50ml
콩나물무침_부추,나물·숙채류,콩나물무침,100ml,23,2.1,1.15,2.26,50ml
콩나물무침_부추,나물·숙채류,콩나물무침,100ml,23,2.1,1.15,2.26,50ml
콩나물무침_부추,나물·숙채류,콩나물무침,100ml,23,2.1,1.15,2.26,50ml
콩나물무침_소금,나물·숙채류,콩나물무침,100ml,23,1.9,1.17,2.22,40ml
콩나물무침_소금,나물·숙채류,콩나물무침,100ml,20,1.8,1.04,1.9,55ml
콩나물무침_소금,나물·숙채류,콩나물무침,100ml,42,4.1,1.9,4.29,100ml
콩나물무침_시금치,나물·숙채류,콩나물무침,100ml,21,2,1.12,1.82,50ml
콩나물무침_시금치,나물·숙채류,콩나물무침,100ml,21,2,1.12,1.82,50ml
콩나물무침_시금치,나물·숙채류,콩나물무침,100ml,21,2,1.12,1.82,50ml
콩나물무침_시금치,나물·숙채류,콩나물무침,100ml,21,2,1.12,1.82,50ml
콩나물무침_콩나물_고춧가루,나물·숙채류,콩나물무침,100ml,19,1.64,0.93,1.95,130ml
콩나물무침_콩나물_고춧가루,나물·숙채류,콩나물무침,100ml,23,1.98,1.24,2.07,80ml
콩나물무침_콩나물_고춧가루제외,나물·숙채류,콩나물무침,100ml,19,1.61,1.15,1.46,100ml
콩나물냉채,생채·무침류,콩나물냉채,100ml,27,2.1,0.79,4.05,50ml
콩나물냉채,생채·무침류,콩나물냉채,100ml,27,2.1,0.79,4.05,50ml
콩나물냉채_오이,생채·무침류,콩나물냉채,100ml,42,2.8,0.96,6.95,150ml
콩나물냉채_오이,생채·무침류,콩나물냉채,100ml,58,4,1.28,9.5,49.1
콩나물냉채_오이,생채·무침류,콩나물냉채,100ml,42,2.8,0.96,6.95,150ml
콩나물냉채_오이,생채·무침류,콩나물냉채,100ml,59,3.8,1.3,9.85,49.1
콩나물무침,나물·숙채류,콩나물무침,100g,69,3.86,4.54,3.2,50g
콩나물무침,나물·숙채류,콩나물무침,100ml,19,1.6,1.15,1.45,100ml
콩나물무침_고추,나물·숙채류,콩나물무침,100ml,29,2.6,1.54,2.64,50ml
콩나물무침_고추,나물·숙채류,콩나물무침,100ml,29,2.6,1.54,2.64,50ml
콩나물무침_고추,나물·숙채류,콩나물무침,100ml,29,2.6,1.54,2.65,50ml
콩나물무침_고춧가루,나물·숙채류,콩나물무침,100g,93,3.93,5.93,5.93,90g
콩나물무침_고춧가루,나물·숙채류,콩나물무침,100ml,19,1.6,0.93,1.92,130ml
콩나물무침_고춧가루,나물·숙채류,콩나물무침,100ml,23,2,1.24,2.05,80ml
콩나물무침_당근,나물·숙채류,콩나물무침,100ml,27,2.3,1.25,2.9,50ml
콩나물무침_당근,나물·숙채류,콩나물무침,100ml,27,2.3,1.25,2.9,50ml
콩나물무침_당근,나물·숙채류,콩나물무침,100ml,27,2.3,1.25,2.9,50ml
콩나물무침_당근,나물·숙채류,콩나물무침,100ml,27,2.3,1.25,2.9,50ml
콩나물국_고추,국 및 탕류,콩나물국,100ml,9,1.1,0.3,1.12,270ml
콩나물국_고춧가루,국 및 탕류,콩나물국,100ml,8,0.8,0.25,0.92,300ml
콩나물국_고춧가루,국 및 탕류,콩나물국,100ml,7,0.9,0.23,0.94,180ml
콩나물국_고춧가루,국 및 탕류,콩나물국,100ml,7,0.8,0.22,0.93,320ml
콩나물국_김치,국 및 탕류,콩나물국,100ml,9,0.9,0.27,1.1,300ml
콩나물국_무,국 및 탕류,콩나물국,100ml,6,0.7,0.2,0.75,200ml
콩나물국_바지락,국 및 탕류,콩나물국,100ml,6,0.7,0.19,0.65,170ml
콩나물국_청양고추,국 및 탕류,콩나물국,100ml,8,0.9,0.25,0.97,300ml
콩나물국_청양고추,국 및 탕류,콩나물국,100ml,8,0.9,0.25,0.97,300ml
콩나물국_청양고추,국 및 탕류,콩나물국,100ml,8,0.9,0.25,0.96,300ml
콩나물국_청양고추,국 및 탕류,콩나물국,100ml,8,0.9,0.25,0.97,300ml
콩나물국_콩나물,국 및 탕류,콩나물국,100ml,7,0.83,0.2,1.01,150ml
콩나물국_콩나물_소고기,국 및 탕류,콩나물국,100ml,31,2.51,1.66,1.75,220ml
콩나물국_콩나물_소고기,국 및 탕류,콩나물국,100ml,29,2.31,1.63,1.53,180ml
콩나물국_콩나물만,국 및 탕류,콩나물국,100ml,7,0.79,0.22,0.95,320ml
콩나물국_콩나물만,국 및 탕류,콩나물국,100ml,7,0.85,0.23,1.01,180ml
콩나물국밥,밥류,콩나물국밥,100ml,60,2.66,0.73,10.69,830ml
피자_채소콤비네이션 (L),빵 및 과자류,피자,100g,115,9.82,,,825g
콩나물 국밥,밥류,콩나물 국밥,100ml,60,2.6,0.73,10.69,830ml
콩나물 국밥,밥류,콩나물 국밥,100ml,59,2.6,0.84,10.22,830ml
콩나물 느타리무침,생채·무침류,콩나물 느타리무침,100ml,46,3.1,2.8,4.31,100ml
콩나물 느타리무침,생채·무침류,콩나물 느타리무침,100ml,46,3.1,2.8,4.31,100ml
콩나물 느타리무침,생채·무침류,콩나물 느타리무침,100ml,45,3,2.8,4.25,44.2
콩나물 느타리무침,생채·무침류,콩나물 느타리무침,100ml,45,3,2.8,4.25,44.2
콩나물 된장국,국 및 탕류,콩나물 된장국,100ml,23,2.8,0.68,2.07,320ml
콩나물 된장국,국 및 탕류,콩나물 된장국,100ml,26,2.6,0.7,3,164.4
콩나물 선짓국_낙지,국 및 탕류,콩나물 선짓국,100ml,21,3.1,0.34,1.79,767ml
콩나물 선짓국_낙지,국 및 탕류,콩나물 선짓국,100ml,21,3.1,0.34,1.79,767ml
콩나물 선짓국_낙지,국 및 탕류,콩나물 선짓국,100ml,21,3.1,0.34,1.79,767ml
콩나물 황태국,국 및 탕류,콩나물 황태국,100ml,30,4.6,0.87,0.99,300ml
콩나물 황태국,국 및 탕류,콩나물 황태국,100ml,30,4.6,0.87,0.99,300ml
콩나물 황태국,국 및 탕류,콩나물 황태국,100ml,30,4.6,0.87,0.99,300ml
콩나물 황태국,국 및 탕류,콩나물 황태국,100ml,30,4.6,0.87,0.99,300ml
콩나물국,국 및 탕류,콩나물국,100ml,7,0.8,0.2,0.97,150ml
콩나물국,국 및 탕류,콩나물국,100g,6,0.74,0.09,0.61,400g
콩나물국,국 및 탕류,콩나물국,100ml,5,0.7,0.14,0.47,250ml
커피_카페 라떼 핫(HOT) (S),음료 및 차류,커피,100ml,25,1.13,,,354ml
콘치즈구이,구이류,콘치즈구이,100g,224,9.51,12.85,17.56,100g
콘치즈구이,구이류,콘치즈구이,100ml,105,2.3,3.81,15.24,150.7
콘치즈구이,구이류,콘치즈구이,100ml,105,2.3,3.81,15.24,150.7
콤부차_애플 망고 콤부차 (L),음료 및 차류,콤부차,100g,33,0,,,480g
콤부차_애플 망고 콤부차 (V),음료 및 차류,콤부차,100g,33,0,,,630g
콤부차_애플 히비스커스 콤부차 (L),음료 및 차류,콤부차,100g,32,0,,,470g
콤부차_애플 히비스커스 콤부차 (V),음료 및 차류,콤부차,100g,35,0,,,620g
콤부차_애플망고 콤부차 (L),음료 및 차류,콤부차,100g,33,0,,,480g
콤부차_애플망고 콤부차 (V),음료 및 차류,콤부차,100g,34,0,,,625g
콤부차_청포도 콤부차 (L),음료 및 차류,콤부차,100g,34,0,,,475g
콤부차_청포도 콤부차 (V),음료 및 차류,콤부차,100g,35,0,,,620g
콤부차_플레인 콤부차 (L),음료 및 차류,콤부차,100g,25,0,,,480g
콤부차_플레인 콤부차 (V),음료 및 차류,콤부차,100g,30,0,,,625g
콩국수,면 및 만두류,콩국수,100g,100,4.61,3.83,11.69,100g
콩국수,면 및 만두류,콩국수,100g,81,3.9,3.35,8.92,800g
콩국수,면 및 만두류,콩국수,100ml,113,5.3,1.94,17.94,475ml
콩국수,면 및 만두류,콩국수,100ml,129,6,2.21,20.48,255.6
콩국수,면 및 만두류,콩국수,100ml,70,4,1.34,10.19,1000m
커피_카페 라떼 핫(HOT) (R),음료 및 차류,커피,100g,69,2.59,,,340g
코코아_시그니처 초콜릿 핫(HOT) (Tall),음료 및 차류,코코아,100g,141,4.23,,,355g
코코아_아이스 초코 아이스(ICED),음료 및 차류,코코아,100g,68,1.71,3.41,7.56,410g
코코아_아이스 초콜릿 (L),음료 및 차류,코코아,100g,83,2.07,,,435g
코코아_아이스 초콜릿 (R),음료 및 차류,코코아,100g,79,1.84,,,380g
코코아_아이스초코 아이스(ICED),음료 및 차류,코코아,100g,83,1.94,,10.8,463g
코코아_플러피 판다 초콜릿 아이스(ICED) (Grande),음료 및 차류,코코아,100g,88,2.33,,,473g
코코아_플러피 판다 핫 초콜릿 핫(HOT) (Grande),음료 및 차류,코코아,100g,99,2.54,,,473g
코코아_핫 초코 핫(HOT),음료 및 차류,코코아,100g,114,3.23,6.13,11.61,310g
코코아_핫 초콜릿 (L),음료 및 차류,코코아,100g,126,3.08,,,325g
코코아_핫 초콜릿 (R),음료 및 차류,코코아,100g,122,3.33,,,275g
코코아_핫초코 아이스(ICED),음료 및 차류,코코아,100g,71,1.69,,,354g
코코아_핫초코 핫(HOT),음료 및 차류,코코아,100g,89,2.54,,,354g
코코아_핫초코 핫(HOT),음료 및 차류,코코아,100g,112,2.98,,13.9,403g
코코아_화이트초코 아이스(ICED),음료 및 차류,코코아,100g,73,1.69,,,354g
코코아_화이트초코 핫(HOT),음료 및 차류,코코아,100g,91,2.54,,,354g
콘치즈구이,구이류,콘치즈구이,100ml,132,3.2,7.24,13.35,70ml
콘치즈구이,구이류,콘치즈구이,100ml,105,2.3,3.81,15.24,150.7
피자_채소콤비네이션 (R),빵 및 과자류,피자,100g,216,9.68,,,511g
케이크_흑임자바스크치즈 케이크,빵 및 과자류,케이크,100g,344,6,27.5,18.5,200g
케이크_히든하트레드벨벳 케이크,빵 및 과자류,케이크,100g,285,3,,,560g
코다리조림,조림류,코다리조림,100ml,68,10.1,1.18,3.86,50ml
코다리조림,조림류,코다리조림,100g,86,16.46,0.4,4.16,100g
코다리조림,조림류,코다리조림,100ml,68,10.1,1.18,3.86,50ml
코다리조림,조림류,코다리조림,100ml,68,10.1,1.18,3.86,50ml
코다리조림_간장,조림류,코다리조림,100ml,77,10.5,0.76,6.68,74.8
코다리조림_간장,조림류,코다리조림,100ml,77,10.5,0.76,6.68,74.8
코다리조림_무,조림류,코다리조림,100ml,56,7.8,1.04,3.46,200ml
코다리조림_무,조림류,코다리조림,100ml,56,7.8,1.04,3.46,200ml
코다리조림_무,조림류,코다리조림,100ml,38,5.5,0.71,2.29,200ml
코다리조림_무,조림류,코다리조림,100ml,73,9.34,1.26,6.05,110ml
코다리찜,찜류,코다리찜,100g,94,14.49,1.35,6.08,200g
코다리찜,찜류,코다리찜,100ml,46,6,0.9,3.74,200ml
코다리찜,찜류,코다리찜,100ml,46,6,0.9,3.74,200ml
코다리찜,찜류,코다리찜,100ml,46,6,0.9,3.74,200ml
코다리찜,찜류,코다리찜,100ml,46,6,0.9,3.74,200ml
코코아_시그니처 초콜릿 아이스(ICED) (Tall),음료 및 차류,코코아,100g,92,2.82,,,355g
커피_카페 라떼 핫(HOT) (R),음료 및 차류,커피,100g,58,1.97,,,355g
케이크_헤이즐넛마스카포네치즈 케이크,빵 및 과자류,케이크,100g,338,4.06,,,985g
케이크_헤이즐넛초콜릿 케이크,빵 및 과자류,케이크,100g,383,6.25,,,160g
케이크_호두 당근 케이크,빵 및 과자류,케이크,100g,449,7.14,,,210g
케이크_호두브라우니,빵 및 과자류,케이크,100g,457,7.14,,,70g
케이크_화이트 롤케이크,빵 및 과자류,케이크,100g,321,6,,,260g
케이크_화이트 생크림 케이크 (조각),빵 및 과자류,케이크,100g,262,3.81,,,105g
케이크_화이트 생크림 케이크 (홀),빵 및 과자류,케이크,100g,260,2.95,,,610g
케이크_화이트 치즈 무스 케이크,빵 및 과자류,케이크,100g,363,5.08,,,650g
케이크_화이트모찌 롤케이크,빵 및 과자류,케이크,100g,332,1.82,,,110g
케이크_화이트미니 롤,빵 및 과자류,케이크,100g,344,6,,,105g
케이크_화이트바닐라빈무스 케이크 (조각),빵 및 과자류,케이크,100g,292,3.85,,,130g
케이크_화이트생크림 케이크 1호,빵 및 과자류,케이크,100g,251,3,,,300g
케이크_화이트생크림 케이크 2호,빵 및 과자류,케이크,100g,292,3,,,450g
케이크_화이트생크림 케이크 3호,빵 및 과자류,케이크,100g,291,3,,,740g
케이크_화이트포레스트생크림 케이크,빵 및 과자류,케이크,100g,280,3.61,,,637g
케이크_후르츠바스켓케이크,빵 및 과자류,케이크,100g,272,4.34,,,669g
케이크_흑임자 갸또 쇼콜라 케이크,빵 및 과자류,케이크,100g,321,4.96,,,121g
케이크_흑임자 크림 케이크,빵 및 과자류,케이크,100g,385,5,,,100g
커피_카페 라떼 핫(HOT) (R),음료 및 차류,커피,100g,58,2.57,,,280g
케이크_플레인 저당 그릭요거트 케이크,빵 및 과자류,케이크,100g,280,5,,,335g
케이크_플레인 치즈 스틱 케이크,빵 및 과자류,케이크,100g,356,6.67,,,45g
케이크_플레인 치즈 스틱케이크,빵 및 과자류,케이크,100g,369,6.67,,,45g
케이크_플레인바스크치즈 케이크,빵 및 과자류,케이크,100g,353,5.26,,,38g
케이크_피넛 크림 바나나 케이크,빵 및 과자류,케이크,100g,396,4.17,,,120g
케이크_피스타치오티케이크,빵 및 과자류,케이크,100g,609,9.38,,,32g
케이크_피치퀸케이크,빵 및 과자류,케이크,100g,199,3.07,,,880g
케이크_필라델피아 치즈 케이크,빵 및 과자류,케이크,100g,340,6.6,,,106g
케이크_필라델피아치즈 케이크,빵 및 과자류,케이크,100g,340,6.6,,,106g
케이크_핑크 스트로베리머치 라운드 케이크,빵 및 과자류,케이크,100ml,206,3.41,,,293ml
케이크_핑크블라썸생크림케이크2호,빵 및 과자류,케이크,100g,286,4.09,,,807g
케이크_하츄핑도반한딸기생크림,빵 및 과자류,케이크,100g,286,2.96,,,406g
케이크_한라봉홍차 케이크,빵 및 과자류,케이크,100g,252,3.85,,,130g
케이크_한라산 녹차 치즈 바스크 케이크,빵 및 과자류,케이크,100g,352,5.52,,,181g
케이크_한라산 모카 수플레,빵 및 과자류,케이크,100g,271,8,,,100g
케이크_할리베어 초코홀릭 케이크,빵 및 과자류,케이크,100g,358,4.96,,,121g
케이크_해피레인보우 케이크,빵 및 과자류,케이크,100g,359,4,,,650g
케이크_허니 케이크,빵 및 과자류,케이크,100g,467,7.7,29.5,42.6,190g
케이크_파티팩아이스박스 케이크,빵 및 과자류,케이크,100g,339,4.13,,,1139g
케이크_파티팩티라미수 케이크,빵 및 과자류,케이크,100g,299,4.86,,,864g
케이크_패밀리생크림 케이크 4호A,빵 및 과자류,케이크,100g,275,4.36,,,1215g
케이크_패밀리생크림 케이크 4호B,빵 및 과자류,케이크,100g,272,3.96,,,1363g
케이크_페스티벌생크림 케이크 6호A,빵 및 과자류,케이크,100g,256,3.91,,,1943g
케이크_페스티벌생크림 케이크 6호B,빵 및 과자류,케이크,100g,263,4,,,1951g
케이크_퐁당리얼쇼콜라,빵 및 과자류,케이크,100g,420,4.55,,,44g
케이크_퐁당쇼콜라바움쿠헨 케이크,빵 및 과자류,케이크,100g,450,6.9,,,145g
케이크_푸딩크림샌드,빵 및 과자류,케이크,100g,281,5.06,,,237g
케이크_프렌치 블루베리 치즈 케이크 (조각),빵 및 과자류,케이크,100g,588,8,,,100g
케이크_플라워베리생크림 케이크 1호,빵 및 과자류,케이크,100g,291,4.78,,,460g
케이크_플라워베리생크림 케이크 2호,빵 및 과자류,케이크,100g,421,6.67,,,645g
케이크_플라워베리생크림 케이크 3호,빵 및 과자류,케이크,100g,288,4.39,,,888g
케이크_플라워베리생크림케이크1호,빵 및 과자류,케이크,100g,292,4.78,,,460g
케이크_플라워베리생크림케이크2호,빵 및 과자류,케이크,100g,288,4.5,,,645g
케이크_플라워베리생크림케이크3호,빵 및 과자류,케이크,100g,288,4.39,,,888g
케이크_플레인 저당 그릭요거트 미니케이크,빵 및 과자류,케이크,100g,269,10.77,,,130g
케이크_플레인 저당 그릭요거트 컵케이크,빵 및 과자류,케이크,100g,267,5.33,,,75g
커피_카페 라떼 핫(HOT) (R),음료 및 차류,커피,100g,48,2.25,,,355g
케이크_티라미수 케이크,빵 및 과자류,케이크,100g,321,5.88,,,80g
케이크_티라미수 케이크,빵 및 과자류,케이크,100g,307,5,,,86g
케이크_티라미수 케이크,빵 및 과자류,케이크,100g,351,6.31,,,111g
케이크_티라미수 케이크 쏘스윗박스,빵 및 과자류,케이크,100g,284,5.26,,,133g
케이크_티라미수 케이크 쏘스윗박스 파티팩,빵 및 과자류,케이크,100g,280,5.3,,,132g
케이크_티라미수컵 케이크,빵 및 과자류,케이크,100g,330,3.92,,,120g
케이크_티라미수케이크,빵 및 과자류,케이크,100g,321,5.88,,,80g
케이크_티라미수크레이프 케이크,빵 및 과자류,케이크,100g,304,7.8,,,700g
케이크_티라미슈 케이크,빵 및 과자류,케이크,100g,290,5.06,,,85g
케이크_티라미스 케이크 (조각),빵 및 과자류,케이크,100g,334,7.5,,,80g
케이크_티아라 딸기 생크림 케이크,빵 및 과자류,케이크,100g,259,3,,,100g
케이크_파베쇼콜라 케이크,빵 및 과자류,케이크,100g,259,5.45,,22.73,110g
케이크_파티생크림 케이크 5호A,빵 및 과자류,케이크,100g,261,3.82,,,1963g
케이크_파티생크림 케이크 5호B,빵 및 과자류,케이크,100g,260,4.17,,,1630g
케이크_파티팩고구마밀크생크림 케이크,빵 및 과자류,케이크,100g,246,4.52,,,1085g
케이크_파티팩딸기레어치즈 케이크,빵 및 과자류,케이크,100g,283,4.64,,,970g
케이크_파티팩블루베리요거트생크림 케이크,빵 및 과자류,케이크,100g,265,3.6,,,1111g
케이크_파티팩스트로베리초콜릿생크림 케이크,빵 및 과자류,케이크,100g,287,3.83,,,1278g
커피_카페 라떼 핫(HOT) (R),음료 및 차류,커피,100g,46,2.22,,,360g
케이크_트리플 베리 생크림 케이크,빵 및 과자류,케이크,100g,258,3.85,,,104g
케이크_트리플 베리 요거트 케이크,빵 및 과자류,케이크,100g,280,4,,,100g
케이크_트리플 베리 치즈 스윗박스 케이크,빵 및 과자류,케이크,100g,263,3.23,,,186g
케이크_트리플 초코 라운드 케이크,빵 및 과자류,케이크,100g,277,5.24,,,191g
케이크_트리플 초코 케이크,빵 및 과자류,케이크,100g,304,9.9,,,101g
케이크_트리플베리생크림 케이크,빵 및 과자류,케이크,100g,229,3.07,,,748g
케이크_트리플베리생크림 케이크 (조각),빵 및 과자류,케이크,100g,238,3.17,,,126g
케이크_트리플쇼콜라무스 케이크,빵 및 과자류,케이크,100g,248,4.28,,,701g
케이크_트리플쇼콜라무스 케이크 (조각),빵 및 과자류,케이크,100g,252,4.07,,,123g
케이크_티라미수,빵 및 과자류,케이크,100g,295,5,18.7,26.6,120g
케이크_티라미수,빵 및 과자류,케이크,100g,326,4.46,,,112g
케이크_티라미수 롤 케이크,빵 및 과자류,케이크,100g,361,4.17,,,72g
케이크_티라미수 스틱 케이크,빵 및 과자류,케이크,100g,267,6.67,,,30g
케이크_티라미수 스푼 케이크,빵 및 과자류,케이크,100g,301,5.06,,26.58,158g
케이크_티라미수 케이크,빵 및 과자류,케이크,100g,291,5.29,,,700g
케이크_티라미수 케이크,빵 및 과자류,케이크,100g,301,6.67,,,120g
케이크_티라미수 케이크,빵 및 과자류,케이크,100g,321,6.25,10,,80g
케이크_티라미수 케이크,빵 및 과자류,케이크,100g,363,6.25,,,80g
케이크_크런치 쿠키 마스카포네 케이크,빵 및 과자류,케이크,100g,372,5.45,,,165g
케이크_크레이프 에멘탈 치즈 케이크,빵 및 과자류,케이크,100g,330,5,,,400g
케이크_크림치즈 브리오슈 보스톡 케이크,빵 및 과자류,케이크,100g,404,5.6,,,125g
케이크_클라우드 치즈 케이크,빵 및 과자류,케이크,100g,443,6.67,,,120g
케이크_클래식 고구마 케이크,빵 및 과자류,케이크,100g,315,4,17,38,850g
케이크_클래식 쇼콜라 케이크,빵 및 과자류,케이크,100g,436,5.75,,,80g
케이크_클래식 치즈 케이크 (조각),빵 및 과자류,케이크,100g,306,6.67,20,24.44,90g
케이크_클래식가토쇼콜라 케이크,빵 및 과자류,케이크,100g,315,4.46,,,650g
케이크_클래식가토쇼콜라 케이크 (조각),빵 및 과자류,케이크,100g,317,4,,,150g
케이크_클래식롤,빵 및 과자류,케이크,100g,338,7.5,,55,80g
케이크_클래식쇼콜라,빵 및 과자류,케이크,100g,429,7.7,24.5,44.3,530g
케이크_클래식오브치즈 케이크,빵 및 과자류,케이크,100g,289,5.87,,,750g
케이크_클래식오브치즈 케이크 (조각),빵 및 과자류,케이크,100g,294,5.88,,,85g
케이크_클래식오브치즈케이크(조각),빵 및 과자류,케이크,100g,300,5.88,,,85g
케이크_클래식오브치즈케이크3호,빵 및 과자류,케이크,100g,289,6,,,750g
케이크_투썸얼그레이밀크티쉬폰 케이크,빵 및 과자류,케이크,100g,336,5.55,,,685g
케이크_투썸얼그레이밀크티쉬폰 케이크 (조각),빵 및 과자류,케이크,100g,341,5.31,,,113g
케이크_트리플 베리 생크림 라운드 케이크,빵 및 과자류,케이크,100g,247,3.03,,,231g
커피_카페 라떼 핫(HOT) (R),음료 및 차류,커피,100ml,55,2.73,,,355ml
케이크_칸탈로프 케이크 (조각),빵 및 과자류,케이크,100g,291,3.52,,,114g
케이크_칸탈로프 케이크 (홀),빵 및 과자류,케이크,100g,291,3.04,,,658g
케이크_캐롯 케이크,빵 및 과자류,케이크,100g,283,5.5,7.5,,200g
케이크_케이크속에순우유 케이크,빵 및 과자류,케이크,100g,334,5.51,,,472g
케이크_케이크속에순우유 케이크 (조각),빵 및 과자류,케이크,100g,289,4.23,,,71g
케이크_콩티라미수 케이크,빵 및 과자류,케이크,100g,296,8.33,,,120g
케이크_콰트로 치즈 파운드 케이크,빵 및 과자류,케이크,100g,406,6.25,,,64g
케이크_쿠키 앤 크림 스틱 치즈 케이크,빵 및 과자류,케이크,100g,350,8,20,34,50g
케이크_쿠키 앤 크림 케이크,빵 및 과자류,케이크,100g,352,6.09,,,115g
케이크_쿠키바닐라생크림케이크,빵 및 과자류,케이크,100g,321,4.69,,,341g
케이크_쿠키앤크림 아이스박스 케이크,빵 및 과자류,케이크,100g,395,2.63,,25.79,190g
케이크_쿠키앤크림 케이크,빵 및 과자류,케이크,100g,336,2.48,,,161g
케이크_쿠키앤크림 케이크 쏘스윗박스,빵 및 과자류,케이크,100g,292,2.96,,,135g
케이크_쿠키앤크림 케이크 쏘스윗박스 파티팩,빵 및 과자류,케이크,100g,295,2.99,,,134g
케이크_쿨내진동 민트초코 케이크,빵 및 과자류,케이크,100g,385,4,,,85g
케이크_퀀즈캐롯 케이크,빵 및 과자류,케이크,100g,318,4.47,,,828g
케이크_퀀즈캐롯 케이크 (조각),빵 및 과자류,케이크,100g,321,3.91,,,179g
케이크_크런치 다크 초코 롤 케이크,빵 및 과자류,케이크,100g,403,6.07,,,560g
커피_카페 라떼 핫(HOT) (R),음료 및 차류,커피,100ml,25,1.27,,,473ml
케이크_초콜릿케이크,빵 및 과자류,케이크,100g,420,5.31,24.96,43.6,100g
케이크_촉촉한 클래식 치즈케이크,빵 및 과자류,케이크,100g,305,6,,,100g
케이크_촉촉한미니치즈 케이크,빵 및 과자류,케이크,100g,360,7.5,,,40g
케이크_쵸코 무스 케이크,빵 및 과자류,케이크,100g,311,3.53,,,85g
케이크_쵸코 티라미수 케이크,빵 및 과자류,케이크,100g,319,4.71,,,85g
케이크_치즈 스틱 케이크,빵 및 과자류,케이크,100g,296,8,,,25g
케이크_치즈 스틱케이크,빵 및 과자류,케이크,100g,522,4.44,33.33,48.89,45g
케이크_치즈 케이크,빵 및 과자류,케이크,100g,334,6,23,25,100g
케이크_치즈 케이크,빵 및 과자류,케이크,100g,532,4.29,,,140g
케이크_치즈 케이크,빵 및 과자류,케이크,100g,359,7.06,,,85g
케이크_치즈무스 케이크,빵 및 과자류,케이크,100g,363,8.75,,,80g
케이크_치즈스틱 케이크,빵 및 과자류,케이크,100g,236,4.44,,,45g
케이크_치즈케이크,빵 및 과자류,케이크,100g,329,7.23,20.63,28.64,100g
케이크_치즈타르트바움쿠헨 케이크,빵 및 과자류,케이크,100g,376,7.4,,,145g
케이크_카라멜부케케이크,빵 및 과자류,케이크,100g,373,3.5,,,400g
케이크_카라멜크레이프 케이크,빵 및 과자류,케이크,100g,277,6.7,,,650g
케이크_카사타 요거트 블루베리 케이크 (조각),빵 및 과자류,케이크,100g,280,2.95,,,163g
케이크_카사타 카푸치노 케이크 (조각),빵 및 과자류,케이크,100g,325,5.22,,,134g
커피_카페 라떼 핫(HOT) (R),음료 및 차류,커피,100g,30,1.62,,,370g
케이크_진한치즈 케이크 2호,빵 및 과자류,케이크,100g,344,7,,,420g
케이크_진한크림치즈 가득 클래식 치즈 케이크,빵 및 과자류,케이크,100g,325,7,22,26,790g
케이크_쫀득제주말차브라우니,빵 및 과자류,케이크,100g,440,7.14,,,42g
케이크_쫀득카카오브라우니,빵 및 과자류,케이크,100g,440,4.76,,,42g
케이크_청담스타 얼 그레이 밀크 케이크,빵 및 과자류,케이크,100g,310,4,,,520g
케이크_청담스타 오 허니 케이크,빵 및 과자류,케이크,100g,348,5,,,550g
케이크_청순 밀크 샌드 케이크,빵 및 과자류,케이크,100g,311,4.44,,,180g
케이크_초코스틱 케이크,빵 및 과자류,케이크,100g,324,6.67,,,45g
케이크_초코코팅 케이크 2호,빵 및 과자류,케이크,100g,434,5,,,430g
케이크_초코크런치생크림 케이크 1호,빵 및 과자류,케이크,100g,319,5,,,300g
케이크_초코크레이프 케이크,빵 및 과자류,케이크,100g,355,7.4,,,750g
케이크_초코크로넛,빵 및 과자류,케이크,100g,409,8,22.5,43.6,90g
케이크_초코티라미수 케이크,빵 및 과자류,케이크,100g,322,4.71,,,85g
케이크_초코파운드 케이크,빵 및 과자류,케이크,100g,419,5,,,80g
케이크_초콜릿 칩 브라우니,빵 및 과자류,케이크,100g,458,4.94,28.4,71.61,81g
케이크_초콜릿듬뿍이파운드 케이크,빵 및 과자류,케이크,100g,443,5.53,,,235g
케이크_초콜릿머드 케이크 (조각),빵 및 과자류,케이크,100g,419,2.9,,,180g
케이크_초콜릿무스 케이크,빵 및 과자류,케이크,100g,370,4.75,,,1200g
커피_카페 모카 ESP 핫(HOT) (J),음료 및 차류,커피,100ml,78,2.11,,,473ml
케이크_유자 파운드 케이크,빵 및 과자류,케이크,100g,375,4.69,,,65g
케이크_이디야 티라미수 케이크,빵 및 과자류,케이크,100g,130,2,,,150g
케이크_인절미 케이크,빵 및 과자류,케이크,100g,442,8.44,,,90g
케이크_인절미브라우니,빵 및 과자류,케이크,100g,450,7.14,,,70g
케이크_인절미티라미수 케이크,빵 및 과자류,케이크,100g,265,5.21,,,117g
케이크_장미요거생크림 케이크 1호,빵 및 과자류,케이크,100g,284,4.35,,,529g
케이크_저당 초코 생크림 케이크,빵 및 과자류,케이크,100g,263,5.97,11.94,32.84,67g
케이크_저당그릭요거트케이크,빵 및 과자류,케이크,100g,245,4,,,370g
케이크_제주 녹차 생크림 롤케이크,빵 및 과자류,케이크,100g,332,5.45,,,165g
케이크_제주 땅콩 생크림 롤케이크,빵 및 과자류,케이크,100g,345,4.85,,,165g
케이크_젤라또 브라우니,빵 및 과자류,케이크,100g,340,3.89,,,198g
케이크_진한 마스카포네 티라미스 케이크,빵 및 과자류,케이크,100g,299,4.83,,,145g
케이크_진한우유생크림 케이크 1호,빵 및 과자류,케이크,100g,175,3.08,,,811g
케이크_진한우유생크림 케이크 2호,빵 및 과자류,케이크,100g,123,2.74,,,1021g
케이크_진한우유생크림케이크1호,빵 및 과자류,케이크,100g,250,3.08,,,811g
케이크_진한우유생크림케이크2호,빵 및 과자류,케이크,100g,249,3.04,,,1021g
케이크_진한우유퐁당바닐라케이크,빵 및 과자류,케이크,100g,266,5.67,,,653g
케이크_진한초코퍼지 케이크,빵 및 과자류,케이크,100g,415,5,,,600g
케이크_우유가득생크림 케이크 2호,빵 및 과자류,케이크,100g,250,4,17,21,980g
케이크_우유가득생크림케이크 1호,빵 및 과자류,케이크,100g,275,3,,,610g
케이크_우유가득생크림케이크 2호,빵 및 과자류,케이크,100g,275,3,,,890g
케이크_우유듬뿍생크림 케이크(블라썸) 1호,빵 및 과자류,케이크,100g,260,4,18,20,510g
케이크_우유듬뿍생크림 케이크(블라썸) 2호,빵 및 과자류,케이크,100g,255,4,17,21,710g
케이크_우유듬뿍생크림 케이크(블라썸) 3호,빵 및 과자류,케이크,100g,265,4,18,21,950g
케이크_우유듬뿍생크림 케이크(선샤인) 1호,빵 및 과자류,케이크,100g,260,3,18,21,540g
케이크_우유듬뿍생크림 케이크(선샤인) 2호,빵 및 과자류,케이크,100g,260,4,18,21,720g
케이크_우유듬뿍생크림 케이크(선샤인) 3호,빵 및 과자류,케이크,100g,265,4,18,22,960g
케이크_우유듬뿍생크림 케이크(선샤인) 6호,빵 및 과자류,케이크,100g,270,4,19,21,1380g
케이크_우유치즈 케이크,빵 및 과자류,케이크,100g,274,6.32,,,95g
케이크_우유퐁당생크림 케이크 1호,빵 및 과자류,케이크,100g,270,4,19,23,640g
케이크_우유퐁당생크림 케이크 2호,빵 및 과자류,케이크,100g,275,4,19,24,890g
케이크_우유퐁당생크림케이크 1호,빵 및 과자류,케이크,100g,260,3,,,630g
케이크_우유퐁당생크림케이크 2호,빵 및 과자류,케이크,100g,270,4,,,880g
케이크_윈터 티라미수 케이크,빵 및 과자류,케이크,100g,326,4.47,,,112g
케이크_유메이크리스마일(바닐라초콜릿카라멜무스) 케이크,빵 및 과자류,케이크,100g,283,4.39,,,569g
케이크_유메이크미스마일(바닐라초콜릿카라멜무스) 케이크 (조각),빵 및 과자류,케이크,100g,298,4.65,,,129g
케이크_오색 치즈 크림 케이크,빵 및 과자류,케이크,100g,317,3.96,,,101g
케이크_오해피복숭아 케이크,빵 및 과자류,케이크,100g,287,4.55,,,682g
케이크_오해피복숭아케이크,빵 및 과자류,케이크,100g,268,7.92,,,682g
케이크_오해피한라봉&오렌지케이크,빵 및 과자류,케이크,100g,257,3.6,,,751g
케이크_요거생크림 케이크 1호,빵 및 과자류,케이크,100g,216,2.96,,,609g
케이크_요거생크림 케이크 2호,빵 및 과자류,케이크,100g,199,2.93,,,887g
케이크_요거생크림 케이크 3호,빵 및 과자류,케이크,100g,214,3.09,,,1102g
케이크_요거하트 케이크,빵 및 과자류,케이크,100g,250,3.78,,,687g
케이크_용감한쿠키카라멜마스카포네생크림 케이크,빵 및 과자류,케이크,100g,333,4.03,,,571g
케이크_우리당근 케이크 (미니),빵 및 과자류,케이크,100g,364,4,,,230g
케이크_우리쌀 막걸리로 만든 강낭콩참쑥빵,빵 및 과자류,케이크,100g,211,4.85,0.55,46.67,165g
케이크_우리쌀 막걸리로 만든 우리 오미자빵,빵 및 과자류,케이크,100g,214,4.85,0.61,47.27,165g
케이크_우리쌀베리무스 케이크,빵 및 과자류,케이크,100g,256,4.19,,,763g
케이크_우유 고구마케이크,빵 및 과자류,케이크,100g,312,5.22,,28.7,115g
케이크_우유 생크림 케이크,빵 및 과자류,케이크,100g,310,3.75,,,80g
케이크_우유 생크림케이크딸기 1호 A타입,빵 및 과자류,케이크,100g,270,4,,,510g
케이크_우유 생크림케이크딸기 1호 B타입,빵 및 과자류,케이크,100g,275,4,,,480g
케이크_우유가득생크림 케이크 1호,빵 및 과자류,케이크,100g,250,3,17,21,690g
커피_카페 모카 ESP 아이스(ICED) (L),음료 및 차류,커피,100ml,56,1.48,,,473ml
케이크_오 마이 초코 케이크 (홀),빵 및 과자류,케이크,100g,190,2.95,,,679g
케이크_오레오 사각 케이크,빵 및 과자류,케이크,100g,338,5.88,,,170g
케이크_오레오 크림치즈 케이크,빵 및 과자류,케이크,100g,304,3.64,,,110g
케이크_오레오티라미수 케이크,빵 및 과자류,케이크,100g,305,3.96,,,111g
케이크_오렌지쇼콜라파운드 케이크,빵 및 과자류,케이크,100g,358,4.55,,,88g
케이크_오리지널 티라미수 케이크,빵 및 과자류,케이크,100g,307,6.04,,,101g
케이크_오리지널 티라미수 케이크 (홀),빵 및 과자류,케이크,100g,297,3.96,,,503g
케이크_오리지널티라미수,빵 및 과자류,케이크,100g,298,3.2,,,125g
피자_채소콤비네이션 피자 (R),빵 및 과자류,피자,100g,236,10.55,,,511.5
피자_첫사랑 피자 (L),빵 및 과자류,피자,100g,95,3.75,,,1280g
피자_청양핫불고기 피자 (L),빵 및 과자류,피자,100g,261,14.41,,,888g
피자_청양핫불고기 피자 (M),빵 및 과자류,피자,100g,259,14.15,,,636g
피자_체다 스테이크 피자,빵 및 과자류,피자,100g,239,13.61,,,978g
피자_체다 온 더 베이컨 (R),빵 및 과자류,피자,100g,274,15.63,,,606g
피자_체다 온 더 베이컨 피자 (XL),빵 및 과자류,피자,100g,274,15.63,,,848g
피자_체다골드포테이토 피자 골드스윗 (L),빵 및 과자류,피자,100g,251,10.6,,,1206g
피자_체다골드포테이토 피자 골드스윗 (R),빵 및 과자류,피자,100g,250,10.09,,,875g
피자_체다골드포테이토 피자 리코타링 (L),빵 및 과자류,피자,100g,249,10.71,,,1116g
커피_카페 모카 ESP 아이스(ICED) (J),음료 및 차류,커피,100ml,54,1.38,,,651ml
케이크_시그니처 생딸기 우유생크림케이크,빵 및 과자류,케이크,100g,265,3,,,610g
케이크_시나몬크로넛,빵 및 과자류,케이크,100g,397,8,19.8,46.8,90g
케이크_시카고치즈 케이크 2호,빵 및 과자류,케이크,100g,372,8.3,,,1000g
케이크_시카도치즈 케이크 3호,빵 및 과자류,케이크,100g,372,8.33,,,1320g
케이크_실키 롤케이크,빵 및 과자류,케이크,100g,339,6,,,430g
케이크_아메리칸 치즈 케이크,빵 및 과자류,케이크,100g,373,6.16,,,146g
케이크_애플 시나몬 치즈 케이크,빵 및 과자류,케이크,100g,316,4,,,650g
케이크_얼그레이 갸또 케이크,빵 및 과자류,케이크,100g,372,4.44,,,135g
케이크_얼그레이 밀크티 케이크 (조각),빵 및 과자류,케이크,100g,330,4,,,110g
케이크_얼그레이 밀크티 케이크 (홀),빵 및 과자류,케이크,100g,340,3.89,,,591.5
케이크_얼그레이 샌드케이크,빵 및 과자류,케이크,100g,338,4.62,,,130g
케이크_얼그레이 생크림 케이크,빵 및 과자류,케이크,100g,371,5.56,,,90g
케이크_얼그레이 쉬폰 케이크,빵 및 과자류,케이크,100g,301,3.61,,,581g
케이크_얼그레이 케이크 (조각),빵 및 과자류,케이크,100g,389,5.1,,,115g
케이크_얼그레이쇼콜라타르트 케이크,빵 및 과자류,케이크,100g,386,4.9,,,645g
케이크_얼그레이티라미수 케이크,빵 및 과자류,케이크,100g,314,4,,,100g
케이크_얼그레이화이트타르트 케이크,빵 및 과자류,케이크,100g,394,4.9,,,645g
케이크_오 마이 초코 케이크 (조각),빵 및 과자류,케이크,100g,279,4.35,,,138g
케이크_스트로베리 크레이프 케이크,빵 및 과자류,케이크,100g,250,5,,,100g
케이크_스트로베리리치생크림 케이크,빵 및 과자류,케이크,100g,263,2.98,,,671g
케이크_스트로베리리치생크림케이크,빵 및 과자류,케이크,100g,263,2.98,,,671g
케이크_스트로베리마스카포네티라미수,빵 및 과자류,케이크,100g,269,3.47,,,606g
케이크_스트로베리마스카포네티라미수 케이크,빵 및 과자류,케이크,100g,271,3.63,,,606g
케이크_스트로베리블라썸생크림케이크,빵 및 과자류,케이크,100g,243,3.15,,,540g
케이크_스트로베리서프라이즈 케이크,빵 및 과자류,케이크,100g,275,3,19,22,610g
케이크_스트로베리쇼콜라갸또,빵 및 과자류,케이크,100g,269,3.5,,,685g
케이크_스트로베리쇼콜라갸또케이크,빵 및 과자류,케이크,100g,270,3.49,,,687g
케이크_스트로베리초코 케이크,빵 및 과자류,케이크,100g,312,4.38,10.05,,185g
케이크_스트로베리초콜릿생크림 케이크,빵 및 과자류,케이크,100g,215,3.58,,,726g
케이크_스트로베리퀸케이크,빵 및 과자류,케이크,100g,217,3.56,,,815g
케이크_스트로베리포레누아 케이크,빵 및 과자류,케이크,100g,311,4.19,8.75,,160g
케이크_스틱 치즈 케이크,빵 및 과자류,케이크,100g,320,8,18,30,50g
케이크_스틱 케이크 레드벨벳,빵 및 과자류,케이크,100g,397,5.26,,,38g
케이크_스틱 케이크 초콜릿,빵 및 과자류,케이크,100g,529,5.26,,,38g
케이크_시그니처 듀얼 케이크,빵 및 과자류,케이크,100g,371,6.59,,,1260g
피자_채소콤비네이션 피자 (L),빵 및 과자류,피자,100g,231,10.14,,,825.2
커피_카페 모카 DRIP 핫(HOT) (L),음료 및 차류,커피,100ml,64,1.69,,,414ml
케이크_슈크림 가득 바움쿠헨 케이크,빵 및 과자류,케이크,100g,330,4.09,,,171g
케이크_스노우화이트치즈 케이크,빵 및 과자류,케이크,100g,350,7,,,650g
케이크_스모키 번트 치즈 케이크,빵 및 과자류,케이크,100g,341,5.71,,24.29,280g
케이크_스위트 녹차 쌀롤,빵 및 과자류,케이크,100g,308,4.62,,,65g
케이크_스위트 쌀 롤,빵 및 과자류,케이크,100g,308,6.15,,,65g
케이크_스위트 쌀롤,빵 및 과자류,케이크,100g,292,4.62,,,65g
케이크_스위트 초코롤,빵 및 과자류,케이크,100g,308,4.62,,,65g
케이크_스위트 초코쌀 롤,빵 및 과자류,케이크,100g,305,7.69,,,65g
케이크_스윗밀크 롤 케이크,빵 및 과자류,케이크,100g,232,5.26,,,95g
케이크_스윗베리생크림케이크1호,빵 및 과자류,케이크,100g,269,4.13,,,557g
케이크_스윗베리생크림케이크2호,빵 및 과자류,케이크,100g,277,4.42,,,724g
케이크_스윗베리생크림케이크3호,빵 및 과자류,케이크,100g,275,4.28,,,980g
케이크_스윗크레이프 케이크,빵 및 과자류,케이크,100g,266,4,,,202g
케이크_스트로베리 굿굿 생크림,빵 및 과자류,케이크,100g,281,3.75,18.75,25,80g
케이크_스트로베리 바닐라스푼 케이크,빵 및 과자류,케이크,100g,313,4,,34.86,175g
케이크_스트로베리 서프라이즈 케이크,빵 및 과자류,케이크,100g,275,3,,,610g
케이크_스트로베리 요거트 케이크,빵 및 과자류,케이크,100g,292,4.44,,36.67,90g
피자_체다골드포테이토 피자 리코타링 (R),빵 및 과자류,피자,100g,251,9.9,,,810g
커피_카페 모카 DRIP 핫(HOT) (J),음료 및 차류,커피,100ml,73,1.9,,,473ml
케이크_수플레 치즈 케이크 (조각),빵 및 과자류,케이크,100g,313,5.49,,,91g
케이크_수플레 치즈 케이크 (홀),빵 및 과자류,케이크,100g,315,5.99,,,701.5
케이크_수플레 치즈케이크,빵 및 과자류,케이크,100g,369,6.35,,,85g
케이크_수플레치즈 케이크,빵 및 과자류,케이크,100g,359,7.06,15.29,,85g
케이크_수플레치즈 케이크,빵 및 과자류,케이크,100g,274,5.88,,,85g
케이크_순 우유 화이트 롤 케이크,빵 및 과자류,케이크,100g,310,6.09,,,460g
케이크_순 우유&초코 하프앤 하프 롤 케이크,빵 및 과자류,케이크,100g,361,5.63,,,480g
케이크_순매직딸기 케이크,빵 및 과자류,케이크,100g,251,2.35,,,1022g
케이크_순매직베리 케이크,빵 및 과자류,케이크,100g,292,3.47,,,923g
케이크_순수 우유 케이크 (조각),빵 및 과자류,케이크,100g,433,6,,,100g
케이크_순수우유 카스테라 케이크,빵 및 과자류,케이크,100g,386,11,,,100g
케이크_순수우유 케이크,빵 및 과자류,케이크,100g,266,6,,,140g
케이크_순우유 허니 케이크,빵 및 과자류,케이크,100g,310,5.14,,,350g
케이크_순우유딸기무스 케이크,빵 및 과자류,케이크,100g,254,3.88,,,464g
케이크_쉬폰에반하다 케이크 딸기,빵 및 과자류,케이크,100g,339,5,,,350g
케이크_쉬폰에반하다 케이크 블루베리,빵 및 과자류,케이크,100g,309,4,,,350g
케이크_쉬폰에반하다 케이크 초코,빵 및 과자류,케이크,100g,348,5,,,450g
케이크_쉬폰에반하다 케이크 화이트,빵 및 과자류,케이크,100g,339,4,,,360g
커피_카페 모카 DRIP 아이스(ICED) (L),음료 및 차류,커피,100ml,52,1.27,,,473ml
케이크_세븐 레이어 가나슈 케이크,빵 및 과자류,케이크,100g,433,6,,,510g
케이크_세븐 레이어 가나슈 케이크 (조각),빵 및 과자류,케이크,100g,413,5,,,140g
케이크_세븐컬러스 조각 케이크,빵 및 과자류,케이크,100g,320,5,22,27,100g
케이크_소프트쁘띠파운드 케이크 (10입),빵 및 과자류,케이크,100g,461,6,,,360g
케이크_쇼콜라 그라데이션 케이크,빵 및 과자류,케이크,100g,349,5.22,,31.3,115g
케이크_쇼콜라 로쉐 케이크,빵 및 과자류,케이크,100g,338,3,,,100g
케이크_쇼콜라 롤케이크,빵 및 과자류,케이크,100g,330,3,,,260g
케이크_쇼콜라 케이크,빵 및 과자류,케이크,100g,355,4.7,,,100g
케이크_쇼콜라 케이크,빵 및 과자류,케이크,100g,397,9.47,,,95g
케이크_쇼콜라 크레이프 케이크,빵 및 과자류,케이크,100g,338,3,,,100g
케이크_쇼콜라가나슈생크림 케이크,빵 및 과자류,케이크,100g,351,4.2,,,738g
케이크_쇼콜라갸또(조각),빵 및 과자류,케이크,100g,341,3.66,,,82g
케이크_쇼콜라생크림(조각),빵 및 과자류,케이크,100g,363,5.26,,,95g
케이크_쇼콜라하트케이크,빵 및 과자류,케이크,100g,395,4.36,,,390g
케이크_수플레 치즈 케이크,빵 및 과자류,케이크,100g,369,6.35,,,85g
케이크_수플레 치즈 케이크,빵 및 과자류,케이크,100g,336,7.27,,,110g
케이크_수플레 치즈 케이크,빵 및 과자류,케이크,100g,290,7.06,,,85g
케이크_수플레 치즈 케이크,빵 및 과자류,케이크,100g,282,5.88,,,85g
커피_카페 모카 DRIP 아이스(ICED) (J),음료 및 차류,커피,100ml,51,1.23,,,651ml
케이크_생크림 카스텔라 케이크,빵 및 과자류,케이크,100g,303,5.58,4.58,,120g
케이크_생크림 케이크 1호A,빵 및 과자류,케이크,100g,262,3.2,,,500g
케이크_생크림 케이크 1호B,빵 및 과자류,케이크,100g,292,4.57,,,460g
케이크_생크림 케이크 2호A,빵 및 과자류,케이크,100g,278,4.45,,,719g
케이크_생크림 케이크 2호B,빵 및 과자류,케이크,100g,288,4.49,,,646g
케이크_생크림 케이크 3호A,빵 및 과자류,케이크,100g,279,4.32,,,973g
케이크_생크림 케이크 3호B,빵 및 과자류,케이크,100g,289,4.5,,,889g
케이크_생크림 케이크 4호A,빵 및 과자류,케이크,100g,264,4.32,,,1134g
케이크_생크림 케이크 4호B,빵 및 과자류,케이크,100g,262,3.94,,,1268g
케이크_생크림 케이크 5호A,빵 및 과자류,케이크,100g,251,3.78,,,1879g
케이크_생크림 케이크 5호B,빵 및 과자류,케이크,100g,261,3.93,,,1755g
케이크_생크림 케이크 6호A,빵 및 과자류,케이크,100g,256,3.91,,,1943g
케이크_생크림 케이크 6호B,빵 및 과자류,케이크,100g,252,3.9,,,1949g
케이크_생크림바스크치즈 케이크,빵 및 과자류,케이크,100g,311,5.08,,,315g
케이크_생크림소프트쉬폰 케이크,빵 및 과자류,케이크,100g,378,21.95,,,246g
케이크_생크림케이크,빵 및 과자류,케이크,100g,237,3.45,12.54,27.62,100g
케이크_샤이닝생크림케이크2호,빵 및 과자류,케이크,100g,283,4.14,,,797g
케이크_설향 딸기 미니 케이크,빵 및 과자류,케이크,100ml,211,2.26,,,133ml
케이크_쁘띠티라미수,빵 및 과자류,케이크,100g,309,5.34,,,131g
케이크_쁘띠한라봉&오렌지케이크,빵 및 과자류,케이크,100g,248,4.14,,,145g
케이크_사르르 연유수플레,빵 및 과자류,케이크,100g,325,5,20,30,40g
케이크_사르르고구마케이크빵,빵 및 과자류,케이크,100g,311,5.65,,,124g
케이크_사르르티라미수생크림쉬폰,빵 및 과자류,케이크,100g,295,3.76,,,346g
케이크_산딸기크로넛,빵 및 과자류,케이크,100g,390,7,22.9,38.6,90g
케이크_상큼한 블루베리쉬폰,빵 및 과자류,케이크,100g,280,3,17,29,810g
케이크_상큼한 유자 케이크,빵 및 과자류,케이크,100g,324,3.48,,32.17,115g
케이크_새코롬 돌코롬 한라봉 케이크,빵 및 과자류,케이크,100g,317,5,,,120g
케이크_새콤달콤후르츠파운드 케이크,빵 및 과자류,케이크,100g,360,4.64,,,280g
케이크_생딸기 레어치즈 타르트 (조각),빵 및 과자류,케이크,100g,275,4.17,18.33,22.5,120g
케이크_생딸기 프레지에,빵 및 과자류,케이크,100g,280,4,20,21,550g
케이크_생딸기요거트 케이크,빵 및 과자류,케이크,100g,265,4,17,25,690g
케이크_생딸기치즈 케이크,빵 및 과자류,케이크,100g,250,3,18,18,610g
케이크_생초코초코케이크,빵 및 과자류,케이크,100g,348,5.03,,,596g
케이크_생크림 롤케이크,빵 및 과자류,케이크,100g,296,4.29,,,70g
케이크_생크림 롤케이크,빵 및 과자류,케이크,100g,338,6.67,,,90g
케이크_생크림 롤케이크 플레인,빵 및 과자류,케이크,100g,308,4.7,,,240g
커피_카페 라떼 핫(HOT) 빅사이즈,음료 및 차류,커피,100g,60,2.63,,,430g
케이크_블루베리 쿠키 치즈 케이크,빵 및 과자류,케이크,100g,390,4,,,1250g
케이크_블루베리 쿠키 치즈 케이크 (조각),빵 및 과자류,케이크,100g,379,5,,,260g
케이크_블루베리 크레이프 케이크,빵 및 과자류,케이크,100g,225,2.86,,,105g
케이크_블루베리 크림치즈 케이크,빵 및 과자류,케이크,100g,281,4.65,,,86g
케이크_블루베리쉬폰 케이크,빵 및 과자류,케이크,100g,348,5,,,530g
케이크_블루베리쉬폰 케이크,빵 및 과자류,케이크,100g,236,3.11,,,867g
케이크_블루베리스틱 케이크,빵 및 과자류,케이크,100g,271,6.67,,,45g
케이크_블루베리요거트 케이크,빵 및 과자류,케이크,100g,295,4,21,23,540g
케이크_블루베리요거트팡도르,빵 및 과자류,케이크,100g,376,3.78,,,185g
케이크_블루베리크로넛,빵 및 과자류,케이크,100g,382,7.2,21.6,39.7,90g
케이크_빅토리아 케이크,빵 및 과자류,케이크,100g,419,4.6,24.9,44.2,240g
케이크_쁘띠 까망베르 치즈 케이크,빵 및 과자류,케이크,100g,305,6,,,300g
케이크_쁘띠딸기생크림케이크,빵 및 과자류,케이크,100g,246,4.23,,,189g
케이크_쁘띠베리쇼콜라갸또,빵 및 과자류,케이크,100g,331,3.82,,,157g
케이크_쁘띠복숭아 케이크,빵 및 과자류,케이크,100g,252,4.2,,,143g
케이크_쁘띠복숭아케이크,빵 및 과자류,케이크,100g,259,6.29,,,143g
케이크_쁘띠자몽생크림케이크,빵 및 과자류,케이크,100g,252,4.76,,,210g
피자_체다골드포테이토 피자 석쇠 (L),빵 및 과자류,피자,100g,243,10.24,,,1016g
커피_카페 라떼 핫(HOT) (Venti),음료 및 차류,커피,100ml,34,1.25,,,720ml
케이크_브라우니,빵 및 과자류,케이크,100g,520,7.5,,,20g
케이크_블라썸그릭요거트무스 케이크,빵 및 과자류,케이크,100g,268,3.86,,,856g
케이크_블랙 롤케이크,빵 및 과자류,케이크,100g,365,5.77,,,52g
케이크_블랙쿠키 치즈 케이크 (조각),빵 및 과자류,케이크,100g,336,5.45,,,110g
케이크_블랙쿠키 치즈 케이크 (홀),빵 및 과자류,케이크,100g,335,5.94,,,505g
케이크_블랙쿠키 케이크,빵 및 과자류,케이크,100g,304,4.12,,,850g
케이크_블랙포레스트 케이크 (조각),빵 및 과자류,케이크,100g,311,4.44,22.22,25.56,90g
케이크_블레싱 레드베리 미니 케이크,빵 및 과자류,케이크,100g,203,3.53,,,170g
케이크_블레싱 초코베리 미니 케이크,빵 및 과자류,케이크,100g,226,4.12,,,170g
케이크_블레싱레드베리 (4단),빵 및 과자류,케이크,100g,200,3,13,18,740g
케이크_블레싱레드베리 케이크,빵 및 과자류,케이크,100g,195,4,,,680g
케이크_블레싱초코베리 케이크,빵 및 과자류,케이크,100g,240,4,16,19,770g
케이크_블루베리 롤케이크,빵 및 과자류,케이크,100g,321,6,,,430g
케이크_블루베리 요거트 케이크,빵 및 과자류,케이크,100g,261,2.22,,,90g
케이크_블루베리 요거트 케이크,빵 및 과자류,케이크,100g,261,2.22,,,90g
케이크_블루베리 요거트 케이크(조각),빵 및 과자류,케이크,100g,272,4.44,,,90g
케이크_블루베리 치즈 스틱 케이크,빵 및 과자류,케이크,100g,344,6.67,,,45g
케이크_블루베리 케이크,빵 및 과자류,케이크,100g,604,11.25,,,80g
커피_카페 라떼 핫(HOT) (Tall),음료 및 차류,커피,100ml,45,1.95,,,360ml
케이크_벨지안가나슈 케이크 (조각),빵 및 과자류,케이크,100g,527,6.71,,,149g
케이크_벨지안멜팅가니슈 케이크,빵 및 과자류,케이크,100g,372,4.37,,,892g
케이크_보랏빛 블루베리 쉬폰,빵 및 과자류,케이크,100g,265,3,16,29,880g
케이크_봄이쑥절미생크림 케이크,빵 및 과자류,케이크,100g,288,5.1,,,451g
케이크_부드러운 백설기찜 케이크,빵 및 과자류,케이크,100g,259,5,,,105g
케이크_부드러운 쑥찜 케이크,빵 및 과자류,케이크,100g,267,5,,,125g
케이크_부드러운 쿠키 앤 크림 케이크,빵 및 과자류,케이크,100g,212,4.26,,,141g
케이크_부드러운 티라미수 롤케이크,빵 및 과자류,케이크,100g,328,5.93,,,135g
케이크_부드러운고구마라떼케이크,빵 및 과자류,케이크,100g,281,4.45,,,787g
케이크_부드러운그린티쉬폰 케이크 2호,빵 및 과자류,케이크,100g,305,3.86,,,752g
케이크_부드러운블루베리쉬폰,빵 및 과자류,케이크,100g,315,3.61,,,720g
케이크_부드러운블루베리쉬폰 케이크 2호,빵 및 과자류,케이크,100g,302,3.75,,,667g
케이크_부드러운블루베리쉬폰2호,빵 및 과자류,케이크,100g,301,3.69,,,624g
케이크_부드러운초코가나슈케이크,빵 및 과자류,케이크,100g,345,4.6,,,100g
케이크_부드러운초코쉬폰2호,빵 및 과자류,케이크,100g,329,4.39,,,683g
케이크_브라우니,빵 및 과자류,케이크,100g,496,8.3,33.9,39.5,85g
케이크_브라우니,빵 및 과자류,케이크,100g,73,5.46,,,110g
케이크_브라우니,빵 및 과자류,케이크,100g,488,10,,,90g
커피_카페 라떼 핫(HOT) (Mini Venti),음료 및 차류,커피,100ml,39,1.4,,,570ml
케이크_밀키프로마쥬무스 케이크 청포도,빵 및 과자류,케이크,100g,261,4.48,,,848g
케이크_밀키프로마쥬무스 케이크 체리,빵 및 과자류,케이크,100g,277,4.8,,,791g
케이크_바스크 치즈 케이크,빵 및 과자류,케이크,100g,352,5.3,,,151g
케이크_바스크 치즈 케이크,빵 및 과자류,케이크,100g,353,7.5,,,160g
케이크_바스크 치즈 케이크,빵 및 과자류,케이크,100g,362,5.39,24.55,29.94,167g
케이크_바스크 치즈 케이크,빵 및 과자류,케이크,100g,330,5.36,25,21.43,168g
케이크_바스크 치즈 케이크,빵 및 과자류,케이크,100g,343,6,,,150g
케이크_바스크치즈 케이크,빵 및 과자류,케이크,100g,337,5.5,27,18.5,200g
케이크_바스크치즈 케이크,빵 및 과자류,케이크,100g,119,2,,,250g
케이크_바스크치즈 케이크,빵 및 과자류,케이크,100g,328,8,,,290g
케이크_반)고구마반생크림반케이크,빵 및 과자류,케이크,100g,220,3,,,740g
케이크_밤이통통케이크,빵 및 과자류,케이크,100g,322,4.38,,,320g
케이크_백년초콜릿 크런치 케이크,빵 및 과자류,케이크,100g,475,3.33,,,180g
케이크_버터파운드 케이크,빵 및 과자류,케이크,100g,426,5,,,80g
케이크_번트 치즈 케이크,빵 및 과자류,케이크,100g,413,5.5,,,200g
케이크_번트치즈 케이크,빵 및 과자류,케이크,100g,312,5.5,,30,200g
케이크_베리베리 딸기 요거트 케이크,빵 및 과자류,케이크,100ml,255,3.57,,,112ml
케이크_베리치즈브라우니,빵 및 과자류,케이크,100g,420,6,,,50g
케이크_미니 딸기 트리 케이크 (조각),빵 및 과자류,케이크,100g,183,2.15,,,93g
케이크_미니소프트 딸기치즈 케이크,빵 및 과자류,케이크,100g,330,5,,,40g
케이크_미니소프트 바나나치즈 케이크,빵 및 과자류,케이크,100g,325,5,,,40g
케이크_미니쌀보리찜 케이크,빵 및 과자류,케이크,100g,300,5,,,40g
케이크_미니쌀쑥찜 케이크,빵 및 과자류,케이크,100g,280,4.44,,,45g
케이크_미니쌀옥수수찜 케이크,빵 및 과자류,케이크,100g,269,4.44,,,45g
케이크_믹스드베리초콜릿생크림 케이크,빵 및 과자류,케이크,100g,248,3.94,,,635g
케이크_민트초코티라미수 케이크,빵 및 과자류,케이크,100g,362,3.53,,,133g
케이크_밀크 크레이프 케이크,빵 및 과자류,케이크,100g,225,3,,,100g
케이크_밀크 크레이프 케이크,빵 및 과자류,케이크,100g,225,3,,,100g
케이크_밀크레이프 케이크,빵 및 과자류,케이크,100g,288,7.9,,,700g
케이크_밀크레이프 케이크,빵 및 과자류,케이크,100g,288,7.88,,,800g
케이크_밀크생크림초콜릿수플레 케이크,빵 및 과자류,케이크,100g,288,4.96,,,645g
케이크_밀크생크림초콜릿수플레 케이크 (조각),빵 및 과자류,케이크,100g,295,4.55,,,132g
케이크_밀크티갸또 케이크,빵 및 과자류,케이크,100g,378,5,,50,120g
케이크_밀키프로마쥬무스 딸기 케이크 (조각),빵 및 과자류,케이크,100g,300,5.16,,,155g
케이크_밀키프로마쥬무스 케이크 딸기,빵 및 과자류,케이크,100g,267,4.68,,,812g
케이크_밀키프로마쥬무스 케이크 믹스드베리,빵 및 과자류,케이크,100g,274,4.67,,,814g
커피_카페 라떼 핫(HOT) (ML),음료 및 차류,커피,100ml,29,1.41,,2.39,710ml
케이크_말렌카 케이크 월넛,빵 및 과자류,케이크,100g,394,6.5,20,47,100g
케이크_말렌카 케이크 코코아,빵 및 과자류,케이크,100g,408,6.7,21,48,100g
케이크_말렌카 케이크 코코아,빵 및 과자류,케이크,100g,408,6.7,21,48,100g
케이크_말렌카 케이크 호두,빵 및 과자류,케이크,100g,394,6.5,20,47,100g
케이크_말차 갸또 케이크,빵 및 과자류,케이크,100g,368,5.52,,,145g
케이크_말차갸또 케이크,빵 및 과자류,케이크,100g,398,5,,45,120g
케이크_말차에퐁당딸기케이크,빵 및 과자류,케이크,100g,254,3.69,,,651g
케이크_맛있는 롤케이크,빵 및 과자류,케이크,100g,351,5.56,,,270g
케이크_맛있는딸기 롤케이크,빵 및 과자류,케이크,100g,341,5.56,,,270g
케이크_맛있는초코 롤케이크,빵 및 과자류,케이크,100g,356,6.67,,,270g
케이크_망고 크레이프 볼,빵 및 과자류,케이크,100g,246,3.85,17.69,20,130g
케이크_망고요거생크림케이크,빵 및 과자류,케이크,100g,200,3.06,,,653g
케이크_멘지락 쑥팥 생크림 케이크,빵 및 과자류,케이크,100g,295,5,,,100g
케이크_모어댄쿠키앤크림 케이크 1호,빵 및 과자류,케이크,100g,243,1.7,,,880g
케이크_모카케이크 2호,빵 및 과자류,케이크,100g,426,4,,,350g
케이크_몽쉘 케이크,빵 및 과자류,케이크,100g,380,4.95,19.8,44.56,101g
케이크_무화과파운드,빵 및 과자류,케이크,100g,421,5.1,21.1,52.7,190g
피자_체다골드포테이토 피자 석쇠 (R),빵 및 과자류,피자,100g,243,10.38,,,730g
커피_카페 라떼 핫(HOT) (M),음료 및 차류,커피,100g,39,1.81,,,591g
케이크_리얼 카라멜 치즈 케이크 (조각),빵 및 과자류,케이크,100g,555,8,,,100g
케이크_리얼브라우니,빵 및 과자류,케이크,100g,421,5.71,,,70g
케이크_리얼생크림 케이크 2호,빵 및 과자류,케이크,100g,250,3.13,,,1054g
케이크_리얼치즈브라우니,빵 및 과자류,케이크,100g,385,6.15,,,65g
케이크_리치 가나슈 With 젤라또 (조각),빵 및 과자류,케이크,100g,345,4.87,,,185g
케이크_리치 가나슈 케이크,빵 및 과자류,케이크,100g,333,6.06,,,165g
케이크_마스카포네 생크림 믹스드베리 케이크,빵 및 과자류,케이크,100g,233,2.53,,,789g
케이크_마스카포네 티라미수,빵 및 과자류,케이크,100g,270,4,22,23,530g
케이크_마스카포네 티라미수 케이크,빵 및 과자류,케이크,100g,280,4.71,,,170g
케이크_마스카포네 티라미수 케이크,빵 및 과자류,케이크,100g,315,5.38,,,130g
케이크_마스카포네 티라미수 케이크,빵 및 과자류,케이크,100g,224,4.95,,,101g
케이크_마스카포네생크림 케이크 자몽/오렌지,빵 및 과자류,케이크,100g,231,1.94,,,774g
케이크_마스카포네티라미수,빵 및 과자류,케이크,100g,302,4.14,,,532g
케이크_마스카포네티라미수,빵 및 과자류,케이크,100g,301,6.67,,,120g
케이크_마스카포네티라미수 케이크,빵 및 과자류,케이크,100g,286,5.51,,,708g
케이크_마이넘버원,빵 및 과자류,케이크,100g,280,4,19,24,700g
케이크_마이투썸하트 케이크,빵 및 과자류,케이크,100g,299,4.82,,,872g
케이크_마카롱 케이크,빵 및 과자류,케이크,100g,336,5.1,,,650g
커피_카페 라떼 핫(HOT) (L),음료 및 차류,커피,100g,32,1.7,,,470g
케이크_레드벨벳 케이크 (홀),빵 및 과자류,케이크,100g,394,5,,,100g
케이크_레드벨벳 케이크 (홀),빵 및 과자류,케이크,100g,379,3.91,,,792g
케이크_레드벨벳 크림치즈 케이크,빵 및 과자류,케이크,100g,408,3.2,,,125g
케이크_레드벨벳크림치즈 케이크 (조각),빵 및 과자류,케이크,100g,437,4.3,,,169g
케이크_레몬 마스카포네 케이크,빵 및 과자류,케이크,100g,225,4.17,,,96g
케이크_레몬 슈가 파운드 케이크,빵 및 과자류,케이크,100g,431,5.6,21.6,54.4,125g
케이크_레몬 케이크,빵 및 과자류,케이크,100g,504,5.78,,,45g
케이크_레몬 케이크,빵 및 과자류,케이크,100g,356,5.79,,,190g
케이크_레몬 파운드 케이크,빵 및 과자류,케이크,100g,404,4,,,125g
케이크_레몬치즈 케이크 (조각),빵 및 과자류,케이크,100g,375,6.88,,,160g
케이크_레몬케이크,빵 및 과자류,케이크,100g,360,4,,,50g
케이크_레몬티케이크,빵 및 과자류,케이크,100g,417,3.33,,,30g
케이크_레이어 초코 케이크,빵 및 과자류,케이크,100g,364,4.35,,,92g
케이크_레인보우 케이크 (조각),빵 및 과자류,케이크,100g,316,4.6,,,180g
케이크_롤케이크,빵 및 과자류,케이크,100g,312,7.36,11.83,44.01,100g
케이크_리모네 케이크 (조각),빵 및 과자류,케이크,100g,303,3.36,,,119g
케이크_리모네 케이크 (홀),빵 및 과자류,케이크,100g,290,3,,,668g
케이크_리얼 다크 타르트 (조각),빵 및 과자류,케이크,100g,429,5.83,,,120g
커피_카페 라떼 핫(HOT) (L),음료 및 차류,커피,100ml,37,1.69,,,414ml
케이크_떠먹는블루베리요거트생크림 케이크,빵 및 과자류,케이크,100g,265,3.24,,,185g
케이크_떠먹는스트로베리초콜릿생크림 케이크,빵 및 과자류,케이크,100g,289,3.76,,,213g
케이크_떠먹는아이스박스 케이크,빵 및 과자류,케이크,100g,339,3.68,,,190g
케이크_떠먹는티라미수 케이크,빵 및 과자류,케이크,100g,299,4.86,,,144g
케이크_떠먹는티라미수 케이크,빵 및 과자류,케이크,100g,319,6.6,,,180g
케이크_뚜레쥬르올스타케이크,빵 및 과자류,케이크,100g,274,4.56,,,636g
케이크_라운드 쇼콜라 케이크,빵 및 과자류,케이크,100g,340,5.59,,,161g
케이크_라즈베리 쇼콜라 케이크,빵 및 과자류,케이크,100g,428,4.8,,,125g
케이크_러블리블랙포레스트케이크,빵 및 과자류,케이크,100g,323,4.31,,,441g
케이크_러블리생크림케이크,빵 및 과자류,케이크,100g,273,3.2,,,406g
케이크_레드벨벳 요거트 롤케이크,빵 및 과자류,케이크,100g,323,5.78,,,100g
케이크_레드벨벳 케이크,빵 및 과자류,케이크,100g,422,6.21,,,87g
케이크_레드벨벳 케이크,빵 및 과자류,케이크,100g,274,2.64,,,834g
케이크_레드벨벳 케이크,빵 및 과자류,케이크,100g,418,4.1,,,700g
케이크_레드벨벳 케이크,빵 및 과자류,케이크,100g,303,5,,,120g
케이크_레드벨벳 케이크,빵 및 과자류,케이크,100g,305,4.76,,,105g
케이크_레드벨벳 케이크 (조각),빵 및 과자류,케이크,100g,379,4.26,,,141g
케이크_레드벨벳 케이크 (조각),빵 및 과자류,케이크,100g,278,2.61,,,153g
커피_카페 라떼 핫(HOT) (L),음료 및 차류,커피,100ml,55,2.73,,,473ml
케이크_딸기요거생크림 케이크,빵 및 과자류,케이크,100g,237,2.9,,,655g
케이크_딸기요거생크림 케이크 (조각),빵 및 과자류,케이크,100g,237,2.63,,,114g
케이크_딸기우유생크림 케이크 (조각),빵 및 과자류,케이크,100g,275,3.33,,,120g
케이크_딸기크레이프 케이크,빵 및 과자류,케이크,100g,239,4.8,,,700g
케이크_딸기티라미수 케이크,빵 및 과자류,케이크,100g,265,1.77,,,113g
케이크_딸기포레누아 케이크,빵 및 과자류,케이크,100g,311,4.38,,33.13,160g
케이크_떠먹는 마스카포네 티라미수 케이크,빵 및 과자류,케이크,100g,301,4.44,,27.41,135g
케이크_떠먹는 스트로베리 초코크런치 케이크,빵 및 과자류,케이크,100g,305,4.44,,35.56,135g
케이크_떠먹는 유자 티라미수 케이크,빵 및 과자류,케이크,100g,274,3.5,,,100g
케이크_떠먹는 제로 티라미수,빵 및 과자류,케이크,100g,288,5.04,,,139g
케이크_떠먹는 커피쿠키 케이크,빵 및 과자류,케이크,100g,340,3.96,,,101g
케이크_떠먹는 쿠키앤크림 케이크,빵 및 과자류,케이크,100g,271,2.97,,,101g
케이크_떠먹는 티라미수,빵 및 과자류,케이크,100g,263,2.67,,,150g
케이크_떠먹는 티라미수 케이크,빵 및 과자류,케이크,100g,262,3.23,,,155g
케이크_떠먹는 티라미수 케이크,빵 및 과자류,케이크,100g,263,2.67,,,150g
케이크_떠먹는 티라미수 케이크,빵 및 과자류,케이크,100g,314,4.26,,,101g
케이크_떠먹는고구마밀크생크림 케이크,빵 및 과자류,케이크,100g,250,4.4,,,182g
케이크_떠먹는딸기레어치즈 케이크,빵 및 과자류,케이크,100g,279,4.29,,,163g
커피_카페 라떼 핫(HOT) (L),음료 및 차류,커피,100g,57,2.5,,,360g
케이크_딸기 포레누아 사각 케이크,빵 및 과자류,케이크,100g,275,3.57,,,140g
케이크_딸기&치즈 케이크 (조각),빵 및 과자류,케이크,100g,275,4,18,25,100g
케이크_딸기는 파티 중,빵 및 과자류,케이크,100ml,217,4.14,,,145ml
케이크_딸기모찌 롤케이크,빵 및 과자류,케이크,100g,309,1.82,,,110g
케이크_딸기몽마르뜨케이크1호,빵 및 과자류,케이크,100g,273,4.28,,,561g
케이크_딸기생크림 케이크 (조각),빵 및 과자류,케이크,100g,261,3.42,,,117g
케이크_딸기생크림 케이크 1호,빵 및 과자류,케이크,100g,245,2.95,,,713g
케이크_딸기생크림 케이크 2호,빵 및 과자류,케이크,100g,240,2.73,,,989g
케이크_딸기생크림카스테라,빵 및 과자류,케이크,100g,342,6,,,220g
케이크_딸기소보로컵 케이크,빵 및 과자류,케이크,100g,337,2.41,,,141g
케이크_딸기쉬폰 케이크,빵 및 과자류,케이크,100g,348,5,,,530g
케이크_딸기와우유 생크림 1호,빵 및 과자류,케이크,100g,283,4.61,,,499g
케이크_딸기와우유 생크림 2호,빵 및 과자류,케이크,100g,278,4.46,,,718g
케이크_딸기와우유 생크림 3호,빵 및 과자류,케이크,100g,278,4.32,,,972g
케이크_딸기와우유생크림1호,빵 및 과자류,케이크,100g,287,4.61,,,499g
케이크_딸기와우유생크림2호,빵 및 과자류,케이크,100g,280,4.46,,,718g
케이크_딸기와우유생크림3호,빵 및 과자류,케이크,100g,286,4.43,,,972g
피자_체다골드포테이토 피자 씬도우 (L),빵 및 과자류,피자,100g,270,11.21,,,859g
케이크_더블치즈 케이크,빵 및 과자류,케이크,100g,311,7.78,,,90g
케이크_더블퍼지 케이크,빵 및 과자류,케이크,100g,445,4.76,,,42g
케이크_더스퀘어 고구마 케이크,빵 및 과자류,케이크,100g,210,4,,,150g
케이크_더스퀘어 딸기요거트 케이크,빵 및 과자류,케이크,100g,206,2.5,,,160g
케이크_더스퀘어 딸기우유생크림 케이크,빵 및 과자류,케이크,100g,183,2,,,150g
케이크_더스퀘어 딸기초코생크림 케이크,빵 및 과자류,케이크,100g,271,2.86,,,140g
케이크_더스퀘어 라떼아트 케이크,빵 및 과자류,케이크,100g,363,4.17,,,120g
케이크_더스퀘어 순수(秀)우유 케이크,빵 및 과자류,케이크,100g,300,4.55,,,110g
케이크_데블스 초코 케이크,빵 및 과자류,케이크,100g,426,5,,,100g
케이크_돌체티라미수 케이크,빵 및 과자류,케이크,100g,274,4.62,,,130g
케이크_듀얼 치즈 케이크,빵 및 과자류,케이크,100g,330,7.06,,,652g
케이크_듬뿍생딸기생크림 케이크 (12CM),빵 및 과자류,케이크,100g,265,3,18,24,470g
케이크_듬뿍생딸기생크림 케이크 (15CM),빵 및 과자류,케이크,100g,265,3,17,25,610g
케이크_딸기 블라썸 케이크,빵 및 과자류,케이크,100g,280,3,18,19,380g
케이크_딸기 생크림 케이크,빵 및 과자류,케이크,100g,306,3.75,,,80g
케이크_딸기 치즈케이크 쏘스윗박스,빵 및 과자류,케이크,100g,269,4.72,,,127g
케이크_딸기 쿠키앤크림 크레이프,빵 및 과자류,케이크,100ml,296,4.3,,,163ml
케이크_딸기 크레이프 케이크,빵 및 과자류,케이크,100g,223,2.86,,,105g
커피_카페 라떼 핫(HOT) (L),음료 및 차류,커피,100g,43,1.9,,,473g
케이크_다크초콜릿 케이크,빵 및 과자류,케이크,100g,375,3.75,15,,80g
케이크_다크포레누아 케이크,빵 및 과자류,케이크,100g,322,5.22,7.57,,115g
케이크_다크피칸브라우니,빵 및 과자류,케이크,100g,470,6,,,50g
케이크_달콤 부드러운 호박고구마 케이크,빵 및 과자류,케이크,100g,250,3,,,960g
케이크_달토끼의 당근 케이크,빵 및 과자류,케이크,100g,324,4.3,,,100g
케이크_당 충전100 쇼콜라 케이크,빵 및 과자류,케이크,100g,704,10,,,100g
케이크_당근 치즈 케이크,빵 및 과자류,케이크,100g,317,4.64,,,151g
케이크_당근 치즈 케이크,빵 및 과자류,케이크,100g,372,4.62,,,130g
케이크_당근 케이크 (조각),빵 및 과자류,케이크,100g,324,4.2,,,145g
케이크_당근 케이크 (조각),빵 및 과자류,케이크,100g,588,6,,,100g
케이크_당근 케이크 (홀),빵 및 과자류,케이크,100g,453,5,,,100g
케이크_당근 크림치즈 케이크,빵 및 과자류,케이크,100g,360,4,,,160g
케이크_당근 현무암 케이크,빵 및 과자류,케이크,100g,290,3.81,,,105g
케이크_당근당근 케이크,빵 및 과자류,케이크,100g,315,7,,,150g
케이크_당근치즈브라우니,빵 및 과자류,케이크,100g,370,5.56,,,90g
케이크_더 진한 캐롯 케이크 (조각),빵 및 과자류,케이크,100g,338,4.62,,,130g
케이크_더 진한 캐롯 케이크 (홀),빵 및 과자류,케이크,100g,370,3.97,,,730g
케이크_더블베리숲 치즈 케이크,빵 및 과자류,케이크,100g,378,6.96,,,921g
커피_카페 라떼 핫(HOT) (L),음료 및 차류,커피,100g,49,2.33,,,473g
케이크_까망쿠키속리얼말차브라우니,빵 및 과자류,케이크,100g,438,5.48,,,73g
케이크_까망쿠키치즈(조각),빵 및 과자류,케이크,100g,307,4.92,,,122g
케이크_꿀고구마 생크림 케이크,빵 및 과자류,케이크,100g,235,3,14,26,750g
케이크_너트 브라우니,빵 및 과자류,케이크,100g,449,5.88,25.88,48.24,85g
케이크_노티드 메가 스마일 우유 케이크,빵 및 과자류,케이크,100g,308,5,16.82,34.32,440g
케이크_녹차바스크치즈 케이크,빵 및 과자류,케이크,100g,363,5.26,,,38g
케이크_녹차티라미수 케이크,빵 및 과자류,케이크,100g,289,3.96,,,101g
케이크_뉴욕 치즈 케이크,빵 및 과자류,케이크,100g,347,4.72,,,106g
케이크_뉴욕 치즈케이크,빵 및 과자류,케이크,100g,369,5.56,,,90g
케이크_뉴욕슈치즈 케이크 (조각),빵 및 과자류,케이크,100g,374,7.1,,,173g
케이크_뉴욕치즈 케이크,빵 및 과자류,케이크,100g,257,4.62,,,130g
케이크_뉴욕치즈 케이크,빵 및 과자류,케이크,100g,340,5.4,,,720g
케이크_뉴욕치즈 케이크,빵 및 과자류,케이크,100g,317,4.76,,,841g
케이크_뉴욕치즈 케이크 (조각),빵 및 과자류,케이크,100g,353,8,,,75g
케이크_뉴욕치즈 케이크 케이크 (조각),빵 및 과자류,케이크,100g,304,4.9,,,102g
케이크_다크쇼콜라 케이크,빵 및 과자류,케이크,100g,413,9.13,,,230g
케이크_다크초코 케이크,빵 및 과자류,케이크,100g,375,3.75,,,80g
케이크_다크초콜릿 롤 케이크,빵 및 과자류,케이크,100g,242,4.55,,,110g
커피_카페 라떼 핫(HOT) (L),음료 및 차류,커피,100ml,38,1.88,,,532ml
케이크_고구마무스 케이크,빵 및 과자류,케이크,100g,244,3.33,,,90g
케이크_고구마밀크생크림 케이크,빵 및 과자류,케이크,100g,243,4.45,,,1056g
케이크_고구마반생크림반 케이크,빵 및 과자류,케이크,100g,220,3,12,25,750g
케이크_고구마스틱 케이크,빵 및 과자류,케이크,100g,236,4.44,,,45g
케이크_고구마케이크1호,빵 및 과자류,케이크,100g,270,3.87,,,465g
케이크_고구마케이크2호,빵 및 과자류,케이크,100g,272,3.76,,,692g
케이크_고구마케이크3호,빵 및 과자류,케이크,100g,269,3.69,,,950g
케이크_곰곰이너만생각해 케이크,빵 및 과자류,케이크,100g,295,4,,,630g
케이크_귀여운 노랑치즈 케이크,빵 및 과자류,케이크,100g,398,6,,27.5,200g
케이크_그뤼에르치즈무스 케이크,빵 및 과자류,케이크,100g,352,4.69,,,703g
케이크_그린티 롤케이크,빵 및 과자류,케이크,100g,325,6.67,,,100g
케이크_그린티 롤케이크,빵 및 과자류,케이크,100g,306,5.71,,,70g
케이크_글레이즈드 초콜릿 케이크,빵 및 과자류,케이크,100g,410,3.75,,,80g
케이크_기분이 초코 생크림,빵 및 과자류,케이크,100g,328,4.44,23.33,27.78,90g
케이크_까망베르 밀크치즈 케이크 (홀),빵 및 과자류,케이크,100g,318,5,,,100g
케이크_까망베르 케이크 (조각),빵 및 과자류,케이크,100g,321,5.33,,,75g
케이크_까망베르치즈 케이크 1호,빵 및 과자류,케이크,100g,267,5.83,,,600g
케이크_까망베르치즈 케이크 2호,빵 및 과자류,케이크,100g,267,5.9,,,1000g
커피_카페 라떼 핫(HOT) (L),음료 및 차류,커피,100g,34,1.62,,,946g
커피_흑임자카페 라떼 아이스(ICED) (Max),음료 및 차류,커피,100g,91,2.03,,,591g
커피_흑임자카페 라떼 아이스(ICED) (R),음료 및 차류,커피,100g,86,1.93,,,414g
커피_흑임자카페 라떼 핫(HOT) (L),음료 및 차류,커피,100g,98,2.75,,,473g
커피_흑임자카페 라떼 핫(HOT) (R),음료 및 차류,커피,100g,100,2.82,,,355g
케이크_11겹 작은 바움쿠헨,빵 및 과자류,케이크,100g,357,5.71,,,35g
케이크_11겹 작은 바움쿠헨 케이크,빵 및 과자류,케이크,100g,357,5.71,,,35g
케이크_ITS 스윗콘 케이크,빵 및 과자류,케이크,100g,255,5.04,,,258g
케이크_ITS 티라미수 케이크,빵 및 과자류,케이크,100g,295,4.17,,,240g
케이크_TWG밀크티파운드 케이크,빵 및 과자류,케이크,100g,370,4.35,,,69g
케이크_The 촉촉 초콜릿 생크 림케이크,빵 및 과자류,케이크,100g,386,5.83,,,120g
케이크_가나슈초콜릿 케이크 (조각),빵 및 과자류,케이크,100g,350,4.44,26.67,41.11,90g
케이크_갸또쇼콜라 케이크,빵 및 과자류,케이크,100g,349,4.64,,,110g
케이크_겹겹이크레이프딸기,빵 및 과자류,케이크,100g,264,3.69,,,867g
케이크_고구마 케이크 (조각),빵 및 과자류,케이크,100g,267,3.33,,,90g
케이크_고구마 케이크 1호,빵 및 과자류,케이크,100g,280,3,,,350g
케이크_고구마 케이크 3호,빵 및 과자류,케이크,100g,263,3,,,900g
케이크_고구마건포도롤 케이크,빵 및 과자류,케이크,100g,335,8,,,265g
케이크_고구마마스카포네티라미수,빵 및 과자류,케이크,100g,279,3.83,,,626g
커피_화이트 초콜릿 모카 핫(HOT) (EX),음료 및 차류,커피,100ml,90,2.15,,,651ml
커피_화이트 초콜릿 모카 핫(HOT) (L),음료 및 차류,커피,100ml,79,1.69,,,532ml
커피_화이트 초콜릿 모카 핫(HOT) (Tall),음료 및 차류,커피,100g,97,3.1,,,355g
커피_화이트모카 아이스(ICED),음료 및 차류,커피,100g,57,1.06,,,500g
커피_화이트모카 아이스(ICED) (L),음료 및 차류,커피,100g,91,1.38,,,574g
커피_화이트모카 아이스(ICED) (R),음료 및 차류,커피,100g,85,1.1,,,409g
커피_화이트모카 핫(HOT),음료 및 차류,커피,100g,102,2.19,,,310g
커피_화이트초콜릿모카 아이스(ICED),음료 및 차류,커피,100ml,53,1.17,1.75,8.17,650ml
커피_화이트초콜릿모카 핫(HOT),음료 및 차류,커피,100ml,86,2.24,3.23,11.82,500ml
커피_흑당 아인슈페너 아이스(ICED),음료 및 차류,커피,100g,89,1.69,,,355g
커피_흑당 아인슈페너 핫(HOT),음료 및 차류,커피,100g,89,1.69,,,355g
커피_흑당 카페라떼 아이스(ICED),음료 및 차류,커피,100ml,50,1.02,1.35,8.29,591ml
커피_흑당 콜드브루,음료 및 차류,커피,100ml,58,1.21,,,414ml
커피_흑당 콜드브루 (EX),음료 및 차류,커피,100ml,57,1.32,,,680ml
커피_흑당커피 아이스(ICED) (M),음료 및 차류,커피,100g,50,1.27,,,591g
커피_흑당콜드브루,음료 및 차류,커피,100g,60,1.21,,,414g
커피_흑당콜드브루 (EX),음료 및 차류,커피,100g,61,1.38,,,651g
커피_흑임자카페 라떼 아이스(ICED) (L),음료 및 차류,커피,100g,101,2.33,,,473g
피자_체다골드포테이토 피자 씬도우 (R),빵 및 과자류,피자,100g,252,11.05,,,722g
커피_카페 라떼 핫(HOT) (L),음료 및 차류,커피,100g,85,3.35,,,400g
커피_화이트 아메리카노 아이스(ICED),음료 및 차류,커피,100ml,11,0.49,0.62,0.85,650ml
커피_화이트 아메리카노 아이스(ICED) (Grande),음료 및 차류,커피,100ml,19,0.42,,,480ml
커피_화이트 아메리카노 아이스(ICED) (Mini Venti),음료 및 차류,커피,100ml,21,0.53,,,570ml
커피_화이트 아메리카노 아이스(ICED) (Tall),음료 및 차류,커피,100ml,16,0.28,,,360ml
커피_화이트 아메리카노 아이스(ICED) (Venti),음료 및 차류,커피,100ml,22,0.42,,,720ml
커피_화이트 아메리카노 핫(HOT),음료 및 차류,커피,100ml,14,0.64,0.8,1.11,500ml
커피_화이트 아메리카노 핫(HOT),음료 및 차류,커피,100ml,36,0.42,,,473ml
커피_화이트 아메리카노 핫(HOT) (Grande),음료 및 차류,커피,100ml,19,1.88,,,480ml
커피_화이트 아메리카노 핫(HOT) (Mini Venti),음료 및 차류,커피,100ml,21,2.11,,,570ml
커피_화이트 아메리카노 핫(HOT) (Tall),음료 및 차류,커피,100ml,16,1.67,,,360ml
커피_화이트 아메리카노 핫(HOT) (Venti),음료 및 차류,커피,100ml,22,2.08,,,720ml
커피_화이트 초콜렛 모카 아이스(ICED),음료 및 차류,커피,100g,75,1.21,,,414g
커피_화이트 초콜렛 모카 아이스(ICED) (EX),음료 및 차류,커피,100g,62,1.22,,,651g
커피_화이트 초콜렛 모카 핫(HOT),음료 및 차류,커피,100g,84,1.85,,,414g
커피_화이트 초콜렛 모카 핫(HOT) (EX),음료 및 차류,커피,100g,79,2.05,,,651g
커피_화이트 초콜릿 모카 아이스(ICED) (EX),음료 및 차류,커피,100ml,76,1.32,,,680ml
커피_화이트 초콜릿 모카 아이스(ICED) (L),음료 및 차류,커피,100ml,68,1.32,,,532ml
커피_화이트 초콜릿 모카 아이스(ICED) (Tall),음료 및 차류,커피,100g,73,1.97,,,355g
커피_카페 라떼 핫(HOT) (L),음료 및 차류,커피,100g,49,2.22,,,450g
커피_헤이즐넛 크림콜드브루 아이스(ICED),음료 및 차류,커피,100g,40,0.17,,,591g
커피_헤이즐넛딥라떼 아이스(ICED),음료 및 차류,커피,100ml,50,1.33,,,600ml
커피_헤이즐넛딥라떼 아이스(ICED) (더벤티),음료 및 차류,커피,100ml,59,1.56,,,960ml
커피_헤이즐넛딥라떼 핫(HOT),음료 및 차류,커피,100ml,60,1.83,,,600ml
커피_헤이즐넛라떼 아이스(ICED),음료 및 차류,커피,100ml,34,0.86,1.15,4.83,591ml
커피_헤이즐넛라떼 핫(HOT),음료 및 차류,커피,100ml,44,1.27,1.69,5.54,591ml
커피_헤이즐넛아메리카노,음료 및 차류,커피,100g,2,0.17,0.01,0.31,100g
커피_헤이즐넛아메리카노 아이스(ICED),음료 및 차류,커피,100g,16,0.14,,,710g
커피_헤이즐넛아메리카노 아이스(ICED),음료 및 차류,커피,100g,21,0.03,0,5.01,650g
커피_헤이즐넛아메리카노 핫(HOT),음료 및 차류,커피,100g,27,0.04,0,6.51,500g
커피_헤이즐넛아메리카노 핫(HOT),음료 및 차류,커피,100g,14,0.15,,,591g
커피_헤이즐넛크림콜드브루 아이스(ICED),음료 및 차류,커피,100ml,42,0.33,,,600ml
커피_헤이즐넛크림콜드브루 아이스(ICED) (더벤티),음료 및 차류,커피,100ml,49,0.31,,,960ml
커피_헥사메리카노 아이스(ICED),음료 및 차류,커피,100g,1,0.04,0,0.2,650g
커피_헥사메리카노 핫(HOT),음료 및 차류,커피,100g,1,0.06,0,0.26,500g
커피_화이트 모카 핫(HOT) (L),음료 및 차류,커피,100g,115,1.96,,,464g
커피_화이트 모카 핫(HOT) (R),음료 및 차류,커피,100g,112,2.06,,,354g
커피_화이트 아메리카노 아이스(ICED),음료 및 차류,커피,100ml,26,0.21,,,473ml
커피_헤이즐넛 스타벅스 더블 샷,음료 및 차류,커피,100g,60,1.45,,,207g
커피_헤이즐넛 아메리카노 I’m B 아이스(ICED) (L),음료 및 차류,커피,100g,13,0.08,,,946g
커피_헤이즐넛 아메리카노 I’m B 아이스(ICED) (M),음료 및 차류,커피,100g,13,0.05,,,591g
커피_헤이즐넛 아메리카노 I’m B 핫(HOT) (L),음료 및 차류,커피,100g,12,0.03,,,946g
커피_헤이즐넛 아메리카노 I’m B 핫(HOT) (M),음료 및 차류,커피,100g,14,0.07,,,591g
커피_헤이즐넛 아메리카노 I’m D 아이스(ICED) (L),음료 및 차류,커피,100g,13,0.1,,,946g
커피_헤이즐넛 아메리카노 I’m D 아이스(ICED) (M),음료 및 차류,커피,100g,14,0.05,,,591g
커피_헤이즐넛 아메리카노 I’m D 핫(HOT) (L),음료 및 차류,커피,100g,12,0.03,,,946g
커피_헤이즐넛 아메리카노 I’m D 핫(HOT) (M),음료 및 차류,커피,100g,14,0.08,,,591g
커피_헤이즐넛 아메리카노 아이스(ICED),음료 및 차류,커피,100ml,16,0.14,0.03,3.8,710ml
커피_헤이즐넛 아메리카노 핫(HOT),음료 및 차류,커피,100ml,14,0.15,0.02,3.32,591ml
커피_헤이즐넛 카페 라떼,음료 및 차류,커피,100ml,41,1.11,,,360ml
커피_헤이즐넛 카페 라떼 아이스(ICED),음료 및 차류,커피,100g,43,1.19,,,480g
커피_헤이즐넛 카페 라떼 핫(HOT),음료 및 차류,커피,100g,129,2.77,,,325g
커피_헤이즐넛 커피 아이스(ICED),음료 및 차류,커피,100ml,36,0.41,,,591ml
커피_헤이즐넛 커피 아이스(ICED),음료 및 차류,커피,100g,35,0.37,,,591g
커피_헤이즐넛 커피 핫(HOT),음료 및 차류,커피,100g,44,0.47,,,473g
커피_헤이즐넛 커피 핫(HOT),음료 및 차류,커피,100ml,45,0.51,,,473ml
커피_헤이즐넛 라떼 아이스(ICED),음료 및 차류,커피,100ml,31,1.36,,,420ml
커피_헤이즐넛 라떼 아이스(ICED),음료 및 차류,커피,100g,61,1.59,,,591g
커피_헤이즐넛 라떼 아이스(ICED) (L),음료 및 차류,커피,100g,38,1.22,,,946g
커피_헤이즐넛 라떼 아이스(ICED) (L),음료 및 차류,커피,100g,80,1.82,,,450g
커피_헤이즐넛 라떼 아이스(ICED) (L),음료 및 차류,커피,100ml,33,0.9,,1.6,1000m
커피_헤이즐넛 라떼 아이스(ICED) (M),음료 및 차류,커피,100g,38,1.2,,,591g
커피_헤이즐넛 라떼 아이스(ICED) (ML),음료 및 차류,커피,100ml,34,0.85,,1.55,710ml
커피_헤이즐넛 라떼 아이스(ICED) (R),음료 및 차류,커피,100g,61,1.6,,,400g
커피_헤이즐넛 라떼 핫(HOT),음료 및 차류,커피,100ml,41,1.54,1.37,5.57,591ml
커피_헤이즐넛 라떼 핫(HOT),음료 및 차류,커피,100ml,67,2.11,,,360ml
커피_헤이즐넛 라떼 핫(HOT),음료 및 차류,커피,100g,88,2.49,,,473g
커피_헤이즐넛 라떼 핫(HOT),음료 및 차류,커피,100ml,50,2.17,,,360ml
커피_헤이즐넛 라떼 핫(HOT),음료 및 차류,커피,100ml,85,2.54,,,473ml
커피_헤이즐넛 라떼 핫(HOT),음료 및 차류,커피,100g,75,2.58,3.23,9.35,310g
커피_헤이즐넛 라떼 핫(HOT) (L),음료 및 차류,커피,100g,105,3.33,,,400g
커피_헤이즐넛 라떼 핫(HOT) (L),음료 및 차류,커피,100g,44,1.52,,,946g
커피_헤이즐넛 라떼 핫(HOT) (M),음료 및 차류,커피,100g,49,1.71,,,591g
커피_헤이즐넛 라떼 핫(HOT) (ML),음료 및 차류,커피,100ml,44,1.41,,2.39,710ml
커피_헤이즐넛 라떼 핫(HOT) (R),음료 및 차류,커피,100g,95,3.03,,,340g
커피_허니아메리카노 핫(HOT),음료 및 차류,커피,100g,20,0.04,0,4.91,500g
커피_허니큐브 아이스(ICED) (L),음료 및 차류,커피,100ml,63,2.33,,,473ml
커피_허니큐브 아이스(ICED) (R),음료 및 차류,커피,100ml,60,1.97,,,355ml
커피_헤이오트 라떼 아이스(ICED) (L),음료 및 차류,커피,100g,47,0.64,,,470g
커피_헤이오트 라떼 아이스(ICED) (R),음료 및 차류,커피,100g,42,0.56,,,360g
커피_헤이오트 라떼 아이스(ICED) (V),음료 및 차류,커피,100g,50,0.65,,,620g
커피_헤이오트 라떼 핫(HOT) (L),음료 및 차류,커피,100g,80,1.14,,,350g
커피_헤이오트 라떼 핫(HOT) (R),음료 및 차류,커피,100g,81,1.11,,,270g
커피_헤이즐넛,음료 및 차류,커피,100g,21,0.17,,,100g
커피_헤이즐넛 다크리카노 아이스(ICED),음료 및 차류,커피,100g,25,0.17,,,591g
커피_헤이즐넛 다크리카노 핫(HOT),음료 및 차류,커피,100g,25,0.17,,,591g
커피_헤이즐넛 딥 라떼 아이스(ICED),음료 및 차류,커피,100g,52,1.35,,,591g
커피_헤이즐넛 딥 라떼 핫(HOT),음료 및 차류,커피,100g,63,1.86,,,591g
커피_헤이즐넛 라떼,음료 및 차류,커피,100g,21,1.17,1.06,1.72,100g
커피_헤이즐넛 라떼,음료 및 차류,커피,100g,46,1.18,,,100g
커피_헤이즐넛 라떼 아이스(ICED),음료 및 차류,커피,100ml,60,1.62,,,591ml
커피_헤이즐넛 라떼 아이스(ICED),음료 및 차류,커피,100g,39,0.98,1.22,5.85,410g
커피_헤이즐넛 라떼 아이스(ICED),음료 및 차류,커피,100ml,48,1.28,,,360ml
커피_헤이즐넛 라떼 아이스(ICED),음료 및 차류,커피,100ml,40,1.24,1.24,6.04,591ml
커피_카페 라떼 핫(HOT) (K(코끼리)),음료 및 차류,커피,100g,43,2,,,650g
커피_프렌치 마롱 카페 라떼 아이스(ICED) (R),음료 및 차류,커피,100ml,81,1.19,,,370ml
커피_프렌치 마롱 카페 라떼 핫(HOT) (R),음료 및 차류,커피,100ml,116,2.2,,,300ml
커피_프렌치바닐라 라떼 아이스(ICED),음료 및 차류,커피,100g,62,1.12,,,457g
커피_프렌치바닐라 라떼 아이스(ICED) 빅사이즈,음료 및 차류,커피,100g,65,1.06,,,611g
커피_프렌치바닐라 라떼 핫(HOT),음료 및 차류,커피,100g,103,2.18,,,317g
커피_프렌치바닐라 라떼 핫(HOT) 빅사이즈,음료 및 차류,커피,100g,99,2.13,,,501g
커피_프리미엄 블렌드 딥 라떼 아이스(ICED),음료 및 차류,커피,100g,31,1.41,,,354g
커피_프리미엄 블렌드 딥 라떼 핫(HOT),음료 및 차류,커피,100g,40,1.98,,,354g
커피_프리미엄 블렌드 아메리카노 아이스(ICED),음료 및 차류,커피,100g,4,0.28,,,354g
커피_프리미엄 블렌드 아메리카노 핫(HOT),음료 및 차류,커피,100g,4,0.28,,,354g
커피_플랫화이트 아이스(ICED),음료 및 차류,커피,100ml,36,1.45,,,414ml
커피_플랫화이트 핫(HOT),음료 및 차류,커피,100ml,51,2.25,,,355ml
커피_피넛 라떼 아이스(ICED),음료 및 차류,커피,100ml,113,3.33,,,237ml
커피_피스타치오 카페 라떼 아이스(ICED),음료 및 차류,커피,100ml,59,0.95,1.73,9.96,650ml
커피_피스타치오 카페 라떼 핫(HOT),음료 및 차류,커피,100ml,91,1.84,3.05,13.95,500ml
커피_할메가 미숫커피 아이스(ICED),음료 및 차류,커피,100ml,70,1.08,1.9,12.13,591ml
커피_할메가커피 아이스(ICED),음료 및 차류,커피,100ml,48,0.32,1.49,8.26,591ml
커피_허니아메리카노 아이스(ICED),음료 및 차류,커피,100g,15,0.03,0,3.78,650g
커피_토피넛 라떼 아이스(ICED),음료 및 차류,커피,100ml,58,1.33,,,600ml
커피_토피넛 라떼 핫(HOT),음료 및 차류,커피,100ml,66,1.67,,,600ml
커피_토피넛 라떼 핫(HOT),음료 및 차류,커피,100g,83,3.1,,,355g
커피_토피넛 샷 라떼 아이스(ICED),음료 및 차류,커피,100g,61,1.49,,,591g
커피_토피넛 샷 라떼 아이스(ICED),음료 및 차류,커피,100ml,60,1.52,,,591ml
커피_토피넛 샷 라떼 핫(HOT),음료 및 차류,커피,100g,87,2.37,,,473g
커피_토피넛 샷 라떼 핫(HOT),음료 및 차류,커피,100ml,85,2.41,,,473ml
커피_티라미수 라떼,음료 및 차류,커피,100g,62,1.29,,,100g
커피_티라미수 라떼 아이스(ICED),음료 및 차류,커피,100g,70,1.34,,,591g
커피_티라미수 라떼 핫(HOT),음료 및 차류,커피,100g,68,1.79,,,591g
커피_티라미수 번버거 + 아메리카노 SET,음료 및 차류,커피,100g,82,1.4,,,671g
커피_티라미수 젤라또 카페 라떼 아이스(ICED) (L),음료 및 차류,커피,100g,65,1.67,,,540g
커피_티라미수 젤라또 카페 라떼 아이스(ICED) (R),음료 및 차류,커피,100g,57,1.75,,,400g
커피_팔공믹스 냉커피 아이스(ICED),음료 및 차류,커피,100g,65,0.21,,,478.2
커피_팔공믹스 냉커피 아이스(ICED) 빅사이즈,음료 및 차류,커피,100g,73,0.21,,,671.4
커피_팔공믹스 핫커피 핫(HOT),음료 및 차류,커피,100g,83,0.24,,,419.8
커피_팔공믹스 핫커피 핫(HOT) 빅사이즈,음료 및 차류,커피,100g,77,0.22,,,579.8
커피_펌킨스파이스 라떼 아이스(ICED),음료 및 차류,커피,100ml,43,1.12,1.42,6.39,650ml
커피_펌킨스파이스 라떼 핫(HOT),음료 및 차류,커피,100ml,70,2.06,2.65,9.31,500ml
커피_콜드브루 흑당 라떼 핫(HOT),음료 및 차류,커피,100ml,71,1.9,,,473ml
커피_콜드브루디카페인 아이스(ICED),음료 및 차류,커피,100g,1,0.08,,,591g
커피_콜드브루디카페인 핫(HOT),음료 및 차류,커피,100g,2,0.1,,,591g
커피_콜드브루라떼 아이스(ICED),음료 및 차류,커피,100g,43,1.97,,,355g
커피_콜드브루라떼 아이스(ICED),음료 및 차류,커피,100ml,27,1.33,,,600ml
커피_콜드브루라떼 아이스(ICED),음료 및 차류,커피,100ml,28,1.18,1.15,3.33,591ml
커피_콜드브루라떼 아이스(ICED) (더벤티),음료 및 차류,커피,100ml,29,1.46,,,960ml
커피_콜드브루라떼 핫(HOT),음료 및 차류,커피,100g,55,2.82,,,355g
커피_콜드브루라떼 핫(HOT),음료 및 차류,커피,100ml,28,1.52,1.4,2.25,591ml
커피_콜드브루오리지널 아이스(ICED),음료 및 차류,커피,100g,1,0.14,,,591g
커피_콜드브루오리지널 핫(HOT),음료 및 차류,커피,100g,2,0.17,,,591g
커피_쿠키&크림 번버거 + 아메리카노 SET,음료 및 차류,커피,100g,88,1.32,,,681g
커피_큐브 라떼 아이스(ICED),음료 및 차류,커피,100ml,52,1.9,2.13,6.19,591ml
커피_큐브 아이스(ICED),음료 및 차류,커피,100ml,42,1.69,,,355ml
커피_크러쉬 아메리카노 (XL),음료 및 차류,커피,100g,0,0,,,660g
커피_크리미 라떼 아이스(ICED),음료 및 차류,커피,100ml,77,0.93,5.81,5.15,650ml
커피_클래식 밀크커피 아이스(ICED),음료 및 차류,커피,100ml,37,0.38,0.67,7.41,650ml
커피_클래식 밀크커피 핫(HOT),음료 및 차류,커피,100ml,48,0.49,0.88,9.63,500ml
커피_클래식 아포가토 (Tall),음료 및 차류,커피,100g,68,1.13,,,355g
커피_카페 라떼 핫(HOT) (J),음료 및 차류,커피,100ml,36,1.69,,,473ml
커피_콜드브루 오리지널 프라페노 디카페인 (R),음료 및 차류,커피,100g,75,1.11,,,360g
커피_콜드브루 원액,음료 및 차류,커피,100g,13,0.8,,,500g
커피_콜드브루 카라멜 마끼아또,음료 및 차류,커피,100g,54,1.39,,,360g
커피_콜드브루 카라멜 마끼아또 디카페인 (L),음료 및 차류,커피,100g,40,1.78,,,450g
커피_콜드브루 카라멜 마끼아또 디카페인 (R),음료 및 차류,커피,100g,40,1.67,,,360g
커피_콜드브루 카라멜 프라페노 디카페인 (L),음료 및 차류,커피,100g,112,1.11,,,450g
커피_콜드브루 카라멜 프라페노 디카페인 (R),음료 및 차류,커피,100g,113,1.11,,,360g
커피_콜드브루 커피 아이스(ICED),음료 및 차류,커피,100g,2,0.24,,0.48,420g
커피_콜드브루 크림넛,음료 및 차류,커피,100g,61,1.69,,,414g
커피_콜드브루 핫(HOT),음료 및 차류,커피,100ml,3,0.21,,,473ml
커피_콜드브루 핫(HOT),음료 및 차류,커피,100ml,2,0.17,0.03,0.22,591ml
커피_콜드브루 핫(HOT) (L),음료 및 차류,커피,100g,1,0.1,,,946g
커피_콜드브루 핫(HOT) (M),음료 및 차류,커피,100g,1,0.08,,,591g
커피_콜드브루 헤이즐넛 라떼 디카페인 (L),음료 및 차류,커피,100g,42,0.67,,,450g
커피_콜드브루 헤이즐넛 라떼 디카페인 (R),음료 및 차류,커피,100g,40,0.56,,,360g
커피_콜드브루 화이트 비엔나,음료 및 차류,커피,100ml,64,1.45,,,414ml
커피_콜드브루 흑당 라떼 아이스(ICED),음료 및 차류,커피,100ml,44,1.13,,,710ml
피자_체다골드포테이토 피자 씬바샤삭 (L),빵 및 과자류,피자,100g,270,11.21,,,859g
커피_콜드브루 아이스(ICED),음료 및 차류,커피,100ml,3,0.28,,,354ml
커피_콜드브루 아이스(ICED),음료 및 차류,커피,100ml,2,0.14,,,710ml
커피_콜드브루 아이스(ICED),음료 및 차류,커피,100ml,1,0,,,591ml
커피_콜드브루 아이스(ICED),음료 및 차류,커피,100ml,3,1.97,,,355ml
커피_콜드브루 아이스(ICED) (L),음료 및 차류,커피,100ml,3,0.21,,,473ml
커피_콜드브루 아이스(ICED) (L),음료 및 차류,커피,100g,1,0.05,,,946g
커피_콜드브루 아이스(ICED) (M),음료 및 차류,커피,100g,1,0.08,,,591g
커피_콜드브루 아이스(ICED) (Max),음료 및 차류,커피,100g,3,0.17,,,591g
커피_콜드브루 아이스(ICED) (R),음료 및 차류,커피,100ml,3,0.22,,,415ml
커피_콜드브루 아이스(ICED) (더벤티),음료 및 차류,커피,100ml,2,0.21,,,960ml
커피_콜드브루 아이스볼 라떼,음료 및 차류,커피,100g,37,0.47,,,360g
커피_콜드브루 아이스크림 라떼,음료 및 차류,커피,100ml,37,0.47,,,360ml
커피_콜드브루 아인슈페너,음료 및 차류,커피,100g,20,0.48,,,414g
커피_콜드브루 아인슈페너 아이스(ICED),음료 및 차류,커피,100ml,80,1.41,,,355ml
커피_콜드브루 아인슈페너 아이스(ICED),음료 및 차류,커피,100ml,27,0.14,,0.99,710ml
커피_콜드브루 연유 라떼,음료 및 차류,커피,100g,54,0.03,,,360g
커피_콜드브루 연유 라떼 아이스(ICED),음료 및 차류,커피,100ml,53,1.83,,,710ml
커피_콜드브루 연유 라떼 핫(HOT),음료 및 차류,커피,100ml,78,2.75,,,473ml
커피_콜드브루 오리지널 프라페노 디카페인 (L),음료 및 차류,커피,100g,76,1.11,,,450g
커피_카페 라떼 핫(HOT) (Grande),음료 및 차류,커피,100ml,41,1.67,,,480ml
커피_콜드브루 모카 프라페노 디카페인 (L),음료 및 차류,커피,100g,104,1.11,,,450g
커피_콜드브루 모카 프라페노 디카페인 (R),음료 및 차류,커피,100g,104,1.11,,,360g
커피_콜드브루 바닐라 라떼,음료 및 차류,커피,100ml,40,0.89,,,360ml
커피_콜드브루 바닐라 플로트 디카페인 (R),음료 및 차류,커피,100g,69,1.39,,,360g
커피_콜드브루 바닐라크림 아이스(ICED) (L),음료 및 차류,커피,100g,55,1.06,,5.92,946g
커피_콜드브루 바닐라크림 아이스(ICED) (ML),음료 및 차류,커피,100g,50,1.13,,5.07,710g
커피_콜드브루 버터스카치 슈페너 아이스(ICED),음료 및 차류,커피,100ml,74,1.35,,,370ml
커피_콜드브루 브라운 슈가 버블 라떼 디카페인 (L),음료 및 차류,커피,100g,56,0.89,,,450g
커피_콜드브루 아메리카노,음료 및 차류,커피,100ml,3,0.24,,,414ml
커피_콜드브루 아메리카노,음료 및 차류,커피,100ml,2,0.06,,,360ml
커피_콜드브루 아메리카노 (EX),음료 및 차류,커피,100ml,3,0.15,,,680ml
커피_콜드브루 아메리카노 (L),음료 및 차류,커피,100g,4,0.2,,,500g
커피_콜드브루 아메리카노 (R),음료 및 차류,커피,100g,3,0.29,,,350g
커피_콜드브루 아메리카노 (V),음료 및 차류,커피,100g,4,0.17,,,600g
커피_콜드브루 아메리카노 보틀,음료 및 차류,커피,100g,5,0.33,,,300g
커피_콜드브루 아이스(ICED),음료 및 차류,커피,100ml,1,0.14,0.03,0.09,591ml
커피_콜드브루 아이스(ICED),음료 및 차류,커피,100ml,2,0.17,,,600ml
커피_콜드브루 아이스(ICED),음료 및 차류,커피,100g,2,0.16,0,0.33,650g
커피_카페 라떼 핫(HOT) (EX),음료 및 차류,커피,100ml,44,2.15,,,651ml
커피_콜드브루 라떼 아이스(ICED) (ML),음료 및 차류,커피,100ml,24,0.99,,1.69,710ml
커피_콜드브루 라떼 아이스(ICED) (Max),음료 및 차류,커피,100g,34,1.02,,,591g
커피_콜드브루 라떼 아이스(ICED) (Mini Venti),음료 및 차류,커피,100ml,41,1.23,,,570ml
커피_콜드브루 라떼 아이스(ICED) (R),음료 및 차류,커피,100g,18,0.92,,,414g
커피_콜드브루 라떼 아이스(ICED) (R),음료 및 차류,커피,100ml,27,1.54,,,415ml
커피_콜드브루 라떼 아이스(ICED) (Tall),음료 및 차류,커피,100ml,45,1.39,,,360ml
커피_콜드브루 라떼 아이스(ICED) (Venti),음료 및 차류,커피,100ml,36,1.11,,,720ml
커피_콜드브루 라떼 연유,음료 및 차류,커피,100g,59,2.17,,,600g
커피_콜드브루 라떼 핫(HOT),음료 및 차류,커피,100ml,44,2.11,,,473ml
커피_콜드브루 라떼 핫(HOT),음료 및 차류,커피,100g,28,1.52,,,591g
커피_콜드브루 라떼 핫(HOT) (Grande),음료 및 차류,커피,100ml,52,1.25,,,480ml
커피_콜드브루 라떼 핫(HOT) (L),음료 및 차류,커피,100g,30,2.2,,,946g
커피_콜드브루 라떼 핫(HOT) (M),음료 및 차류,커피,100g,37,1.74,,,591g
커피_콜드브루 라떼 핫(HOT) (Tall),음료 및 차류,커피,100ml,58,1.39,,,360ml
커피_콜드브루 라떼 핫(HOT) (Venti),음료 및 차류,커피,100ml,40,0.97,,,720ml
커피_콜드브루 라떼 흑당,음료 및 차류,커피,100g,51,1.5,,,600g
커피_콜드브루 라일락 바닐라빈 라떼 디카페인 (L),음료 및 차류,커피,100g,68,1.78,,,450g
커피_콜드브루 라일락 바닐라빈 라떼 디카페인 (R),음료 및 차류,커피,100g,61,1.67,,,360g
커피_콜드브루 라떼 디카페인 아이스(ICED) (M),음료 및 차류,커피,100g,26,1.15,,,591g
커피_콜드브루 라떼 디카페인 핫(HOT) (L),음료 및 차류,커피,100g,29,1.32,,,946g
커피_콜드브루 라떼 디카페인 핫(HOT) (M),음료 및 차류,커피,100g,37,1.66,,,591g
커피_콜드브루 라떼 보틀,음료 및 차류,커피,100g,43,2,,,300g
커피_콜드브루 라떼 아이스(ICED),음료 및 차류,커피,100g,26,1.12,,,591g
커피_콜드브루 라떼 아이스(ICED),음료 및 차류,커피,100g,28,1.18,,,591g
커피_콜드브루 라떼 아이스(ICED),음료 및 차류,커피,100ml,32,1.7,,,354ml
커피_콜드브루 라떼 아이스(ICED),음료 및 차류,커피,100ml,46,1.97,,,355ml
커피_콜드브루 라떼 아이스(ICED),음료 및 차류,커피,100g,29,1.35,,,591g
커피_콜드브루 라떼 아이스(ICED),음료 및 차류,커피,100ml,24,1.13,,,710ml
커피_콜드브루 라떼 아이스(ICED),음료 및 차류,커피,100ml,24,1.12,,,591ml
커피_콜드브루 라떼 아이스(ICED),음료 및 차류,커피,100ml,32,1.27,1.69,2.48,650ml
커피_콜드브루 라떼 아이스(ICED),음료 및 차류,커피,100ml,27,1.18,,,591ml
커피_콜드브루 라떼 아이스(ICED) (Grande),음료 및 차류,커피,100ml,44,1.25,,,480ml
커피_콜드브루 라떼 아이스(ICED) (L),음료 및 차류,커피,100ml,27,1.54,,,473ml
커피_콜드브루 라떼 아이스(ICED) (L),음료 및 차류,커피,100g,27,1.26,,,946g
커피_콜드브루 라떼 아이스(ICED) (L),음료 및 차류,커피,100g,21,1.06,,,473g
커피_콜드브루 라떼 아이스(ICED) (L),음료 및 차류,커피,100ml,22,1,,1.7,1000m
커피_콜드브루 라떼 아이스(ICED) (M),음료 및 차류,커피,100g,26,1.24,,,591g
커피_콜드브루 디카페인 아이스(ICED) (L),음료 및 차류,커피,100g,1,0,,,946g
커피_콜드브루 디카페인 아이스(ICED) (M),음료 및 차류,커피,100g,1,0,,,591g
커피_콜드브루 디카페인 핫(HOT) (L),음료 및 차류,커피,100g,1,0,,,946g
커피_콜드브루 디카페인 핫(HOT) (M),음료 및 차류,커피,100g,1,0,,,591g
커피_콜드브루 딜라이트 아이스(ICED),음료 및 차류,커피,100ml,56,1.98,,,354ml
커피_콜드브루 라떼,음료 및 차류,커피,100g,29,1.33,,,600g
커피_콜드브루 라떼,음료 및 차류,커피,100g,29,1.58,0.83,,360g
커피_콜드브루 라떼,음료 및 차류,커피,100ml,32,1.45,,,414ml
커피_콜드브루 라떼,음료 및 차류,커피,100ml,22,1.11,,,360ml
커피_콜드브루 라떼,음료 및 차류,커피,100ml,21,0.89,,,360ml
커피_콜드브루 라떼 (EX),음료 및 차류,커피,100ml,32,1.47,,,680ml
커피_콜드브루 라떼 (L),음료 및 차류,커피,100g,24,1.19,,,400g
커피_콜드브루 라떼 (L),음료 및 차류,커피,100g,24,1.2,,,500g
커피_콜드브루 라떼 (R),음료 및 차류,커피,100g,23,0.91,,,340g
커피_콜드브루 라떼 (R),음료 및 차류,커피,100g,23,1.14,,,350g
커피_콜드브루 라떼 (V),음료 및 차류,커피,100g,25,1.17,,,600g
커피_콜드브루 라떼 디카페인 (L),음료 및 차류,커피,100g,30,0.67,,,450g
커피_콜드브루 라떼 디카페인 (R),음료 및 차류,커피,100g,31,0.83,,,360g
커피_콜드브루 라떼 디카페인 아이스(ICED) (L),음료 및 차류,커피,100g,26,1.16,,,946g
커피_콜드 브루 (Tall),음료 및 차류,커피,100g,1,0,,,355g
커피_콜드 브루 라떼 아이스(ICED),음료 및 차류,커피,100ml,22,1.18,,,473ml
커피_콜드 브루 몰트 (Tall),음료 및 차류,커피,100g,142,1.97,,,355g
커피_콜드 브루 아메리카노 아이스(ICED),음료 및 차류,커피,100ml,2,0.3,0,0,473ml
커피_콜드 브루 오트 라떼 (Tall),음료 및 차류,커피,100g,34,0.28,,,355g
커피_콜드 브루 플로트 (Tall),음료 및 차류,커피,100g,63,0.85,,,355g
커피_콜드브루,음료 및 차류,커피,100g,4,0.32,0,,360g
커피_콜드브루,음료 및 차류,커피,100g,3,0,,,415g
커피_콜드브루,음료 및 차류,커피,100g,5,0.24,0.24,0.49,410g
커피_콜드브루,음료 및 차류,커피,100g,3,0.33,,,600g
커피_콜드브루,음료 및 차류,커피,100ml,1,0,,,360ml
커피_콜드브루 (L),음료 및 차류,커피,100g,5,0.22,,,450g
커피_콜드브루 (R),음료 및 차류,커피,100g,4,0.02,,,400g
커피_콜드브루 니트로,음료 및 차류,커피,100ml,3,0.24,,,414ml
커피_콜드브루 디카페인 (L),음료 및 차류,커피,100g,3,0.22,,,450g
커피_콜드브루 디카페인 (R),음료 및 차류,커피,100g,3,0,,,360g
커피_콜드브루 디카페인 라떼 아이스(ICED),음료 및 차류,커피,100g,24,1.34,,,591g
커피_콜드브루 디카페인 라떼 핫(HOT),음료 및 차류,커피,100g,26,1.46,,,591g
피자_체다골드포테이토 피자 씬바샤삭 (R),빵 및 과자류,피자,100g,252,11.05,,,722g
커피_커반 믹스커피 아이스(ICED) (Venti),음료 및 차류,커피,100ml,32,1.81,,,720ml
커피_커피 더블 베네프레소 (S),음료 및 차류,커피,100g,72,1.43,,,210g
커피_커피 스타벅스 더블 샷,음료 및 차류,커피,100g,60,1.45,,,207g
커피_커피 아이스(ICED) (Tall),음료 및 차류,커피,100g,1,0,,,355g
커피_커피에 바나나 아이스(ICED) (Grande),음료 및 차류,커피,100ml,76,1.25,,,480ml
커피_커피에 바나나 아이스(ICED) (Mini Venti),음료 및 차류,커피,100ml,74,1.23,,,570ml
커피_커피에 바나나 아이스(ICED) (Tall),음료 및 차류,커피,100ml,75,1.39,,,360ml
커피_커피에 바나나 아이스(ICED) (Venti),음료 및 차류,커피,100ml,66,1.11,,,720ml
커피_커피에 바나나 핫(HOT) (Grande),음료 및 차류,커피,100ml,89,1.88,,,480ml
커피_커피에 바나나 핫(HOT) (Mini Venti),음료 및 차류,커피,100ml,88,1.75,,,570ml
커피_커피에 바나나 핫(HOT) (Tall),음료 및 차류,커피,100ml,88,1.95,,,360ml
커피_커피에 바나나 핫(HOT) (Venti),음료 및 차류,커피,100ml,77,1.39,,,720ml
커피_케냐 니에리,음료 및 차류,커피,100g,1,0.06,,,320g
커피_코코넛 라떼 아이스(ICED),음료 및 차류,커피,100ml,43,1.33,,,600ml
커피_코코넛 라떼 아이스(ICED) (L),음료 및 차류,커피,100ml,60,1.2,,5.2,1000m
커피_코코넛 라떼 아이스(ICED) (ML),음료 및 차류,커피,100ml,55,1.13,,4.93,710ml
커피_코코넛 라떼 핫(HOT),음료 및 차류,커피,100ml,53,1.83,,,600ml
커피_코코넛 라떼 핫(HOT),음료 및 차류,커피,100ml,65,1.69,,5.77,710ml
커피_콘슈페너 아이스(ICED),음료 및 차류,커피,100ml,98,1.47,,,360ml
커피_카푸치노 핫(HOT) (Grande),음료 및 차류,커피,100ml,40,1.67,,,480ml
커피_카푸치노 핫(HOT) (L),음료 및 차류,커피,100g,58,2.9,,,310g
커피_카푸치노 핫(HOT) (L),음료 및 차류,커피,100ml,56,2.77,,,473ml
커피_카푸치노 핫(HOT) (L),음료 및 차류,커피,100g,40,1.9,,,473g
커피_카푸치노 핫(HOT) (L),음료 및 차류,커피,100g,56,2.39,,,301g
커피_카푸치노 핫(HOT) (L),음료 및 차류,커피,100g,76,2.9,,,400g
커피_카푸치노 핫(HOT) (ML),음료 및 차류,커피,100ml,30,1.41,,2.68,710ml
커피_카푸치노 핫(HOT) (Mini Venti),음료 및 차류,커피,100ml,36,1.4,,,570ml
커피_카푸치노 핫(HOT) (R),음료 및 차류,커피,100g,55,2.5,,,240g
커피_카푸치노 핫(HOT) (R),음료 및 차류,커피,100g,57,2.44,,,221g
커피_카푸치노 핫(HOT) (R),음료 및 차류,커피,100g,62,2.06,,,340g
커피_카푸치노 핫(HOT) (R),음료 및 차류,커피,100g,41,1.69,,,355g
커피_카푸치노 핫(HOT) (R),음료 및 차류,커피,100ml,56,2.79,,,355ml
커피_카푸치노 핫(HOT) (Tall),음료 및 차류,커피,100g,31,1.69,,,355g
커피_카푸치노 핫(HOT) (Tall),음료 및 차류,커피,100ml,44,1.67,,,360ml
커피_카푸치노 핫(HOT) (Venti),음료 및 차류,커피,100ml,33,1.25,,,720ml
커피_커반 믹스커피 아이스(ICED) (Grande),음료 및 차류,커피,100ml,34,1.88,,,480ml
커피_커반 믹스커피 아이스(ICED) (Mini Venti),음료 및 차류,커피,100ml,32,1.75,,,570ml
커피_커반 믹스커피 아이스(ICED) (Tall),음료 및 차류,커피,100ml,32,1.67,,,360ml
커피_카푸치노 아이스(ICED) (Mini Venti),음료 및 차류,커피,100ml,27,1.05,,,570ml
커피_카푸치노 아이스(ICED) (R),음료 및 차류,커피,100g,39,1.53,,,400g
커피_카푸치노 아이스(ICED) (R),음료 및 차류,커피,100g,19,0.68,,,221g
커피_카푸치노 아이스(ICED) (Tall),음료 및 차류,커피,100ml,29,1.11,,,360ml
커피_카푸치노 아이스(ICED) (Tall),음료 및 차류,커피,100g,32,1.69,,,355g
커피_카푸치노 아이스(ICED) (Venti),음료 및 차류,커피,100ml,25,0.97,,,720ml
커피_카푸치노 프리미엄마일드 (R),음료 및 차류,커피,100ml,40,3.1,,,355ml
커피_카푸치노 핫(HOT),음료 및 차류,커피,100ml,46,2,,,360ml
커피_카푸치노 핫(HOT),음료 및 차류,커피,100g,60,2.64,,,250g
커피_카푸치노 핫(HOT),음료 및 차류,커피,100ml,24,1.13,,,532ml
커피_카푸치노 핫(HOT),음료 및 차류,커피,100g,46,2.5,,4.06,320g
커피_카푸치노 핫(HOT),음료 및 차류,커피,100ml,32,1.27,1.69,2.71,591ml
커피_카푸치노 핫(HOT),음료 및 차류,커피,100g,29,1.3,,,385g
커피_카푸치노 핫(HOT),음료 및 차류,커피,100g,56,2.58,3.23,4.19,310g
커피_카푸치노 핫(HOT),음료 및 차류,커피,100g,41,2.54,,,355g
커피_카푸치노 핫(HOT),음료 및 차류,커피,100ml,46,2,,,360ml
커피_카푸치노 핫(HOT),음료 및 차류,커피,100ml,42,2.26,,,354ml
커피_카푸치노 핫(HOT),음료 및 차류,커피,100ml,25,1.39,1.08,2.32,591ml
커피_카푸치노 핫(HOT),음료 및 차류,커피,100g,31,1.39,,,360g
커피_카푸치노,음료 및 차류,커피,100g,54,2.67,3.38,3.23,100g
커피_카푸치노 (L),음료 및 차류,커피,100g,20,1.33,,,450g
커피_카푸치노 (R),음료 및 차류,커피,100g,22,1.39,,,360g
커피_카푸치노 다크로스트 (R),음료 및 차류,커피,100ml,40,3.1,,,355ml
커피_카푸치노 아이스(ICED),음료 및 차류,커피,100ml,25,1.08,,,360ml
커피_카푸치노 아이스(ICED),음료 및 차류,커피,100ml,21,0.93,,,420ml
커피_카푸치노 아이스(ICED),음료 및 차류,커피,100g,26,1.16,,,440g
커피_카푸치노 아이스(ICED),음료 및 차류,커피,100ml,27,1.32,,,532ml
커피_카푸치노 아이스(ICED),음료 및 차류,커피,100ml,22,1.18,1.1,1.93,591ml
커피_카푸치노 아이스(ICED),음료 및 차류,커피,100g,19,1.11,,,360g
커피_카푸치노 아이스(ICED),음료 및 차류,커피,100g,21,1.32,,1.84,380g
커피_카푸치노 아이스(ICED),음료 및 차류,커피,100g,23,1.2,,,415g
커피_카푸치노 아이스(ICED),음료 및 차류,커피,100g,24,1.22,1.22,1.95,410g
커피_카푸치노 아이스(ICED),음료 및 차류,커피,100g,28,1.69,,,355g
커피_카푸치노 아이스(ICED) (Grande),음료 및 차류,커피,100ml,29,1.04,,,480ml
커피_카푸치노 아이스(ICED) (L),음료 및 차류,커피,100g,25,1,,,361g
커피_카푸치노 아이스(ICED) (L),음료 및 차류,커피,100g,44,1.84,,,450g
커피_카푸치노 아이스(ICED) (L),음료 및 차류,커피,100ml,19,0.9,,1.7,1000m
커피_카푸치노 아이스(ICED) (ML),음료 및 차류,커피,100ml,19,0.85,,1.69,710ml
커피_카페모카 핫(HOT),음료 및 차류,커피,100g,62,1.76,,,591g
커피_카페모카 핫(HOT) (EX),음료 및 차류,커피,100g,83,2.44,,,651g
커피_카페모카 핫(HOT) (Grande),음료 및 차류,커피,100ml,81,1.88,,,480ml
커피_카페모카 핫(HOT) (L),음료 및 차류,커피,100g,57,1.68,,,946g
커피_카페모카 핫(HOT) (L),음료 및 차류,커피,100g,128,4.23,,,400g
커피_카페모카 핫(HOT) (L),음료 및 차류,커피,100g,116,2.39,,,464g
커피_카페모카 핫(HOT) (L),음료 및 차류,커피,100g,78,2.39,,,376g
커피_카페모카 핫(HOT) (L),음료 및 차류,커피,100g,79,2.33,,,473g
커피_카페모카 핫(HOT) (M),음료 및 차류,커피,100g,60,1.88,,,591g
커피_카페모카 핫(HOT) (ML),음료 및 차류,커피,100ml,71,1.55,,7.74,710ml
커피_카페모카 핫(HOT) (Mini Venti),음료 및 차류,커피,100ml,76,1.58,,,570ml
커피_카페모카 핫(HOT) (R),음료 및 차류,커피,100g,112,2.43,,,354g
커피_카페모카 핫(HOT) (R),음료 및 차류,커피,100g,105,3.74,,,340g
커피_카페모카 핫(HOT) (R),음료 및 차류,커피,100g,84,2.75,,,291g
커피_카페모카 핫(HOT) (R),음료 및 차류,커피,100g,79,2.25,,,355g
커피_카페모카 핫(HOT) (Tall),음료 및 차류,커피,100ml,77,1.95,,,360ml
커피_카페모카 핫(HOT) (Venti),음료 및 차류,커피,100ml,70,1.53,,,720ml
커피_카페모카 핫(HOT) 빅사이즈,음료 및 차류,커피,100g,94,2.57,,,460g
커피_카푸치노,음료 및 차류,커피,100ml,31,1.39,,,360ml
커피_카페모카 아이스(ICED) (V),음료 및 차류,커피,100g,79,1.93,,,621g
커피_카페모카 아이스(ICED) (Venti),음료 및 차류,커피,100ml,65,1.39,,,720ml
커피_카페모카 아이스(ICED) (더벤티),음료 및 차류,커피,100ml,76,1.98,,,960ml
커피_카페모카 아이스(ICED) 빅사이즈,음료 및 차류,커피,100g,58,1.42,,,620g
커피_카페모카 핫(HOT),음료 및 차류,커피,100g,82,2.22,,,360g
커피_카페모카 핫(HOT),음료 및 차류,커피,100g,78,1.96,,,414g
커피_카페모카 핫(HOT),음료 및 차류,커피,100g,75,2.41,,9.88,415g
커피_카페모카 핫(HOT),음료 및 차류,커피,100g,102,3.23,5.48,10,310g
커피_카페모카 핫(HOT),음료 및 차류,커피,100g,64,1.82,,,385g
커피_카페모카 핫(HOT),음료 및 차류,커피,100g,107,2.81,,,285g
커피_카페모카 핫(HOT),음료 및 차류,커피,100ml,104,2.33,,,360ml
커피_카페모카 핫(HOT),음료 및 차류,커피,100ml,67,2.75,,,473ml
커피_카페모카 핫(HOT),음료 및 차류,커피,100g,99,2.72,,,301g
커피_카페모카 핫(HOT),음료 및 차류,커피,100ml,104,2.33,,,360ml
커피_카페모카 핫(HOT),음료 및 차류,커피,100ml,82,2.26,3.28,10.74,500ml
커피_카페모카 핫(HOT),음료 및 차류,커피,100ml,77,1.54,,,651ml
커피_카페모카 핫(HOT),음료 및 차류,커피,100g,102,2.48,,,310g
커피_카페모카 핫(HOT),음료 및 차류,커피,100ml,81,2.17,,,600ml
커피_카페모카 핫(HOT),음료 및 차류,커피,100ml,85,2.54,,,354ml
커피_카페모카 아이스(ICED),음료 및 차류,커피,100g,59,1.46,3.17,6.34,410g
커피_카페모카 아이스(ICED) (EX),음료 및 차류,커피,100g,64,1.46,,,651g
커피_카페모카 아이스(ICED) (Grande),음료 및 차류,커피,100ml,74,1.67,,,480ml
커피_카페모카 아이스(ICED) (L),음료 및 차류,커피,100g,53,1.4,,,946g
커피_카페모카 아이스(ICED) (L),음료 및 차류,커피,100ml,54,1,,6.4,1000m
커피_카페모카 아이스(ICED) (L),음료 및 차류,커피,100g,72,1.48,,,473g
커피_카페모카 아이스(ICED) (L),음료 및 차류,커피,100g,53,1.63,,,491g
커피_카페모카 아이스(ICED) (L),음료 및 차류,커피,100g,91,2.62,,,450g
커피_카페모카 아이스(ICED) (L),음료 및 차류,커피,100g,84,1.46,,,574g
커피_카페모카 아이스(ICED) (M),음료 및 차류,커피,100g,54,1.4,,,591g
커피_카페모카 아이스(ICED) (ML),음료 및 차류,커피,100ml,58,0.99,,6.62,710ml
커피_카페모카 아이스(ICED) (Max),음료 및 차류,커피,100g,63,1.52,,,591g
커피_카페모카 아이스(ICED) (Mini Venti),음료 및 차류,커피,100ml,73,1.4,,,570ml
커피_카페모카 아이스(ICED) (R),음료 및 차류,커피,100g,74,1.6,,,376g
커피_카페모카 아이스(ICED) (R),음료 및 차류,커피,100g,78,1.22,,,409g
커피_카페모카 아이스(ICED) (R),음료 및 차류,커피,100g,73,1.69,,,355g
커피_카페모카 아이스(ICED) (R),음료 및 차류,커피,100g,70,2.65,,,400g
커피_카페모카 아이스(ICED) (Tall),음료 및 차류,커피,100ml,66,1.39,,,360ml
피자_체다골드포테이토 피자 치즈링 (L),빵 및 과자류,피자,100g,243,11.27,,,1136g
커피_카페모카,음료 및 차류,커피,100ml,82,2.22,,,360ml
커피_카페모카,음료 및 차류,커피,100g,72,2.76,2.08,10.46,100g
커피_카페모카 아이스(ICED),음료 및 차류,커피,100ml,91,1.7,,,360ml
커피_카페모카 아이스(ICED),음료 및 차류,커피,100g,107,2.81,,,285g
커피_카페모카 아이스(ICED),음료 및 차류,커피,100ml,54,0.91,2.55,6.7,591ml
커피_카페모카 아이스(ICED),음료 및 차류,커피,100ml,67,1.7,,,354ml
커피_카페모카 아이스(ICED),음료 및 차류,커피,100ml,70,1.67,,,600ml
커피_카페모카 아이스(ICED),음료 및 차류,커피,100g,56,1.24,,,500g
커피_카페모카 아이스(ICED),음료 및 차류,커피,100ml,79,1.35,,,591ml
커피_카페모카 아이스(ICED),음료 및 차류,커피,100ml,50,1.18,1.79,7.34,650ml
커피_카페모카 아이스(ICED),음료 및 차류,커피,100ml,78,1.45,,,420ml
커피_카페모카 아이스(ICED),음료 및 차류,커피,100g,54,1.24,,,421g
커피_카페모카 아이스(ICED),음료 및 차류,커피,100ml,51,1.83,,,710ml
커피_카페모카 아이스(ICED),음료 및 차류,커피,100g,59,1.69,,,415g
커피_카페모카 아이스(ICED),음료 및 차류,커피,100g,50,1.08,,,591g
커피_카페모카 아이스(ICED),음료 및 차류,커피,100g,59,1.59,,8.18,440g
커피_카페모카 아이스(ICED),음료 및 차류,커피,100g,56,1.11,,,360g
커피_카페모카 아이스(ICED),음료 및 차류,커피,100g,71,1.45,,,414g
커피_카페모카 아이스(ICED),음료 및 차류,커피,100g,65,2.25,,,355g
커피_카페 아메리카노 아이스(ICED) (Tall),음료 및 차류,커피,100g,3,0.28,,,355g
커피_카페 아메리카노 핫(HOT),음료 및 차류,커피,100g,1,0.08,,,360g
커피_카페 아메리카노 핫(HOT) (EX),음료 및 차류,커피,100ml,4,0.15,,,651ml
커피_카페 아메리카노 핫(HOT) (L),음료 및 차류,커피,100ml,3,0.19,,,532ml
커피_카페 아메리카노 핫(HOT) (Tall),음료 및 차류,커피,100g,3,0.28,,,355g
커피_카페 연유다 아이스(ICED),음료 및 차류,커피,100g,53,1.46,,8.78,410g
커피_카페 피에노,음료 및 차류,커피,100ml,193,1.77,,,113ml
커피_카페 헤이 오트 아이스(ICED) (L),음료 및 차류,커피,100g,47,0.64,,,470g
커피_카페 헤이 오트 아이스(ICED) (R),음료 및 차류,커피,100g,42,0.56,,,360g
커피_카페 헤이 오트 핫(HOT) (L),음료 및 차류,커피,100g,80,1.14,,,350g
커피_카페 헤이 오트 핫(HOT) (R),음료 및 차류,커피,100g,81,1.11,,,270g
커피_카페라떼,음료 및 차류,커피,100g,57,2.72,3.72,3.11,100g
커피_카페라떼 아이스(ICED),음료 및 차류,커피,100ml,27,1.33,,,600ml
커피_카페라떼 아이스(ICED),음료 및 차류,커피,100ml,26,1.02,1.35,2.2,591ml
커피_카페라떼 아이스(ICED) (더벤티),음료 및 차류,커피,100ml,30,1.46,,,960ml
커피_카페라떼 핫(HOT),음료 및 차류,커피,100ml,40,2,,,600ml
커피_카페라떼 핫(HOT),음료 및 차류,커피,100ml,35,1.37,1.83,2.79,591ml
커피_카페모카,음료 및 차류,커피,100g,39,1.24,,,100g
커피_카페모카,음료 및 차류,커피,100g,39,0.86,1.11,6.37,100g
커피_카페 모카 아이스(ICED) (Tall),음료 및 차류,커피,100g,70,1.97,,,355g
커피_카페 모카 아이스(ICED) (V),음료 및 차류,커피,100g,79,1.93,,,621g
커피_카페 모카 핫(HOT),음료 및 차류,커피,100ml,65,2.41,,,473ml
커피_카페 모카 핫(HOT),음료 및 차류,커피,100g,67,2.39,,,473g
커피_카페 모카 핫(HOT),음료 및 차류,커피,100ml,67,1.74,3.16,7.83,591ml
커피_카페 모카 핫(HOT),음료 및 차류,커피,100ml,84,2.35,,,473ml
커피_카페 모카 핫(HOT) (EX),음료 및 차류,커피,100ml,81,2.3,,,651ml
커피_카페 모카 핫(HOT) (L),음료 및 차류,커피,100g,98,2.44,,,450g
커피_카페 모카 핫(HOT) (L),음료 및 차류,커피,100ml,80,2.07,,,532ml
커피_카페 모카 핫(HOT) (L),음료 및 차류,커피,100g,53,1.63,,,491g
커피_카페 모카 핫(HOT) (L),음료 및 차류,커피,100ml,80,2.6,,,473ml
커피_카페 모카 핫(HOT) (R),음료 및 차류,커피,100ml,80,2.59,,,355ml
커피_카페 모카 핫(HOT) (R),음료 및 차류,커피,100g,74,1.58,,,379g
커피_카페 모카 핫(HOT) (R),음료 및 차류,커피,100g,98,2.5,,,360g
커피_카페 모카 핫(HOT) (Tall),음료 및 차류,커피,100g,82,2.82,,,355g
커피_카페 시트러스,음료 및 차류,커피,100ml,118,1.51,,,113ml
커피_카페 아메리카노 아이스(ICED),음료 및 차류,커피,100g,1,0.08,,,360g
커피_카페 아메리카노 아이스(ICED) (EX),음료 및 차류,커피,100ml,4,0.15,,,680ml
커피_카페 아메리카노 아이스(ICED) (L),음료 및 차류,커피,100ml,3,0.19,,,532ml
커피_카페 라떼 핫(HOT),음료 및 차류,커피,100ml,30,1.69,1.37,2.62,591ml
커피_카페 라떼 핫(HOT),음료 및 차류,커피,100g,60,2.64,,,250g
커피_카페 라떼 핫(HOT),음료 및 차류,커피,100ml,33,1.38,,,651ml
커피_카페 라떼 핫(HOT),음료 및 차류,커피,100ml,54,2.32,3.04,3.91,500ml
커피_카페 라떼 핫(HOT),음료 및 차류,커피,100ml,50,2.17,,,360ml
커피_카페 라떼 핫(HOT),음료 및 차류,커피,100g,58,2.5,,,240g
커피_카페 모카 ESP 핫(HOT) (L),음료 및 차류,커피,100ml,68,1.93,,,414ml
커피_카페 모카 아이스(ICED),음료 및 차류,커피,100g,45,1.51,,,591g
커피_카페 모카 아이스(ICED),음료 및 차류,커피,100ml,44,1.52,,,591ml
커피_카페 모카 아이스(ICED),음료 및 차류,커피,100ml,67,1.74,3.16,7.83,591ml
커피_카페 모카 아이스(ICED),음료 및 차류,커피,100ml,58,1.8,,,473ml
커피_카페 모카 아이스(ICED) (EX),음료 및 차류,커피,100ml,66,1.32,,,680ml
커피_카페 모카 아이스(ICED) (L),음료 및 차류,커피,100g,63,1.78,,,450g
커피_카페 모카 아이스(ICED) (L),음료 및 차류,커피,100ml,66,1.5,,,532ml
커피_카페 모카 아이스(ICED) (L),음료 및 차류,커피,100g,53,1.63,,,491g
커피_카페 모카 아이스(ICED) (L),음료 및 차류,커피,100ml,54,1.69,,,473ml
커피_카페 모카 아이스(ICED) (R),음료 및 차류,커피,100ml,54,1.71,,,415ml
커피_카페 모카 아이스(ICED) (R),음료 및 차류,커피,100g,63,1.67,,,360g
커피_카페 모카 아이스(ICED) (R),음료 및 차류,커피,100g,74,1.6,,,376g
커피_카페 라떼 아이스(ICED) (R),음료 및 차류,커피,100g,30,1.62,,,370g
커피_카페 라떼 아이스(ICED) (R),음료 및 차류,커피,100g,58,1.97,,,355g
커피_카페 라떼 아이스(ICED) (R),음료 및 차류,커피,100g,33,1.3,,,400g
커피_카페 라떼 아이스(ICED) (R),음료 및 차류,커피,100g,24,1.67,,,360g
커피_카페 라떼 아이스(ICED) (R),음료 및 차류,커피,100g,31,1.37,,,395g
커피_카페 라떼 아이스(ICED) (R),음료 및 차류,커피,100g,34,1.41,,,355g
커피_카페 라떼 아이스(ICED) (S),음료 및 차류,커피,100ml,23,1.13,,,354ml
커피_카페 라떼 아이스(ICED) (Tall),음료 및 차류,커피,100ml,33,1.39,,,360ml
커피_카페 라떼 아이스(ICED) (Tall),음료 및 차류,커피,100g,31,1.69,,,355g
커피_카페 라떼 아이스(ICED) (V),음료 및 차류,커피,100g,38,1.9,,,580g
커피_카페 라떼 아이스(ICED) (V),음료 및 차류,커피,100ml,27,1.65,,,576ml
커피_카페 라떼 아이스(ICED) (Venti),음료 및 차류,커피,100ml,28,1.11,,,720ml
커피_카페 라떼 아이스(ICED) 빅사이즈,음료 및 차류,커피,100g,31,1.36,,,610g
커피_카페 라떼 아이스(ICED) 빽사이즈,음료 및 차류,커피,100ml,29,1.48,,,946ml
커피_카페 라떼 프리미엄마일드 (K(코끼리)),음료 및 차류,커피,100ml,43,2,,,650ml
커피_카페 라떼 프리미엄마일드 (L),음료 및 차류,커피,100ml,43,1.9,,,473ml
커피_카페 라떼 프리미엄마일드 (R),음료 및 차류,커피,100ml,58,1.97,,,355ml
커피_카페 라떼 핫(HOT),음료 및 차류,커피,100ml,47,2.26,,,354ml
커피_카페 라떼 핫(HOT),음료 및 차류,커피,100ml,41,2.09,,,473ml
커피_카페 라떼 아이스(ICED) (J),음료 및 차류,커피,100ml,31,1.54,,,651ml
커피_카페 라떼 아이스(ICED) (K(코끼리)),음료 및 차류,커피,100g,43,2,,,650g
커피_카페 라떼 아이스(ICED) (L),음료 및 차류,커피,100g,32,1.7,,,470g
커피_카페 라떼 아이스(ICED) (L),음료 및 차류,커피,100ml,27,1.32,,,532ml
커피_카페 라떼 아이스(ICED) (L),음료 및 차류,커피,100g,33,1.48,,,473g
커피_카페 라떼 아이스(ICED) (L),음료 및 차류,커피,100g,35,1.53,,,530g
커피_카페 라떼 아이스(ICED) (L),음료 및 차류,커피,100g,25,1.56,,,450g
커피_카페 라떼 아이스(ICED) (L),음료 및 차류,커피,100g,52,1.8,,,450g
커피_카페 라떼 아이스(ICED) (L),음료 및 차류,커피,100g,28,1.31,,,946g
커피_카페 라떼 아이스(ICED) (L),음료 및 차류,커피,100g,43,1.9,,,473g
커피_카페 라떼 아이스(ICED) (L),음료 및 차류,커피,100ml,27,1.65,,,473ml
커피_카페 라떼 아이스(ICED) (L),음료 및 차류,커피,100ml,29,1.27,,,473ml
커피_카페 라떼 아이스(ICED) (L),음료 및 차류,커피,100ml,21,1,,1.7,1000m
커피_카페 라떼 아이스(ICED) (M),음료 및 차류,커피,100g,28,1.3,,,591g
커피_카페 라떼 아이스(ICED) (ML),음료 및 차류,커피,100ml,21,0.99,,1.69,710ml
커피_카페 라떼 아이스(ICED) (Max),음료 및 차류,커피,100g,30,1.35,,,591g
커피_카페 라떼 아이스(ICED) (Mini Venti),음료 및 차류,커피,100ml,30,1.23,,,570ml
커피_카페 라떼 아이스(ICED) (R),음료 및 차류,커피,100ml,27,1.64,,,415ml
커피_카페 라떼 아이스(ICED) (R),음료 및 차류,커피,100ml,23,1.06,,,473ml
커피_카페 라떼 아이스(ICED),음료 및 차류,커피,100g,29,1.49,,2.55,470g
커피_카페 라떼 아이스(ICED),음료 및 차류,커피,100g,32,1.39,,,360g
커피_카페 라떼 아이스(ICED),음료 및 차류,커피,100g,26,1.31,,,414g
커피_카페 라떼 아이스(ICED),음료 및 차류,커피,100g,31,1.97,,,355g
커피_카페 라떼 아이스(ICED),음료 및 차류,커피,100g,26,1.22,1.46,2.2,410g
커피_카페 라떼 아이스(ICED),음료 및 차류,커피,100ml,32,3.3,,,473ml
커피_카페 라떼 아이스(ICED),음료 및 차류,커피,100ml,27,1.41,,,354ml
커피_카페 라떼 아이스(ICED),음료 및 차류,커피,100ml,25,1.44,1.1,2.25,591ml
커피_카페 라떼 아이스(ICED),음료 및 차류,커피,100g,30,1.31,,,480g
커피_카페 라떼 아이스(ICED),음료 및 차류,커피,100ml,34,1.35,,,591ml
커피_카페 라떼 아이스(ICED),음료 및 차류,커피,100ml,36,1.58,,,360ml
커피_카페 라떼 아이스(ICED),음료 및 차류,커피,100ml,28,1.41,,,710ml
커피_카페 라떼 아이스(ICED),음료 및 차류,커피,100ml,27,1.39,,,591ml
커피_카페 라떼 아이스(ICED),음료 및 차류,커피,100g,28,1.24,,,410g
커피_카페 라떼 아이스(ICED),음료 및 차류,커피,100ml,31,1.36,,,420ml
커피_카페 라떼 아이스(ICED),음료 및 차류,커피,100ml,29,1.27,1.66,2.16,650ml
커피_카페 라떼 아이스(ICED) (EX),음료 및 차류,커피,100ml,27,1.32,,,680ml
커피_카페 라떼 아이스(ICED) (Grande),음료 및 차류,커피,100ml,33,1.25,,,480ml
피자_체다골드포테이토 피자 치즈링 (R),빵 및 과자류,피자,100g,242,11.54,,,830g
커피_카라멜모카 핫(HOT) (L),음료 및 차류,커피,100g,116,2.39,,,464g
커피_카라멜모카 핫(HOT) (R),음료 및 차류,커피,100g,112,2.26,,,354g
커피_카카오 젤라또 카페 라떼 아이스(ICED) (L),음료 및 차류,커피,100g,59,1.85,,,540g
커피_카카오 젤라또 카페 라떼 아이스(ICED) (R),음료 및 차류,커피,100g,65,2,,,400g
커피_카테킨 아메리카노 (Grande),음료 및 차류,커피,100ml,3,0.53,,,450ml
커피_카테킨 아메리카노 (Venti),음료 및 차류,커피,100ml,2,0.21,0,0,650ml
커피_카페 라떼,음료 및 차류,커피,100g,27,1.34,,,100g
커피_카페 라떼,음료 및 차류,커피,100g,18,1.07,0.63,1.92,100g
커피_카페 라떼,음료 및 차류,커피,100ml,37,1.39,,,360ml
커피_카페 라떼 다크로스트 (K(코끼리)),음료 및 차류,커피,100ml,43,2,,,650ml
커피_카페 라떼 다크로스트 (L),음료 및 차류,커피,100ml,43,1.9,,,473ml
커피_카페 라떼 다크로스트 (R),음료 및 차류,커피,100ml,58,1.97,,,355ml
커피_카페 라떼 디카페인 (K(코끼리)),음료 및 차류,커피,100ml,43,2,,,650ml
커피_카페 라떼 디카페인 (L),음료 및 차류,커피,100ml,43,1.9,,,473ml
커피_카페 라떼 디카페인 (R),음료 및 차류,커피,100ml,58,1.97,,,355ml
커피_카페 라떼 아이스(ICED),음료 및 차류,커피,100g,29,1.35,,,591g
커피_카페 라떼 아이스(ICED),음료 및 차류,커피,100g,28,1.34,,,591g
커피_카페 라떼 아이스(ICED),음료 및 차류,커피,100g,32,1.36,,,440g
커피_카페 라떼 아이스(ICED),음료 및 차류,커피,100g,27,1.2,,,415g
커피_카라멜마끼야또 아이스(ICED),음료 및 차류,커피,100g,59,1.35,,,591g
커피_카라멜마끼야또 아이스(ICED) (EX),음료 및 차류,커피,100g,42,1.26,,,651g
커피_카라멜마끼야또 아이스(ICED) (L),음료 및 차류,커피,100g,78,2,,,450g
커피_카라멜마끼야또 아이스(ICED) (R),음료 및 차류,커피,100g,52,1.16,,,400g
커피_카라멜마끼야또 핫(HOT),음료 및 차류,커피,100g,71,1.86,,,591g
커피_카라멜마끼야또 핫(HOT),음료 및 차류,커피,100g,52,1.83,,,414g
커피_카라멜마끼야또 핫(HOT) (EX),음료 및 차류,커피,100g,63,2.28,,,651g
커피_카라멜마끼야또 핫(HOT) (L),음료 및 차류,커피,100g,114,3.53,,,400g
커피_카라멜마끼야또 핫(HOT) (R),음료 및 차류,커피,100g,97,3.21,,,340g
커피_카라멜마키아또 아이스(ICED),음료 및 차류,커피,100ml,54,1.27,,,710ml
커피_카라멜마키아또 아이스(ICED) (L),음료 및 차류,커피,100g,55,1.48,,,473g
커피_카라멜마키아또 아이스(ICED) (Max),음료 및 차류,커피,100g,52,1.52,,,591g
커피_카라멜마키아또 아이스(ICED) (R),음료 및 차류,커피,100g,58,1.69,,,355g
커피_카라멜마키아또 핫(HOT),음료 및 차류,커피,100ml,75,1.69,,,473ml
커피_카라멜마키아또 핫(HOT) (L),음료 및 차류,커피,100g,66,2.11,,,473g
커피_카라멜마키아또 핫(HOT) (R),음료 및 차류,커피,100g,68,2.25,,,355g
커피_카라멜모카 아이스(ICED) (L),음료 및 차류,커피,100g,77,1.43,,,554g
커피_카라멜모카 아이스(ICED) (R),음료 및 차류,커피,100g,78,1.08,,,409g
커피_카라멜모카 핫(HOT),음료 및 차류,커피,100g,70,2.82,,,355g
커피_아메리카노 아이스(ICED),음료 및 차류,커피,100g,3,0.48,,0.48,416g
커피_카라멜마끼아또 프리미엄마일드 (K(코끼리)),음료 및 차류,커피,100ml,82,2.46,,,650ml
커피_카라멜마끼아또 프리미엄마일드 (L),음료 및 차류,커피,100ml,81,2.54,,,473ml
커피_카라멜마끼아또 프리미엄마일드 (R),음료 및 차류,커피,100ml,81,2.54,,,355ml
커피_카라멜마끼아또 핫(HOT),음료 및 차류,커피,100ml,61,1.83,,,600ml
커피_카라멜마끼아또 핫(HOT),음료 및 차류,커피,100ml,41,1.51,1.35,5.82,591ml
커피_카라멜마끼아또 핫(HOT),음료 및 차류,커피,100g,84,2.44,,,275g
커피_카라멜마끼아또 핫(HOT),음료 및 차류,커피,100ml,51,1.23,,,651ml
커피_카라멜마끼아또 핫(HOT),음료 및 차류,커피,100g,73,2.54,,10.18,393g
커피_카라멜마끼아또 핫(HOT),음료 및 차류,커피,100g,98,2.32,,,315g
커피_카라멜마끼아또 핫(HOT),음료 및 차류,커피,100ml,55,1.34,1.76,8.19,591ml
커피_카라멜마끼아또 핫(HOT),음료 및 차류,커피,100g,97,2.18,,,275g
커피_카라멜마끼아또 핫(HOT) (K(코끼리)),음료 및 차류,커피,100g,82,2.46,,,650g
커피_카라멜마끼아또 핫(HOT) (L),음료 및 차류,커피,100g,81,2.54,,,473g
커피_카라멜마끼아또 핫(HOT) (ML),음료 및 차류,커피,100ml,48,1.41,,2.82,710ml
커피_카라멜마끼아또 핫(HOT) (R),음료 및 차류,커피,100g,81,2.54,,,355g
커피_카라멜마끼아또 핫(HOT) 빅사이즈,음료 및 차류,커피,100g,94,2.18,,,481g
커피_카라멜마끼아토,음료 및 차류,커피,100g,81,2.44,3.94,9.05,100g
커피_카라멜마끼야또 아이스(ICED),음료 및 차류,커피,100g,40,1.25,,,414g
커피_아메리카노 아이스(ICED),음료 및 차류,커피,100g,1,0,,,415g
커피_카라멜마끼아또 디카페인 (K(코끼리)),음료 및 차류,커피,100ml,82,2.46,,,650ml
커피_카라멜마끼아또 디카페인 (L),음료 및 차류,커피,100ml,81,2.54,,,473ml
커피_카라멜마끼아또 디카페인 (R),음료 및 차류,커피,100ml,81,2.54,,,355ml
커피_카라멜마끼아또 아이스(ICED),음료 및 차류,커피,100ml,43,0.91,1.18,6.84,591ml
커피_카라멜마끼아또 아이스(ICED),음료 및 차류,커피,100g,50,1.71,,7.48,468g
커피_카라멜마끼아또 아이스(ICED),음료 및 차류,커피,100g,55,0.99,,,435g
커피_카라멜마끼아또 아이스(ICED),음료 및 차류,커피,100g,44,1.2,,,485g
커피_카라멜마끼아또 아이스(ICED),음료 및 차류,커피,100g,107,2.11,,,285g
커피_카라멜마끼아또 아이스(ICED),음료 및 차류,커피,100ml,47,1.17,,,600ml
커피_카라멜마끼아또 아이스(ICED),음료 및 차류,커피,100ml,41,1.2,1.08,6.67,591ml
커피_카라멜마끼아또 아이스(ICED),음료 및 차류,커피,100ml,51,1.18,,,591ml
커피_카라멜마끼아또 아이스(ICED) (K(코끼리)),음료 및 차류,커피,100g,82,2.46,,,650g
커피_카라멜마끼아또 아이스(ICED) (L),음료 및 차류,커피,100g,81,2.54,,,473g
커피_카라멜마끼아또 아이스(ICED) (L),음료 및 차류,커피,100ml,36,0.9,,1.9,1000m
커피_카라멜마끼아또 아이스(ICED) (ML),음료 및 차류,커피,100ml,37,0.85,,1.83,710ml
커피_카라멜마끼아또 아이스(ICED) (R),음료 및 차류,커피,100g,81,2.54,,,355g
커피_카라멜마끼아또 아이스(ICED) (더벤티),음료 및 차류,커피,100ml,51,1.36,,,960ml
커피_카라멜마끼아또 아이스(ICED) 빅사이즈,음료 및 차류,커피,100g,59,1.17,,,641g
커피_카라멜 마끼아또 핫(HOT) (R),음료 및 차류,커피,100ml,87,2.51,,,355ml
커피_카라멜 마끼아또 핫(HOT) (Tall),음료 및 차류,커피,100ml,71,1.67,,,360ml
커피_카라멜 마끼아또 핫(HOT) (Venti),음료 및 차류,커피,100ml,65,1.39,,,720ml
커피_카라멜 마끼야또 아이스(ICED),음료 및 차류,커피,100ml,44,1.59,,,473ml
커피_카라멜 마끼야또 핫(HOT),음료 및 차류,커피,100ml,73,2.09,,,473ml
커피_카라멜 마키아또 아이스(ICED),음료 및 차류,커피,100ml,45,1.41,,,354ml
커피_카라멜 마키아또 아이스(ICED) (Tall),음료 및 차류,커피,100g,54,1.69,,,355g
커피_카라멜 마키아또 핫(HOT),음료 및 차류,커피,100ml,64,2.26,,,354ml
커피_카라멜 마키아또 핫(HOT) (Tall),음료 및 차류,커피,100g,56,2.25,,,355g
커피_카라멜 카페 라떼 아이스(ICED) (J),음료 및 차류,커피,100g,46,1.38,,,651g
커피_카라멜 카페 라떼 아이스(ICED) (L),음료 및 차류,커피,100g,46,1.48,,,473g
커피_카라멜 카페 라떼 핫(HOT),음료 및 차류,커피,100g,80,2.45,,,270g
커피_카라멜 카페 라떼 핫(HOT) (J),음료 및 차류,커피,100g,75,2.54,,,473g
커피_카라멜 카페 라떼 핫(HOT) (L),음료 및 차류,커피,100g,75,2.66,,,414g
커피_카라멜마끼아또,음료 및 차류,커피,100g,40,2.02,0.88,6.03,100g
커피_카라멜마끼아또,음료 및 차류,커피,100g,51,1.22,,,100g
커피_카라멜마끼아또 다크로스트 (K(코끼리)),음료 및 차류,커피,100ml,82,2.46,,,650ml
커피_카라멜마끼아또 다크로스트 (L),음료 및 차류,커피,100ml,81,2.54,,,473ml
커피_카라멜마끼아또 다크로스트 (R),음료 및 차류,커피,100ml,81,2.54,,,355ml
커피_아메리카노 아이스(ICED),음료 및 차류,커피,100g,2,0.15,,,414g
커피_카라멜 마끼아또 아이스(ICED) (Venti),음료 및 차류,커피,100ml,61,1.11,,,720ml
커피_카라멜 마끼아또 핫(HOT),음료 및 차류,커피,100g,61,1.39,,,360g
커피_카라멜 마끼아또 핫(HOT),음료 및 차류,커피,100g,69,2.82,,,355g
커피_카라멜 마끼아또 핫(HOT),음료 및 차류,커피,100g,43,1.3,,,385g
커피_카라멜 마끼아또 핫(HOT),음료 및 차류,커피,100ml,69,1.56,,,360ml
커피_카라멜 마끼아또 핫(HOT),음료 및 차류,커피,100ml,69,1.56,,,360ml
커피_카라멜 마끼아또 핫(HOT),음료 및 차류,커피,100g,80,2.58,2.9,10.97,310g
커피_카라멜 마끼아또 핫(HOT) (EX),음료 및 차류,커피,100ml,62,1.84,,,651ml
커피_카라멜 마끼아또 핫(HOT) (Grande),음료 및 차류,커피,100ml,75,1.67,,,480ml
커피_카라멜 마끼아또 핫(HOT) (L),음료 및 차류,커피,100g,83,2.19,,,334g
커피_카라멜 마끼아또 핫(HOT) (L),음료 및 차류,커피,100ml,87,2.52,,,473ml
커피_카라멜 마끼아또 핫(HOT) (L),음료 및 차류,커피,100g,62,2.44,,,450g
커피_카라멜 마끼아또 핫(HOT) (L),음료 및 차류,커피,100ml,54,1.69,,,532ml
커피_카라멜 마끼아또 핫(HOT) (L),음료 및 차류,커피,100g,43,1.09,,,946g
커피_카라멜 마끼아또 핫(HOT) (M),음료 및 차류,커피,100g,44,1.24,,,591g
커피_카라멜 마끼아또 핫(HOT) (Mini Venti),음료 및 차류,커피,100ml,68,1.4,,,570ml
커피_카라멜 마끼아또 핫(HOT) (R),음료 및 차류,커피,100g,83,2.25,,,244g
커피_카라멜 마끼아또 핫(HOT) (R),음료 및 차류,커피,100g,60,1.94,,,360g
커피_아메리카노 마일드 그린 핫(HOT) (R),음료 및 차류,커피,100g,2,0.28,,,355g
커피_카라멜 마끼아또 아이스(ICED),음료 및 차류,커피,100g,59,1.97,,,355g
커피_카라멜 마끼아또 아이스(ICED),음료 및 차류,커피,100g,36,1.2,,,415g
커피_카라멜 마끼아또 아이스(ICED),음료 및 차류,커피,100ml,60,1.33,,,420ml
커피_카라멜 마끼아또 아이스(ICED),음료 및 차류,커피,100g,59,1.71,2.2,8.05,410g
커피_카라멜 마끼아또 아이스(ICED),음료 및 차류,커피,100ml,69,1.56,,,360ml
커피_카라멜 마끼아또 아이스(ICED) (EX),음료 및 차류,커피,100ml,51,1.32,,,680ml
커피_카라멜 마끼아또 아이스(ICED) (Grande),음료 및 차류,커피,100ml,68,1.25,,,480ml
커피_카라멜 마끼아또 아이스(ICED) (L),음료 및 차류,커피,100ml,54,1.69,,,473ml
커피_카라멜 마끼아또 아이스(ICED) (L),음료 및 차류,커피,100g,52,1.16,,,439g
커피_카라멜 마끼아또 아이스(ICED) (L),음료 및 차류,커피,100g,48,1.15,,,946g
커피_카라멜 마끼아또 아이스(ICED) (L),음료 및 차류,커피,100g,72,2.22,,,450g
커피_카라멜 마끼아또 아이스(ICED) (L),음료 및 차류,커피,100ml,47,1.32,,,532ml
커피_카라멜 마끼아또 아이스(ICED) (M),음료 및 차류,커피,100g,47,1.15,,,591g
커피_카라멜 마끼아또 아이스(ICED) (Mini Venti),음료 및 차류,커피,100ml,62,1.23,,,570ml
커피_카라멜 마끼아또 아이스(ICED) (R),음료 및 차류,커피,100ml,54,1.71,,,415ml
커피_카라멜 마끼아또 아이스(ICED) (R),음료 및 차류,커피,100g,54,1.67,,,360g
커피_카라멜 마끼아또 아이스(ICED) (R),음료 및 차류,커피,100g,50,0.91,,,274g
커피_카라멜 마끼아또 아이스(ICED) (Tall),음료 및 차류,커피,100ml,60,1.39,,,360ml
커피_카라멜 라떼 마끼아또 핫(HOT) (R),음료 및 차류,커피,100g,69,2.55,,,275g
커피_카라멜 라떼 아이스(ICED),음료 및 차류,커피,100g,48,1.97,,,355g
커피_카라멜 라떼 아이스(ICED),음료 및 차류,커피,100ml,31,1.36,,,420ml
커피_카라멜 라떼 아이스(ICED) (Grande),음료 및 차류,커피,100ml,59,1.25,,,480ml
커피_카라멜 라떼 아이스(ICED) (L),음료 및 차류,커피,100g,51,1.45,,,560g
커피_카라멜 라떼 아이스(ICED) (Mini Venti),음료 및 차류,커피,100ml,52,1.23,,,570ml
커피_카라멜 라떼 아이스(ICED) (R),음료 및 차류,커피,100g,45,1.3,,,415g
커피_카라멜 라떼 아이스(ICED) (Tall),음료 및 차류,커피,100ml,59,1.39,,,360ml
커피_카라멜 라떼 아이스(ICED) (Venti),음료 및 차류,커피,100ml,50,1.11,,,720ml
커피_카라멜 라떼 핫(HOT),음료 및 차류,커피,100g,60,2.82,,,355g
커피_카라멜 라떼 핫(HOT),음료 및 차류,커피,100ml,50,2.17,,,360ml
커피_카라멜 라떼 핫(HOT) (Grande),음료 및 차류,커피,100ml,61,1.67,,,480ml
커피_카라멜 라떼 핫(HOT) (L),음료 및 차류,커피,100g,84,2.5,,,360g
커피_카라멜 라떼 핫(HOT) (Mini Venti),음료 및 차류,커피,100ml,53,1.4,,,570ml
커피_카라멜 라떼 핫(HOT) (R),음료 및 차류,커피,100g,76,2.4,,,300g
커피_카라멜 라떼 핫(HOT) (Tall),음료 및 차류,커피,100ml,63,1.95,,,360ml
커피_카라멜 라떼 핫(HOT) (Venti),음료 및 차류,커피,100ml,51,1.25,,,720ml
커피_카라멜 마끼아또,음료 및 차류,커피,100ml,61,1.39,,,360ml
커피_카라멜 마끼아또 아이스(ICED),음료 및 차류,커피,100g,45,1.11,,,360g
커피_아메리카노 마일드 그린 핫(HOT) (L),음료 및 차류,커피,100g,2,0.21,,,473g
커피_이탈리안 아포가또,음료 및 차류,커피,100g,120,2.48,,,121g
커피_자이언트 아메리카노,음료 및 차류,커피,100ml,3,0,,,946ml
커피_자이언트 아메리카노 아이스(ICED),음료 및 차류,커피,100g,3,0,,,940g
커피_저당 바닐라 라떼 (Grande),음료 및 차류,커피,100ml,32,2.5,,,450ml
커피_저칼로리 바닐라 라떼 (Venti),음료 및 차류,커피,100ml,11,1.04,,,650ml
커피_정말 맛있는 프로틴 돌체 라떼 (Venti),음료 및 차류,커피,100ml,58,4.18,,,650ml
커피_정말 맛있는 프로틴 바닐라 라떼 (Venti),음료 및 차류,커피,100ml,61,3.35,,,650ml
커피_제로슈가 스위트 아메리카노 아이스(ICED),음료 및 차류,커피,100g,0,0.03,0,2.37,650g
커피_제로슈가 스위트 아메리카노 핫(HOT),음료 및 차류,커피,100g,0,0.04,0,3.08,500g
커피_제주 말차 카페 라떼 아이스(ICED),음료 및 차류,커피,100ml,50,1.69,,,473ml
커피_제주 말차 카페 라떼 핫(HOT),음료 및 차류,커피,100ml,66,2.11,,,473ml
커피_제주 비자림 콜드 브루 (Grande),음료 및 차류,커피,100g,72,2.11,,,473g
커피_청자다방커피,음료 및 차류,커피,100g,40,0.83,,,100g
커피_초코 라떼,음료 및 차류,커피,100g,65,1.46,1.79,10.8,100g
커피_카라멜 라떼 마끼아또 아이스(ICED) (L),음료 및 차류,커피,100g,46,1.57,,,510g
커피_카라멜 라떼 마끼아또 아이스(ICED) (R),음료 및 차류,커피,100g,52,1.54,,,390g
커피_카라멜 라떼 마끼아또 아이스(ICED) (V),음료 및 차류,커피,100g,73,2.1,,,620g
커피_카라멜 라떼 마끼아또 핫(HOT) (L),음료 및 차류,커피,100g,72,2.25,,,355g
커피_연유라떼 아이스(ICED) (더벤티),음료 및 차류,커피,100ml,72,2.29,,,960ml
커피_연유라떼 핫(HOT),음료 및 차류,커피,100ml,71,2.5,,,600ml
커피_옛날 커피 아이스(ICED),음료 및 차류,커피,100ml,43,0.64,,,560ml
커피_오늘의 커피 (Tall),음료 및 차류,커피,100g,1,0,,,355g
커피_오리엔탈 라떼 아이스(ICED),음료 및 차류,커피,100g,56,1.71,2.2,7.32,410g
커피_오리엔탈 라떼 핫(HOT),음료 및 차류,커피,100g,98,3.55,4.19,11.61,310g
커피_오션 클라우디 콜드브루,음료 및 차류,커피,100g,59,1.14,1.97,,480g
커피_오트카페 라떼 아이스(ICED),음료 및 차류,커피,100g,26,0.34,,,591g
커피_오트카페 라떼 핫(HOT),음료 및 차류,커피,100g,39,0.51,,,591g
커피_오트카페라떼 아이스(ICED),음료 및 차류,커피,100ml,26,0.33,,,600ml
커피_오트카페라떼 아이스(ICED) (더벤티),음료 및 차류,커피,100ml,29,0.42,,,960ml
커피_오트카페라떼 핫(HOT),음료 및 차류,커피,100ml,39,0.5,,,600ml
커피_왕할메가커피 아이스(ICED),음료 및 차류,커피,100ml,49,0.32,1.52,8.46,960ml
커피_원조커피 아이스(ICED),음료 및 차류,커피,100ml,60,0.42,,,710ml
커피_원조커피 아이스(ICED) 빽사이즈,음료 및 차류,커피,100ml,68,0.53,,,946ml
커피_원조커피 제로슈거 아이스(ICED),음료 및 차류,커피,100ml,46,0.56,,,710ml
커피_원조커피 제로슈거 아이스(ICED) 빽사이즈,음료 및 차류,커피,100ml,53,0.63,,,946ml
커피_원조커피 제로슈거 핫(HOT),음료 및 차류,커피,100ml,79,0.85,,,473ml
커피_원조커피 핫(HOT),음료 및 차류,커피,100ml,100,0.63,,,473ml
커피_연유 라떼 아이스(ICED),음료 및 차류,커피,100ml,61,1.96,2.4,7.85,650ml
커피_연유 라떼 핫(HOT),음료 및 차류,커피,100ml,94,3.15,3.92,11.21,500ml
커피_연유 라떼 핫(HOT),음료 및 차류,커피,100ml,54,2.2,1.83,7.29,591ml
커피_연유 라떼 핫(HOT),음료 및 차류,커피,100g,113,2.67,,,300g
커피_연유 라떼 핫(HOT),음료 및 차류,커피,100g,76,2.54,,,591g
커피_연유 카페 라떼,음료 및 차류,커피,100ml,70,2.5,,,360ml
커피_연유 카페 라떼 아이스(ICED),음료 및 차류,커피,100g,68,1.45,,,414g
커피_연유 카페 라떼 아이스(ICED) (EX),음료 및 차류,커피,100ml,78,2.21,,,680ml
커피_연유 카페 라떼 아이스(ICED) (L),음료 및 차류,커피,100ml,67,1.88,,,532ml
커피_연유 카페 라떼 핫(HOT),음료 및 차류,커피,100g,80,2.17,,,414g
커피_연유 카페 라떼 핫(HOT) (EX),음료 및 차류,커피,100ml,92,2.77,,,651ml
커피_연유 카페 라떼 핫(HOT) (L),음료 및 차류,커피,100ml,73,2.26,,,532ml
커피_연유 콜드브루,음료 및 차류,커피,100ml,68,1.93,,,414ml
커피_연유 콜드브루 (EX),음료 및 차류,커피,100ml,66,2.06,,,680ml
커피_연유 콜드브루 플로트 (L),음료 및 차류,커피,100g,74,2.27,,,485g
커피_연유 콜드브루 플로트 (R),음료 및 차류,커피,100g,66,1.95,,,410g
커피_연유 콜드브루 플로트 (V),음료 및 차류,커피,100g,72,2.31,,,650g
커피_연유 크러쉬 카페 라떼 (XL),음료 및 차류,커피,100g,41,1.06,,,660g
커피_연유라떼 아이스(ICED),음료 및 차류,커피,100ml,61,2,,,600ml
커피_에스프레소 토피넛 라떼 아이스(ICED) (L),음료 및 차류,커피,100g,103,1.29,,,487g
커피_에스프레소 토피넛 라떼 아이스(ICED) (R),음료 및 차류,커피,100g,90,1.17,,,411g
커피_에스프레소 토피넛 라떼 핫(HOT) (L),음료 및 차류,커피,100g,129,2.34,,,462g
커피_에스프레소 토피넛 라떼 핫(HOT) (R),음료 및 차류,커피,100g,125,2.36,,,356g
커피_에스프레소 핫(HOT),음료 및 차류,커피,100ml,1,0.09,0.03,0.19,591ml
커피_에스프레소 핫(HOT),음료 및 차류,커피,100ml,27,0,,,30ml
커피_에스프레소 핫(HOT),음료 및 차류,커피,100ml,17,1,,,30ml
커피_에스프레소 핫(HOT) (더블),음료 및 차류,커피,100ml,21,0,,,58ml
커피_에스프레소 핫(HOT) (싱글),음료 및 차류,커피,100ml,21,0,,,29ml
커피_에티오피아 게라,음료 및 차류,커피,100g,1,0.06,,,320g
커피_연남 라떼 아이스(ICED),음료 및 차류,커피,100ml,110,3.14,,,414ml
커피_연남 라떼 핫(HOT),음료 및 차류,커피,100ml,110,3.14,,,414ml
커피_연라떼 아이스(ICED) (L),음료 및 차류,커피,100g,59,1.8,,,451g
커피_연라떼 아이스(ICED) (R),음료 및 차류,커피,100g,56,1.6,,,281g
커피_연라떼 핫(HOT) (L),음료 및 차류,커피,100g,91,3.01,,,346g
커피_연라떼 핫(HOT) (R),음료 및 차류,커피,100g,89,2.99,,,251g
커피_연유 라떼 아이스(ICED),음료 및 차류,커피,100g,121,2.58,,,310g
커피_연유 라떼 아이스(ICED),음료 및 차류,커피,100g,64,2.03,,,591g
커피_연유 라떼 아이스(ICED),음료 및 차류,커피,100ml,59,2,3.05,6.04,591ml
커피_에스프레소 (R),음료 및 차류,커피,100g,11,0.03,,,340g
커피_에스프레소 (S),음료 및 차류,커피,100g,35,0,,,20g
커피_에스프레소 (Solo),음료 및 차류,커피,100g,35,0,,,20g
커피_에스프레소 (Solo),음료 및 차류,커피,100g,23,0,,,22g
커피_에스프레소 도피오 (S),음료 및 차류,커피,100g,35,2.5,,,40g
커피_에스프레소 도피오 핫(HOT),음료 및 차류,커피,100ml,3,0.17,0.05,0.36,591ml
커피_에스프레소 마끼아또,음료 및 차류,커피,100g,30,2.5,,2.5,40g
커피_에스프레소 마끼아또,음료 및 차류,커피,100g,24,1.43,,,35g
커피_에스프레소 마끼아또,음료 및 차류,커피,100g,57,2.86,,,70g
커피_에스프레소 마끼아또 (S),음료 및 차류,커피,100g,57,2.86,,,70g
커피_에스프레소 마끼아또 핫(HOT),음료 및 차류,커피,100ml,35,2.5,,,40ml
커피_에스프레소 마끼야토 핫(HOT),음료 및 차류,커피,100ml,17,1,,,30ml
커피_에스프레소 마키아또 (Solo),음료 및 차류,커피,100g,45,4.55,,,22g
커피_에스프레소 블랙 N2,음료 및 차류,커피,100g,4,0.21,,,280g
커피_에스프레소 콘 파나 (Solo),음료 및 차류,커피,100g,136,0,,,22g
커피_에스프레소 콘파냐,음료 및 차류,커피,100g,80,2,6,4,50g
커피_에스프레소 콘파냐,음료 및 차류,커피,100g,49,1,,,40g
커피_에스프레소 콘파냐 핫(HOT),음료 및 차류,커피,100ml,17,1,,,30ml
커피_에스프레소 콘파냐 핫(HOT),음료 및 차류,커피,100ml,118,2.5,,,40ml
커피_얼그레이 아메리카노 DRIP 아이스(ICED) (J),음료 및 차류,커피,100ml,2,0,,,651ml
커피_얼그레이 아메리카노 DRIP 아이스(ICED) (L),음료 및 차류,커피,100ml,3,0,,,473ml
커피_얼그레이 아메리카노 DRIP 핫(HOT) (J),음료 및 차류,커피,100ml,3,0,,,473ml
커피_얼그레이 아메리카노 DRIP 핫(HOT) (L),음료 및 차류,커피,100ml,3,0,,,414ml
커피_얼그레이 아메리카노 ESP 아이스(ICED) (J),음료 및 차류,커피,100ml,2,0.15,,,651ml
커피_얼그레이 아메리카노 ESP 아이스(ICED) (L),음료 및 차류,커피,100ml,2,0,,,473ml
커피_얼그레이 아메리카노 ESP 핫(HOT) (J),음료 및 차류,커피,100ml,3,0.21,,,473ml
커피_얼그레이 아메리카노 ESP 핫(HOT) (L),음료 및 차류,커피,100ml,3,0,,,414ml
커피_에소프레소 핫(HOT) (더블),음료 및 차류,커피,100g,17,0,,,59g
커피_에소프레소 핫(HOT) (싱글),음료 및 차류,커피,100g,17,0,,,29g
커피_에스프레소,음료 및 차류,커피,100ml,3,0.18,,,113ml
커피_에스프레소,음료 및 차류,커피,100g,17,1,,,30g
커피_에스프레소,음료 및 차류,커피,100ml,20,0,,,25ml
커피_에스프레소,음료 및 차류,커피,100ml,3,0.3,0,0.9,60ml
커피_에스프레소,음료 및 차류,커피,100ml,33,0,0,6.67,45ml
커피_에스프레소,음료 및 차류,커피,100ml,17,1,,,30ml
커피_에스프레소 (L),음료 및 차류,커피,100ml,27,1.67,,,60ml
커피_에스프레소 (L),음료 및 차류,커피,100g,35,1.67,,,60g
커피_에스프레소 (R),음료 및 차류,커피,100ml,27,1.67,,,30ml
커피_아인슈페너 핫(HOT),음료 및 차류,커피,100g,25,0.24,,,414g
커피_아인슈페너 핫(HOT) (R),음료 및 차류,커피,100g,62,0.56,,,360g
커피_아포가또 (S),음료 및 차류,커피,100g,120,2.48,,,121g
커피_아포가토,음료 및 차류,커피,100g,181,3.3,10.32,18.64,155g
커피_아포가토,음료 및 차류,커피,100g,103,1.52,,,105g
커피_아포가토,음료 및 차류,커피,100ml,138,2.67,,,150ml
커피_아포가토,음료 및 차류,커피,100g,217,5.46,,,130g
커피_아포가토,음료 및 차류,커피,100g,90,2.48,1.84,,80g
커피_아포가토,음료 및 차류,커피,100g,82,0.13,,,151g
커피_아포가토 (R),음료 및 차류,커피,100g,102,0.85,,,130g
커피_아포가토 오리지널,음료 및 차류,커피,100g,117,1.99,,,151g
커피_아포카토,음료 및 차류,커피,100g,114,1.67,,,120g
커피_아포카토,음료 및 차류,커피,100ml,90,2.46,,,130ml
커피_앗메리카노 아이스(ICED),음료 및 차류,커피,100g,2,0,,,625g
커피_앗메리카노 아이스(ICED) 빽사이즈,음료 및 차류,커피,100g,2,0.42,,,950g
커피_앗메리카노 핫(HOT),음료 및 차류,커피,100g,4,0,,,400g
커피_약과 크림커피 아이스(ICED),음료 및 차류,커피,100g,86,1.52,,,591g
커피_약과 크림커피 핫(HOT),음료 및 차류,커피,100g,93,1.86,,,591g
커피_어른커피,음료 및 차류,커피,100g,51,0.1,1.68,8.78,100g
커피_아이스크림 카페 라떼 아이스(ICED),음료 및 차류,커피,100ml,50,1.55,,,710ml
커피_아이스크림 카페모카 아이스(ICED),음료 및 차류,커피,100ml,72,2.25,,,710ml
커피_아이스크림카페 라떼 아이스(ICED) (L),음료 및 차류,커피,100g,44,1.27,,,473g
커피_아이스크림카페 라떼 아이스(ICED) (Max),음료 및 차류,커피,100g,47,1.35,,,591g
커피_아이스크림카페 라떼 아이스(ICED) (R),음료 및 차류,커피,100g,54,1.41,,,355g
커피_아인슈페너,음료 및 차류,커피,100g,69,0.33,,,300g
커피_아인슈페너 라떼 아이스(ICED),음료 및 차류,커피,100ml,60,1.33,,,414ml
커피_아인슈페너 라떼 아이스(ICED),음료 및 차류,커피,100ml,51,1.01,2.53,5.8,591ml
커피_아인슈페너 아이스(ICED),음료 및 차류,커피,100ml,128,1.33,,,600ml
커피_아인슈페너 아이스(ICED),음료 및 차류,커피,100ml,43,0.46,,,414ml
커피_아인슈페너 아이스(ICED),음료 및 차류,커피,100g,23,0.17,,,591g
커피_아인슈페너 아이스(ICED),음료 및 차류,커피,100g,25,0.24,,,414g
커피_아인슈페너 아이스(ICED),음료 및 차류,커피,100ml,32,0.25,1.51,4.19,591ml
커피_아인슈페너 아이스(ICED),음료 및 차류,커피,100g,60,1.26,,,414g
커피_아인슈페너 아이스(ICED),음료 및 차류,커피,100ml,83,1.39,,,360ml
커피_아인슈페너 아이스(ICED) (R),음료 및 차류,커피,100g,60,0.56,,,360g
커피_아인슈페너 아이스(ICED) (하프벤티),음료 및 차류,커피,100ml,120,1.43,,,420ml
커피_아인슈페너 핫(HOT),음료 및 차류,커피,100g,21,0.15,,,650g
커피_아인슈페너 핫(HOT),음료 및 차류,커피,100g,115,1.69,,,414g
커피_아메리카노 핫(HOT) (R),음료 및 차류,커피,100g,4,0.21,,,355g
커피_아메리카노 핫(HOT) (R),음료 및 차류,커피,100g,3,0.28,,,360g
커피_아메리카노 핫(HOT) (R),음료 및 차류,커피,100ml,6,0.37,,,355ml
커피_아메리카노 핫(HOT) (R),음료 및 차류,커피,100ml,4,0.21,,,473ml
커피_아메리카노 핫(HOT) (R),음료 및 차류,커피,100g,11,0.03,,,340g
커피_아메리카노 핫(HOT) (R),음료 및 차류,커피,100g,4,0.27,,,370g
커피_아메리카노 핫(HOT) (S),음료 및 차류,커피,100ml,4,0.28,,,354ml
커피_아메리카노 핫(HOT) (XL),음료 및 차류,커피,100g,3,0.21,,,560g
커피_아메리카노 핫(HOT) 빅사이즈,음료 및 차류,커피,100g,3,0.16,,,505g
커피_아메리키토 아이스(ICED) (Max),음료 및 차류,커피,100g,4,0.29,,,591g
커피_아몬드 라떼 아이스(ICED),음료 및 차류,커피,100g,41,1.34,,,591g
커피_아몬드 라떼 아이스(ICED),음료 및 차류,커피,100ml,40,1.39,,,591ml
커피_아몬드 라떼 핫(HOT),음료 및 차류,커피,100g,62,2.18,,,473g
커피_아몬드 라떼 핫(HOT),음료 및 차류,커피,100ml,60,2.24,,,473ml
커피_아몬드 비엔나 커피,음료 및 차류,커피,100g,24,0.26,,,385g
커피_아몬드 크림 콜드브루,음료 및 차류,커피,100g,17,0.34,,,595g
커피_아이스크림 라떼 아이스(ICED),음료 및 차류,커피,100ml,62,0.83,,,600ml
커피_아이스크림 바닐라 라떼 아이스(ICED),음료 및 차류,커피,100ml,73,1.55,,,710ml
커피_아이스크림 카페 라떼,음료 및 차류,커피,100ml,60,1.45,,,414ml
커피_아메리카노 핫(HOT),음료 및 차류,커피,100g,3,0.19,,,320g
커피_아메리카노 핫(HOT),음료 및 차류,커피,100ml,2,0,,,710ml
커피_아메리카노 핫(HOT),음료 및 차류,커피,100ml,0,0.04,0,0.11,500ml
커피_아메리카노 핫(HOT),음료 및 차류,커피,100ml,1,0.08,,,360ml
커피_아메리카노 핫(HOT),음료 및 차류,커피,100g,3,0.15,,,390g
커피_아메리카노 핫(HOT),음료 및 차류,커피,100ml,3,0.21,,,473ml
커피_아메리카노 핫(HOT),음료 및 차류,커피,100ml,3,0,,,473ml
커피_아메리카노 핫(HOT),음료 및 차류,커피,100ml,1,0.08,,,360ml
커피_아메리카노 핫(HOT),음료 및 차류,커피,100ml,3,0,0,0.51,591ml
커피_아메리카노 핫(HOT),음료 및 차류,커피,100g,4,0.5,,0.5,400g
커피_아메리카노 핫(HOT) (EX),음료 및 차류,커피,100g,2,0.19,,,651g
커피_아메리카노 핫(HOT) (J),음료 및 차류,커피,100g,1,0,,,473g
커피_아메리카노 핫(HOT) (L),음료 및 차류,커피,100g,4,0.43,,,470g
커피_아메리카노 핫(HOT) (L),음료 및 차류,커피,100g,19,0.05,,,400g
커피_아메리카노 핫(HOT) (L),음료 및 차류,커피,100g,3,0.21,,,390g
커피_아메리카노 핫(HOT) (L),음료 및 차류,커피,100ml,6,0.38,,,473ml
커피_아메리카노 핫(HOT) (L),음료 및 차류,커피,100g,1,0,,,414g
커피_아메리카노 핫(HOT) (L),음료 및 차류,커피,100g,4,0.44,,,450g
커피_아메리카노 핫(HOT) (L),음료 및 차류,커피,100g,4,0.21,,,473g
커피_아메리카노 아이스(ICED) (V),음료 및 차류,커피,100g,4,0.35,,,580g
커피_아메리카노 아이스(ICED) (V),음료 및 차류,커피,100ml,4,0.17,,,576ml
커피_아메리카노 아이스(ICED) (XL),음료 및 차류,커피,100g,3,0.21,,,630g
커피_아메리카노 아이스(ICED) (더벤티),음료 및 차류,커피,100ml,2,0.1,,,960ml
커피_아메리카노 아이스(ICED) 빅사이즈,음료 및 차류,커피,100g,2,0.13,,,610g
커피_아메리카노 아이스(ICED) 빽사이즈,음료 및 차류,커피,100ml,2,0.42,0,0,946ml
커피_아메리카노 프리미엄마일드 (K(코끼리)),음료 및 차류,커피,100ml,2,0.62,0,0,650ml
커피_아메리카노 프리미엄마일드 (L),음료 및 차류,커피,100ml,2,0.21,0,0,473ml
커피_아메리카노 프리미엄마일드 (R),음료 및 차류,커피,100ml,2,0.28,0,0,355ml
커피_아메리카노 핫(HOT),음료 및 차류,커피,100g,2,0.15,,,414g
커피_아메리카노 핫(HOT),음료 및 차류,커피,100g,1,0,,,385g
커피_아메리카노 핫(HOT),음료 및 차류,커피,100g,0,0,,,360g
커피_아메리카노 핫(HOT),음료 및 차류,커피,100g,2,0.28,,,355g
커피_아메리카노 핫(HOT),음료 및 차류,커피,100g,2,0.15,,,473g
커피_아메리카노 핫(HOT),음료 및 차류,커피,100g,3,0,,,340g
커피_아메리카노 핫(HOT),음료 및 차류,커피,100ml,3,0.28,,,354ml
커피_아메리카노 핫(HOT),음료 및 차류,커피,100ml,2,0.17,,,600ml
커피_아메리카노 핫(HOT),음료 및 차류,커피,100ml,4,0.23,,,473ml
커피_아메리카노 핫(HOT),음료 및 차류,커피,100ml,2,0.15,0.02,0.34,591ml
커피_아메리카노 아이스(ICED),음료 및 차류,커피,100ml,2,0,,,710ml
커피_아메리카노 아이스(ICED),음료 및 차류,커피,100ml,2,0.17,,,591ml
커피_아메리카노 아이스(ICED),음료 및 차류,커피,100g,3,0.15,,,410g
커피_아메리카노 아이스(ICED) (EX),음료 및 차류,커피,100g,2,0.19,,,651g
커피_아메리카노 아이스(ICED) (J),음료 및 차류,커피,100g,1,0.15,,,651g
커피_아메리카노 아이스(ICED) (L),음료 및 차류,커피,100g,1,0,,,473g
커피_아메리카노 아이스(ICED) (L),음료 및 차류,커피,100g,3,0.2,,,410g
커피_아메리카노 아이스(ICED) (L),음료 및 차류,커피,100g,4,0.22,,,450g
커피_아메리카노 아이스(ICED) (L),음료 및 차류,커피,100g,4,0.43,,,470g
커피_아메리카노 아이스(ICED) (L),음료 및 차류,커피,100ml,4,0.17,,,473ml
커피_아메리카노 아이스(ICED) (L),음료 및 차류,커피,100g,4,0.3,,,473g
커피_아메리카노 아이스(ICED) (L),음료 및 차류,커피,100g,16,0.04,,,450g
커피_아메리카노 아이스(ICED) (R),음료 및 차류,커피,100ml,3,0.21,,,473ml
커피_아메리카노 아이스(ICED) (R),음료 및 차류,커피,100g,4,0.27,,,370g
커피_아메리카노 아이스(ICED) (R),음료 및 차류,커피,100g,4,0.31,,,355g
커피_아메리카노 아이스(ICED) (R),음료 및 차류,커피,100g,3,0.28,,,360g
커피_아메리카노 아이스(ICED) (R),음료 및 차류,커피,100g,9,0.03,,,400g
커피_아메리카노 아이스(ICED) (R),음료 및 차류,커피,100ml,4,0.17,,,415ml
커피_아메리카노 아이스(ICED) (S),음료 및 차류,커피,100ml,3,0.28,,,354ml
커피_아메리카노 디카페인 (R),음료 및 차류,커피,100ml,2,0.28,0,0,355ml
커피_아메리카노 마일드 그린 아이스(ICED) (K(코끼리)),음료 및 차류,커피,100g,2,0.62,,,650g
커피_아메리카노 마일드 그린 아이스(ICED) (L),음료 및 차류,커피,100g,2,0.21,,,473g
커피_아메리카노 마일드 그린 아이스(ICED) (R),음료 및 차류,커피,100g,2,0.28,,,355g
커피_아메리카노 마일드 그린 핫(HOT) (K(코끼리)),음료 및 차류,커피,100g,2,0.62,,,650g
커피_아메리카노 아이스(ICED),음료 및 차류,커피,100g,0,0,,,360g
커피_아메리카노 아이스(ICED),음료 및 차류,커피,100ml,3,0.28,,,354ml
커피_아메리카노 아이스(ICED),음료 및 차류,커피,100ml,2,0.17,,,600ml
커피_아메리카노 아이스(ICED),음료 및 차류,커피,100ml,3,0.19,,,473ml
커피_아메리카노 아이스(ICED),음료 및 차류,커피,100ml,2,0.14,0.03,0.23,710ml
커피_아메리카노 아이스(ICED),음료 및 차류,커피,100g,2,0.13,,,480g
커피_아메리카노 아이스(ICED),음료 및 차류,커피,100ml,2,0,,,651ml
커피_아메리카노 아이스(ICED),음료 및 차류,커피,100ml,0,0.03,0,0.08,650ml
커피_아메리카노 아이스(ICED),음료 및 차류,커피,100ml,1,0.07,,,420ml
커피_아메리카노 아이스(ICED),음료 및 차류,커피,100g,2,0,,,440g
커피_아메리카노 아이스(ICED),음료 및 차류,커피,100g,2,0.12,,,591g
커피_아메리카노 아이스(ICED),음료 및 차류,커피,100g,2,0.28,,,355g
커피_아메리카노 아이스(ICED),음료 및 차류,커피,100ml,3,0,0,0.51,591ml
커피_아메리카노 아이스(ICED),음료 및 차류,커피,100ml,1,0.08,,,360ml
얼갈이 된장국,국 및 탕류,얼갈이 된장국,100ml,10,0.8,0.26,1.49,300ml
커피_아메리카노 I’m B 아이스(ICED) (M),음료 및 차류,커피,100g,1,0.05,,,591g
커피_아메리카노 I’m B 핫(HOT) (L),음료 및 차류,커피,100g,0,0.03,,,946g
커피_아메리카노 I’m B 핫(HOT) (M),음료 및 차류,커피,100g,1,0.07,,,591g
커피_아메리카노 I’m D 아이스(ICED) (L),음료 및 차류,커피,100g,1,0.1,,,946g
커피_아메리카노 I’m D 아이스(ICED) (M),음료 및 차류,커피,100g,1,0.05,,,591g
커피_아메리카노 I’m D 핫(HOT) (L),음료 및 차류,커피,100g,1,0.03,,,946g
커피_아메리카노 I’m D 핫(HOT) (M),음료 및 차류,커피,100g,1,0.08,,,591g
커피_아메리카노 다크로스트 (K(코끼리)),음료 및 차류,커피,100ml,2,0.62,0,0,650ml
커피_아메리카노 다크로스트 (L),음료 및 차류,커피,100ml,2,0.21,0,0,473ml
커피_아메리카노 다크로스트 (R),음료 및 차류,커피,100ml,2,0.28,0,0,355ml
커피_아메리카노 다크퍼플 아이스(ICED) (K(코끼리)),음료 및 차류,커피,100g,2,0.62,,,650g
커피_아메리카노 다크퍼플 아이스(ICED) (L),음료 및 차류,커피,100g,2,0.21,,,473g
커피_아메리카노 다크퍼플 아이스(ICED) (R),음료 및 차류,커피,100g,2,0.28,,,355g
커피_아메리카노 다크퍼플 핫(HOT) (K(코끼리)),음료 및 차류,커피,100g,2,0.62,,,650g
커피_아메리카노 다크퍼플 핫(HOT) (L),음료 및 차류,커피,100g,2,0.21,,,473g
커피_아메리카노 다크퍼플 핫(HOT) (R),음료 및 차류,커피,100g,2,0.28,,,355g
커피_아메리카노 디카페인 (K(코끼리)),음료 및 차류,커피,100ml,2,0.62,0,0,650ml
커피_아메리카노 디카페인 (L),음료 및 차류,커피,100ml,2,0.21,0,0,473ml
커피_싱글오리진 콜롬비아,음료 및 차류,커피,100g,3,0.32,,0.65,310g
커피_싱글오리진 콜롬비아 아이스(ICED),음료 및 차류,커피,100g,2,0.21,,0.43,470g
커피_아메리치노 라떼 아이스(ICED),음료 및 차류,커피,100g,49,1.78,,6.67,450g
커피_아메리치노 아이스(ICED),음료 및 차류,커피,100g,3,0.49,,0.49,410g
커피_아메리카노,음료 및 차류,커피,100g,4,0.18,,,100g
커피_아메리카노,음료 및 차류,커피,100ml,0,0,,,360ml
커피_아메리카노,음료 및 차류,커피,100g,6,0.37,0.02,,360g
커피_아메리카노,음료 및 차류,커피,100g,2,0.12,0.05,0.38,100g
커피_아메리카노,음료 및 차류,커피,100g,4,0.23,0.03,0.66,100g
커피_아메리카노 1리터,음료 및 차류,커피,100g,4,0.18,,,100g
커피_아메리카노 DRIP 아이스(ICED) (J),음료 및 차류,커피,100ml,3,0.15,,,651ml
커피_아메리카노 DRIP 아이스(ICED) (L),음료 및 차류,커피,100ml,3,0,,,473ml
커피_아메리카노 DRIP 핫(HOT) (J),음료 및 차류,커피,100ml,4,0.21,,,473ml
커피_아메리카노 DRIP 핫(HOT) (L),음료 및 차류,커피,100ml,4,0,,,414ml
커피_아메리카노 ESP 아이스(ICED) (J),음료 및 차류,커피,100ml,2,0.15,,,651ml
커피_아메리카노 ESP 아이스(ICED) (L),음료 및 차류,커피,100ml,2,0,,,473ml
커피_아메리카노 ESP 핫(HOT) (J),음료 및 차류,커피,100ml,3,0.21,,,473ml
커피_아메리카노 ESP 핫(HOT) (L),음료 및 차류,커피,100ml,2,0,,,414ml
커피_아메리카노 I’m B 아이스(ICED) (L),음료 및 차류,커피,100g,1,0.08,,,946g
커피_시나몬 라떼 핫(HOT),음료 및 차류,커피,100ml,73,2.02,2.76,9.7,500ml
커피_시나몬 카페 라떼 아이스(ICED),음료 및 차류,커피,100ml,45,1.48,,,473ml
커피_시나몬 카페 라떼 핫(HOT),음료 및 차류,커피,100ml,68,2.11,,,473ml
커피_시나몬 크림 모카 (L),음료 및 차류,커피,100g,87,2.72,,,339g
커피_시나몬 크림 모카 (R),음료 및 차류,커피,100g,90,2.79,,,251g
커피_신촌 라떼 아이스(ICED),음료 및 차류,커피,100ml,108,3.14,,,414ml
커피_신촌 라떼 핫(HOT),음료 및 차류,커피,100ml,108,3.14,,,414ml
커피_싱글오리진 동티모르,음료 및 차류,커피,100g,3,0.32,,0.65,310g
커피_싱글오리진 동티모르 아이스(ICED),음료 및 차류,커피,100g,2,0.21,,0.43,470g
커피_싱글오리진 디카페인,음료 및 차류,커피,100g,3,0.32,,0.65,310g
커피_싱글오리진 디카페인 아이스(ICED),음료 및 차류,커피,100g,2,0.21,,0.43,470g
커피_싱글오리진 스페셜티,음료 및 차류,커피,100g,3,0.32,,0.65,310g
커피_싱글오리진 스페셜티 아이스(ICED),음료 및 차류,커피,100g,2,0.21,,0.43,470g
커피_싱글오리진 시다모,음료 및 차류,커피,100g,3,0.32,,0.65,310g
커피_싱글오리진 시다모 아이스(ICED),음료 및 차류,커피,100g,2,0.21,,0.43,470g
커피_싱글오리진 예가체프,음료 및 차류,커피,100g,3,0.32,,0.65,310g
커피_싱글오리진 예가체프 아이스(ICED),음료 및 차류,커피,100g,2,0.21,,0.43,470g
커피_싱글오리진 케냐 AA,음료 및 차류,커피,100g,3,0.32,,0.65,310g
커피_싱글오리진 케냐AA 아이스(ICED),음료 및 차류,커피,100g,2,0.21,,0.43,470g
커피_시그니처 콜드브루 모카 프라페노 (L),음료 및 차류,커피,100g,75,1.11,,,450g
커피_시그니처 콜드브루 모카 프라페노 (R),음료 및 차류,커피,100g,75,1.11,,,360g
커피_시그니처 콜드브루 바닐라 플로트 (R),음료 및 차류,커피,100g,70,1.39,,,360g
커피_시그니처 콜드브루 브라운 슈가 버블 라떼 (R),음료 및 차류,커피,100g,70,1.39,,,360g
커피_시그니처 콜드브루 오리지널 프라페노 (L),음료 및 차류,커피,100g,65,0.89,,,450g
커피_시그니처 콜드브루 오리지널 프라페노 (R),음료 및 차류,커피,100g,65,0.83,,,360g
커피_시그니처 콜드브루 카라멜 마끼아또 (L),음료 및 차류,커피,100g,32,1.56,,,450g
커피_시그니처 콜드브루 카라멜 마끼아또 (R),음료 및 차류,커피,100g,39,1.67,,,360g
커피_시그니처 콜드브루 카라멜 프라페노 (L),음료 및 차류,커피,100g,74,0.89,,,450g
커피_시그니처 콜드브루 카라멜 프라페노 (R),음료 및 차류,커피,100g,74,0.83,,,360g
커피_시그니처 콜드브루 티라미수 젤라또 프라페노 (R),음료 및 차류,커피,100g,129,1.94,,,360g
커피_시그니처 콜드브루 헤이즐넛 라떼 (L),음료 및 차류,커피,100g,43,1.56,,,450g
커피_시그니처 콜드브루 헤이즐넛 라떼 (R),음료 및 차류,커피,100g,43,1.39,,,360g
커피_시그니처 크림 커피 아이스(ICED) (R),음료 및 차류,커피,100g,32,0.81,,,370g
커피_시그니처아메리카노 아이스(ICED),음료 및 차류,커피,100g,0,0.02,0,0.12,650g
커피_시그니처아메리카노 핫(HOT),음료 및 차류,커피,100g,1,0.02,0,0.15,500g
커피_시그니처콜드브루 아이스(ICED),음료 및 차류,커피,100g,2,0.14,0.02,0.35,650g
커피_시나몬 라떼 아이스(ICED),음료 및 차류,커피,100ml,46,1.12,1.54,6.73,650ml
얼갈이 된장국,국 및 탕류,얼갈이 된장국,100ml,14,1,0.42,1.76,200ml
커피_스페셜티 카페 라떼 (R),음료 및 차류,커피,100g,55,2.72,1.75,,360g
커피_스페셜티 카페모카 (R),음료 및 차류,커피,100g,80,2.6,1.62,,360g
커피_스페셜티 카푸치노 (R),음료 및 차류,커피,100g,56,2.78,1.8,,360g
커피_시그니처 더 블랙 콜드 브루 보틀,음료 및 차류,커피,100g,5,0,,,500g
커피_시그니처 라떼 아이스(ICED) (EX),음료 및 차류,커피,100ml,75,1.18,,,680ml
커피_시그니처 라떼 핫(HOT) (EX),음료 및 차류,커피,100ml,90,1.38,,,651ml
커피_시그니처 라떼 핫(HOT) (L),음료 및 차류,커피,100ml,84,1.32,,,532ml
커피_시그니처 바닐라빈 라떼 아이스(ICED) (L),음료 및 차류,커피,100ml,44,1.1,,6.7,1000m
커피_시그니처 바닐라빈 라떼 아이스(ICED) (ML),음료 및 차류,커피,100ml,42,0.99,,6.34,710ml
커피_시그니처 바닐라빈 라떼 핫(HOT),음료 및 차류,커피,100ml,52,1.55,,7.18,710ml
커피_시그니처 아메리카노 아이스(ICED),음료 및 차류,커피,100ml,0,0.02,0,0.12,650ml
커피_시그니처 아메리카노 핫(HOT),음료 및 차류,커피,100ml,1,0.02,0,0.15,500ml
커피_시그니처 콜드브루 (L),음료 및 차류,커피,100g,3,0.22,,,450g
커피_시그니처 콜드브루 (R),음료 및 차류,커피,100g,3,0,,,360g
커피_시그니처 콜드브루 라떼 (L),음료 및 차류,커피,100g,29,1.33,,,450g
커피_시그니처 콜드브루 라떼 (R),음료 및 차류,커피,100g,31,1.39,,,360g
커피_시그니처 콜드브루 라일락 바닐라빈 라떼 (L),음료 및 차류,커피,100g,69,1.78,,,450g
커피_시그니처 콜드브루 라일락 바닐라빈 라떼 (R),음료 및 차류,커피,100g,63,1.67,,,360g
커피_솔티카라멜크림 라떼 아이스(ICED) (S),음료 및 차류,커피,100g,77,1.69,,,414g
커피_숏카페 라떼 아이스(ICED) (Short),음료 및 차류,커피,100g,34,1.35,,,296g
커피_숏카페 라떼 핫(HOT) (Short),음료 및 차류,커피,100g,41,1.69,,,296g
커피_슈크림 젤라또 카페 라떼 아이스(ICED) (L),음료 및 차류,커피,100g,57,1.85,,,540g
커피_슈크림 젤라또 카페 라떼 아이스(ICED) (R),음료 및 차류,커피,100g,63,2,,,400g
커피_스위티 소금 라떼 아이스(ICED),음료 및 차류,커피,100ml,48,1.13,1.46,7.4,650ml
커피_스위티 소금 라떼 핫(HOT),음료 및 차류,커피,100ml,78,2.14,2.8,10.75,500ml
커피_스타벅스 돌체 라떼 아이스(ICED) (Tall),음료 및 차류,커피,100g,65,2.82,,,355g
커피_스타벅스 돌체 라떼 핫(HOT) (Tall),음료 및 차류,커피,100g,72,3.38,,,355g
커피_스파클링 시트러스 에스프레소 (Tall),음료 및 차류,커피,100g,18,0,,,355g
커피_스페니쉬연유카페 라떼 아이스(ICED) (L),음료 및 차류,커피,100g,95,3.59,,,473g
커피_스페니쉬연유카페 라떼 아이스(ICED) (Max),음료 및 차류,커피,100g,90,3.38,,,591g
커피_스페니쉬연유카페 라떼 아이스(ICED) (R),음료 및 차류,커피,100g,85,3.14,,,414g
커피_스페니쉬연유카페 라떼 핫(HOT) (L),음료 및 차류,커피,100g,49,1.9,,,473g
커피_스페니쉬연유카페 라떼 핫(HOT) (R),음료 및 차류,커피,100g,52,1.97,,,355g
커피_스페셜티 바닐라 라떼 (R),음료 및 차류,커피,100g,75,2.51,1.59,,360g
커피_스페셜티 아메리카노 (R),음료 및 차류,커피,100g,6,0.37,0.02,,360g
커피_스페셜티 카라멜마끼아또 (R),음료 및 차류,커피,100g,87,2.51,1.62,,360g
커피_빅바나 디카페인 바닐라 라떼 아이스(ICED),음료 및 차류,커피,100ml,56,1.22,2.54,7,940ml
커피_빅바나 디카페인 카페 라떼 아이스(ICED),음료 및 차류,커피,100ml,30,1.28,1.72,2.26,940ml
커피_빅바나 디카페인 크리미 라떼 아이스(ICED),음료 및 차류,커피,100ml,74,0.86,5.55,4.95,940ml
커피_빅바나 바닐라 라떼 아이스(ICED),음료 및 차류,커피,100ml,56,1.25,2.52,6.99,940ml
커피_빅바나 카페 라떼 아이스(ICED),음료 및 차류,커피,100ml,30,1.32,1.7,2.24,940ml
커피_빅바나 크리미 라떼 아이스(ICED),음료 및 차류,커피,100ml,74,0.9,5.53,4.94,940ml
커피_빅바나 클래식밀크커피 아이스(ICED),음료 및 차류,커피,100ml,36,0.43,0.63,7.13,940ml
커피_빅포즈 아메리카노,음료 및 차류,커피,100ml,3,0,0,0.63,946ml
커피_빽’s 카페 라떼 아이스(ICED),음료 및 차류,커피,100g,32,1.6,,,625g
커피_빽’s 카페 라떼 아이스(ICED) 빽사이즈,음료 및 차류,커피,100g,29,1.47,,,950g
커피_빽’s 카페 라떼 핫(HOT),음료 및 차류,커피,100g,84,2.67,,,300g
커피_사케라또 비안코 오버 아이스(ICED) (Tall),음료 및 차류,커피,100g,76,0.85,,,355g
커피_사케라또 아포가토 (Tall),음료 및 차류,커피,100g,82,1.13,,,355g
커피_살인미숫 아이스(ICED),음료 및 차류,커피,100ml,122,3.68,,,570ml
커피_샤케아메리카노 아이스(ICED) (L),음료 및 차류,커피,100ml,2,0.21,0,0,473ml
커피_샥 라떼 아이스(ICED),음료 및 차류,커피,100ml,73,2.19,,,237ml
커피_샷 토피넛 라떼 아이스(ICED),음료 및 차류,커피,100g,78,1.72,,,360g
커피_샷 토피넛 라떼 핫(HOT),음료 및 차류,커피,100g,99,2.56,,,360g
얼갈이 된장국,국 및 탕류,얼갈이 된장국,100ml,13,0.9,0.45,1.72,180ml
커피_블랙펄 카페 라떼 아이스(ICED),음료 및 차류,커피,100ml,60,1.27,,,710ml
커피_블론드 바닐라 더블 샷 마키아또 아이스(ICED) (Tall),음료 및 차류,커피,100g,55,1.41,,,355g
커피_블론드 바닐라 더블 샷 마키아또 핫(HOT) (Tall),음료 및 차류,커피,100g,89,2.25,,,355g
커피_블루밍 콜드브루 (L),음료 및 차류,커피,100g,3,0,,,450g
커피_블루밍 콜드브루 (R),음료 및 차류,커피,100g,3,0,,,360g
커피_블루밍 콜드브루 라떼 (L),음료 및 차류,커피,100g,31,1.33,,,450g
커피_블루밍 콜드브루 라떼 (R),음료 및 차류,커피,100g,31,1.39,,,360g
커피_블루밍 콜드브루 라일락 바닐라빈 라떼 (L),음료 및 차류,커피,100g,69,1.78,,,450g
커피_블루밍 콜드브루 라일락 바닐라빈 라떼 (R),음료 및 차류,커피,100g,62,1.67,,,360g
커피_블루밍 콜드브루 모카 프라페노 (L),음료 및 차류,커피,100g,100,1.11,,,450g
커피_블루밍 콜드브루 모카 프라페노 (R),음료 및 차류,커피,100g,100,1.11,,,360g
커피_블루밍 콜드브루 카라멜 마끼아또 (L),음료 및 차류,커피,100g,51,1.56,,,450g
커피_블루밍 콜드브루 카라멜 마끼아또 (R),음료 및 차류,커피,100g,51,1.39,,,360g
커피_블루스노우모카 아이스(ICED) (L),음료 및 차류,커피,100g,86,1.43,,,580g
커피_블루스노우모카 아이스(ICED) (R),음료 및 차류,커피,100g,79,1.2,,,410g
커피_블루스노우모카 핫(HOT) (L),음료 및 차류,커피,100g,121,2.32,,,475g
커피_블루스노우모카 핫(HOT) (R),음료 및 차류,커피,100g,116,2.36,,,360g
커피_비닐라 라떼 아이스(ICED),음료 및 차류,커피,100g,41,1.11,,,360g
커피_버터스카치폼 아인슈페너 아이스(ICED),음료 및 차류,커피,100g,55,0.44,,,411g
커피_버터스카치폼 아인슈페너 핫(HOT),음료 및 차류,커피,100g,63,0.53,,,361g
커피_베네캣 달고나 라떼 아이스(ICED) (R),음료 및 차류,커피,100g,71,1.39,,,360g
커피_베네캣 달고나 라떼 핫(HOT) (R),음료 및 차류,커피,100g,103,2.5,,,360g
커피_베트남 연유 커피 아이스(ICED),음료 및 차류,커피,100g,59,0.64,,,591g
커피_베트남 연유 커피 아이스(ICED),음료 및 차류,커피,100ml,78,0.85,,,591ml
커피_베트남 연유 커피 핫(HOT),음료 및 차류,커피,100ml,76,0.89,,,473ml
커피_벨벳 다크 모카 나이트로 (Tall),음료 및 차류,커피,100g,42,0.56,,,355g
커피_브라운슈가 버블 라떼,음료 및 차류,커피,100g,89,1.44,,,550g
커피_브라질 만티게이라 BSCA,음료 및 차류,커피,100g,1,0.06,,,320g
커피_브루잉 블라썸,음료 및 차류,커피,100g,3,0.33,,0.67,300g
커피_브루잉 블랙와인,음료 및 차류,커피,100g,3,0.33,,0.67,300g
커피_브루잉 아리차,음료 및 차류,커피,100g,3,0.33,,0.67,300g
커피_브루잉 케냐AA,음료 및 차류,커피,100g,3,0.33,,0.67,300g
커피_브루잉 콜롬비아,음료 및 차류,커피,100g,3,0.33,,0.67,300g
커피_블랙아리아 딥라떼 아이스(ICED),음료 및 차류,커피,100ml,27,1.41,,,354ml
커피_블랙아리아 딥라떼 핫(HOT),음료 및 차류,커피,100ml,47,2.26,,,354ml
커피_블랙아리아 아메리카노 아이스(ICED),음료 및 차류,커피,100ml,3,0,,,354ml
커피_블랙아리아 아메리카노 핫(HOT),음료 및 차류,커피,100ml,3,0,,,354ml
얼갈이 된장국,국 및 탕류,얼갈이 된장국,100ml,11,0.9,0.29,1.56,320ml
커피_바닐라빈 라떼 핫(HOT),음료 및 차류,커피,100g,89,2.9,3.55,11.29,310g
커피_바닐라빈 라떼 핫(HOT),음료 및 차류,커피,100ml,51,1.38,,,651ml
커피_바닐라빈 오트 콜드브루 라떼 아이스(ICED) (L),음료 및 차류,커피,100ml,59,0.95,,,473ml
커피_바닐라빈 오트 콜드브루 라떼 아이스(ICED) (R),음료 및 차류,커피,100ml,53,0.82,,,415ml
커피_바닐라아메리카노 아이스(ICED),음료 및 차류,커피,100g,17,0.11,,,710g
커피_바닐라아메리카노 핫(HOT),음료 및 차류,커피,100g,14,0.15,,,591g
커피_바닐라카페 라떼 아이스(ICED) (L),음료 및 차류,커피,100g,45,1.27,,,473g
커피_바닐라카페 라떼 아이스(ICED) (Max),음료 및 차류,커피,100g,42,1.18,,,591g
커피_바닐라카페 라떼 아이스(ICED) (R),음료 및 차류,커피,100g,48,1.41,,,355g
커피_바닐라카페 라떼 핫(HOT) (L),음료 및 차류,커피,100g,66,2.11,,,473g
커피_바닐라카페 라떼 핫(HOT) (R),음료 및 차류,커피,100g,63,1.97,,,355g
커피_바닐라크림 콜드브루 (Venti),음료 및 차류,커피,100ml,50,0.39,,,650ml
커피_바닐라크림 콜드브루 아이스(ICED),음료 및 차류,커피,100ml,66,1.02,,,591ml
커피_바닐라크림콜드브루 아이스(ICED),음료 및 차류,커피,100ml,44,0.33,,,600ml
커피_바닐라크림콜드브루 아이스(ICED) (더벤티),음료 및 차류,커피,100ml,51,0.31,,,960ml
커피_버블흑당콜드브루,음료 및 차류,커피,100g,65,1.21,,,414g
커피_버터스카치 라떼 아이스(ICED),음료 및 차류,커피,100g,102,1.46,5.85,10.73,410g
커피_버터스카치 라떼 핫(HOT),음료 및 차류,커피,100g,99,1.71,5.85,9.76,410g
커피_바닐라다크리카노 핫(HOT),음료 및 차류,커피,100g,25,0.17,,,591g
커피_바닐라딜라이트 아이스(ICED),음료 및 차류,커피,100g,59,1.69,,,354g
커피_바닐라딜라이트 핫(HOT),음료 및 차류,커피,100g,72,2.82,,,354g
커피_바닐라딥 라떼 아이스(ICED),음료 및 차류,커피,100g,52,1.52,,,591g
커피_바닐라딥 라떼 핫(HOT),음료 및 차류,커피,100g,63,1.86,,,591g
커피_바닐라딥라떼 아이스(ICED),음료 및 차류,커피,100ml,57,1.5,,,600ml
커피_바닐라딥라떼 아이스(ICED) (더벤티),음료 및 차류,커피,100ml,68,1.67,,,960ml
커피_바닐라딥라떼 핫(HOT),음료 및 차류,커피,100ml,67,1.83,,,600ml
커피_바닐라라떼 디카페인 (K(코끼리)),음료 및 차류,커피,100ml,75,2.92,,,650ml
커피_바닐라라떼 디카페인 (L),음료 및 차류,커피,100ml,75,2.96,,,473ml
커피_바닐라라떼 디카페인 (R),음료 및 차류,커피,100ml,75,2.82,,,355ml
커피_바닐라빈 골든 라떼 아이스(ICED) (L),음료 및 차류,커피,100g,52,1.73,,,520g
커피_바닐라빈 골든 라떼 아이스(ICED) (R),음료 및 차류,커피,100g,46,1.54,,,390g
커피_바닐라빈 골든 라떼 핫(HOT) (L),음료 및 차류,커피,100g,86,2.43,,,370g
커피_바닐라빈 골든 라떼 핫(HOT) (R),음료 및 차류,커피,100g,80,2.67,,,300g
커피_바닐라빈 더블샷 라떼 아이스(ICED),음료 및 차류,커피,100ml,44,1.27,,,473ml
커피_바닐라빈 더블샷 라떼 핫(HOT),음료 및 차류,커피,100ml,53,1.76,,,473ml
커피_바닐라빈 라떼 아이스(ICED),음료 및 차류,커피,100ml,50,1.18,,,591ml
커피_바닐라빈 라떼 아이스(ICED),음료 및 차류,커피,100g,64,1.95,2.44,8.29,410g
커피_바닐라 카페 라떼 ESP 아이스(ICED) (J),음료 및 차류,커피,100ml,53,1.54,,,651ml
커피_바닐라 카페 라떼 ESP 아이스(ICED) (L),음료 및 차류,커피,100ml,53,1.48,,,473ml
커피_바닐라 카페 라떼 ESP 핫(HOT) (J),음료 및 차류,커피,100ml,66,1.69,,,473ml
커피_바닐라 카페 라떼 ESP 핫(HOT) (L),음료 및 차류,커피,100ml,65,1.69,,,414ml
커피_바닐라 카페 라떼 아이스(ICED),음료 및 차류,커피,100g,46,1.3,,7.39,460g
커피_바닐라 카페 라떼 아이스(ICED),음료 및 차류,커피,100g,89,2.22,,,270g
커피_바닐라 카페 라떼 아이스(ICED),음료 및 차류,커피,100g,41,1.19,,,480g
커피_바닐라 카페 라떼 아이스(ICED) (J),음료 및 차류,커피,100g,49,1.69,,,651g
커피_바닐라 카페 라떼 아이스(ICED) (L),음료 및 차류,커피,100g,49,1.69,,,473g
커피_바닐라 카페 라떼 핫(HOT),음료 및 차류,커피,100g,89,2.22,,,270g
커피_바닐라 카페 라떼 핫(HOT),음료 및 차류,커피,100g,84,2.45,,,270g
커피_바닐라 카페 라떼 핫(HOT),음료 및 차류,커피,100g,69,2.34,,10.13,385g
커피_바닐라 카페 라떼 핫(HOT) (J),음료 및 차류,커피,100g,79,2.75,,,473g
커피_바닐라 카페 라떼 핫(HOT) (L),음료 및 차류,커피,100g,79,2.9,,,414g
커피_바닐라 콜드브루 아이스(ICED),음료 및 차류,커피,100ml,42,0.98,1.85,4.97,650ml
커피_바닐라 크림 콜드 브루 (Tall),음료 및 차류,커피,100g,35,0.85,,,355g
커피_바닐라 크림콜드브루 아이스(ICED),음료 및 차류,커피,100g,40,0.17,,,591g
커피_바닐라 플랫 화이트 (Tall),음료 및 차류,커피,100g,62,2.54,,,355g
커피_바닐라다크리카노 아이스(ICED),음료 및 차류,커피,100g,25,0.17,,,591g
커피_바닐라 라떼 핫(HOT) (R),음료 및 차류,커피,100g,77,2.41,,,340g
커피_바닐라 라떼 핫(HOT) (Tall),음료 및 차류,커피,100ml,63,1.95,,,360ml
커피_바닐라 라떼 핫(HOT) (Venti),음료 및 차류,커피,100ml,55,1.25,,,720ml
커피_바닐라 라떼 핫(HOT) 빅사이즈,음료 및 차류,커피,100g,83,2.32,,,462g
커피_바닐라 빈 라떼 아이스(ICED),음료 및 차류,커피,100ml,45,1.59,,,473ml
커피_바닐라 빈 라떼 아이스(ICED) (Tall),음료 및 차류,커피,100g,44,1.41,,,355g
커피_바닐라 빈 라떼 핫(HOT),음료 및 차류,커피,100ml,65,1.95,,,473ml
커피_바닐라 빈 라떼 핫(HOT) (Tall),음료 및 차류,커피,100g,69,2.54,,,355g
커피_바닐라 스타벅스 더블 샷,음료 및 차류,커피,100g,60,0.97,,,207g
커피_바닐라 아메리카노 아이스(ICED),음료 및 차류,커피,100ml,17,0.16,0.16,3.84,710ml
커피_바닐라 아메리카노 핫(HOT),음료 및 차류,커피,100ml,17,0.24,0.14,3.6,591ml
커피_바닐라 아이스크림 라떼 아이스(ICED) (L),음료 및 차류,커피,100ml,66,1.67,,,473ml
커피_바닐라 아이스크림 라떼 아이스(ICED) (R),음료 및 차류,커피,100ml,66,1.69,,,415ml
커피_바닐라 오트 콜드브루,음료 및 차류,커피,100ml,50,0.48,,,414ml
커피_바닐라 카페 라떼,음료 및 차류,커피,100ml,56,1.67,,,360ml
커피_바닐라 카페 라떼 DRIP 아이스(ICED) (J),음료 및 차류,커피,100ml,43,0.92,,,651ml
커피_바닐라 카페 라떼 DRIP 아이스(ICED) (L),음료 및 차류,커피,100ml,43,0.85,,,473ml
커피_바닐라 카페 라떼 DRIP 핫(HOT) (J),음료 및 차류,커피,100ml,63,1.48,,,473ml
커피_바닐라 카페 라떼 DRIP 핫(HOT) (L),음료 및 차류,커피,100ml,57,1.45,,,414ml
커피_바닐라 라떼 핫(HOT),음료 및 차류,커피,100ml,60,2.24,,,473ml
커피_바닐라 라떼 핫(HOT),음료 및 차류,커피,100g,82,2.53,,,296g
커피_바닐라 라떼 핫(HOT) (EX),음료 및 차류,커피,100ml,73,2.3,,,651ml
커피_바닐라 라떼 핫(HOT) (Grande),음료 및 차류,커피,100ml,61,1.67,,,480ml
커피_바닐라 라떼 핫(HOT) (K(코끼리)),음료 및 차류,커피,100g,75,2.92,,,650g
커피_바닐라 라떼 핫(HOT) (L),음료 및 차류,커피,100g,65,2.31,,,390g
커피_바닐라 라떼 핫(HOT) (L),음료 및 차류,커피,100g,47,1.51,,,946g
커피_바닐라 라떼 핫(HOT) (L),음료 및 차류,커피,100g,61,2,,,450g
커피_바닐라 라떼 핫(HOT) (L),음료 및 차류,커피,100g,75,2.96,,,473g
커피_바닐라 라떼 핫(HOT) (L),음료 및 차류,커피,100g,110,3.7,,,400g
커피_바닐라 라떼 핫(HOT) (L),음료 및 차류,커피,100ml,57,1.88,,,532ml
커피_바닐라 라떼 핫(HOT) (L),음료 및 차류,커피,100ml,75,2.52,,,473ml
커피_바닐라 라떼 핫(HOT) (M),음료 및 차류,커피,100g,50,1.71,,,591g
커피_바닐라 라떼 핫(HOT) (ML),음료 및 차류,커피,100ml,44,1.41,,2.39,710ml
커피_바닐라 라떼 핫(HOT) (Mini Venti),음료 및 차류,커피,100ml,59,1.4,,,570ml
커피_바닐라 라떼 핫(HOT) (R),음료 및 차류,커피,100g,64,2.4,,,300g
커피_바닐라 라떼 핫(HOT) (R),음료 및 차류,커피,100g,75,2.82,,,355g
커피_바닐라 라떼 핫(HOT) (R),음료 및 차류,커피,100g,62,1.94,,,360g
커피_바닐라 라떼 핫(HOT) (R),음료 및 차류,커피,100ml,75,2.51,,,355ml
커피_바닐라 라떼 아이스(ICED) (R),음료 및 차류,커피,100ml,54,1.71,,,415ml
커피_바닐라 라떼 아이스(ICED) (R),음료 및 차류,커피,100g,48,1.15,,,400g
커피_바닐라 라떼 아이스(ICED) (Tall),음료 및 차류,커피,100ml,59,1.39,,,360ml
커피_바닐라 라떼 아이스(ICED) (Venti),음료 및 차류,커피,100ml,50,1.11,,,720ml
커피_바닐라 라떼 아이스(ICED) 빅사이즈,음료 및 차류,커피,100g,51,1.24,,,622g
커피_바닐라 라떼 프리미엄마일드 (K(코끼리)),음료 및 차류,커피,100ml,75,2.92,,,650ml
커피_바닐라 라떼 프리미엄마일드 (L),음료 및 차류,커피,100ml,75,2.96,,,473ml
커피_바닐라 라떼 프리미엄마일드 (R),음료 및 차류,커피,100ml,75,2.82,,,355ml
커피_바닐라 라떼 핫(HOT),음료 및 차류,커피,100ml,46,2,,,360ml
커피_바닐라 라떼 핫(HOT),음료 및 차류,커피,100ml,85,2.25,4.02,9.58,500ml
커피_바닐라 라떼 핫(HOT),음료 및 차류,커피,100ml,40,1.47,1.17,5.85,591ml
커피_바닐라 라떼 핫(HOT),음료 및 차류,커피,100g,42,1.56,,,385g
커피_바닐라 라떼 핫(HOT),음료 및 차류,커피,100g,75,2.58,3.23,9.03,310g
커피_바닐라 라떼 핫(HOT),음료 및 차류,커피,100g,56,1.67,,,360g
커피_바닐라 라떼 핫(HOT),음료 및 차류,커피,100g,62,2.18,,,473g
커피_바닐라 라떼 핫(HOT),음료 및 차류,커피,100ml,67,2.11,,,360ml
커피_바닐라 라떼 핫(HOT),음료 및 차류,커피,100g,61,2.82,,,355g
커피_바닐라 라떼 핫(HOT),음료 및 차류,커피,100g,53,1.99,,,414g
커피_바닐라 라떼 핫(HOT),음료 및 차류,커피,100ml,74,1.9,,,473ml
커피_바닐라 라떼 아이스(ICED),음료 및 차류,커피,100ml,40,1.39,,,591ml
커피_바닐라 라떼 아이스(ICED),음료 및 차류,커피,100g,41,1.08,,,416g
커피_바닐라 라떼 아이스(ICED) (EX),음료 및 차류,커피,100ml,57,1.47,,,680ml
커피_바닐라 라떼 아이스(ICED) (Grande),음료 및 차류,커피,100ml,59,1.46,,,480ml
커피_바닐라 라떼 아이스(ICED) (K(코끼리)),음료 및 차류,커피,100g,75,2.92,,,650g
커피_바닐라 라떼 아이스(ICED) (L),음료 및 차류,커피,100g,40,1.19,,,946g
커피_바닐라 라떼 아이스(ICED) (L),음료 및 차류,커피,100g,59,2.02,,,560g
커피_바닐라 라떼 아이스(ICED) (L),음료 및 차류,커피,100g,52,1.56,,,450g
커피_바닐라 라떼 아이스(ICED) (L),음료 및 차류,커피,100g,75,1.53,,,450g
커피_바닐라 라떼 아이스(ICED) (L),음료 및 차류,커피,100g,75,2.96,,,473g
커피_바닐라 라떼 아이스(ICED) (L),음료 및 차류,커피,100ml,54,1.71,,,473ml
커피_바닐라 라떼 아이스(ICED) (L),음료 및 차류,커피,100ml,33,0.9,,1.6,1000m
커피_바닐라 라떼 아이스(ICED) (L),음료 및 차류,커피,100ml,46,1.5,,,532ml
커피_바닐라 라떼 아이스(ICED) (M),음료 및 차류,커피,100g,39,1.2,,,591g
커피_바닐라 라떼 아이스(ICED) (ML),음료 및 차류,커피,100ml,34,0.85,,1.55,710ml
커피_바닐라 라떼 아이스(ICED) (Mini Venti),음료 및 차류,커피,100ml,52,1.23,,,570ml
커피_바닐라 라떼 아이스(ICED) (R),음료 및 차류,커피,100g,75,2.82,,,355g
커피_바닐라 라떼 아이스(ICED) (R),음료 및 차류,커피,100g,37,1.3,,,415g
커피_바닐라 라떼 아이스(ICED) (R),음료 및 차류,커피,100g,51,1.39,,,360g
커피_바닐라 라떼 (Venti),음료 및 차류,커피,100ml,44,1.16,,,650ml
커피_바닐라 라떼 다크로스트 (K(코끼리)),음료 및 차류,커피,100ml,75,2.92,,,650ml
커피_바닐라 라떼 다크로스트 (L),음료 및 차류,커피,100ml,75,2.96,,,473ml
커피_바닐라 라떼 다크로스트 (R),음료 및 차류,커피,100ml,75,2.82,,,355ml
커피_바닐라 라떼 마끼아또 아이스(ICED) (L),음료 및 차류,커피,100g,45,1.57,,,510g
커피_바닐라 라떼 마끼아또 아이스(ICED) (R),음료 및 차류,커피,100g,47,1.28,,,390g
커피_바닐라 라떼 마끼아또 아이스(ICED) (V),음료 및 차류,커피,100g,66,1.77,,,620g
커피_바닐라 라떼 마끼아또 핫(HOT) (L),음료 및 차류,커피,100g,62,2.35,,,340g
커피_바닐라 라떼 마끼아또 핫(HOT) (R),음료 및 차류,커피,100g,64,2.69,,,260g
커피_바닐라 라떼 아이스(ICED),음료 및 차류,커피,100ml,46,2,,,360ml
커피_바닐라 라떼 아이스(ICED),음료 및 차류,커피,100ml,55,1.3,2.51,6.63,650ml
커피_바닐라 라떼 아이스(ICED),음료 및 차류,커피,100ml,40,1.2,1.12,6.41,591ml
커피_바닐라 라떼 아이스(ICED),음료 및 차류,커피,100g,41,1.34,,,591g
커피_바닐라 라떼 아이스(ICED),음료 및 차류,커피,100g,49,1.97,,,355g
커피_바닐라 라떼 아이스(ICED),음료 및 차류,커피,100g,40,1.41,,,414g
커피_바닐라 라떼 아이스(ICED),음료 및 차류,커피,100g,36,1.2,,,415g
커피_바닐라 라떼 아이스(ICED),음료 및 차류,커피,100g,38,0.98,1.22,5.61,410g
커피_바닐라 라떼 아이스(ICED),음료 및 차류,커피,100ml,50,1.42,,,360ml
커피_바닐라 라떼 아이스(ICED),음료 및 차류,커피,100ml,61,1.27,,,710ml
커피_밀크티프레소 아이스(ICED) (Tall),음료 및 차류,커피,100ml,73,1.67,,,360ml
커피_밀크티프레소 아이스(ICED) (Venti),음료 및 차류,커피,100ml,58,1.11,,,720ml
커피_밀크티프레소 핫(HOT) (Grande),음료 및 차류,커피,100ml,73,1.67,,,480ml
커피_밀크티프레소 핫(HOT) (Mini Venti),음료 및 차류,커피,100ml,71,1.58,,,570ml
커피_밀크티프레소 핫(HOT) (Tall),음료 및 차류,커피,100ml,76,1.67,,,360ml
커피_밀크티프레소 핫(HOT) (Venti),음료 및 차류,커피,100ml,63,1.39,,,720ml
커피_바나나 달달 커피 아이스(ICED),음료 및 차류,커피,100g,76,0.61,,,591g
커피_바나나 달달 커피 아이스(ICED),음료 및 차류,커피,100ml,77,0.69,,,591ml
커피_바나나 달달 커피 핫(HOT),음료 및 차류,커피,100g,87,0.72,,,473g
커피_바나나 달달 커피 핫(HOT),음료 및 차류,커피,100ml,89,0.8,,,473ml
커피_바나나 카페 라떼 아이스(ICED),음료 및 차류,커피,100ml,43,1.41,,,710ml
커피_바나나 카페 라떼 핫(HOT),음료 및 차류,커피,100ml,63,1.9,,,473ml
커피_바나나 콜드브루 오트 라떼 아이스(ICED),음료 및 차류,커피,100ml,9,0.21,,,473ml
커피_바나리카노 아이스(ICED),음료 및 차류,커피,100ml,1,0.04,0,0.12,940ml
커피_바닐라 더블 베네프레소 (S),음료 및 차류,커피,100g,103,0.95,,,210g
커피_바닐라 딜라이트 아이스(ICED),음료 및 차류,커피,100ml,56,1.7,,,354ml
커피_바닐라 딜라이트 핫(HOT),음료 및 차류,커피,100ml,69,2.83,,,354ml
커피_바닐라 라떼,음료 및 차류,커피,100g,41,1.29,1.52,5.46,100g
커피_바닐라 라떼,음료 및 차류,커피,100g,50,1.41,,,100g
커피_민트모카 아이스(ICED),음료 및 차류,커피,100g,75,1.55,,,515g
커피_민트모카 아이스(ICED) (L),음료 및 차류,커피,100g,87,1.62,,,599g
커피_민트모카 아이스(ICED) (R),음료 및 차류,커피,100g,95,1.58,,,424g
커피_민트모카 핫(HOT),음료 및 차류,커피,100g,87,2.01,,,414g
커피_민트모카 핫(HOT),음료 및 차류,커피,100g,129,2.92,,,325g
커피_민트모카 핫(HOT) (L),음료 및 차류,커피,100g,129,3.19,,,489g
커피_민트모카 핫(HOT) (R),음료 및 차류,커피,100g,131,2.79,,,369g
커피_민트카페모카 아이스(ICED),음료 및 차류,커피,100g,61,1,,,591g
커피_민트카페모카 아이스(ICED) (L),음료 및 차류,커피,100g,84,1.29,,,450g
커피_민트카페모카 아이스(ICED) (R),음료 및 차류,커피,100g,76,1.28,,,400g
커피_민트카페모카 핫(HOT),음료 및 차류,커피,100g,69,1.73,,,591g
커피_민트카페모카 핫(HOT) (L),음료 및 차류,커피,100g,119,2.58,,,400g
커피_민트카페모카 핫(HOT) (R),음료 및 차류,커피,100g,110,2.56,,,340g
커피_밀크 카라멜마키아또 아이스(ICED),음료 및 차류,커피,100ml,62,1.14,2.37,8.59,650ml
커피_밀크 카라멜마키아또 핫(HOT),음료 및 차류,커피,100ml,93,2.02,3.81,12.07,500ml
커피_밀크카라멜마키아또 아이스(ICED),음료 및 차류,커피,100g,62,1.14,,8.6,650g
커피_밀크카라멜마키아또 핫(HOT),음료 및 차류,커피,100g,93,2.02,,12.07,500g
커피_밀크티프레소 아이스(ICED) (Grande),음료 및 차류,커피,100ml,67,1.25,,,480ml
커피_밀크티프레소 아이스(ICED) (Mini Venti),음료 및 차류,커피,100ml,64,1.23,,,570ml
커피_마스카포네 이천 쌀 슈페너 핫(HOT) (Venti),음료 및 차류,커피,100ml,93,1.67,,,720ml
커피_말차 아인슈페너 아이스(ICED),음료 및 차류,커피,100ml,123,1.83,,,600ml
커피_말차 아인슈페너 아이스(ICED) (하프벤티),음료 및 차류,커피,100ml,106,1.67,,,420ml
커피_메가리카노 아이스(ICED),음료 및 차류,커피,100ml,2,0.16,0.03,0.22,960ml
커피_모카 더블 베네프레소 (S),음료 및 차류,커피,100g,81,1.43,,,210g
커피_모카 카페 라떼 아이스(ICED) (J),음료 및 차류,커피,100g,60,1.69,,,651g
커피_모카 카페 라떼 아이스(ICED) (L),음료 및 차류,커피,100g,60,1.69,,,473g
커피_모카 카페 라떼 핫(HOT) (J),음료 및 차류,커피,100g,137,2.96,,,473g
커피_모카 카페 라떼 핫(HOT) (L),음료 및 차류,커피,100g,98,2.9,,,414g
커피_믹스 커피 아이스(ICED),음료 및 차류,커피,100ml,76,0.83,,,591ml
커피_믹스 커피 핫(HOT),음료 및 차류,커피,100ml,95,1.04,,,473ml
커피_믹스커피 아이스(ICED),음료 및 차류,커피,100ml,62,1.18,,,591ml
커피_믹스커피 아이스(ICED),음료 및 차류,커피,100ml,60,0.33,,,600ml
커피_믹스커피 아이스(ICED) (더벤티),음료 및 차류,커피,100ml,59,0.31,,,960ml
커피_믹스커피 핫(HOT),음료 및 차류,커피,100ml,60,1.23,,,651ml
커피_믹스커피 핫(HOT),음료 및 차류,커피,100ml,60,0.33,,,600ml
커피_민트 모카 아이스(ICED),음료 및 차류,커피,100ml,79,1.5,,,532ml
커피_민트 모카 핫(HOT),음료 및 차류,커피,100ml,91,2.07,,,532ml
커피_민트모카 아이스(ICED),음료 및 차류,커피,100g,81,1.51,,,414g
커피_레트로 커피 아이스(ICED) (ML),음료 및 차류,커피,100g,30,0.28,,4.65,710g
커피_레트로 커피 핫(HOT) (ML),음료 및 차류,커피,100g,50,0.34,,7.11,591g
커피_레트로커피 아이스(ICED) (L),음료 및 차류,커피,100ml,34,0.2,,5,1000m
커피_레트로커피 아이스(ICED) (ML),음료 및 차류,커피,100ml,30,0.28,,4.65,710ml
커피_레트로커피 핫(HOT) (ML),음료 및 차류,커피,100ml,36,0.28,,5.77,710ml
커피_롱블랫 아이스(ICED) (Short),음료 및 차류,커피,100g,5,0.25,,,296g
커피_롱블랫 핫(HOT) (Short),음료 및 차류,커피,100g,4,0.32,,,237g
커피_리스트레또 딜라이트 아이스(ICED),음료 및 차류,커피,100g,47,1.69,,,354g
커피_리스트레또 딜라이트 핫(HOT),음료 및 차류,커피,100g,88,3.39,,,354g
커피_리얼바닐라빈 아이스(ICED),음료 및 차류,커피,100g,55,1.35,,6.46,650g
커피_리얼바닐라빈 핫(HOT),음료 및 차류,커피,100g,85,2.33,,9.35,500g
커피_마스카포네 이천 쌀 슈페너 아이스(ICED) (Grande),음료 및 차류,커피,100ml,99,1.25,,,480ml
커피_마스카포네 이천 쌀 슈페너 아이스(ICED) (Mini Venti),음료 및 차류,커피,100ml,85,1.23,,,570ml
커피_마스카포네 이천 쌀 슈페너 아이스(ICED) (Tall),음료 및 차류,커피,100ml,82,1.39,,,360ml
커피_마스카포네 이천 쌀 슈페너 아이스(ICED) (Venti),음료 및 차류,커피,100ml,81,1.11,,,720ml
커피_마스카포네 이천 쌀 슈페너 핫(HOT) (Grande),음료 및 차류,커피,100ml,101,1.88,,,480ml
커피_마스카포네 이천 쌀 슈페너 핫(HOT) (Mini Venti),음료 및 차류,커피,100ml,99,1.75,,,570ml
커피_마스카포네 이천 쌀 슈페너 핫(HOT) (Tall),음료 및 차류,커피,100ml,100,2.22,,,360ml
얼갈이배추김치,김치류,얼갈이배추김치,100g,63,1.59,1.45,10.94,80g
커피_디카페인라떼 아이스(ICED),음료 및 차류,커피,100ml,20,0.88,1.02,1.68,591ml
커피_디카페인라떼 핫(HOT),음료 및 차류,커피,100ml,33,1.44,1.76,2.61,591ml
커피_디카페인커피 아이스(ICED),음료 및 차류,커피,100ml,2,0.12,0,0.41,591ml
커피_디카페인커피 핫(HOT),음료 및 차류,커피,100ml,2,0.12,0,0.41,591ml
커피_딥 화이트초코 모카 아이스(ICED),음료 및 차류,커피,100ml,55,1.69,,,591ml
커피_딥 화이트초코 모카 핫(HOT),음료 및 차류,커피,100ml,79,2.62,,,473ml
커피_딥초콜릿 카페 라떼,음료 및 차류,커피,100g,48,1.52,0.86,,480g
커피_라떼 달구나 아이스(ICED) (L),음료 및 차류,커피,100g,44,1.16,,7.08,946g
커피_라떼 달구나 아이스(ICED) (ML),음료 및 차류,커피,100g,42,0.99,,7.04,710g
커피_라떼 달구나 핫(HOT) (ML),음료 및 차류,커피,100g,61,1.69,,9.31,591g
커피_라벤더 블론드 스타벅스 더블 샷,음료 및 차류,커피,100g,72,1.45,,,207g
커피_라벤더 카페 브레베 아이스(ICED) (Tall),음료 및 차류,커피,100g,94,1.69,,,355g
커피_라벤더 카페 브레베 핫(HOT) (Tall),음료 및 차류,커피,100g,113,2.25,,,355g
커피_라이트 바닐라 아몬드 라떼 아이스(ICED),음료 및 차류,커피,100ml,13,0.36,0.36,2.06,591ml
커피_럼 샷 코르타도 (Short),음료 및 차류,커피,100g,30,1.27,,,237g
커피_레몬 아메리카노 아이스(ICED),음료 및 차류,커피,100ml,42,0,,,591ml
커피_레몬아메리카노 아이스(ICED),음료 및 차류,커피,100g,42,0,,,591g
커피_레트로 커피 아이스(ICED) (L),음료 및 차류,커피,100g,36,0.21,,5.29,946g
커피_디카페인 헤이즐넛 커피 아이스(ICED),음료 및 차류,커피,100g,35,0.3,,,591g
커피_디카페인 헤이즐넛 커피 핫(HOT),음료 및 차류,커피,100ml,43,0.38,,,473ml
커피_디카페인 헤이즐넛 커피 핫(HOT),음료 및 차류,커피,100g,43,0.38,,,473g
커피_디카페인 헤이즐넛 크림콜드브루 아이스(ICED),음료 및 차류,커피,100g,40,0.17,,,591g
커피_디카페인 헤이즐넛딥라떼 아이스(ICED),음료 및 차류,커피,100g,52,1.35,,,591g
커피_디카페인 헤이즐넛딥라떼 핫(HOT),음료 및 차류,커피,100g,63,1.86,,,591g
커피_디카페인 헤이즐넛아메리카노 아이스(ICED),음료 및 차류,커피,100g,21,0,0,5.02,650g
커피_디카페인 헤이즐넛아메리카노 핫(HOT),음료 및 차류,커피,100g,27,0,0.02,6.52,500g
커피_디카페인 화이트 아메리카노 아이스(ICED),음료 및 차류,커피,100ml,11,0.46,0.63,0.86,650ml
커피_디카페인 화이트 아메리카노 핫(HOT),음료 및 차류,커피,100ml,15,0.6,0.82,1.12,500ml
커피_디카페인 화이트 초콜릿 모카 아이스(ICED) (EX),음료 및 차류,커피,100ml,75,1.18,,,680ml
커피_디카페인 화이트 초콜릿 모카 아이스(ICED) (L),음료 및 차류,커피,100ml,67,1.13,,,532ml
커피_디카페인 화이트 초콜릿 모카 핫(HOT) (EX),음료 및 차류,커피,100ml,89,2,,,651ml
커피_디카페인 화이트 초콜릿 모카 핫(HOT) (L),음료 및 차류,커피,100ml,78,1.69,,,532ml
커피_디카페인 화이트초콜릿모카 아이스(ICED),음료 및 차류,커피,100ml,53,1.14,1.76,8.18,650ml
커피_디카페인 화이트초콜릿모카 핫(HOT),음료 및 차류,커피,100ml,86,2.21,3.25,11.84,500ml
커피_디카페인 흑당 콜드브루,음료 및 차류,커피,100ml,57,1.21,,,414ml
커피_디카페인 흑당 콜드브루 (EX),음료 및 차류,커피,100ml,56,1.32,,,680ml
커피_디카페인 콜드브루 핫(HOT),음료 및 차류,커피,100ml,2,0.06,,,473ml
커피_디카페인 콜드브루 핫(HOT),음료 및 차류,커피,100ml,2,0.1,0.03,0.24,591ml
커피_디카페인 콜드브루 핫(HOT),음료 및 차류,커피,100g,2,0.06,,,473g
커피_디카페인 콜드브루 화이트 비엔나,음료 및 차류,커피,100ml,64,1.21,,,414ml
커피_디카페인 콜드브루 화이트비엔나,음료 및 차류,커피,100g,70,1.69,,,414g
커피_디카페인 콜드브루 흑당 라떼 아이스(ICED),음료 및 차류,커피,100ml,39,1.13,,,710ml
커피_디카페인 크리미 라떼 아이스(ICED),음료 및 차류,커피,100ml,77,0.9,5.82,5.16,650ml
커피_디카페인 펌킨스파이스 라떼 아이스(ICED),음료 및 차류,커피,100ml,43,1.09,1.44,6.4,650ml
커피_디카페인 펌킨스파이스 라떼 핫(HOT),음료 및 차류,커피,100ml,70,2.02,2.67,9.32,500ml
커피_디카페인 피스타치오 카페 라떼 아이스(ICED),음료 및 차류,커피,100ml,60,0.92,1.75,9.97,650ml
커피_디카페인 피스타치오 카페 라떼 핫(HOT),음료 및 차류,커피,100ml,91,1.8,3.07,13.96,500ml
커피_디카페인 허니아메리카노 아이스(ICED),음료 및 차류,커피,100g,15,0,0.02,3.78,650g
커피_디카페인 허니아메리카노 핫(HOT),음료 및 차류,커피,100g,20,0,0.02,4.92,500g
커피_디카페인 헤이즐넛 라떼 아이스(ICED),음료 및 차류,커피,100ml,59,1.52,,,591ml
커피_디카페인 헤이즐넛 라떼 아이스(ICED),음료 및 차류,커피,100g,61,0.69,,,591g
커피_디카페인 헤이즐넛 라떼 핫(HOT),음료 및 차류,커피,100ml,84,2.41,,,473ml
커피_디카페인 헤이즐넛 라떼 핫(HOT),음료 및 차류,커피,100g,87,2.41,,,473g
커피_디카페인 헤이즐넛 커피 아이스(ICED),음료 및 차류,커피,100ml,35,0.31,,,591ml
얼갈이배추김치,김치류,얼갈이배추김치,100g,30,1.88,0.58,4.37,100g
커피_디카페인 콜드브루 아메리카노 (L),음료 및 차류,커피,100g,3,0.2,,,500g
커피_디카페인 콜드브루 아메리카노 (R),음료 및 차류,커피,100g,3,0,,,350g
커피_디카페인 콜드브루 아메리카노 (V),음료 및 차류,커피,100g,3,0.17,,,600g
커피_디카페인 콜드브루 아이스(ICED),음료 및 차류,커피,100g,2,0.17,,,591g
커피_디카페인 콜드브루 아이스(ICED),음료 및 차류,커피,100g,1,0.03,,,591g
커피_디카페인 콜드브루 아이스(ICED),음료 및 차류,커피,100ml,1,0.09,0.05,0.14,591ml
커피_디카페인 콜드브루 아이스(ICED),음료 및 차류,커피,100ml,1,0.03,0,0,591ml
커피_디카페인 콜드브루 아이스(ICED),음료 및 차류,커피,100ml,2,0.14,,,710ml
커피_디카페인 콜드브루 아이스(ICED) (K(코끼리)),음료 및 차류,커피,100ml,3,1.38,,,650ml
커피_디카페인 콜드브루 아이스(ICED) (L),음료 및 차류,커피,100g,2,0,,0,946g
커피_디카페인 콜드브루 아이스(ICED) (ML),음료 및 차류,커피,100g,2,0,,0,710g
커피_디카페인 콜드브루 아이스(ICED) (R),음료 및 차류,커피,100ml,3,1.41,,,355ml
커피_디카페인 콜드브루 아인슈페너,음료 및 차류,커피,100g,20,0.24,,,414g
커피_디카페인 콜드브루 아인슈페너 아이스(ICED),음료 및 차류,커피,100ml,77,1.41,,,355ml
커피_디카페인 콜드브루 아인슈페너 아이스(ICED),음료 및 차류,커피,100ml,27,0.14,,0.99,710ml
커피_디카페인 콜드브루 연유 라떼 아이스(ICED),음료 및 차류,커피,100ml,50,1.83,,,710ml
커피_디카페인 콜드브루 크림넛,음료 및 차류,커피,100g,61,1.45,,,414g
커피_디카페인 콜드브루 티라미수,음료 및 차류,커피,100g,83,1.69,,,414g
얼갈이겉절이,생채·무침류,얼갈이겉절이,100ml,25,1.14,0.71,4.09,130ml
커피_디카페인 콜드브루 라떼,음료 및 차류,커피,100g,27,1.33,,,600g
커피_디카페인 콜드브루 라떼 (EX),음료 및 차류,커피,100ml,31,1.47,,,680ml
커피_디카페인 콜드브루 라떼 (L),음료 및 차류,커피,100g,22,1,,,500g
커피_디카페인 콜드브루 라떼 (R),음료 및 차류,커피,100g,23,0.86,,,350g
커피_디카페인 콜드브루 라떼 (V),음료 및 차류,커피,100g,25,1.17,,,600g
커피_디카페인 콜드브루 라떼 아이스(ICED),음료 및 차류,커피,100ml,23,1.13,,,710ml
커피_디카페인 콜드브루 라떼 아이스(ICED),음료 및 차류,커피,100ml,24,1.17,,,591ml
커피_디카페인 콜드브루 라떼 아이스(ICED),음료 및 차류,커피,100g,28,1.18,,,591g
커피_디카페인 콜드브루 라떼 아이스(ICED),음료 및 차류,커피,100g,25,1.17,,,591g
커피_디카페인 콜드브루 라떼 아이스(ICED),음료 및 차류,커피,100ml,31,1.69,,,355ml
커피_디카페인 콜드브루 라떼 아이스(ICED),음료 및 차류,커피,100ml,24,1.34,1.07,2.23,591ml
커피_디카페인 콜드브루 라떼 아이스(ICED) (L),음료 및 차류,커피,100ml,22,1,,1.7,1000m
커피_디카페인 콜드브루 라떼 아이스(ICED) (ML),음료 및 차류,커피,100ml,21,0.99,,1.69,710ml
커피_디카페인 콜드브루 라떼 연유,음료 및 차류,커피,100g,60,2.17,,,600g
커피_디카페인 콜드브루 라떼 핫(HOT),음료 및 차류,커피,100ml,26,1.46,1.02,2.76,591ml
커피_디카페인 콜드브루 라떼 흑당,음료 및 차류,커피,100g,47,1.33,,,600g
커피_디카페인 콜드브루 아메리카노,음료 및 차류,커피,100ml,2,0,,,414ml
커피_디카페인 콜드브루 아메리카노 (EX),음료 및 차류,커피,100ml,2,0,,,680ml
얼갈이겉절이,생채·무침류,얼갈이겉절이,100ml,27,1.17,0.65,4.71,70ml
커피_디카페인 카페 모카 아이스(ICED) (L),음료 및 차류,커피,100ml,65,1.32,,,532ml
커피_디카페인 카페 모카 핫(HOT),음료 및 차류,커피,100ml,64,2.26,,,473ml
커피_디카페인 카페 모카 핫(HOT),음료 및 차류,커피,100g,67,2.3,,,473g
커피_디카페인 카페 모카 핫(HOT) (EX),음료 및 차류,커피,100ml,80,2.15,,,651ml
커피_디카페인 카페 모카 핫(HOT) (L),음료 및 차류,커피,100ml,79,1.88,,,532ml
커피_디카페인 카페 아메리카노 아이스(ICED) (EX),음료 및 차류,커피,100ml,2,0.15,,,680ml
커피_디카페인 카페 아메리카노 아이스(ICED) (L),음료 및 차류,커피,100ml,2,0,,,532ml
커피_디카페인 카페 아메리카노 핫(HOT) (EX),음료 및 차류,커피,100ml,2,0.15,,,651ml
커피_디카페인 카페 아메리카노 핫(HOT) (L),음료 및 차류,커피,100ml,2,0,,,532ml
커피_디카페인 카페모카 아이스(ICED),음료 및 차류,커피,100g,80,1.69,,,591g
커피_디카페인 카페모카 아이스(ICED),음료 및 차류,커피,100ml,63,1.71,2.54,8.27,650ml
커피_디카페인 카페모카 핫(HOT),음료 및 차류,커피,100ml,82,2.22,3.3,10.75,500ml
커피_디카페인 카페모카 핫(HOT),음료 및 차류,커피,100g,92,2.03,,,591g
커피_디카페인 카푸치노 아이스(ICED),음료 및 차류,커피,100ml,26,1.13,,,532ml
커피_디카페인 카푸치노 핫(HOT),음료 및 차류,커피,100ml,23,1.13,,,532ml
커피_디카페인 콜드브루,음료 및 차류,커피,100g,2,0.17,,,600g
커피_디카페인 콜드브루 니트로 아이스(ICED),음료 및 차류,커피,100ml,2,0,,,414ml
커피_디카페인 콜드브루 라떼,음료 및 차류,커피,100ml,31,1.45,,,414ml
얼갈이겉절이,생채·무침류,얼갈이겉절이,100ml,21,1.12,0.51,3.61,110ml
커피_디카페인 카라멜마끼야또 핫(HOT),음료 및 차류,커피,100g,71,1.86,,,591g
커피_디카페인 카페 라떼 아이스(ICED),음료 및 차류,커피,100ml,32,1.7,,,354ml
커피_디카페인 카페 라떼 아이스(ICED),음료 및 차류,커피,100ml,30,1.25,1.68,2.17,650ml
커피_디카페인 카페 라떼 아이스(ICED),음료 및 차류,커피,100ml,26,1.27,,,591ml
커피_디카페인 카페 라떼 아이스(ICED),음료 및 차류,커피,100g,28,1.27,,,591g
커피_디카페인 카페 라떼 아이스(ICED),음료 및 차류,커피,100g,29,1.18,,,591g
커피_디카페인 카페 라떼 아이스(ICED) (EX),음료 및 차류,커피,100ml,26,1.18,,,680ml
커피_디카페인 카페 라떼 아이스(ICED) (L),음료 및 차류,커피,100ml,26,1.13,,,532ml
커피_디카페인 카페 라떼 핫(HOT),음료 및 차류,커피,100ml,49,2.54,,,354ml
커피_디카페인 카페 라떼 핫(HOT),음료 및 차류,커피,100g,46,2.09,,,473g
커피_디카페인 카페 라떼 핫(HOT),음료 및 차류,커피,100g,43,1.86,,,591g
커피_디카페인 카페 라떼 핫(HOT),음료 및 차류,커피,100ml,54,2.28,3.06,3.92,500ml
커피_디카페인 카페 라떼 핫(HOT),음료 및 차류,커피,100ml,42,2.09,,,473ml
커피_디카페인 카페 라떼 핫(HOT) (EX),음료 및 차류,커피,100ml,43,2,,,651ml
커피_디카페인 카페 라떼 핫(HOT) (L),음료 및 차류,커피,100ml,37,1.69,,,532ml
커피_디카페인 카페 모카 아이스(ICED),음료 및 차류,커피,100ml,43,1.4,,,591ml
커피_디카페인 카페 모카 아이스(ICED),음료 및 차류,커피,100g,45,1.44,,,591g
커피_디카페인 카페 모카 아이스(ICED) (EX),음료 및 차류,커피,100ml,65,1.32,,,680ml
커피_디카페인 연유 카페 라떼 아이스(ICED) (EX),음료 및 차류,커피,100ml,77,2.06,,,680ml
커피_디카페인 연유 카페 라떼 아이스(ICED) (L),음료 및 차류,커피,100ml,66,1.88,,,532ml
커피_디카페인 연유 카페 라떼 핫(HOT) (EX),음료 및 차류,커피,100ml,91,2.61,,,651ml
커피_디카페인 연유 카페 라떼 핫(HOT) (L),음료 및 차류,커피,100ml,72,2.07,,,532ml
커피_디카페인 연유 콜드브루,음료 및 차류,커피,100ml,67,1.93,,,414ml
커피_디카페인 연유 콜드브루 (EX),음료 및 차류,커피,100ml,65,1.91,,,680ml
커피_디카페인 연유 콜드브루 플로트 (L),음료 및 차류,커피,100g,72,2.27,,,485g
커피_디카페인 연유 콜드브루 플로트 (R),음료 및 차류,커피,100g,66,1.95,,,410g
커피_디카페인 연유 콜드브루 플로트 (V),음료 및 차류,커피,100g,72,2.15,,,650g
커피_디카페인 오트카페 라떼 아이스(ICED),음료 및 차류,커피,100g,26,0.34,,,591g
커피_디카페인 오트카페 라떼 핫(HOT),음료 및 차류,커피,100g,39,0.51,,,591g
커피_디카페인 제로슈가 스위트 아메리카노 아이스(ICED),음료 및 차류,커피,100g,0,0,0.02,2.38,650g
커피_디카페인 제로슈가 스위트 아메리카노 핫(HOT),음료 및 차류,커피,100g,1,0,0.02,3.09,500g
커피_디카페인 카라멜 마끼아또 아이스(ICED) (EX),음료 및 차류,커피,100ml,50,1.32,,,680ml
커피_디카페인 카라멜 마끼아또 아이스(ICED) (L),음료 및 차류,커피,100ml,46,1.32,,,532ml
커피_디카페인 카라멜 마끼아또 핫(HOT) (EX),음료 및 차류,커피,100ml,61,1.69,,,651ml
커피_디카페인 카라멜 마끼아또 핫(HOT) (L),음료 및 차류,커피,100ml,53,1.69,,,532ml
커피_디카페인 카라멜마끼야또 아이스(ICED),음료 및 차류,커피,100g,59,1.35,,,591g
커피_디카페인 아몬드 라떼 아이스(ICED),음료 및 차류,커피,100ml,39,1.29,,,591ml
커피_디카페인 아몬드 라떼 아이스(ICED),음료 및 차류,커피,100g,41,1.29,,,591g
커피_디카페인 아몬드 라떼 핫(HOT),음료 및 차류,커피,100ml,59,2.11,,,473ml
커피_디카페인 아몬드 라떼 핫(HOT),음료 및 차류,커피,100g,62,2.11,,,473g
커피_디카페인 아인슈페너 라떼 아이스(ICED),음료 및 차류,커피,100ml,58,1.18,,,414ml
커피_디카페인 아인슈페너 아이스(ICED),음료 및 차류,커피,100g,60,1.18,,,414g
커피_디카페인 아인슈페너 아이스(ICED),음료 및 차류,커피,100g,135,1.21,,,414g
커피_디카페인 아인슈페너 아이스(ICED),음료 및 차류,커피,100ml,41,0.31,,,414ml
커피_디카페인 아인슈페너 핫(HOT),음료 및 차류,커피,100g,115,1.45,,,414g
커피_디카페인 아포가토 오리지널,음료 및 차류,커피,100g,115,1.33,,,151g
커피_디카페인 에스프레소 마끼아또 핫(HOT),음료 및 차류,커피,100ml,30,0,,,40ml
커피_디카페인 에스프레소 콘파냐 핫(HOT),음료 및 차류,커피,100ml,110,0,,,40ml
커피_디카페인 에스프레소 핫(HOT),음료 및 차류,커피,100ml,17,0,,,30ml
커피_디카페인 에스프레소 핫(HOT),음료 및 차류,커피,100ml,1,0,0.02,0.12,500ml
커피_디카페인 연유 라떼 아이스(ICED),음료 및 차류,커피,100ml,61,1.94,2.41,7.86,650ml
커피_디카페인 연유 라떼 아이스(ICED),음료 및 차류,커피,100g,64,1.86,,,591g
커피_디카페인 연유 라떼 핫(HOT),음료 및 차류,커피,100g,75,2.37,,,591g
커피_디카페인 연유 라떼 핫(HOT),음료 및 차류,커피,100ml,94,3.12,3.94,11.22,500ml
커피_디카페인 스위티 소금 라떼 아이스(ICED),음료 및 차류,커피,100ml,48,1.1,1.48,7.41,650ml
커피_디카페인 스위티 소금 라떼 핫(HOT),음료 및 차류,커피,100ml,78,2.1,2.82,10.76,500ml
커피_디카페인 시그니처 라떼 아이스(ICED) (EX),음료 및 차류,커피,100ml,74,1.18,,,680ml
커피_디카페인 시그니처 라떼 아이스(ICED) (L),음료 및 차류,커피,100ml,70,1.13,,,532ml
커피_디카페인 시그니처 라떼 핫(HOT) (EX),음료 및 차류,커피,100ml,89,1.38,,,651ml
커피_디카페인 시그니처 라떼 핫(HOT) (L),음료 및 차류,커피,100ml,83,1.32,,,532ml
커피_디카페인 시나몬 라떼 아이스(ICED),음료 및 차류,커피,100ml,46,1.09,1.55,6.74,650ml
커피_디카페인 시나몬 라떼 핫(HOT),음료 및 차류,커피,100ml,73,1.99,2.78,9.71,500ml
커피_디카페인 시나몬라떼 아이스(ICED),음료 및 차류,커피,100g,46,1.09,,6.74,650g
커피_디카페인 시나몬라떼 핫(HOT),음료 및 차류,커피,100g,73,1.99,,9.71,500g
커피_디카페인 아메리카노 아이스(ICED),음료 및 차류,커피,100ml,1,0.05,,,591ml
커피_디카페인 아메리카노 아이스(ICED),음료 및 차류,커피,100g,1,0.05,,,591g
커피_디카페인 아메리카노 아이스(ICED),음료 및 차류,커피,100ml,3,0.28,,,354ml
커피_디카페인 아메리카노 아이스(ICED),음료 및 차류,커피,100ml,0,0,0.02,0.09,650ml
커피_디카페인 아메리카노 핫(HOT),음료 및 차류,커피,100ml,3,0.28,,,354ml
커피_디카페인 아메리카노 핫(HOT),음료 및 차류,커피,100ml,1,0,0.02,0.12,500ml
커피_디카페인 아메리카노 핫(HOT),음료 및 차류,커피,100g,2,0.06,,,473g
커피_디카페인 아메리카노 핫(HOT),음료 및 차류,커피,100ml,2,0.06,,,473ml
커피_디카페인 바닐라 라떼 아이스(ICED) (EX),음료 및 차류,커피,100ml,56,1.47,,,680ml
커피_디카페인 바닐라 라떼 아이스(ICED) (L),음료 및 차류,커피,100ml,45,1.32,,,532ml
커피_디카페인 바닐라 라떼 핫(HOT),음료 및 차류,커피,100ml,59,2.11,,,473ml
커피_디카페인 바닐라 라떼 핫(HOT),음료 및 차류,커피,100g,62,2.11,,,473g
커피_디카페인 바닐라 라떼 핫(HOT),음료 및 차류,커피,100ml,83,2.21,3.98,9.27,500ml
커피_디카페인 바닐라 라떼 핫(HOT) (EX),음료 및 차류,커피,100ml,72,2.15,,,651ml
커피_디카페인 바닐라 라떼 핫(HOT) (L),음료 및 차류,커피,100ml,56,1.88,,,532ml
커피_디카페인 바닐라 오트 콜드브루,음료 및 차류,커피,100ml,50,0.48,,,414ml
커피_디카페인 바닐라 크림콜드브루 아이스(ICED),음료 및 차류,커피,100g,40,0.17,,,591g
커피_디카페인 바닐라딥라떼 아이스(ICED),음료 및 차류,커피,100g,52,1.35,,,591g
커피_디카페인 바닐라딥라떼 핫(HOT),음료 및 차류,커피,100g,63,1.86,,,591g
커피_디카페인 버블 흑당 콜드브루,음료 및 차류,커피,100g,66,1.21,,,414g
커피_디카페인 버블 흑당 콜드브루 (EX),음료 및 차류,커피,100g,79,1.38,,,651g
커피_디카페인 베트남 연유 커피 아이스(ICED),음료 및 차류,커피,100g,59,0.54,,,591g
커피_디카페인 베트남 연유 커피 아이스(ICED),음료 및 차류,커피,100ml,76,0.68,,,591ml
커피_디카페인 베트남 연유 커피 핫(HOT),음료 및 차류,커피,100ml,74,0.68,,,473ml
커피_디카페인 솔티드 카라멜 마키아토 아이스(ICED),음료 및 차류,커피,100ml,54,1.27,,,591ml
커피_디카페인 솔티드 카라멜 마키아토 핫(HOT),음료 및 차류,커피,100ml,77,2.09,,,473ml
커피_디카페인 돌체 콜드브루 아이스(ICED) (L),음료 및 차류,커피,100ml,45,1.6,,6.7,1000m
커피_디카페인 돌체 콜드브루 아이스(ICED) (ML),음료 및 차류,커피,100ml,41,1.55,,6.05,710ml
커피_디카페인 딥 화이트초코 모카 아이스(ICED),음료 및 차류,커피,100ml,54,1.59,,,591ml
커피_디카페인 딥 화이트초코 모카 핫(HOT),음료 및 차류,커피,100ml,78,2.5,,,473ml
커피_디카페인 밀크 카라멜마키아또 아이스(ICED),음료 및 차류,커피,100ml,62,1.11,2.39,8.61,650ml
커피_디카페인 밀크 카라멜마키아또 핫(HOT),음료 및 차류,커피,100ml,93,1.98,3.83,12.1,500ml
커피_디카페인 밀크카라멜마키아또 아이스(ICED),음료 및 차류,커피,100g,62,1.11,,8.61,650g
커피_디카페인 밀크카라멜마키아또 핫(HOT),음료 및 차류,커피,100g,93,1.98,,12.1,500g
커피_디카페인 바나나 달달 커피 아이스(ICED),음료 및 차류,커피,100ml,76,0.53,,,591ml
커피_디카페인 바나나 달달 커피 아이스(ICED),음료 및 차류,커피,100g,76,0.52,,,591g
커피_디카페인 바나나 달달 커피 핫(HOT),음료 및 차류,커피,100g,87,0.59,,,473g
커피_디카페인 바나나 달달 커피 핫(HOT),음료 및 차류,커피,100ml,87,0.59,,,473ml
커피_디카페인 바나리카노 아이스(ICED),음료 및 차류,커피,100ml,1,0,0.03,0.19,650ml
커피_디카페인 바닐라 딜라이트 아이스(ICED),음료 및 차류,커피,100ml,54,1.41,,,354ml
커피_디카페인 바닐라 딜라이트 핫(HOT),음료 및 차류,커피,100ml,70,2.83,,,354ml
커피_디카페인 바닐라 라떼 아이스(ICED),음료 및 차류,커피,100g,41,1.29,,,591g
커피_디카페인 바닐라 라떼 아이스(ICED),음료 및 차류,커피,100ml,39,1.29,,,591ml
커피_디카페인 바닐라 라떼 아이스(ICED),음료 및 차류,커피,100ml,54,1.26,2.48,6.4,650ml
커피_듀얼브루 디카페인 카페 라떼 아이스(ICED),음료 및 차류,커피,100g,30,1.49,,2.77,470g
커피_듀얼브루 디카페인 카페 라떼 핫(HOT),음료 및 차류,커피,100g,51,2.63,,4.74,380g
커피_디카페인 꿀 라떼 아이스(ICED),음료 및 차류,커피,100ml,45,1.27,,,591ml
커피_디카페인 꿀 라떼 아이스(ICED),음료 및 차류,커피,100g,47,1.27,,,591g
커피_디카페인 꿀 라떼 핫(HOT),음료 및 차류,커피,100ml,66,2.09,,,473ml
커피_디카페인 꿀 라떼 핫(HOT),음료 및 차류,커피,100g,70,2.09,,,473g
커피_디카페인 꿀 커피 아이스(ICED),음료 및 차류,커피,100ml,20,0.05,,,591ml
커피_디카페인 꿀 커피 아이스(ICED),음료 및 차류,커피,100g,20,0.05,,,591g
커피_디카페인 꿀 커피 핫(HOT),음료 및 차류,커피,100ml,26,0.06,,,473ml
커피_디카페인 꿀 커피 핫(HOT),음료 및 차류,커피,100g,26,0.06,,,473g
커피_디카페인 넛츠 크림 라떼 아이스(ICED),음료 및 차류,커피,100ml,80,1.5,,,532ml
커피_디카페인 니트로 커피,음료 및 차류,커피,100g,3,0,,,414g
커피_디카페인 달고나 콜드브루 라떼 아이스(ICED),음료 및 차류,커피,100ml,58,1.25,,,591ml
커피_디카페인 달고나 콜드브루 라떼 아이스(ICED),음료 및 차류,커피,100g,59,1.24,,,591g
커피_디카페인 달고나 콜드브루 라떼 핫(HOT),음료 및 차류,커피,100g,84,2.05,,,473g
커피_디카페인 달고나 콜드브루 라떼 핫(HOT),음료 및 차류,커피,100ml,83,2.07,,,473ml
커피_디카페인 돌체 콜드브루 라떼 아이스(ICED),음료 및 차류,커피,100g,57,1.34,,,591g
커피_디카페인 돌체 콜드브루 라떼 아이스(ICED),음료 및 차류,커피,100ml,56,1.34,,,591ml
에이드_딸기 듬뿍 스파클링,음료 및 차류,에이드,100g,75,0.71,,,295g
커피_돌체 콜드브루 라떼 아이스(ICED) (M),음료 및 차류,커피,100g,51,1.51,,,591g
커피_돌체 콜드브루 라떼 아이스(ICED) (R),음료 및 차류,커피,100ml,49,1.93,,,415ml
커피_돌체 콜드브루 라떼 핫(HOT) (L),음료 및 차류,커피,100g,58,1.73,,,946g
커피_돌체 콜드브루 라떼 핫(HOT) (M),음료 및 차류,커피,100g,62,2.01,,,591g
커피_돌체 콜드브루 아이스(ICED),음료 및 차류,커피,100ml,58,1.83,2.29,7.27,650ml
커피_돌체 콜드브루 아이스(ICED),음료 및 차류,커피,100ml,54,1.69,,,591ml
커피_돌체 콜드브루 아이스(ICED) (L),음료 및 차류,커피,100ml,45,1.6,,6.7,1000m
커피_돌체 콜드브루 아이스(ICED) (ML),음료 및 차류,커피,100ml,41,1.55,,6.05,710ml
커피_돌체 콜드브루 플로트 (L),음료 및 차류,커피,100g,76,2.25,,,488g
커피_돌체 콜드브루 플로트 (R),음료 및 차류,커피,100g,70,1.94,,,413g
커피_돌체라떼 아이스(ICED),음료 및 차류,커피,100ml,46,1.41,1.77,5.72,591ml
커피_돌체콜드브루 아이스(ICED),음료 및 차류,커피,100g,54,1.69,,,591g
커피_동교 라떼 아이스(ICED),음료 및 차류,커피,100ml,69,1.86,,,591ml
커피_동교 라떼 핫(HOT),음료 및 차류,커피,100ml,62,1.69,,,651ml
커피_듀얼브루 디카페인 아메리치노 라떼 아이스(ICED),음료 및 차류,커피,100g,51,1.78,,7.33,450g
커피_듀얼브루 디카페인 아메리치노 아이스(ICED),음료 및 차류,커피,100g,6,0.24,,0.98,410g
커피_듀얼브루 디카페인 아메리카노 아이스(ICED),음료 및 차류,커피,100g,6,0.24,,0.96,416g
커피_듀얼브루 디카페인 아메리카노 핫(HOT),음료 및 차류,커피,100g,6,0.25,,1,400g
에이드_깔라만시 팝핑 (R),음료 및 차류,에이드,100g,26,0.07,,,405g
커피_돌체 라떼 핫(HOT) (Venti),음료 및 차류,커피,100ml,59,1.39,,,720ml
커피_돌체 라떼 핫(HOT) 빅사이즈,음료 및 차류,커피,100g,93,3.5,,,480g
커피_돌체 카페 라떼 아이스(ICED) (J),음료 및 차류,커피,100g,88,1.69,,,651g
커피_돌체 카페 라떼 아이스(ICED) (L),음료 및 차류,커피,100g,88,1.69,,,473g
커피_돌체 카페 라떼 핫(HOT) (J),음료 및 차류,커피,100g,115,2.54,,,473g
커피_돌체 카페 라떼 핫(HOT) (L),음료 및 차류,커피,100g,115,2.42,,,414g
커피_돌체 카푸치노 N2,음료 및 차류,커피,100g,143,2.14,,,280g
커피_돌체 콜드 브루 (Tall),음료 및 차류,커피,100g,75,2.25,,,355g
커피_돌체 콜드 브루 라떼 아이스(ICED),음료 및 차류,커피,100ml,36,1.18,,,473ml
커피_돌체 콜드브루 라떼,음료 및 차류,커피,100g,49,1.96,1.31,,360g
커피_돌체 콜드브루 라떼 디카페인 아이스(ICED) (L),음료 및 차류,커피,100g,54,1.51,,,946g
커피_돌체 콜드브루 라떼 디카페인 아이스(ICED) (M),음료 및 차류,커피,100g,50,1.44,,,591g
커피_돌체 콜드브루 라떼 디카페인 핫(HOT) (L),음료 및 차류,커피,100g,58,1.67,,,946g
커피_돌체 콜드브루 라떼 디카페인 핫(HOT) (M),음료 및 차류,커피,100g,61,1.95,,,591g
커피_돌체 콜드브루 라떼 아이스(ICED),음료 및 차류,커피,100ml,56,1.3,,,591ml
커피_돌체 콜드브루 라떼 아이스(ICED),음료 및 차류,커피,100g,58,1.3,,,591g
커피_돌체 콜드브루 라떼 아이스(ICED) (L),음료 및 차류,커피,100ml,49,1.92,,,473ml
커피_돌체 콜드브루 라떼 아이스(ICED) (L),음료 및 차류,커피,100g,55,1.58,,,946g
커피_돌체 라떼 아이스(ICED) (Mini Venti),음료 및 차류,커피,100ml,67,1.4,,,570ml
커피_돌체 라떼 아이스(ICED) (Tall),음료 및 차류,커피,100ml,54,1.39,,,360ml
커피_돌체 라떼 아이스(ICED) (Venti),음료 및 차류,커피,100ml,91,1.25,,,720ml
커피_돌체 라떼 아이스(ICED) 빅사이즈,음료 및 차류,커피,100g,59,2.16,,,640g
커피_돌체 라떼 핫(HOT),음료 및 차류,커피,100ml,81,2.35,,,473ml
커피_돌체 라떼 핫(HOT),음료 및 차류,커피,100ml,82,3.11,,,354ml
커피_돌체 라떼 핫(HOT),음료 및 차류,커피,100g,103,3.53,,13.65,425g
커피_돌체 라떼 핫(HOT),음료 및 차류,커피,100g,62,2.54,,,355g
커피_돌체 라떼 핫(HOT),음료 및 차류,커피,100g,61,2.08,,,385g
커피_돌체 라떼 핫(HOT),음료 및 차류,커피,100ml,58,1.84,,,651ml
커피_돌체 라떼 핫(HOT),음료 및 차류,커피,100g,94,3.59,,,320g
커피_돌체 라떼 핫(HOT),음료 및 차류,커피,100ml,86,2.92,,,360ml
커피_돌체 라떼 핫(HOT) (Grande),음료 및 차류,커피,100ml,62,1.67,,,480ml
커피_돌체 라떼 핫(HOT) (L),음료 및 차류,커피,100g,56,1.79,,,946g
커피_돌체 라떼 핫(HOT) (M),음료 및 차류,커피,100g,63,2.08,,,591g
커피_돌체 라떼 핫(HOT) (ML),음료 및 차류,커피,100ml,57,1.97,,7.89,710ml
커피_돌체 라떼 핫(HOT) (Mini Venti),음료 및 차류,커피,100ml,64,1.58,,,570ml
커피_돌체 라떼 핫(HOT) (Tall),음료 및 차류,커피,100ml,63,1.67,,,360ml
피자_체다바비큐필레 피자 (L),빵 및 과자류,피자,100g,278,11.54,9.99,35.47,672g
커피_더치커피 핫(HOT),음료 및 차류,커피,100ml,1,0,0,0.17,591ml
커피_데일리오트코코넛 라떼 아이스(ICED) (L),음료 및 차류,커피,100g,97,1.32,,,532g
커피_데일리오트코코넛 라떼 아이스(ICED) (Max),음료 및 차류,커피,100g,97,1.32,,,607g
커피_데일리오트코코넛 라떼 아이스(ICED) (R),음료 및 차류,커피,100g,98,1.23,,,405g
커피_데일리오트코코넛 라떼 핫(HOT) (L),음료 및 차류,커피,100g,127,1.78,,,450g
커피_데일리오트코코넛 라떼 핫(HOT) (R),음료 및 차류,커피,100g,126,1.74,,,345g
커피_돌체 라떼 (Venti),음료 및 차류,커피,100ml,44,1.57,,,650ml
커피_돌체 라떼 아이스(ICED),음료 및 차류,커피,100ml,59,1.86,,,591ml
커피_돌체 라떼 아이스(ICED),음료 및 차류,커피,100g,77,2.5,,11.04,480g
커피_돌체 라떼 아이스(ICED),음료 및 차류,커피,100g,54,1.41,,,355g
커피_돌체 라떼 아이스(ICED),음료 및 차류,커피,100g,53,1.93,,,415g
커피_돌체 라떼 아이스(ICED),음료 및 차류,커피,100ml,44,1.7,,,354ml
커피_돌체 라떼 아이스(ICED),음료 및 차류,커피,100ml,57,1.8,,,473ml
커피_돌체 라떼 아이스(ICED),음료 및 차류,커피,100g,53,1.93,,,440g
커피_돌체 라떼 아이스(ICED) (Grande),음료 및 차류,커피,100ml,54,1.25,,,480ml
커피_돌체 라떼 아이스(ICED) (L),음료 및 차류,커피,100ml,41,1.3,,5.3,1000m
커피_돌체 라떼 아이스(ICED) (L),음료 및 차류,커피,100g,53,1.63,,,946g
커피_돌체 라떼 아이스(ICED) (M),음료 및 차류,커피,100g,52,1.57,,,591g
커피_돌체 라떼 아이스(ICED) (ML),음료 및 차류,커피,100ml,38,1.27,,5.07,710ml
커피_더블 모카 라떼 핫(HOT) (R),음료 및 차류,커피,100g,94,3.1,,,355g
커피_더블 베네브루 디카페인 (S),음료 및 차류,커피,100g,75,0.95,,,210g
커피_더블 베네브루 블루밍 (S),음료 및 차류,커피,100g,76,0.95,,,210g
커피_더블 베네브루 시그니처 (S),음료 및 차류,커피,100g,77,0.95,,,210g
커피_더블 에스프레소,음료 및 차류,커피,100ml,37,1.67,,,60ml
커피_더블돌체 라떼 아이스(ICED) (L),음료 및 차류,커피,100g,71,1.82,,,450g
커피_더블돌체 라떼 아이스(ICED) (R),음료 및 차류,커피,100g,72,1.83,,,400g
커피_더블돌체 라떼 핫(HOT) (L),음료 및 차류,커피,100g,100,2.93,,,400g
커피_더블돌체 라떼 핫(HOT) (R),음료 및 차류,커피,100g,100,2.94,,,340g
커피_더블샷 바닐라 딜라이트 아이스(ICED),음료 및 차류,커피,100g,63,1.98,,,354g
커피_더블샷 바닐라 딜라이트 핫(HOT),음료 및 차류,커피,100g,79,3.11,,,354g
커피_더블에스프레소,음료 및 차류,커피,100g,37,1.67,,,60g
커피_더치 라떼,음료 및 차류,커피,100g,21,1.01,0.88,2.16,100g
커피_더치 블랙 에티오피아 예가체프,음료 및 차류,커피,100g,3,0.19,,,320g
커피_더치 블랙 케냐AA,음료 및 차류,커피,100g,3,0.19,,,320g
커피_더치 썬셋,음료 및 차류,커피,100g,70,2.06,,,320g
커피_더치 오션,음료 및 차류,커피,100g,71,2.06,,,320g
커피_더치라떼 아이스(ICED),음료 및 차류,커피,100ml,19,0.76,1.02,1.44,591ml
커피_더치아메리카노,음료 및 차류,커피,100g,3,0.18,0.01,0.51,100g
에이드_깔라만시 팝핑 (L),음료 및 차류,에이드,100g,31,0.08,,,600g
커피_더벤티사이즈 디카페인 카페 라떼 아이스(ICED),음료 및 차류,커피,100g,32,1.37,,,946g
커피_더벤티사이즈 믹스커피 아이스(ICED),음료 및 차류,커피,100g,59,0.21,,,946g
커피_더벤티사이즈 아메리카노 아이스(ICED),음료 및 차류,커피,100g,3,0.21,,,946g
커피_더벤티사이즈 카페 라떼 아이스(ICED),음료 및 차류,커피,100g,32,1.48,,,946g
커피_더블 모카 라떼 다크로스트 (K(코끼리)),음료 및 차류,커피,100ml,74,2.62,,,650ml
커피_더블 모카 라떼 다크로스트 (L),음료 및 차류,커피,100ml,83,2.96,,,473ml
커피_더블 모카 라떼 다크로스트 (R),음료 및 차류,커피,100ml,94,3.1,,,355ml
커피_더블 모카 라떼 디카페인 (K(코끼리)),음료 및 차류,커피,100ml,74,2.62,,,650ml
커피_더블 모카 라떼 디카페인 (L),음료 및 차류,커피,100ml,83,2.96,,,473ml
커피_더블 모카 라떼 디카페인 (R),음료 및 차류,커피,100ml,94,3.1,,,355ml
커피_더블 모카 라떼 아이스(ICED) (K(코끼리)),음료 및 차류,커피,100g,74,2.62,,,650g
커피_더블 모카 라떼 아이스(ICED) (L),음료 및 차류,커피,100g,83,2.96,,,473g
커피_더블 모카 라떼 아이스(ICED) (R),음료 및 차류,커피,100g,94,3.1,,,355g
커피_더블 모카 라떼 프리미엄마일드 (K(코끼리)),음료 및 차류,커피,100ml,74,2.62,,,650ml
커피_더블 모카 라떼 프리미엄마일드 (L),음료 및 차류,커피,100ml,83,2.96,,,473ml
커피_더블 모카 라떼 프리미엄마일드 (R),음료 및 차류,커피,100ml,94,3.1,,,355ml
커피_더블 모카 라떼 핫(HOT) (K(코끼리)),음료 및 차류,커피,100g,74,2.62,,,650g
커피_더블 모카 라떼 핫(HOT) (L),음료 및 차류,커피,100g,83,2.96,,,473g
에이드_깔라만시 에이드,음료 및 차류,에이드,100g,27,0.05,,,591g
커피_달고나 콜드브루 라떼 핫(HOT),음료 및 차류,커피,100g,84,2.05,,,473g
커피_달고나 콜드브루 라떼 핫(HOT),음료 및 차류,커피,100ml,83,2.03,,,473ml
커피_달고나 크림커피 아이스(ICED),음료 및 차류,커피,100ml,84,1.04,,,480ml
커피_달고나카페 라떼 아이스(ICED) (L),음료 및 차류,커피,100g,69,1.69,,,473g
커피_달고나카페 라떼 아이스(ICED) (Max),음료 및 차류,커피,100g,61,1.52,,,591g
커피_달고나카페 라떼 아이스(ICED) (R),음료 및 차류,커피,100g,62,1.45,,,414g
커피_달고나카페 라떼 핫(HOT) (L),음료 및 차류,커피,100g,88,2.96,,,473g
커피_달고나카페 라떼 핫(HOT) (R),음료 및 차류,커피,100g,89,3.1,,,355g
커피_달고나커피,음료 및 차류,커피,100g,111,2.47,4.97,14.08,100g
커피_달고나커피 아이스(ICED),음료 및 차류,커피,100g,66,1.18,,,591g
커피_달고나커피 핫(HOT),음료 및 차류,커피,100g,62,1.08,,,650g
커피_달달연유 라떼 아이스(ICED),음료 및 차류,커피,100ml,55,1.97,,,710ml
커피_달달연유 라떼 핫(HOT),음료 및 차류,커피,100ml,104,3.59,,,473ml
커피_달달커피 (EX),음료 및 차류,커피,100ml,48,0.29,,,680ml
커피_달달커피 (L),음료 및 차류,커피,100ml,52,0.38,,,532ml
커피_당 걱정 없는 카라멜 라떼 (Grande),음료 및 차류,커피,100ml,36,2.43,,,450ml
커피_당 걱정 없는 카라멜 라떼 (Venti),음료 및 차류,커피,100ml,18,1.08,,,650ml
커피_더벤티사이즈 디카페인 아메리카노 아이스(ICED),음료 및 차류,커피,100g,3,0.11,,,946g
에이드_깔라만시 에이드,음료 및 차류,에이드,100g,37,0.13,,,100g
커피_꿀아메리카노 핫(HOT),음료 및 차류,커피,100ml,29,0.15,0.03,7.07,591ml
커피_나이트로 바닐라 크림 (Tall),음료 및 차류,커피,100g,23,0.28,,,355g
커피_나이트로 콜드 브루 (Tall),음료 및 차류,커피,100g,1,0,,,355g
커피_낭만 달고나 카페 라떼 아이스(ICED),음료 및 차류,커피,100g,102,1.25,,,360g
커피_낭만 달고나 카페 라떼 핫(HOT),음료 및 차류,커피,100g,110,1.25,,,360g
커피_넘버원모카 아이스(ICED) (L),음료 및 차류,커피,100g,84,1.52,,,678g
커피_넘버원모카 아이스(ICED) (R),음료 및 차류,커피,100g,91,0.89,,,403g
커피_넘버원모카 핫(HOT) (L),음료 및 차류,커피,100g,113,2.15,,,478g
커피_넘버원모카 핫(HOT) (R),음료 및 차류,커피,100g,123,2.14,,,378g
커피_녹차 샷 라떼 아이스(ICED),음료 및 차류,커피,100g,58,1.51,,,591g
커피_녹차 샷 라떼 핫(HOT),음료 및 차류,커피,100g,84,2.39,,,473g
커피_니트로 콜드브루,음료 및 차류,커피,100g,1,0,,,360g
커피_니트로커피,음료 및 차류,커피,100g,3,0.24,,,414g
커피_달고나 아인슈페너 아이스(ICED),음료 및 차류,커피,100ml,63,0.21,,,480ml
커피_달고나 커피 아이스(ICED),음료 및 차류,커피,100ml,66,1.18,,,591ml
커피_달고나 커피 핫(HOT),음료 및 차류,커피,100ml,62,1.08,,,651ml
커피_달고나 콜드브루 라떼 아이스(ICED),음료 및 차류,커피,100ml,58,1.22,,,591ml
커피_달고나 콜드브루 라떼 아이스(ICED),음료 및 차류,커피,100g,58,1.24,,,591g
커피_꿀 라떼 아이스(ICED) (L),음료 및 차류,커피,100g,17,0.08,,,946g
커피_꿀 라떼 아이스(ICED) (M),음료 및 차류,커피,100g,18,0.07,,,591g
커피_꿀 라떼 핫(HOT),음료 및 차류,커피,100ml,67,2.24,,,473ml
커피_꿀 라떼 핫(HOT),음료 및 차류,커피,100g,70,2.18,,,473g
커피_꿀 라떼 핫(HOT) (L),음료 및 차류,커피,100g,17,0.11,,,946g
커피_꿀 라떼 핫(HOT) (M),음료 및 차류,커피,100g,18,0.07,,,591g
커피_꿀 커피 아이스(ICED),음료 및 차류,커피,100g,21,0.12,,,591g
커피_꿀 커피 아이스(ICED),음료 및 차류,커피,100ml,21,0.17,,,591ml
커피_꿀 커피 핫(HOT),음료 및 차류,커피,100ml,27,0.21,,,473ml
커피_꿀 커피 핫(HOT),음료 및 차류,커피,100g,26,0.15,,,473g
커피_꿀메리카노 I’m B 아이스(ICED) (L),음료 및 차류,커피,100g,17,0.1,,,946g
커피_꿀메리카노 I’m B 아이스(ICED) (M),음료 및 차류,커피,100g,18,0.05,,,591g
커피_꿀메리카노 I’m B 핫(HOT) (L),음료 및 차류,커피,100g,16,0.04,,,946g
커피_꿀메리카노 I’m B 핫(HOT) (M),음료 및 차류,커피,100g,18,0.07,,,591g
커피_꿀메리카노 I’m D 아이스(ICED) (L),음료 및 차류,커피,100g,17,0.11,,,946g
커피_꿀메리카노 I’m D 아이스(ICED) (M),음료 및 차류,커피,100g,18,0.07,,,591g
커피_꿀메리카노 I’m D 핫(HOT) (L),음료 및 차류,커피,100g,16,0.04,,,946g
커피_꿀메리카노 I’m D 핫(HOT) (M),음료 및 차류,커피,100g,19,0.08,,,591g
커피_꿀아메리카노 아이스(ICED),음료 및 차류,커피,100ml,23,0.13,0.04,5.49,710ml
커피_그린티더블샷 아이스(ICED),음료 및 차류,커피,100g,53,1.14,,,440g
커피_그린티더블샷 핫(HOT),음료 및 차류,커피,100g,99,2.07,,,290g
커피_그린티도피오 라떼 아이스(ICED),음료 및 차류,커피,100g,65,1.97,,,355g
커피_그린티도피오 라떼 핫(HOT),음료 및 차류,커피,100g,86,2.82,,,355g
커피_그샷추 아이스(ICED) (Grande),음료 및 차류,커피,100ml,79,1.46,,,480ml
커피_그샷추 아이스(ICED) (Mini Venti),음료 및 차류,커피,100ml,76,1.23,,,570ml
커피_그샷추 아이스(ICED) (Tall),음료 및 차류,커피,100ml,74,1.39,,,360ml
커피_그샷추 아이스(ICED) (Venti),음료 및 차류,커피,100ml,79,1.25,,,720ml
커피_그샷추 핫(HOT) (Grande),음료 및 차류,커피,100ml,88,1.67,,,480ml
커피_그샷추 핫(HOT) (Mini Venti),음료 및 차류,커피,100ml,84,1.58,,,570ml
커피_그샷추 핫(HOT) (Tall),음료 및 차류,커피,100ml,87,1.95,,,360ml
커피_그샷추 핫(HOT) (Venti),음료 및 차류,커피,100ml,77,1.39,,,720ml
커피_꼰대 라떼 아이스(ICED),음료 및 차류,커피,100g,71,0.49,2.2,12.44,410g
커피_꼰대 라떼 핫(HOT),음료 및 차류,커피,100g,94,0.65,2.9,16.45,310g
커피_꿀 다크리카노 아이스(ICED),음료 및 차류,커피,100g,29,0.17,,,591g
커피_꿀 다크리카노 핫(HOT),음료 및 차류,커피,100g,29,0.17,,,591g
커피_꿀 라떼 아이스(ICED),음료 및 차류,커피,100ml,46,1.39,,,591ml
커피_꿀 라떼 아이스(ICED),음료 및 차류,커피,100g,47,1.34,,,591g
피자_체다베이컨고구마 피자 (L),빵 및 과자류,피자,100g,319,20,,,1243g
에이드_깔라만시 에이드,음료 및 차류,에이드,100ml,30,0.14,,,710ml
칼국수_소고기,면 및 만두류,칼국수,100ml,59,2,1.93,8.09,483ml
칼국수_소고기,면 및 만두류,칼국수,100ml,57,2.2,1.07,9.01,1000m
칼국수_해물,면 및 만두류,칼국수,100ml,78,3.1,0.39,14.74,1100m
칼국수_해물,면 및 만두류,칼국수,100ml,78,3.1,0.39,14.74,1100m
칼국수_해물,면 및 만두류,칼국수,100ml,78,3.1,0.39,14.74,1100m
칼국수_해물,면 및 만두류,칼국수,100ml,78,3.1,0.39,14.74,1100m
칼국수_해물,면 및 만두류,칼국수,100g,70,2.53,0.51,13.77,900g
캔디_씨프렌즈 캔디,빵 및 과자류,캔디,100g,392,0,,,50g
캔디_아몬드 토피넛 캔디,빵 및 과자류,캔디,100g,527,1.67,,,60g
캘리포니아롤,밥류,캘리포니아롤,100g,163,4.11,3.02,29.74,300g
커피(타먹는커피),음료 및 차류,커피(타먹는커피),100ml,51,0.5,1.17,9.81,100ml
커피_공차슈페너 DRIP 아이스(ICED) (L),음료 및 차류,커피,100ml,21,0.21,,,473ml
커피_공차슈페너 ESP 아이스(ICED) (L),음료 및 차류,커피,100ml,21,0.21,,,473ml
커피_과테말라 누에보 오리엔테,음료 및 차류,커피,100g,1,0.06,,,320g
커피_그린티 샷 라떼 아이스(ICED),음료 및 차류,커피,100ml,57,1.54,,,591ml
커피_그린티 샷 라떼 핫(HOT),음료 및 차류,커피,100ml,82,2.43,,,473ml
커피_그린티 카페 라떼 아이스(ICED),음료 및 차류,커피,100g,83,2.82,,,355g
커피_그린티 카페 라떼 핫(HOT),음료 및 차류,커피,100g,83,2.82,,,355g
카페모카_휘핑크림,음료 및 차류,카페모카,100ml,93,2.1,4.98,10.19,355ml
칼국수,면 및 만두류,칼국수,100ml,97,2.7,0.29,20.03,514.8
칼국수,면 및 만두류,칼국수,100g,77,3.3,0.49,14.9,700g
칼국수,면 및 만두류,칼국수,100ml,97,2.7,0.29,20.03,514.8
칼국수,면 및 만두류,칼국수,100ml,85,2.4,0.26,17.53,296.7
칼국수,면 및 만두류,칼국수,100ml,97,2.7,0.29,20.03,514.8
칼국수_간편조리세트_닭한마리와 칼국수,면 및 만두류,칼국수,100g,94,7.95,2.28,10.53,2292g
칼국수_간편조리세트_세숫대야 바지락칼국수,면 및 만두류,칼국수,100g,74,2.28,2.87,9.72,2159g
칼국수_간편조리세트_원주식장칼국수,면 및 만두류,칼국수,100g,78,2.71,0.66,15.27,1367g
칼국수_간편조리세트_장칼국수,면 및 만두류,칼국수,100g,80,2.51,1.12,15.06,1330g
칼국수_닭고기,면 및 만두류,칼국수,100ml,53,4.1,0.48,7.69,514.8
칼국수_닭고기,면 및 만두류,칼국수,100ml,53,4.1,0.48,7.69,514.8
칼국수_닭고기,면 및 만두류,칼국수,100g,74,4.69,1.42,10.52,900g
칼국수_들깨,면 및 만두류,칼국수,100g,76,2.93,2.75,9.97,600g
칼국수_들깨,면 및 만두류,칼국수,100ml,113,3.41,2.73,18.42,1020m
칼국수_바지락,면 및 만두류,칼국수,100ml,47,2.1,0.53,8.27,885.1
칼국수_바지락,면 및 만두류,칼국수,100ml,54,2.4,0.61,9.36,428.6
칼국수_바지락,면 및 만두류,칼국수,100g,82,3.43,0.53,15.97,700g
카스텔라_촉촉한 쌀카스테라 녹차,빵 및 과자류,카스텔라,100g,294,6.67,,,150g
카스텔라_촉촉한 쌀카스테라 플레인,빵 및 과자류,카스텔라,100g,309,6.67,,,150g
카스텔라_카스테라구마,빵 및 과자류,카스텔라,100g,314,4.76,,,105g
카스텔라_카스텔라우유스틱 브레드,빵 및 과자류,카스텔라,100g,284,7,,,480g
카스텔라_큐브 라이스 카스텔라,빵 및 과자류,카스텔라,100g,323,7.5,,,40g
카스텔라_크림가득 카스테라,빵 및 과자류,카스텔라,100g,314,5.6,,,150g
카스텔라_클래식 카스테라,빵 및 과자류,카스텔라,100g,309,11.77,11.77,39.71,68g
카스텔라_펄 슈가 카스테라,빵 및 과자류,카스텔라,100g,303,7.5,,,80g
카스텔라_폭신한 생크림 카스텔라,빵 및 과자류,카스텔라,100g,352,5.46,,,110g
카스텔라_폭탄 카스테라,빵 및 과자류,카스텔라,100g,352,33.33,,,120g
카스텔라_플레인 카스테라,빵 및 과자류,카스텔라,100g,368,4.23,,,142g
카스텔라_후레쉬카스텔라,빵 및 과자류,카스텔라,100g,337,6,,,220g
카페라떼,음료 및 차류,카페라떼,100ml,38,1.7,1.83,3.57,355ml
카페라떼_시럽,음료 및 차류,카페라떼,100ml,51,1.7,1.83,6.9,355ml
카페라떼_카라멜,음료 및 차류,카페라떼,100ml,59,1.7,1.84,9.24,355ml
카페모카,음료 및 차류,카페모카,100ml,63,1.9,1.9,9.64,355ml
카페모카_카라멜,음료 및 차류,카페모카,100ml,74,1.9,1.9,12.7,355ml
카페모카_카라멜_휘핑크림,음료 및 차류,카페모카,100ml,105,2.1,4.98,13.26,355ml
카레소스,"장류, 양념류",카레소스,100ml,66,2.78,2.07,9.9,290ml
카레소스,"장류, 양념류",카레소스,100ml,70,2.7,2.33,9.75,290ml
카레소스_치킨마크니 찍먹커리,"장류, 양념류",카레소스,100g,172,3.65,,28.01,100g
카스텔라,빵 및 과자류,카스텔라,100g,335,10.03,11.47,47.99,70g
카스텔라_난리난 카스텔라,빵 및 과자류,카스텔라,100g,312,6.67,,41.67,120g
카스텔라_민트초코 생크림 카스텔라,빵 및 과자류,카스텔라,100g,326,7.2,,,125g
카스텔라_베리베리 카스텔라,빵 및 과자류,카스텔라,100g,341,6,,,100g
카스텔라_부드러운 생크림 카스텔라,빵 및 과자류,카스텔라,100g,332,5.88,,,170g
카스텔라_생크림 가득 카스텔라,빵 및 과자류,카스텔라,100g,174,2.76,,,181g
카스텔라_생크림 카스테라,빵 및 과자류,카스텔라,100g,352,6.67,,,120g
카스텔라_생크림 카스테라,빵 및 과자류,카스텔라,100g,386,10.83,,,120g
카스텔라_생크림 카스테라,빵 및 과자류,카스텔라,100g,352,6.61,,,121g
카스텔라_생크림 카스텔라,빵 및 과자류,카스텔라,100g,349,5.36,20.54,35.71,112g
카스텔라_우리 흑米 카스텔라,빵 및 과자류,카스텔라,100g,315,8,,,200g
카스텔라_우리米 카스텔라,빵 및 과자류,카스텔라,100g,305,7,,,200g
카스텔라_우유생크림 카스테라,빵 및 과자류,카스텔라,100g,329,5.71,18.1,37.14,105g
카스텔라_우유크림 카스테라,빵 및 과자류,카스텔라,100g,352,33.33,,,120g
카스텔라_우유크림카스테라,빵 및 과자류,카스텔라,100g,333,5.71,,,105g
치킨데리야끼,구이류,치킨데리야끼,100ml,87,11.2,0.7,8.74,83.2
치킨데리야끼,구이류,치킨데리야끼,100ml,117,16,0.99,10.96,151.4
칠면조구이,구이류,칠면조구이,100ml,207,30.6,7.98,0.96,42.7
카레라이스,밥류,카레라이스,100g,108,3.11,1.4,20.74,480g
카레라이스_돼지고기,밥류,카레라이스,100ml,100,2.64,1.59,18.4,600ml
카레라이스_돼지고기,밥류,카레라이스,100ml,90,2.8,1.65,15.73,600ml
카레라이스_돼지고기,밥류,카레라이스,100ml,164,4.6,2.84,29.04,238.8
카레라이스_돼지고기,밥류,카레라이스,100ml,167,4.8,2.47,30.95,319.4
카레라이스_돼지고기_모듬채소,밥류,카레라이스,100ml,99,2.7,1.52,18.44,600ml
카레라이스_돼지고기_모듬채소,밥류,카레라이스,100ml,99,2.7,1.52,18.44,600ml
카레라이스_돼지고기_모듬채소,밥류,카레라이스,100ml,99,2.7,1.52,18.44,600ml
카레라이스_두부,밥류,카레라이스,100ml,104,3.7,2.43,16.18,512.6
카레라이스_소고기,밥류,카레라이스,100ml,113,2.7,2.48,19.28,572ml
카레라이스_오징어,밥류,카레라이스,100ml,117,4.3,1.83,20.69,375.7
카레라이스_채소,밥류,카레라이스,100ml,95,2.09,1.18,18.96,650ml
카레소스,"장류, 양념류",카레소스,100g,136,9.16,8.38,6.02,386g
카레소스,"장류, 양념류",카레소스,100ml,70,2.7,2.33,9.75,290ml
카레소스,"장류, 양념류",카레소스,100ml,70,2.7,2.33,9.75,290ml
치즈스틱_롱치즈스틱,튀김류,치즈스틱,100g,322,16.67,,,49g
치즈스틱_롱치즈스틱 (1개),튀김류,치즈스틱,100g,302,12.86,,,100g
치즈스틱_모짜렐라치즈스틱(1개입),튀김류,치즈스틱,100g,379,9.09,,,33g
치즈스틱_순수치즈스틱,튀김류,치즈스틱,100g,220,11.95,,,100g
치즈스틱_치즈 스틱 (2개),튀김류,치즈스틱,100g,318,13.64,,,44g
치즈스틱_치즈 스틱 (4개),튀김류,치즈스틱,100g,319,12.5,,,88g
치즈스틱_치즈스틱,튀김류,치즈스틱,100g,322,15.67,,,49g
치즈스틱_치즈스틱,튀김류,치즈스틱,100g,279,11,,,180g
치즈스틱_치즈스틱 (6조각),튀김류,치즈스틱,100g,310,16.81,,,125g
치커리 겉절이,생채·무침류,치커리 겉절이,100ml,22,0.7,0.73,3.5,180ml
치커리 겉절이,생채·무침류,치커리 겉절이,100ml,58,2.9,3,6.04,32.4
치커리 겉절이,생채·무침류,치커리 겉절이,100ml,58,2.9,3.01,6.18,32.4
치커리겉절이,생채·무침류,치커리겉절이,100ml,22,0.72,0.73,3.51,180ml
치커리무침,생채·무침류,치커리무침,100ml,16,0.8,0.48,2.35,151.1
치킨가스,튀김류,치킨가스,100g,296,13.96,16.96,22.01,200g
치킨데리야끼,구이류,치킨데리야끼,100g,208,16.54,9.01,15.21,340g
치킨데리야끼,구이류,치킨데리야끼,100ml,142,25.4,1.55,5.56,83.2
피자_체다소세지 피자 (L),빵 및 과자류,피자,100g,250,13.66,,,680g
과ㆍ채주스_망고 주스 (L),음료 및 차류,과ㆍ채주스,100g,35,0,,4.23,946g
과ㆍ채주스_망고 주스 (ML),음료 및 차류,과ㆍ채주스,100g,39,0,,4.65,710g
과ㆍ채주스_망고 주스 (R),음료 및 차류,과ㆍ채주스,100g,56,0.2,,,400g
과ㆍ채주스_망고 주스 병음료,음료 및 차류,과ㆍ채주스,100g,62,0.53,,,190g
과ㆍ채주스_망고 쥬스,음료 및 차류,과ㆍ채주스,100ml,50,0.19,0.03,12.58,650ml
과ㆍ채주스_망고바나나,음료 및 차류,과ㆍ채주스,100g,67,1.06,0.93,13.6,100g
과ㆍ채주스_망플단,음료 및 차류,과ㆍ채주스,100ml,28,0.17,,,600ml
과ㆍ채주스_망플단 (더벤티),음료 및 차류,과ㆍ채주스,100ml,28,0.1,,,960ml
과ㆍ채주스_망플단 망고/파인애플/단호박,음료 및 차류,과ㆍ채주스,100g,28,0.08,,,591g
과ㆍ채주스_미드나잇 트로피칼 주스 망고용과,음료 및 차류,과ㆍ채주스,100ml,56,0.31,,,415ml
과ㆍ채주스_밀싹 케일 주스,음료 및 차류,과ㆍ채주스,100g,29,0.24,,,415g
과ㆍ채주스_밀싹케일 주스,음료 및 차류,과ㆍ채주스,100g,32,0.43,,7.66,470g
과ㆍ채주스_바나나 생과일 주스,음료 및 차류,과ㆍ채주스,100g,59,1.11,,,360g
과ㆍ채주스_바나나 주스,음료 및 차류,과ㆍ채주스,100ml,13,0.02,,,420ml
과ㆍ채주스_바나나 주스,음료 및 차류,과ㆍ채주스,100g,61,1.78,,,100g
과ㆍ채주스_바나나 주스 (L),음료 및 차류,과ㆍ채주스,100g,73,1.29,,,575g
과ㆍ채주스_바나나 주스 (R),음료 및 차류,과ㆍ채주스,100g,70,1.21,,,390g
과ㆍ채주스_배 주스 (L),음료 및 차류,과ㆍ채주스,100g,52,0.14,,,540g
과ㆍ채주스_루트 클렌즈,음료 및 차류,과ㆍ채주스,100ml,29,0.28,,,360ml
과ㆍ채주스_루트클렌즈,음료 및 차류,과ㆍ채주스,100g,29,0.28,,,360g
과ㆍ채주스_리얼 사과 주스,음료 및 차류,과ㆍ채주스,100g,46,0,,11.3,460g
과ㆍ채주스_리얼 수박 주스,음료 및 차류,과ㆍ채주스,100g,45,0.48,,,415g
과ㆍ채주스_리얼 수박 주스,음료 및 차류,과ㆍ채주스,100g,18,0.46,,,600g
과ㆍ채주스_리얼 수박 주스,음료 및 차류,과ㆍ채주스,100g,36,0.3,,,473g
과ㆍ채주스_리얼 캐롯플 주스,음료 및 차류,과ㆍ채주스,100g,40,0.22,,9.78,460g
과ㆍ채주스_리얼 토마토 주스,음료 및 차류,과ㆍ채주스,100g,42,0.54,,10.27,370g
과ㆍ채주스_리얼 홍시 주스,음료 및 차류,과ㆍ채주스,100g,116,0.14,,,360g
과ㆍ채주스_리얼수박 주스,음료 및 차류,과ㆍ채주스,100g,31,0.56,,,355g
과ㆍ채주스_리얼수박 주스,음료 및 차류,과ㆍ채주스,100g,73,1.01,,,526g
과ㆍ채주스_망고 딸기 주스,음료 및 차류,과ㆍ채주스,100ml,72,0.28,,,354ml
과ㆍ채주스_망고 주스,음료 및 차류,과ㆍ채주스,100g,45,0,,,415g
과ㆍ채주스_망고 주스,음료 및 차류,과ㆍ채주스,100g,94,0.13,,,530g
과ㆍ채주스_망고 주스,음료 및 차류,과ㆍ채주스,100ml,56,1.79,,,420ml
과ㆍ채주스_망고 주스,음료 및 차류,과ㆍ채주스,100g,29,0.09,0.35,6.46,100g
과ㆍ채주스_망고 주스 (J),음료 및 차류,과ㆍ채주스,100ml,22,0,,,651ml
과ㆍ채주스_망고 주스 (L),음료 및 차류,과ㆍ채주스,100ml,23,0,,,473ml
과ㆍ채주스_딸기 주스 (L),음료 및 차류,과ㆍ채주스,100g,49,0.22,,,450g
과ㆍ채주스_딸기 주스 (ML),음료 및 차류,과ㆍ채주스,100g,39,0,,4.65,710g
과ㆍ채주스_딸기 주스 (Mini Venti),음료 및 차류,과ㆍ채주스,100ml,86,0.18,,,570ml
과ㆍ채주스_딸기 주스 (R),음료 및 차류,과ㆍ채주스,100g,54,0.35,,,400g
과ㆍ채주스_딸기 주스 (R),음료 및 차류,과ㆍ채주스,100g,47,0.31,,,360g
과ㆍ채주스_딸기 주스 (Tall),음료 및 차류,과ㆍ채주스,100ml,89,0.28,,,360ml
과ㆍ채주스_딸기 주스 (Venti),음료 및 차류,과ㆍ채주스,100ml,77,0.28,,,720ml
과ㆍ채주스_딸기 주스 병음료,음료 및 차류,과ㆍ채주스,100g,58,0,,,190g
과ㆍ채주스_딸기 쥬스,음료 및 차류,과ㆍ채주스,100ml,46,0.3,0,11.04,650ml
과ㆍ채주스_딸기 토마토 주스,음료 및 차류,과ㆍ채주스,100ml,54,0.28,,,354ml
과ㆍ채주스_딸기_바나나,음료 및 차류,과ㆍ채주스,100g,54,1.37,0.52,11.06,100g
과ㆍ채주스_딸기바나나,음료 및 차류,과ㆍ채주스,100g,59,1.01,1.05,11.4,100g
과ㆍ채주스_딸기바나나 주스,음료 및 차류,과ㆍ채주스,100g,41,0.76,,,591g
과ㆍ채주스_딸기주스,음료 및 차류,과ㆍ채주스,100ml,33,0.07,0.02,8.22,591ml
과ㆍ채주스_딸기주스,음료 및 차류,과ㆍ채주스,100ml,65,0.48,,,414ml
과ㆍ채주스_레드 클렌즈,음료 및 차류,과ㆍ채주스,100ml,28,0.28,,,360ml
과ㆍ채주스_레드오렌지 자몽주스,음료 및 차류,과ㆍ채주스,100ml,35,0.15,0.02,8.51,591ml
과ㆍ채주스_레드클렌즈,음료 및 차류,과ㆍ채주스,100g,28,0.28,,,360g
과ㆍ채주스_당근,음료 및 차류,과ㆍ채주스,100g,29,0.36,0.04,6.88,100g
과ㆍ채주스_당근사과 주스,음료 및 차류,과ㆍ채주스,100g,36,0.21,,8.72,470g
과ㆍ채주스_더 건강한 스트로베리 주스,음료 및 차류,과ㆍ채주스,100g,55,0.53,,13.68,190g
과ㆍ채주스_딸기 바나나 주스,음료 및 차류,과ㆍ채주스,100ml,45,0.69,0.54,9.44,591ml
과ㆍ채주스_딸기 바나나 주스,음료 및 차류,과ㆍ채주스,100ml,62,1.06,,,473ml
과ㆍ채주스_딸기 생과일주스,음료 및 차류,과ㆍ채주스,100g,42,0.56,,,360g
과ㆍ채주스_딸기 주스,음료 및 차류,과ㆍ채주스,100g,90,0.28,,,355g
과ㆍ채주스_딸기 주스,음료 및 차류,과ㆍ채주스,100g,63,0.42,,,414g
과ㆍ채주스_딸기 주스,음료 및 차류,과ㆍ채주스,100g,51,0.1,0.03,12.54,100g
과ㆍ채주스_딸기 주스,음료 및 차류,과ㆍ채주스,100g,81,0.43,0.21,19.57,470g
과ㆍ채주스_딸기 주스,음료 및 차류,과ㆍ채주스,100g,27,0.17,,,591g
과ㆍ채주스_딸기 주스,음료 및 차류,과ㆍ채주스,100g,36,0.96,,,415g
과ㆍ채주스_딸기 주스,음료 및 차류,과ㆍ채주스,100ml,43,0.56,,,360ml
과ㆍ채주스_딸기 주스,음료 및 차류,과ㆍ채주스,100g,34,0.21,,,440g
과ㆍ채주스_딸기 주스,음료 및 차류,과ㆍ채주스,100g,42,0.46,,,480g
과ㆍ채주스_딸기 주스,음료 및 차류,과ㆍ채주스,100ml,36,0.48,,,420ml
과ㆍ채주스_딸기 주스 (Grande),음료 및 차류,과ㆍ채주스,100ml,91,0.21,,,480ml
과ㆍ채주스_딸기 주스 (L),음료 및 차류,과ㆍ채주스,100g,50,0.33,,,515g
과ㆍ채주스_딸기 주스 (L),음료 및 차류,과ㆍ채주스,100g,35,0,,4.23,946g
과ㆍ채주스_22수박 주스 (Max),음료 및 차류,과ㆍ채주스,100g,48,0.49,,,610g
과ㆍ채주스_22수박 주스 (R),음료 및 차류,과ㆍ채주스,100g,48,0.51,,,395g
과ㆍ채주스_Oh 자몽 핫(HOT) (R),음료 및 차류,과ㆍ채주스,100g,69,0,,,290g
과ㆍ채주스_건강주스 자몽미모,음료 및 차류,과ㆍ채주스,100g,62,0.13,,,355g
과ㆍ채주스_건강주스 자몽미모 (Grande),음료 및 차류,과ㆍ채주스,100ml,61,0.21,,,480ml
과ㆍ채주스_건강주스 자몽미모 (Mini Venti),음료 및 차류,과ㆍ채주스,100ml,55,0.18,,,570ml
과ㆍ채주스_건강주스 자몽미모 (Venti),음료 및 차류,과ㆍ채주스,100ml,51,0.14,,,720ml
과ㆍ채주스_골드키위 주스,음료 및 차류,과ㆍ채주스,100g,58,0.18,,,414g
과ㆍ채주스_골드키위주스,음료 및 차류,과ㆍ채주스,100ml,64,0.48,,,414ml
과ㆍ채주스_구아바 크림 주스,음료 및 차류,과ㆍ채주스,100ml,43,0.25,,,710ml
과ㆍ채주스_그린 데이즈,음료 및 차류,과ㆍ채주스,100g,30,0.27,0.01,,420g
과ㆍ채주스_그린 클렌즈,음료 및 차류,과ㆍ채주스,100ml,19,0.28,,,360ml
과ㆍ채주스_기운내라임 병음료,음료 및 차류,과ㆍ채주스,100g,47,0.53,,,190g
과ㆍ채주스_깔라망코 주스 (L),음료 및 차류,과ㆍ채주스,100g,41,0.03,,,590g
과ㆍ채주스_깔라망코 주스 (R),음료 및 차류,과ㆍ채주스,100g,42,0.05,,,410g
과ㆍ채주스_놀라운망고,음료 및 차류,과ㆍ채주스,100g,32,0.03,,,473g
과ㆍ채주스_놀라운청포도,음료 및 차류,과ㆍ채주스,100g,32,0.01,,,473g
과ㆍ채주스_놀라운패션후르츠,음료 및 차류,과ㆍ채주스,100g,31,0.01,,,473g
골뱅이무침_채소_소면,생채·무침류,골뱅이무침,100ml,87,5.01,0.71,15.19,100ml
곰치국,국 및 탕류,곰치국,100g,42,5.43,1.18,2.39,1000g
곰탕,국 및 탕류,곰탕,100ml,32,1.9,1.65,2.11,645ml
곰탕,국 및 탕류,곰탕,100ml,65,3.4,2.61,6.53,186.3
곰탕,국 및 탕류,곰탕,100ml,140,7.5,5.94,12.67,195.3
곰탕,국 및 탕류,곰탕,100ml,68,3.5,2.62,6.95,186.3
곰탕,국 및 탕류,곰탕,100g,61,6.47,1.23,6.03,300g
곰탕,국 및 탕류,곰탕,100g,24,3.43,1.12,0.11,600g
곰탕_우거지,국 및 탕류,곰탕,100g,25,2.37,0.6,2.6,350g
곱창구이_소고기,구이류,곱창구이,100g,184,14.89,11.73,4.71,150g
곱창볶음_돼지고기,볶음류,곱창볶음,100ml,182,9.7,10.37,13.81,109.3
곱창볶음_돼지고기,볶음류,곱창볶음,100g,130,7.23,3,18.52,230g
곱창볶음_돼지껍데기,볶음류,곱창볶음,100g,235,17.2,11.13,16.33,150g
곱창전골,찌개 및 전골류,곱창전골,100ml,47,3.57,2.61,2.66,570ml
곱창전골_간편조리세트_대한곱창 곱창전골,찌개 및 전골류,곱창전골,100g,140,5.79,9.11,8.65,1295g
곱창전골_간편조리세트_소곱창순대전골,찌개 및 전골류,곱창전골,100g,75,3.95,2.82,8.36,1316g
곱창전골_소고기,찌개 및 전골류,곱창전골,100g,88,6.93,4.55,4.87,600g
과ㆍ채주스_22수박 주스 (L),음료 및 차류,과ㆍ채주스,100g,48,0.59,,,510g
곤드레밥,밥류,곤드레밥,100ml,124,2.2,0.94,26.8,500ml
곤드레밥,밥류,곤드레밥,100ml,124,2.2,0.94,26.8,500ml
곤드레밥,밥류,곤드레밥,100ml,124,2.2,0.94,26.8,500ml
곤드레밥,밥류,곤드레밥,100ml,124,2.2,0.94,26.8,500ml
곤드레밥_양념장,밥류,곤드레밥,100ml,87,2.09,0.97,17.09,300ml
곤약무침_마요네즈,생채·무침류,곤약무침,100ml,83,0.7,7.7,3.62,75ml
곤약조림,조림류,곤약조림,100ml,43,1.1,1.99,7.17,95.8
곤약조림,조림류,곤약조림,100ml,31,0.8,1.46,5.19,122.9
곤약조림,조림류,곤약조림,100ml,31,0.8,1.46,5.19,122.9
곤약조림,조림류,곤약조림,100ml,43,1.1,1.99,7.17,95.8
골뱅이무침,생채·무침류,골뱅이무침,100g,109,7.08,1.97,15.69,100g
골뱅이무침,생채·무침류,골뱅이무침,100ml,118,17.2,1.18,10.06,47.2
골뱅이무침,생채·무침류,골뱅이무침,100ml,118,17.2,1.18,10.06,47.2
골뱅이무침_소면,생채·무침류,골뱅이무침,100g,109,5.01,1.47,18.91,230g
골뱅이무침_소면,생채·무침류,골뱅이무침,100ml,102,8.4,1.55,13.91,300ml
골뱅이무침_채소,생채·무침류,골뱅이무침,100ml,69,5.98,0.84,10.29,150ml
골뱅이무침_채소,생채·무침류,골뱅이무침,100ml,59,5.54,0.68,8.23,120ml
골뱅이무침_채소,생채·무침류,골뱅이무침,100ml,60,5.06,0.74,9.16,70ml
고추조림,조림류,고추조림,100ml,40,1.9,0.8,6.89,80ml
고추조림,조림류,고추조림,100ml,40,1.9,0.8,6.89,80ml
고추조림_멸치,조림류,고추조림,100ml,34,3.1,0.35,5.01,80ml
고추조림_멸치,조림류,고추조림,100ml,57,7.08,1.21,4.69,80ml
고추튀김,튀김류,고추튀김,100g,202,7.6,12.6,14.6,100g
고추튀김,튀김류,고추튀김,100ml,218,5.9,9.24,26.51,65.5
고추튀김,튀김류,고추튀김,100ml,218,5.9,9.24,26.51,65.5
고추튀김,튀김류,고추튀김,100ml,177,4.7,7.42,21.78,44.9
고춧가루 양념장,"장류, 양념류",고춧가루 양념장,100ml,140,5.9,7.19,14.39,115ml
고춧가루 양념장,"장류, 양념류",고춧가루 양념장,100ml,140,5.9,7.19,14.39,115ml
고춧가루 양념장,"장류, 양념류",고춧가루 양념장,100ml,140,5.9,7.19,14.39,115ml
고춧가루 양념장,"장류, 양념류",고춧가루 양념장,100ml,140,5.9,7.19,14.39,115ml
고춧잎나물,나물·숙채류,고춧잎나물,100ml,101,6.9,4.21,12.51,34.6
고춧잎나물,나물·숙채류,고춧잎나물,100ml,30,2.1,1.44,3.33,60ml
고춧잎나물,나물·숙채류,고춧잎나물,100ml,101,6.9,4.21,12.59,34.6
고춧잎나물,나물·숙채류,고춧잎나물,100ml,41,3.8,0.68,7.13,70ml
고춧잎나물무침,나물·숙채류,고춧잎나물무침,100g,88,4.41,4.69,7.14,90g
곤드레나물밥,밥류,곤드레나물밥,100g,149,2.94,2.71,28.26,350g
고사리나물,나물·숙채류,고사리나물,100ml,43,1.6,3.48,2.08,79.7
고사리나물,나물·숙채류,고사리나물,100ml,43,1.6,3.48,2.08,79.7
고사리나물,나물·숙채류,고사리나물,100ml,56,3.7,3.14,4.89,82.4
고사리나물무침,나물·숙채류,고사리나물무침,100g,90,3.78,5.52,6.28,50g
고추잡채,볶음류,고추잡채,100ml,67,4.18,3.91,4.21,400ml
고추잡채,볶음류,고추잡채,100ml,91,9.69,3.47,5.09,170ml
고추잡채,볶음류,고추잡채,100ml,69,4.2,4.01,4.27,400ml
고추잡채_간편조리세트_고추잡채 꽃빵키트,볶음류,고추잡채,100g,168,6.76,5.62,22.5,556g
고추장볶음,볶음류,고추장볶음,100ml,396,9.5,25.57,34.64,54.6
고추장볶음,볶음류,고추장볶음,100ml,235,8.96,4.85,43.37,20ml
고추장볶음,볶음류,고추장볶음,100ml,376,9.1,24.52,33.35,24.5
고추장아찌,장아찌·절임류,고추장아찌,100g,124,2.39,0.63,31.49,100g
고추장아찌 무침,생채·무침류,고추장아찌 무침,100ml,62,1.5,0.9,13.91,37.6
고추장찌개_두부,찌개 및 전골류,고추장찌개,100ml,49,3.19,1.27,6.96,170ml
고추장찌개_두부,찌개 및 전골류,고추장찌개,100ml,56,5.26,2.13,4.17,400ml
고추전,전·적 및 부침류,고추전,100g,183,8.61,11.48,11.34,150g
고추전,전·적 및 부침류,고추전,100ml,234,12,14.56,15.71,104.6
고추조림,조림류,고추조림,100g,111,3.3,4.9,13.4,100g
고등어조림_무,조림류,고등어조림,100ml,94,8.4,4.27,5.02,95ml
고등어조림_무,조림류,고등어조림,100ml,94,8.4,4.27,5.02,95ml
고등어조림_배추김치,조림류,고등어조림,100ml,75,6.5,3.45,4.32,430ml
고등어조림_배추김치,조림류,고등어조림,100ml,82,6.97,3.53,5.61,150ml
고등어조림_배추김치,조림류,고등어조림,100ml,104,7.92,5.38,5.8,110ml
고등어조림_배추김치,조림류,고등어조림,100ml,105,9.61,4.82,5.73,210ml
고등어찌개,찌개 및 전골류,고등어찌개,100ml,38,3.5,1.69,2.02,451.8
고등어찌개,찌개 및 전골류,고등어찌개,100ml,38,3.5,1.69,2.02,451.8
고등어찌개,찌개 및 전골류,고등어찌개,100g,100,8.15,5.62,4.27,600g
고등어찜,찜류,고등어찜,100ml,92,8.6,4.88,3.21,191ml
고등어찜,찜류,고등어찜,100ml,92,8.6,4.88,3.21,191ml
고등어튀김,튀김류,고등어튀김,100ml,126,6.2,9.68,2.29,100ml
고등어튀김,튀김류,고등어튀김,100ml,219,13.5,13.58,8.99,70.5
고등어튀김,튀김류,고등어튀김,100ml,126,6.2,9.68,2.29,100ml
고디국(다슬기맑은국),국 및 탕류,고디국(다슬기맑은국),100ml,17,1.4,0.71,1.57,300ml
고디국(다슬기맑은국),국 및 탕류,고디국(다슬기맑은국),100ml,17,1.4,0.71,1.58,300ml
고디국(다슬기맑은국),국 및 탕류,고디국(다슬기맑은국),100ml,17,1.4,0.71,1.58,300ml
고사리나물,나물·숙채류,고사리나물,100ml,34,2.7,1.65,3.57,60ml
고등어구이,구이류,고등어구이,100ml,202,13.37,13.22,6.25,60ml
고등어구이,구이류,고등어구이,100ml,176,12.28,11.84,3.9,90ml
고등어구이,구이류,고등어구이,100ml,142,9.51,9.99,2.69,170ml
고등어구이_기름,구이류,고등어구이,100ml,144,9.5,9.99,2.69,170ml
고등어구이_기름,구이류,고등어구이,100ml,177,12.3,11.84,3.9,90ml
고등어구이_기름,구이류,고등어구이,100ml,206,13.4,13.22,6.25,60ml
고등어구이_기름,구이류,고등어구이,100ml,182,12.7,12.18,3.6,130ml
고등어구이_석쇠,구이류,고등어구이,100g,340,23.38,25.69,3.79,200g
고등어구이_카레,구이류,고등어구이,100ml,194,13.9,11.75,6.35,50ml
고등어구이_카레,구이류,고등어구이,100ml,194,13.9,11.75,6.35,50ml
고등어구이_카레,구이류,고등어구이,100ml,190,14,11.63,6.42,50ml
고등어조림,조림류,고등어조림,100ml,114,10.2,4.99,6.06,85.4
고등어조림,조림류,고등어조림,100g,108,8.36,6.07,4.9,100g
고등어조림,조림류,고등어조림,100ml,114,10.2,4.99,6.06,85.4
고등어조림,조림류,고등어조림,100g,141,11.25,8.84,4.1,100g
고등어조림_모듬채소,조림류,고등어조림,100ml,60,5.1,2.81,3.42,80ml
고등어조림_무,조림류,고등어조림,100ml,94,8.4,4.27,5.02,95ml
고등어조림_무,조림류,고등어조림,100ml,94,8.4,4.27,5.02,95ml
고구마줄기나물_고춧가루,나물·숙채류,고구마줄기나물,100ml,27,1.2,0.69,4.3,60ml
고구마줄기나물_고춧가루,나물·숙채류,고구마줄기나물,100ml,27,1.2,0.69,4.23,60ml
고구마줄기나물_들깨,나물·숙채류,고구마줄기나물,100ml,39,1.5,2.09,3.93,60ml
고구마줄기나물_들깨,나물·숙채류,고구마줄기나물,100ml,39,1.5,2.09,3.93,60ml
고구마줄기나물_들깨,나물·숙채류,고구마줄기나물,100ml,39,1.5,2.09,3.93,60ml
고구마튀김,튀김류,고구마튀김,100ml,193,2.7,6.86,29.37,166.5
고구마튀김,튀김류,고구마튀김,100ml,193,2.7,6.86,29.37,166.5
고구마튀김,튀김류,고구마튀김,100ml,182,1.9,4.74,32.12,65.5
고구마튀김,튀김류,고구마튀김,100g,253,2.72,11.87,33.8,100g
고구마튀김,튀김류,고구마튀김,100ml,233,1.48,10.9,31.33,80ml
고기만두,면 및 만두류,고기만두,100ml,96,5.4,1.81,13.59,215.5
고기만두,면 및 만두류,고기만두,100ml,105,6.6,2.51,13.15,315ml
고기만두,면 및 만두류,고기만두,100ml,99,6.1,1.63,14.13,215.5
고기만두,면 및 만두류,고기만두,100ml,114,5.9,2.16,16.96,382ml
고들빼기김치,김치류,고들빼기김치,100g,68,2.84,0.66,12.58,
고들빼기김치,김치류,고들빼기김치,100g,111,3.16,1.22,21.87,50g
고들빼기김치,김치류,고들빼기김치,100g,71,3,1.38,11.52,50g
고등어구이,구이류,고등어구이,100ml,179,12.71,12.18,3.6,130ml
고구마맛탕,튀김류,고구마맛탕,100ml,141,0.75,4,25.54,120ml
고구마맛탕,튀김류,고구마맛탕,100ml,143,0.71,3.53,27.12,180ml
고구마맛탕,튀김류,고구마맛탕,100ml,209,1,4.95,40.14,152ml
고구마밥,밥류,고구마밥,100ml,139,2.3,0.35,30.44,216ml
고구마밥,밥류,고구마밥,100ml,139,2.3,0.35,30.47,272ml
고구마밥,밥류,고구마밥,100ml,139,2.3,0.35,30.44,216ml
고구마전,전·적 및 부침류,고구마전,100g,227,2.92,7.98,35.99,140g
고구마조림,조림류,고구마조림,100ml,167,2.5,0.59,38.6,89.4
고구마조림,조림류,고구마조림,100ml,167,2.5,0.59,38.6,89.4
고구마조림,조림류,고구마조림,100ml,167,2.5,0.61,38.53,97ml
고구마줄기나물,나물·숙채류,고구마줄기나물,100ml,60,0.8,4.76,3.41,46.6
고구마줄기나물,나물·숙채류,고구마줄기나물,100ml,22,0.6,1.13,2.42,170ml
고구마줄기나물,나물·숙채류,고구마줄기나물,100ml,60,0.8,4.76,3.41,46.6
고구마줄기나물,나물·숙채류,고구마줄기나물,100g,97,1.64,7.46,5.77,100g
고구마줄기나물,나물·숙채류,고구마줄기나물,100g,83,0.98,7,4.1,50g
고구마줄기나물,나물·숙채류,고구마줄기나물,100ml,22,0.56,1.13,2.45,170ml
고구마줄기나물_고춧가루,나물·숙채류,고구마줄기나물,100ml,27,1.2,0.69,4.3,60ml
고구마줄기나물_고춧가루,나물·숙채류,고구마줄기나물,100ml,27,1.2,0.69,4.23,60ml
경단_깨,빵 및 과자류,경단,100g,240,6.28,6.72,38.58,100g
경단_찹쌀_카스텔라,빵 및 과자류,경단,100g,237,4.1,1.8,51.1,100g
경단_콩,빵 및 과자류,경단,100g,314,3.51,0.46,74.03,100g
계란 덮밥,밥류,계란 덮밥,100ml,169,5,3.69,27.22,300ml
계란 덮밥,밥류,계란 덮밥,100ml,152,4.7,4.85,21.33,335.4
계란 덮밥,밥류,계란 덮밥,100ml,152,4.7,4.85,21.33,335.4
계란덮밥,밥류,계란덮밥,100g,143,4.31,2.82,25.14,100g
계란빵,빵 및 과자류,계란빵,100ml,158,5.9,1.81,27.72,150ml
계란빵,빵 및 과자류,계란빵,100ml,158,6,1.99,27.2,150ml
계란빵,빵 및 과자류,계란빵,100ml,158,6,1.99,27.2,150ml
계란빵_쌀계란빵,빵 및 과자류,계란빵,100g,313,2,,,100g
계란빵_콘치즈 계란빵,빵 및 과자류,계란빵,100g,240,10,,,80g
계란빵_트윈에그 브레드,빵 및 과자류,계란빵,100g,238,10.48,,,105g
고구마_밤고구마_삶은것,"곡류, 서류 제품",고구마,100g,132,2.45,0.12,30.17,100g
고구마_찐고구마,찜류,고구마,100g,139,1.67,0.24,32.47,200g
고구마깻잎튀김,튀김류,고구마깻잎튀김,100ml,169,2.6,4,29.95,149.7
고구마맛탕,튀김류,고구마맛탕,100g,246,1.65,5.5,47.3,200g
고구마맛탕,튀김류,고구마맛탕,100ml,160,0.61,3.66,31.45,140ml
겉절이_배추,생채·무침류,겉절이,100g,55,2.28,2.14,6.58,50g
겉절이_상추,생채·무침류,겉절이,100g,61,2.36,3.41,5.26,100g
겉절이_열무,생채·무침류,겉절이,100g,58,2.4,2.94,5.38,100g
겉절이_치커리,생채·무침류,겉절이,100g,56,1.49,3.65,4.4,100g
게국지,국 및 탕류,게국지,100g,38,4.08,1.1,2.88,1100g
게맛살튀김,튀김류,게맛살튀김,100ml,213,6.1,8.61,26.31,167.4
게맛살튀김,튀김류,게맛살튀김,100ml,213,6.1,8.61,26.31,167.4
게살죽,죽 및 스프류,게살죽,100g,71,2.24,0.89,13.42,800g
게장_간장,젓갈류,게장,100g,88,12.25,2.31,4.47,100g
게장_양념,젓갈류,게장,100g,111,12.24,3.3,8.07,100g
게조림,조림류,게조림,100ml,21,4.2,0.18,0.31,800ml
게조림,조림류,게조림,100ml,93,18.9,0.81,1.48,132ml
겨자채,생채·무침류,겨자채,100ml,128,7.3,8.76,4.27,74.7
겨자채,생채·무침류,겨자채,100ml,128,7.3,8.76,4.27,74.7
겨자채,생채·무침류,겨자채,100ml,120,5.4,8.88,4.02,150ml
겨자채,생채·무침류,겨자채,100ml,120,5.4,8.88,4.02,150ml
견과_넛츠앤푸르츠,"두류, 견과 및 종실류",견과,100g,550,17.5,37.5,37.5,40g
경단_깨,빵 및 과자류,경단,100g,319,4.44,0.54,74.22,100g
건새우 미역국,국 및 탕류,건새우 미역국,100ml,27,3.8,1.04,0.92,320ml
건새우볶음,볶음류,건새우볶음,100ml,109,9.9,5.12,5.45,100ml
건새우볶음,볶음류,건새우볶음,100ml,109,9.9,5.12,5.45,100ml
건새우볶음,볶음류,건새우볶음,100ml,154,15.6,5.64,9.52,37.6
건새우볶음,볶음류,건새우볶음,100g,304,41.55,12.95,5.4,20g
건새우볶음,볶음류,건새우볶음,100ml,154,15.6,5.64,9.52,37.6
건새우볶음_건새우,볶음류,건새우볶음,100ml,120,15.53,3.87,4.96,60ml
건새우볶음_건새우_꽈리고추,볶음류,건새우볶음,100ml,71,7.11,2.3,5.65,75ml
건새우볶음_풋고추,볶음류,건새우볶음,100ml,163,10.7,7.62,12.71,88ml
건포도빵_건포도빵 (대),빵 및 과자류,건포도빵,100g,311,7.53,,,465g
건포도빵_건포도빵 (소),빵 및 과자류,건포도빵,100g,310,7.76,,,232g
건포도빵_우리쌀건포도브레드,빵 및 과자류,건포도빵,100g,265,6,,,150g
검정콩밥,밥류,검정콩밥,100ml,136,3.3,0.79,27.6,250ml
검정콩밥,밥류,검정콩밥,100ml,121,3.2,0.8,24.31,300ml
검정콩밥,밥류,검정콩밥,100ml,120,2.6,0.54,25.15,450ml
검정콩밥,밥류,검정콩밥,100ml,121,2.7,0.56,25.08,250ml
검정콩밥_보리,밥류,검정콩밥,100ml,143,3.2,0.66,29.94,179.2
검정콩밥_보리,밥류,검정콩밥,100ml,143,3.2,0.66,29.94,179.2
감자튀김_포테이트(R),튀김류,감자튀김,100g,309,3.67,,,89g
감자튀김_프렌치 프라이,튀김류,감자튀김,100g,275,3.75,,,80g
감자튀김_해쉬라운즈,튀김류,감자튀김,100g,205,2,,,225g
갑오징어무침,생채·무침류,갑오징어무침,100ml,50,5.31,0.74,5.89,100ml
갓김치,김치류,갓김치,100g,37,3.26,0.4,7.07,100g
강낭콩밥,밥류,강낭콩밥,100ml,111,2.2,0.15,24.21,300ml
강낭콩밥,밥류,강낭콩밥,100ml,111,2.2,0.15,24.21,300ml
강낭콩밥,밥류,강낭콩밥,100ml,112,2.3,0.34,23.99,300ml
강낭콩밥,밥류,강낭콩밥,100ml,112,2.3,0.34,23.99,300ml
개고기 수육,찜류,개고기 수육,100ml,226,15.8,17.15,3.1,200ml
개고기무침,생채·무침류,개고기무침,100ml,121,7.63,8.82,3.76,620ml
개고기전골,찌개 및 전골류,개고기전골,100ml,74,5.56,5.03,2.35,630ml
개피떡(바람떡),빵 및 과자류,개피떡(바람떡),100g,206,5.32,0.81,44.3,100g
건갈치조림,조림류,건갈치조림,100ml,96,11.2,3.68,3.68,74.6
건꼴뚜기조림_풋고추,조림류,건꼴뚜기조림,100ml,288,29.4,13.55,10.14,31.1
건새우 미역국,국 및 탕류,건새우 미역국,100ml,28,3.8,1.03,1.02,227.2
건새우 미역국,국 및 탕류,건새우 미역국,100ml,27,3.8,1.04,0.92,320ml
건새우 미역국,국 및 탕류,건새우 미역국,100ml,27,3.8,1.03,0.93,227.2
감자튀김,튀김류,감자튀김,100ml,103,1.9,4.35,14.28,201.3
감자튀김,튀김류,감자튀김,100ml,114,2.1,4.78,15.88,81.8
감자튀김,튀김류,감자튀김,100ml,103,1.9,4.35,14.28,201.3
감자튀김_BBQ 감자튀김,튀김류,감자튀김,100g,254,3.21,,,100g
감자튀김_간편조리세트_몬스터 치즈 프라이,튀김류,감자튀김,100g,269,5.54,17.74,21.78,587g
감자튀김_갈릭포테이토,튀김류,감자튀김,100g,185,3,,,200g
감자튀김_감자볼튀김,튀김류,감자튀김,100g,278,2.25,,32.59,100g
감자튀김_모둠 감자튀김,튀김류,감자튀김,100g,231,2.44,,,100g
감자튀김_못난이치즈감자,튀김류,감자튀김,100g,186,3.86,,,140g
감자튀김_양념감자 어니언,튀김류,감자튀김,100g,308,3.53,,,122g
감자튀김_양념감자 치즈,튀김류,감자튀김,100g,311,3.88,,,121g
감자튀김_양념감자 칠리,튀김류,감자튀김,100g,307,3.58,,,120g
감자튀김_웨지감자,튀김류,감자튀김,100g,231,3.94,9.58,32.25,250g
감자튀김_웨지감자,튀김류,감자튀김,100g,121,3,,,100g
감자튀김_크런치감자스틱,튀김류,감자튀김,100g,147,1.6,,,100g
감자튀김_트러플포테이토스틱,튀김류,감자튀김,100g,166,2.78,,,180g
감자튀김_포테이토,튀김류,감자튀김,100g,199,3.75,,,105g
감자튀김_포테이토(L),튀김류,감자튀김,100g,308,3.68,,,130g
감자연근튀김,튀김류,감자연근튀김,100ml,149,3.8,4.31,22.74,155.9
감자전,전·적 및 부침류,감자전,100ml,41,0.8,1.42,6.2,216.3
감자전,전·적 및 부침류,감자전,100ml,93,1.98,3.24,13.75,150ml
감자전,전·적 및 부침류,감자전,100g,133,1.72,6.54,16.79,200g
감자전,전·적 및 부침류,감자전,100ml,41,0.8,1.42,6.2,216.3
감자전,전·적 및 부침류,감자전,100ml,135,4.1,5.4,16.98,119.3
감자조림,조림류,감자조림,100ml,75,1.8,1.36,14.28,85ml
감자조림,조림류,감자조림,100ml,92,1.8,2.49,15.95,60ml
감자조림,조림류,감자조림,100g,114,2.4,3.52,18.1,50g
감자조림,조림류,감자조림,100ml,132,2.8,4.86,19.78,95.1
감자조림,조림류,감자조림,100ml,66,1.58,0.85,13.29,80ml
감자탕,찌개 및 전골류,감자탕,100ml,65,4.59,3.34,4.5,250ml
감자탕,찌개 및 전골류,감자탕,100ml,51,3.39,2.61,3.87,200ml
감자탕,찌개 및 전골류,감자탕,100g,71,6.31,4.06,2.27,530g
감자탕,찌개 및 전골류,감자탕,100ml,67,4.66,3.96,3.37,420ml
감자탕,찌개 및 전골류,감자탕,100ml,27,2.9,0.63,2.35,650ml
감자튀김,튀김류,감자튀김,100g,312,4.55,17.01,35.15,150g
감자튀김,튀김류,감자튀김,100ml,114,2.1,4.78,15.88,81.8
감자빵_못난이감자크럼볼,빵 및 과자류,감자빵,100g,247,1.33,,,75g
감자빵_진짜감자빵,빵 및 과자류,감자빵,100g,242,2.5,8.58,38.08,120g
감자빵_쫀득 감자빵,빵 및 과자류,감자빵,100g,246,5,,,120g
감자빵_찐찐 감자빵,빵 및 과자류,감자빵,100g,247,2.22,,,90g
감자빵_포슬쫀득 감자빵,빵 및 과자류,감자빵,100g,284,3.64,,,110g
감자빵_포슬쫀득감자빵,빵 및 과자류,감자빵,100g,284,3.64,,,110g
감자샐러드,생채·무침류,감자샐러드,100ml,161,2.7,9.97,15.59,80ml
감자샐러드,생채·무침류,감자샐러드,100ml,165,2.8,10.32,15.65,80ml
감자샐러드,생채·무침류,감자샐러드,100ml,161,2.7,9.97,15.59,80ml
감자샐러드,생채·무침류,감자샐러드,100ml,161,2.7,9.97,15.59,80ml
감자샐러드 샌드위치,빵 및 과자류,감자샐러드 샌드위치,100ml,109,3,4.8,13.59,380ml
감자샐러드 샌드위치,빵 및 과자류,감자샐러드 샌드위치,100ml,108,3.1,4.73,13.39,380ml
감자샐러드 샌드위치,빵 및 과자류,감자샐러드 샌드위치,100ml,108,3.1,4.73,13.39,380ml
감자샐러드_당근,생채·무침류,감자샐러드,100ml,77,1.2,4.49,8.31,78.2
감자샐러드_오이,생채·무침류,감자샐러드,100ml,104,1.7,6.05,11.17,121.3
감자스프,죽 및 스프류,감자스프,100ml,100,2.7,4.33,12.06,200ml
감자스프,죽 및 스프류,감자스프,100ml,85,2.9,4.45,8.13,200ml
감자스프,죽 및 스프류,감자스프,100ml,86,2.9,4.45,8.13,200ml
감자볶음_잔멸치,볶음류,감자볶음,100ml,153,6.7,6.57,16.69,50.5
감자볶음_잔멸치,볶음류,감자볶음,100ml,153,6.7,6.57,16.65,50.5
감자볶음_채소,볶음류,감자볶음,100ml,81,1.5,3.82,10.46,70ml
감자볶음_채소,볶음류,감자볶음,100g,108,2.04,5.22,13.1,130g
감자볶음_채소,볶음류,감자볶음,100ml,67,1.3,2.92,9.09,110ml
감자볶음_채소,볶음류,감자볶음,100ml,88,2.3,1.36,17.09,110ml
감자볶음_풋고추,볶음류,감자볶음,100ml,102,2.8,3.09,16.68,103.7
감자볶음_풋고추,볶음류,감자볶음,100ml,101,2.9,3.08,16.35,103.7
감자볶음_햄,볶음류,감자볶음,100ml,159,5,9.72,13.05,120.1
감자볶음_햄,볶음류,감자볶음,100ml,160,5.1,9.68,13.33,56.6
감자볶음_햄,볶음류,감자볶음,100ml,159,5,9.72,13.05,120.1
감자볶음_햄_채소,볶음류,감자볶음,100ml,47,2.6,1.75,5.29,180ml
감자볶음_햄_채소,볶음류,감자볶음,100ml,47,2.6,1.75,5.29,180ml
감자볶음_햄_채소,볶음류,감자볶음,100ml,47,2.6,1.75,5.29,180ml
감자빵_감자쫀득볼,빵 및 과자류,감자빵,100g,313,3.95,,,50g
감자빵_강원도알감자빵,빵 및 과자류,감자빵,100g,250,3.13,,,32g
감자빵_강원도알감자빵 (5개입),빵 및 과자류,감자빵,100g,244,3.13,,,160g
감자빵_못난이 감자크럼볼,빵 및 과자류,감자빵,100g,211,1.33,,45.33,75g
감자범벅,"곡류, 서류 제품",감자범벅,100ml,95,2.3,0.05,21.91,112.3
감자볶음,볶음류,감자볶음,100ml,52,1.2,1.31,8.95,95ml
감자볶음,볶음류,감자볶음,100ml,52,1.2,1.31,8.96,95ml
감자볶음,볶음류,감자볶음,100g,100,1.75,4.84,12.41,100g
감자볶음,볶음류,감자볶음,100ml,52,1.2,1.31,8.96,95ml
감자볶음,볶음류,감자볶음,100ml,52,1.2,1.31,8.96,95ml
감자볶음_감자,볶음류,감자볶음,100ml,52,1.23,1.31,8.95,95ml
감자볶음_감자_당근,볶음류,감자볶음,100ml,47,1.08,1.36,7.79,90ml
감자볶음_감자_당근,볶음류,감자볶음,100ml,52,1.06,1.98,7.66,200ml
감자볶음_감자_베이컨,볶음류,감자볶음,100ml,50,1.72,2.45,5.37,130ml
감자볶음_감자_베이컨,볶음류,감자볶음,100ml,53,1.86,2.49,5.91,180ml
감자볶음_감자_햄,볶음류,감자볶음,100ml,47,2.57,1.75,5.29,180ml
감자볶음_감자만,볶음류,감자볶음,100g,134,1.9,6.86,16.18,100g
감자볶음_당근,볶음류,감자볶음,100ml,109,1.7,6.19,11.81,75.6
감자볶음_양파,볶음류,감자볶음,100ml,122,2.5,4.96,17.12,101.3
감자볶음_양파,볶음류,감자볶음,100ml,114,1.7,6.39,12.58,47.6
감자볶음_양파,볶음류,감자볶음,100ml,122,2.5,4.96,17.12,101.3
감자볶음_양파,볶음류,감자볶음,100ml,114,1.7,6.39,12.58,47.6
감자구이,구이류,감자구이,100ml,123,2.4,4.65,18.18,108ml
감자구이,구이류,감자구이,100ml,123,2.4,4.65,18.18,108ml
감자국,국 및 탕류,감자국,100g,32,1.19,0.79,4.94,700g
감자국,국 및 탕류,감자국,100g,21,0.9,0.26,3.67,400g
감자국,국 및 탕류,감자국,100ml,22,1.5,0.1,4.09,138.7
감자국,국 및 탕류,감자국,100ml,21,0.9,0.1,4.51,240ml
감자국,국 및 탕류,감자국,100ml,22,1.5,0.1,4.09,138.7
감자국,국 및 탕류,감자국,100ml,21,0.85,0.1,4.59,240ml
감자국_소고기,국 및 탕류,감자국,100ml,37,2,1.42,4.04,168.8
감자국_소고기,국 및 탕류,감자국,100ml,39,2.1,1.58,4.02,320ml
감자그라탕,구이류,감자그라탕,100ml,134,3.2,7.78,12.84,47.6
감자그라탕,구이류,감자그라탕,100ml,138,4.1,7.81,13.03,47.6
감자그라탕,구이류,감자그라탕,100ml,140,3.9,6.26,17.37,101.3
감자그라탕_바질감자그라탕,구이류,감자그라탕,100g,160,7.97,,,113g
감자그라탕_치즈만난감자 그라탕,구이류,감자그라탕,100g,341,10.91,,,110g
감자밥,밥류,감자밥,100ml,130,2.4,0.14,28.45,261.5
감자범벅,"곡류, 서류 제품",감자범벅,100ml,93,2.3,0.05,21.31,53.6
감자범벅,"곡류, 서류 제품",감자범벅,100ml,95,2.3,0.05,21.91,112.3
갈치찌개,찌개 및 전골류,갈치찌개,100g,38,5.27,1,1.95,250g
갈치찌개,찌개 및 전골류,갈치찌개,100ml,39,3.9,1.56,2.4,417.8
갈치튀김,튀김류,갈치튀김,100ml,78,4.6,5.47,1.85,100ml
갈치튀김,튀김류,갈치튀김,100ml,78,4.6,5.47,1.85,100ml
감바스_간편조리세트_감바스 알 아히요,볶음류,감바스,100g,224,11.48,11.38,19,641g
감바스_간편조리세트_감바스 알 아히요,볶음류,감바스,100g,384,8.41,32.85,13.79,401g
감바스_간편조리세트_감바스 알 아히요,볶음류,감바스,100g,303,6.54,22.52,18.56,720g
감자 된장국,국 및 탕류,감자 된장국,100ml,22,1.4,0.32,3.31,320ml
감자 된장국,국 및 탕류,감자 된장국,100ml,22,1.4,0.32,3.31,320ml
감자 된장국_두부,국 및 탕류,감자 된장국,100ml,32,2.4,0.77,4,193.4
감자 된장국_두부,국 및 탕류,감자 된장국,100ml,32,2.4,0.77,4,193.4
감자 소고기찌개,찌개 및 전골류,감자 소고기찌개,100ml,48,3.2,2.27,3.81,315.2
감자 소고기찌개,찌개 및 전골류,감자 소고기찌개,100ml,52,3.4,2.45,4.05,204ml
감자 소고기찌개,찌개 및 전골류,감자 소고기찌개,100ml,52,3.4,2.45,4.05,204ml
감자 호박된장국,국 및 탕류,감자 호박된장국,100ml,25,2.1,0.43,3.51,320ml
감자_찐감자,찜류,감자,100g,70,2.16,0.16,15.01,200g
감자구이,구이류,감자구이,100ml,76,1.23,3.48,10.05,110ml
감자구이,구이류,감자구이,100ml,81,1.5,2.91,12.44,130ml
갈비탕,국 및 탕류,갈비탕,100ml,33,1.8,2.46,0.56,372.8
갈비탕_소금제외,국 및 탕류,갈비탕,100ml,89,5.5,5.44,4.21,740ml
갈치구이,구이류,갈치구이,100ml,147,12.65,9.81,0.88,140ml
갈치구이,구이류,갈치구이,100ml,117,9.59,6.95,3.05,110ml
갈치구이,구이류,갈치구이,100ml,127,9.83,7.36,4.3,80ml
갈치구이,구이류,갈치구이,100ml,123,9.35,7.32,3.96,170ml
갈치구이_기름,구이류,갈치구이,100ml,118,9.6,6.95,3.05,110ml
갈치구이_기름,구이류,갈치구이,100ml,148,12.7,9.81,0.88,140ml
갈치구이_기름,구이류,갈치구이,100ml,128,9.8,7.36,4.3,80ml
갈치구이_기름,구이류,갈치구이,100g,209,22.12,13.04,0.83,100g
갈치구이_기름,구이류,갈치구이,100ml,124,9.3,7.32,3.96,170ml
갈치구이_기름,구이류,갈치구이,100g,138,21.54,5.48,0.6,200g
갈치젓_양념,젓갈류,갈치젓,100g,149,15.53,5.08,10.28,90g
갈치조림_무,조림류,갈치조림,100ml,76,7.1,3.09,4.67,95ml
갈치조림_무,조림류,갈치조림,100ml,118,10.8,4.81,7.39,74.5
갈치조림_무,조림류,갈치조림,100ml,65,6.31,2.4,4.44,400ml
갈치찌개,찌개 및 전골류,갈치찌개,100ml,39,3.9,1.56,2.39,293.9
갈치찌개,찌개 및 전골류,갈치찌개,100ml,45,4.12,1.57,2.96,390ml
간자장,면 및 만두류,간자장,100ml,155,5.39,2.81,25.98,800ml
간자장,면 및 만두류,간자장,100g,125,5.12,4.89,15.13,500g
간자장,면 및 만두류,간자장,100g,127,3.44,3.39,20.65,650g
간자장_해물,면 및 만두류,간자장,100ml,151,6.9,3.18,22.69,885ml
간재미회무침,생채·무침류,간재미회무침,100ml,47,4.73,0.47,6.47,270ml
갈매기살구이_돼지고기,구이류,갈매기살구이,100g,312,26.98,22.6,0.28,100g
갈비구이_돼지고기,구이류,갈비구이,100g,294,19.58,21.39,5.78,100g
갈비구이_소고기,구이류,갈비구이,100g,309,20.94,21.81,7.13,100g
갈비구이_소고기,구이류,갈비구이,100g,241,25.91,14.55,1.59,300g
갈비구이_소고기_양념,구이류,갈비구이,100g,330,20.03,23.87,8.73,300g
갈비구이_왕갈비_양념,구이류,갈비구이,100g,321,18.07,23.53,9.13,150g
갈비찜_고춧가루,찜류,갈비찜,100g,172,20.43,6.57,7.9,300g
갈비찜_소고기,찜류,갈비찜,100g,85,7.25,3.17,6.95,300g
갈비찜_소고기,찜류,갈비찜,100g,198,19.94,10.78,5.26,250g
갈비탕,국 및 탕류,갈비탕,100g,54,8.51,2.06,0.4,670g
갈비탕,국 및 탕류,갈비탕,100ml,39,2.19,2.13,2.71,260ml
갈비탕,국 및 탕류,갈비탕,100ml,75,4.4,5.02,2.32,270ml
갈비탕,국 및 탕류,갈비탕,100ml,49,2.5,3.13,2.26,797ml
가지나물,나물·숙채류,가지나물,100ml,64,2.6,2.86,8.1,39.4
가지나물,나물·숙채류,가지나물,100ml,24,1.1,0.85,3.73,130ml
가지나물,나물·숙채류,가지나물,100ml,34,1.24,1.54,4.34,40ml
가지나물,나물·숙채류,가지나물,100ml,25,1.06,0.85,3.82,130ml
가지냉국,국 및 탕류,가지냉국,100ml,19,1.1,0.39,3.42,160ml
가지볶음_가지,볶음류,가지볶음,100ml,35,0.9,2.17,3.36,60ml
가지볶음_가지_고추,볶음류,가지볶음,100ml,27,0.91,1.27,3.36,60ml
가지볶음_가지_당근,볶음류,가지볶음,100ml,37,0.93,1.94,4.56,75ml
가지전,전·적 및 부침류,가지전,100ml,37,1.1,1.99,3.68,208.7
가지전,전·적 및 부침류,가지전,100ml,114,3.2,6.13,11.22,96.5
가지전,전·적 및 부침류,가지전,100ml,114,3.2,6.13,11.22,96.5
가지전,전·적 및 부침류,가지전,100ml,37,1.1,1.99,3.68,208.7
가지전,전·적 및 부침류,가지전,100g,123,5.48,7.28,8.88,200g
가지찜,찜류,가지찜,100ml,120,5.6,6.29,10.23,100ml
가지찜,찜류,가지찜,100ml,120,5.6,6.23,10.22,54.5
가지탕수,튀김류,가지탕수,100ml,154,2.2,6.5,21.21,195.4
가지탕수,튀김류,가지탕수,100ml,154,2.2,6.5,21.21,195.4
가지탕수,튀김류,가지탕수,100ml,171,2.4,7.24,23.56,70.2
가자미구이,구이류,가자미구이,100ml,108,11.89,5.73,1.26,190ml
가자미구이,구이류,가자미구이,100ml,127,14.41,6.46,1.65,100ml
가자미구이,구이류,가자미구이,100g,151,22.61,6.42,0.76,100g
가자미식해,젓갈류,가자미식해,100g,134,11.09,4.81,11.64,250g
가자미조림,조림류,가자미조림,100ml,62,7.9,1.37,4.41,280ml
가자미조림,조림류,가자미조림,100g,99,12.37,2.37,7.17,300g
가자미조림,조림류,가자미조림,100ml,174,23.9,5.28,7.14,67ml
가자미조림,조림류,가자미조림,100ml,87,12.2,2.52,3.64,188.8
가자미조림,조림류,가자미조림,100ml,174,23.9,5.28,7,67ml
가자미찜,찜류,가자미찜,100ml,77,11.7,1.95,2.67,170.8
가자미찜,찜류,가자미찜,100ml,78,11.8,1.95,2.79,170.8
가자미튀김,튀김류,가자미튀김,100ml,225,20.7,12.36,5.54,56.9
가자미튀김,튀김류,가자미튀김,100ml,94,5.1,6.54,2.89,100ml
가자미튀김,튀김류,가자미튀김,100ml,94,5.1,6.54,2.89,100ml
가자미튀김,튀김류,가자미튀김,100ml,225,20.7,12.36,5.54,56.9
가죽나물무침,생채·무침류,가죽나물무침,100g,76,5.83,1.35,10.05,80g
가지김치,김치류,가지김치,100ml,36,2.1,0.77,6.22,100ml
가지나물,나물·숙채류,가지나물,100g,36,1.42,1.5,4.18,50g
가래떡,빵 및 과자류,가래떡,100g,210,4,1.08,46.11,100g
가래떡,빵 및 과자류,가래떡,100g,195,3.92,0.51,43.73,100g
가래떡_흑미,빵 및 과자류,가래떡,100g,205,3.5,0,47.8,100g
가오리찜,찜류,가오리찜,100ml,29,2.7,0.84,3.52,600ml
가오리찜,찜류,가오리찜,100g,102,21.99,1.39,0.46,200g
가오리콩나물찜,찜류,가오리콩나물찜,100ml,29,2.68,0.84,3.5,600ml
가오리회무침,생채·무침류,가오리회무침,100ml,47,4.7,0.47,6.47,270ml
가오리회무침,생채·무침류,가오리회무침,100ml,47,4.7,0.47,6.47,270ml
가자미 매운탕,찌개 및 전골류,가자미 매운탕,100ml,31,4.5,0.82,1.4,550ml
가자미 매운탕,찌개 및 전골류,가자미 매운탕,100ml,31,4.4,0.81,1.5,550ml
가자미구이,구이류,가자미구이,100ml,150,14.69,7.8,3.85,190ml
가자미구이,구이류,가자미구이,100g,123,18.7,5.02,0.66,200g
가자미구이,구이류,가자미구이,100ml,222,29.7,10.2,0.6,79.4
피자_페퍼로니 피자 (L),빵 및 과자류,피자,100g,315,17.61,11.55,35.15,536g